
C:/Pico/Telemetry/build/transmitter/transmitter.elf:     file format elf32-littlearm

Sections:
Idx Name          Size      VMA       LMA       File off  Algn
  0 .boot2        00000100  10000000  10000000  00001000  2**0
                  CONTENTS, ALLOC, LOAD, READONLY, CODE
  1 .text         00007880  10000100  10000100  00001100  2**3
                  CONTENTS, ALLOC, LOAD, READONLY, CODE
  2 .rodata       000013e8  10007980  10007980  00008980  2**3
                  CONTENTS, ALLOC, LOAD, READONLY, DATA
  3 .binary_info  00000020  10008d68  10008d68  00009d68  2**2
                  CONTENTS, ALLOC, LOAD, READONLY, DATA
  4 .ram_vector_table 000000c0  20000000  20000000  0000c000  2**2
                  ALLOC
  5 .uninitialized_data 00000000  200000c0  200000c0  0000b540  2**0
                  CONTENTS
  6 .data         00001480  200000c0  10008d88  0000a0c0  2**4
                  CONTENTS, ALLOC, LOAD, READONLY, CODE
  7 .tdata        00000000  20001540  20001540  0000b540  2**0
                  CONTENTS, ALLOC, LOAD, DATA, THREAD_LOCAL
  8 .tbss         00000000  20001540  20001540  00000000  2**0
                  ALLOC, THREAD_LOCAL
  9 .bss          0000113c  20001540  1000a208  0000b540  2**3
                  ALLOC
 10 .heap         00000800  2000267c  2000267c  0000b540  2**2
                  CONTENTS, READONLY
 11 .scratch_x    00000000  20040000  20040000  0000bd40  2**0
                  CONTENTS
 12 .scratch_y    00000000  20041000  20041000  0000bd40  2**0
                  CONTENTS
 13 .stack_dummy  00000800  20041000  20041000  0000bd40  2**5
                  CONTENTS, READONLY
 14 .ARM.attributes 00000028  00000000  00000000  0000c540  2**0
                  CONTENTS, READONLY
 15 .comment      00000049  00000000  00000000  0000c568  2**0
                  CONTENTS, READONLY
 16 .debug_info   00033d06  00000000  00000000  0000c5b1  2**0
                  CONTENTS, READONLY, DEBUGGING, OCTETS
 17 .debug_abbrev 00008dd6  00000000  00000000  000402b7  2**0
                  CONTENTS, READONLY, DEBUGGING, OCTETS
 18 .debug_loc    0001f25c  00000000  00000000  0004908d  2**0
                  CONTENTS, READONLY, DEBUGGING, OCTETS
 19 .debug_aranges 00001c30  00000000  00000000  000682f0  2**3
                  CONTENTS, READONLY, DEBUGGING, OCTETS
 20 .debug_ranges 00005928  00000000  00000000  00069f20  2**3
                  CONTENTS, READONLY, DEBUGGING, OCTETS
 21 .debug_line   0001dcd7  00000000  00000000  0006f848  2**0
                  CONTENTS, READONLY, DEBUGGING, OCTETS
 22 .debug_str    00009f5a  00000000  00000000  0008d51f  2**0
                  CONTENTS, READONLY, DEBUGGING, OCTETS
 23 .debug_frame  00004118  00000000  00000000  0009747c  2**2
                  CONTENTS, READONLY, DEBUGGING, OCTETS

C:/Pico/Telemetry/build/transmitter/transmitter.elf:     file format elf32-littlearm


Disassembly of section .boot2:

10000000 <__boot2_start__>:
10000000:	4b32b500 	.word	0x4b32b500
10000004:	60582021 	.word	0x60582021
10000008:	21026898 	.word	0x21026898
1000000c:	60984388 	.word	0x60984388
10000010:	611860d8 	.word	0x611860d8
10000014:	4b2e6158 	.word	0x4b2e6158
10000018:	60992100 	.word	0x60992100
1000001c:	61592102 	.word	0x61592102
10000020:	22f02101 	.word	0x22f02101
10000024:	492b5099 	.word	0x492b5099
10000028:	21016019 	.word	0x21016019
1000002c:	20356099 	.word	0x20356099
10000030:	f844f000 	.word	0xf844f000
10000034:	42902202 	.word	0x42902202
10000038:	2106d014 	.word	0x2106d014
1000003c:	f0006619 	.word	0xf0006619
10000040:	6e19f834 	.word	0x6e19f834
10000044:	66192101 	.word	0x66192101
10000048:	66182000 	.word	0x66182000
1000004c:	f000661a 	.word	0xf000661a
10000050:	6e19f82c 	.word	0x6e19f82c
10000054:	6e196e19 	.word	0x6e196e19
10000058:	f0002005 	.word	0xf0002005
1000005c:	2101f82f 	.word	0x2101f82f
10000060:	d1f94208 	.word	0xd1f94208
10000064:	60992100 	.word	0x60992100
10000068:	6019491b 	.word	0x6019491b
1000006c:	60592100 	.word	0x60592100
10000070:	481b491a 	.word	0x481b491a
10000074:	21016001 	.word	0x21016001
10000078:	21eb6099 	.word	0x21eb6099
1000007c:	21a06619 	.word	0x21a06619
10000080:	f0006619 	.word	0xf0006619
10000084:	2100f812 	.word	0x2100f812
10000088:	49166099 	.word	0x49166099
1000008c:	60014814 	.word	0x60014814
10000090:	60992101 	.word	0x60992101
10000094:	2800bc01 	.word	0x2800bc01
10000098:	4700d000 	.word	0x4700d000
1000009c:	49134812 	.word	0x49134812
100000a0:	c8036008 	.word	0xc8036008
100000a4:	8808f380 	.word	0x8808f380
100000a8:	b5034708 	.word	0xb5034708
100000ac:	20046a99 	.word	0x20046a99
100000b0:	d0fb4201 	.word	0xd0fb4201
100000b4:	42012001 	.word	0x42012001
100000b8:	bd03d1f8 	.word	0xbd03d1f8
100000bc:	6618b502 	.word	0x6618b502
100000c0:	f7ff6618 	.word	0xf7ff6618
100000c4:	6e18fff2 	.word	0x6e18fff2
100000c8:	bd026e18 	.word	0xbd026e18
100000cc:	40020000 	.word	0x40020000
100000d0:	18000000 	.word	0x18000000
100000d4:	00070000 	.word	0x00070000
100000d8:	005f0300 	.word	0x005f0300
100000dc:	00002221 	.word	0x00002221
100000e0:	180000f4 	.word	0x180000f4
100000e4:	a0002022 	.word	0xa0002022
100000e8:	10000100 	.word	0x10000100
100000ec:	e000ed08 	.word	0xe000ed08
	...
100000fc:	7a4eb274 	.word	0x7a4eb274

Disassembly of section .text:

10000100 <__VECTOR_TABLE>:
10000100:	20042000 	.word	0x20042000
10000104:	100001f7 	.word	0x100001f7
10000108:	100001c3 	.word	0x100001c3
1000010c:	100001c5 	.word	0x100001c5
10000110:	100001c1 	.word	0x100001c1
10000114:	100001c1 	.word	0x100001c1
10000118:	100001c1 	.word	0x100001c1
1000011c:	100001c1 	.word	0x100001c1
10000120:	100001c1 	.word	0x100001c1
10000124:	100001c1 	.word	0x100001c1
10000128:	100001c1 	.word	0x100001c1
1000012c:	100001c7 	.word	0x100001c7
10000130:	100001c1 	.word	0x100001c1
10000134:	100001c1 	.word	0x100001c1
10000138:	100001c9 	.word	0x100001c9
1000013c:	100001cb 	.word	0x100001cb
10000140:	100001cd 	.word	0x100001cd
10000144:	100001cd 	.word	0x100001cd
10000148:	100001cd 	.word	0x100001cd
1000014c:	100001cd 	.word	0x100001cd
10000150:	100001cd 	.word	0x100001cd
10000154:	100001cd 	.word	0x100001cd
10000158:	100001cd 	.word	0x100001cd
1000015c:	100001cd 	.word	0x100001cd
10000160:	100001cd 	.word	0x100001cd
10000164:	100001cd 	.word	0x100001cd
10000168:	100001cd 	.word	0x100001cd
1000016c:	100001cd 	.word	0x100001cd
10000170:	100001cd 	.word	0x100001cd
10000174:	100001cd 	.word	0x100001cd
10000178:	100001cd 	.word	0x100001cd
1000017c:	100001cd 	.word	0x100001cd
10000180:	100001cd 	.word	0x100001cd
10000184:	100001cd 	.word	0x100001cd
10000188:	100001cd 	.word	0x100001cd
1000018c:	100001cd 	.word	0x100001cd
10000190:	100001cd 	.word	0x100001cd
10000194:	100001cd 	.word	0x100001cd
10000198:	100001cd 	.word	0x100001cd
1000019c:	100001cd 	.word	0x100001cd
100001a0:	100001cd 	.word	0x100001cd
100001a4:	100001cd 	.word	0x100001cd
100001a8:	100001cd 	.word	0x100001cd
100001ac:	100001cd 	.word	0x100001cd
100001b0:	100001cd 	.word	0x100001cd
100001b4:	100001cd 	.word	0x100001cd
100001b8:	100001cd 	.word	0x100001cd
100001bc:	100001cd 	.word	0x100001cd

100001c0 <isr_invalid>:
100001c0:	be00      	bkpt	0x0000

100001c2 <isr_nmi>:
100001c2:	be00      	bkpt	0x0000

100001c4 <isr_hardfault>:
100001c4:	be00      	bkpt	0x0000

100001c6 <isr_svcall>:
100001c6:	be00      	bkpt	0x0000

100001c8 <isr_pendsv>:
100001c8:	be00      	bkpt	0x0000

100001ca <isr_systick>:
100001ca:	be00      	bkpt	0x0000

100001cc <__unhandled_user_irq>:
100001cc:	f3ef 8005 	mrs	r0, IPSR
100001d0:	3810      	subs	r0, #16

100001d2 <unhandled_user_irq_num_in_r0>:
100001d2:	be00      	bkpt	0x0000

100001d4 <binary_info_header>:
100001d4:	7188ebf2 	.word	0x7188ebf2
100001d8:	10008d68 	.word	0x10008d68
100001dc:	10008d88 	.word	0x10008d88
100001e0:	10000238 	.word	0x10000238
100001e4:	e71aa390 	.word	0xe71aa390

100001e8 <_entry_point>:
100001e8:	481e      	ldr	r0, [pc, #120]	; (10000264 <data_cpy_table+0x2c>)

100001ea <_enter_vtable_in_r0>:
100001ea:	491f      	ldr	r1, [pc, #124]	; (10000268 <data_cpy_table+0x30>)
100001ec:	6008      	str	r0, [r1, #0]
100001ee:	c806      	ldmia	r0!, {r1, r2}
100001f0:	f381 8808 	msr	MSP, r1
100001f4:	4710      	bx	r2

100001f6 <_reset_handler>:
100001f6:	481d      	ldr	r0, [pc, #116]	; (1000026c <data_cpy_table+0x34>)
100001f8:	6800      	ldr	r0, [r0, #0]
100001fa:	2800      	cmp	r0, #0
100001fc:	d001      	beq.n	10000202 <hold_non_core0_in_bootrom+0x4>

100001fe <hold_non_core0_in_bootrom>:
100001fe:	4819      	ldr	r0, [pc, #100]	; (10000264 <data_cpy_table+0x2c>)
10000200:	e7f3      	b.n	100001ea <_enter_vtable_in_r0>
10000202:	a40d      	add	r4, pc, #52	; (adr r4, 10000238 <data_cpy_table>)
10000204:	cc0e      	ldmia	r4!, {r1, r2, r3}
10000206:	2900      	cmp	r1, #0
10000208:	d002      	beq.n	10000210 <hold_non_core0_in_bootrom+0x12>
1000020a:	f000 f812 	bl	10000232 <data_cpy>
1000020e:	e7f9      	b.n	10000204 <hold_non_core0_in_bootrom+0x6>
10000210:	4917      	ldr	r1, [pc, #92]	; (10000270 <data_cpy_table+0x38>)
10000212:	4a18      	ldr	r2, [pc, #96]	; (10000274 <data_cpy_table+0x3c>)
10000214:	2000      	movs	r0, #0
10000216:	e000      	b.n	1000021a <bss_fill_test>

10000218 <bss_fill_loop>:
10000218:	c101      	stmia	r1!, {r0}

1000021a <bss_fill_test>:
1000021a:	4291      	cmp	r1, r2
1000021c:	d1fc      	bne.n	10000218 <bss_fill_loop>

1000021e <platform_entry>:
1000021e:	4916      	ldr	r1, [pc, #88]	; (10000278 <data_cpy_table+0x40>)
10000220:	4788      	blx	r1
10000222:	4916      	ldr	r1, [pc, #88]	; (1000027c <data_cpy_table+0x44>)
10000224:	4788      	blx	r1
10000226:	4916      	ldr	r1, [pc, #88]	; (10000280 <data_cpy_table+0x48>)
10000228:	4788      	blx	r1
1000022a:	be00      	bkpt	0x0000
1000022c:	e7fd      	b.n	1000022a <platform_entry+0xc>

1000022e <data_cpy_loop>:
1000022e:	c901      	ldmia	r1!, {r0}
10000230:	c201      	stmia	r2!, {r0}

10000232 <data_cpy>:
10000232:	429a      	cmp	r2, r3
10000234:	d3fb      	bcc.n	1000022e <data_cpy_loop>
10000236:	4770      	bx	lr

10000238 <data_cpy_table>:
10000238:	10008d88 	.word	0x10008d88
1000023c:	200000c0 	.word	0x200000c0
10000240:	20001540 	.word	0x20001540
10000244:	1000a208 	.word	0x1000a208
10000248:	20040000 	.word	0x20040000
1000024c:	20040000 	.word	0x20040000
10000250:	1000a208 	.word	0x1000a208
10000254:	20041000 	.word	0x20041000
10000258:	20041000 	.word	0x20041000
1000025c:	00000000 	.word	0x00000000
10000260:	4770      	bx	lr
10000262:	0000      	.short	0x0000
10000264:	00000000 	.word	0x00000000
10000268:	e000ed08 	.word	0xe000ed08
1000026c:	d0000000 	.word	0xd0000000
10000270:	20001540 	.word	0x20001540
10000274:	2000267c 	.word	0x2000267c
10000278:	10003bb9 	.word	0x10003bb9
1000027c:	100003bd 	.word	0x100003bd
10000280:	10003b75 	.word	0x10003b75

10000284 <_init>:
10000284:	b5f8      	push	{r3, r4, r5, r6, r7, lr}
10000286:	46c0      	nop			; (mov r8, r8)

10000288 <__do_global_dtors_aux>:
10000288:	b510      	push	{r4, lr}
1000028a:	4c06      	ldr	r4, [pc, #24]	; (100002a4 <__do_global_dtors_aux+0x1c>)
1000028c:	7823      	ldrb	r3, [r4, #0]
1000028e:	2b00      	cmp	r3, #0
10000290:	d107      	bne.n	100002a2 <__do_global_dtors_aux+0x1a>
10000292:	4b05      	ldr	r3, [pc, #20]	; (100002a8 <__do_global_dtors_aux+0x20>)
10000294:	2b00      	cmp	r3, #0
10000296:	d002      	beq.n	1000029e <__do_global_dtors_aux+0x16>
10000298:	4804      	ldr	r0, [pc, #16]	; (100002ac <__do_global_dtors_aux+0x24>)
1000029a:	e000      	b.n	1000029e <__do_global_dtors_aux+0x16>
1000029c:	bf00      	nop
1000029e:	2301      	movs	r3, #1
100002a0:	7023      	strb	r3, [r4, #0]
100002a2:	bd10      	pop	{r4, pc}
100002a4:	200016c8 	.word	0x200016c8
100002a8:	00000000 	.word	0x00000000
100002ac:	10007980 	.word	0x10007980

100002b0 <frame_dummy>:
100002b0:	4b04      	ldr	r3, [pc, #16]	; (100002c4 <frame_dummy+0x14>)
100002b2:	b510      	push	{r4, lr}
100002b4:	2b00      	cmp	r3, #0
100002b6:	d003      	beq.n	100002c0 <frame_dummy+0x10>
100002b8:	4903      	ldr	r1, [pc, #12]	; (100002c8 <frame_dummy+0x18>)
100002ba:	4804      	ldr	r0, [pc, #16]	; (100002cc <frame_dummy+0x1c>)
100002bc:	e000      	b.n	100002c0 <frame_dummy+0x10>
100002be:	bf00      	nop
100002c0:	bd10      	pop	{r4, pc}
100002c2:	46c0      	nop			; (mov r8, r8)
100002c4:	00000000 	.word	0x00000000
100002c8:	200016cc 	.word	0x200016cc
100002cc:	10007980 	.word	0x10007980

100002d0 <_Z5setupv>:
100002d0:	b530      	push	{r4, r5, lr}
100002d2:	b087      	sub	sp, #28
100002d4:	4c19      	ldr	r4, [pc, #100]	; (1000033c <_Z5setupv+0x6c>)
100002d6:	2310      	movs	r3, #16
100002d8:	9300      	str	r3, [sp, #0]
100002da:	3303      	adds	r3, #3
100002dc:	2212      	movs	r2, #18
100002de:	4918      	ldr	r1, [pc, #96]	; (10000340 <_Z5setupv+0x70>)
100002e0:	0020      	movs	r0, r4
100002e2:	f007 f8a3 	bl	1000742c <_ZN3SPI5beginEP8spi_insthhh>
100002e6:	4817      	ldr	r0, [pc, #92]	; (10000344 <_Z5setupv+0x74>)
100002e8:	f000 ff8a 	bl	10001200 <sleep_ms>
100002ec:	aa03      	add	r2, sp, #12
100002ee:	4b16      	ldr	r3, [pc, #88]	; (10000348 <_Z5setupv+0x78>)
100002f0:	cb23      	ldmia	r3!, {r0, r1, r5}
100002f2:	c223      	stmia	r2!, {r0, r1, r5}
100002f4:	0021      	movs	r1, r4
100002f6:	4815      	ldr	r0, [pc, #84]	; (1000034c <_Z5setupv+0x7c>)
100002f8:	f007 f858 	bl	100073ac <_ZN4RF245beginEP3SPI>
100002fc:	2800      	cmp	r0, #0
100002fe:	d103      	bne.n	10000308 <_Z5setupv+0x38>
10000300:	4813      	ldr	r0, [pc, #76]	; (10000350 <_Z5setupv+0x80>)
10000302:	f003 fd7b 	bl	10003dfc <__wrap_puts>
10000306:	e7fe      	b.n	10000306 <_Z5setupv+0x36>
10000308:	4c10      	ldr	r4, [pc, #64]	; (1000034c <_Z5setupv+0x7c>)
1000030a:	2201      	movs	r2, #1
1000030c:	2103      	movs	r1, #3
1000030e:	0020      	movs	r0, r4
10000310:	f006 ff8d 	bl	1000722e <_ZN4RF2410setPALevelEhb>
10000314:	2101      	movs	r1, #1
10000316:	0020      	movs	r0, r4
10000318:	f006 ffa1 	bl	1000725e <_ZN4RF2411setDataRateE15rf24_datarate_e>
1000031c:	211c      	movs	r1, #28
1000031e:	0020      	movs	r0, r4
10000320:	f006 fe58 	bl	10006fd4 <_ZN4RF2414setPayloadSizeEh>
10000324:	a903      	add	r1, sp, #12
10000326:	0020      	movs	r0, r4
10000328:	f006 ff3d 	bl	100071a6 <_ZN4RF2415openWritingPipeEPKh>
1000032c:	0020      	movs	r0, r4
1000032e:	f006 fe95 	bl	1000705c <_ZN4RF2413stopListeningEv>
10000332:	4808      	ldr	r0, [pc, #32]	; (10000354 <_Z5setupv+0x84>)
10000334:	f003 fd62 	bl	10003dfc <__wrap_puts>
10000338:	b007      	add	sp, #28
1000033a:	bd30      	pop	{r4, r5, pc}
1000033c:	200023bc 	.word	0x200023bc
10000340:	4003c000 	.word	0x4003c000
10000344:	00000bb8 	.word	0x00000bb8
10000348:	100079f4 	.word	0x100079f4
1000034c:	200023e0 	.word	0x200023e0
10000350:	10007980 	.word	0x10007980
10000354:	100079a0 	.word	0x100079a0

10000358 <_Z4loopv>:
10000358:	b510      	push	{r4, lr}
1000035a:	4c13      	ldr	r4, [pc, #76]	; (100003a8 <_Z4loopv+0x50>)
1000035c:	21fc      	movs	r1, #252	; 0xfc
1000035e:	0589      	lsls	r1, r1, #22
10000360:	6820      	ldr	r0, [r4, #0]
10000362:	f002 fa59 	bl	10002818 <__wrap___aeabi_fadd>
10000366:	6020      	str	r0, [r4, #0]
10000368:	6863      	ldr	r3, [r4, #4]
1000036a:	1d58      	adds	r0, r3, #5
1000036c:	2164      	movs	r1, #100	; 0x64
1000036e:	f001 fbcf 	bl	10001b10 <__wrap___aeabi_idiv>
10000372:	000b      	movs	r3, r1
10000374:	6061      	str	r1, [r4, #4]
10000376:	7a22      	ldrb	r2, [r4, #8]
10000378:	2101      	movs	r1, #1
1000037a:	404a      	eors	r2, r1
1000037c:	7222      	strb	r2, [r4, #8]
1000037e:	0020      	movs	r0, r4
10000380:	3009      	adds	r0, #9
10000382:	4a0a      	ldr	r2, [pc, #40]	; (100003ac <_Z4loopv+0x54>)
10000384:	2110      	movs	r1, #16
10000386:	f003 fbb3 	bl	10003af0 <__wrap_snprintf>
1000038a:	221c      	movs	r2, #28
1000038c:	0021      	movs	r1, r4
1000038e:	4808      	ldr	r0, [pc, #32]	; (100003b0 <_Z4loopv+0x58>)
10000390:	f006 ff04 	bl	1000719c <_ZN4RF245writeEPKvh>
10000394:	2800      	cmp	r0, #0
10000396:	d003      	beq.n	100003a0 <_Z4loopv+0x48>
10000398:	4806      	ldr	r0, [pc, #24]	; (100003b4 <_Z4loopv+0x5c>)
1000039a:	f003 fd2f 	bl	10003dfc <__wrap_puts>
1000039e:	bd10      	pop	{r4, pc}
100003a0:	4805      	ldr	r0, [pc, #20]	; (100003b8 <_Z4loopv+0x60>)
100003a2:	f003 fd2b 	bl	10003dfc <__wrap_puts>
100003a6:	e7fa      	b.n	1000039e <_Z4loopv+0x46>
100003a8:	20001f60 	.word	0x20001f60
100003ac:	100079c4 	.word	0x100079c4
100003b0:	200023e0 	.word	0x200023e0
100003b4:	100079d0 	.word	0x100079d0
100003b8:	100079d8 	.word	0x100079d8

100003bc <main>:
100003bc:	b510      	push	{r4, lr}
100003be:	f003 fd19 	bl	10003df4 <stdio_init_all>
100003c2:	21e1      	movs	r1, #225	; 0xe1
100003c4:	0249      	lsls	r1, r1, #9
100003c6:	480e      	ldr	r0, [pc, #56]	; (10000400 <main+0x44>)
100003c8:	f001 f89c 	bl	10001504 <uart_init>
100003cc:	2102      	movs	r1, #2
100003ce:	2000      	movs	r0, #0
100003d0:	f000 f84a 	bl	10000468 <gpio_set_function>
100003d4:	2102      	movs	r1, #2
100003d6:	2001      	movs	r0, #1
100003d8:	f000 f846 	bl	10000468 <gpio_set_function>
100003dc:	f7ff ff78 	bl	100002d0 <_Z5setupv>
100003e0:	4808      	ldr	r0, [pc, #32]	; (10000404 <main+0x48>)
100003e2:	4b09      	ldr	r3, [pc, #36]	; (10000408 <main+0x4c>)
100003e4:	6003      	str	r3, [r0, #0]
100003e6:	2328      	movs	r3, #40	; 0x28
100003e8:	6043      	str	r3, [r0, #4]
100003ea:	3b27      	subs	r3, #39	; 0x27
100003ec:	7203      	strb	r3, [r0, #8]
100003ee:	3009      	adds	r0, #9
100003f0:	2210      	movs	r2, #16
100003f2:	4906      	ldr	r1, [pc, #24]	; (1000040c <main+0x50>)
100003f4:	f007 f8c2 	bl	1000757c <strncpy>
100003f8:	f7ff ffae 	bl	10000358 <_Z4loopv>
100003fc:	e7fc      	b.n	100003f8 <main+0x3c>
100003fe:	46c0      	nop			; (mov r8, r8)
10000400:	40034000 	.word	0x40034000
10000404:	20001f60 	.word	0x20001f60
10000408:	41a00000 	.word	0x41a00000
1000040c:	100079ec 	.word	0x100079ec

10000410 <_Z41__static_initialization_and_destruction_0ii>:
10000410:	b570      	push	{r4, r5, r6, lr}
10000412:	0004      	movs	r4, r0
10000414:	000d      	movs	r5, r1
10000416:	2801      	cmp	r0, #1
10000418:	d005      	beq.n	10000426 <_Z41__static_initialization_and_destruction_0ii+0x16>
1000041a:	2c00      	cmp	r4, #0
1000041c:	d102      	bne.n	10000424 <_Z41__static_initialization_and_destruction_0ii+0x14>
1000041e:	4b0a      	ldr	r3, [pc, #40]	; (10000448 <_Z41__static_initialization_and_destruction_0ii+0x38>)
10000420:	429d      	cmp	r5, r3
10000422:	d00d      	beq.n	10000440 <_Z41__static_initialization_and_destruction_0ii+0x30>
10000424:	bd70      	pop	{r4, r5, r6, pc}
10000426:	4b08      	ldr	r3, [pc, #32]	; (10000448 <_Z41__static_initialization_and_destruction_0ii+0x38>)
10000428:	4299      	cmp	r1, r3
1000042a:	d1f6      	bne.n	1000041a <_Z41__static_initialization_and_destruction_0ii+0xa>
1000042c:	4b07      	ldr	r3, [pc, #28]	; (1000044c <_Z41__static_initialization_and_destruction_0ii+0x3c>)
1000042e:	220f      	movs	r2, #15
10000430:	210e      	movs	r1, #14
10000432:	4807      	ldr	r0, [pc, #28]	; (10000450 <_Z41__static_initialization_and_destruction_0ii+0x40>)
10000434:	f006 fdaa 	bl	10006f8c <_ZN4RF24C1Ehhm>
10000438:	4806      	ldr	r0, [pc, #24]	; (10000454 <_Z41__static_initialization_and_destruction_0ii+0x44>)
1000043a:	f006 fff1 	bl	10007420 <_ZN3SPIC1Ev>
1000043e:	e7ec      	b.n	1000041a <_Z41__static_initialization_and_destruction_0ii+0xa>
10000440:	4804      	ldr	r0, [pc, #16]	; (10000454 <_Z41__static_initialization_and_destruction_0ii+0x44>)
10000442:	f006 ffdd 	bl	10007400 <_ZN3SPID1Ev>
10000446:	e7ed      	b.n	10000424 <_Z41__static_initialization_and_destruction_0ii+0x14>
10000448:	0000ffff 	.word	0x0000ffff
1000044c:	00989680 	.word	0x00989680
10000450:	200023e0 	.word	0x200023e0
10000454:	200023bc 	.word	0x200023bc

10000458 <_GLOBAL__sub_I_radio>:
10000458:	b510      	push	{r4, lr}
1000045a:	4902      	ldr	r1, [pc, #8]	; (10000464 <_GLOBAL__sub_I_radio+0xc>)
1000045c:	2001      	movs	r0, #1
1000045e:	f7ff ffd7 	bl	10000410 <_Z41__static_initialization_and_destruction_0ii>
10000462:	bd10      	pop	{r4, pc}
10000464:	0000ffff 	.word	0x0000ffff

10000468 <gpio_set_function>:
10000468:	b510      	push	{r4, lr}
1000046a:	0083      	lsls	r3, r0, #2
1000046c:	4a08      	ldr	r2, [pc, #32]	; (10000490 <gpio_set_function+0x28>)
1000046e:	189a      	adds	r2, r3, r2
10000470:	6812      	ldr	r2, [r2, #0]
10000472:	2440      	movs	r4, #64	; 0x40
10000474:	4054      	eors	r4, r2
10000476:	22c0      	movs	r2, #192	; 0xc0
10000478:	4022      	ands	r2, r4
1000047a:	4c06      	ldr	r4, [pc, #24]	; (10000494 <gpio_set_function+0x2c>)
1000047c:	46a4      	mov	ip, r4
1000047e:	4463      	add	r3, ip
10000480:	601a      	str	r2, [r3, #0]
10000482:	00c0      	lsls	r0, r0, #3
10000484:	4b04      	ldr	r3, [pc, #16]	; (10000498 <gpio_set_function+0x30>)
10000486:	469c      	mov	ip, r3
10000488:	4460      	add	r0, ip
1000048a:	6041      	str	r1, [r0, #4]
1000048c:	bd10      	pop	{r4, pc}
1000048e:	46c0      	nop			; (mov r8, r8)
10000490:	4001c004 	.word	0x4001c004
10000494:	4001d004 	.word	0x4001d004
10000498:	40014000 	.word	0x40014000

1000049c <gpio_init>:
1000049c:	b510      	push	{r4, lr}
1000049e:	2301      	movs	r3, #1
100004a0:	4083      	lsls	r3, r0
100004a2:	22d0      	movs	r2, #208	; 0xd0
100004a4:	0612      	lsls	r2, r2, #24
100004a6:	6293      	str	r3, [r2, #40]	; 0x28
100004a8:	6193      	str	r3, [r2, #24]
100004aa:	2105      	movs	r1, #5
100004ac:	f7ff ffdc 	bl	10000468 <gpio_set_function>
100004b0:	bd10      	pop	{r4, pc}
	...

100004b4 <rp2040_chip_version>:
100004b4:	b510      	push	{r4, lr}
100004b6:	2380      	movs	r3, #128	; 0x80
100004b8:	05db      	lsls	r3, r3, #23
100004ba:	6818      	ldr	r0, [r3, #0]
100004bc:	0502      	lsls	r2, r0, #20
100004be:	0d12      	lsrs	r2, r2, #20
100004c0:	0b03      	lsrs	r3, r0, #12
100004c2:	041b      	lsls	r3, r3, #16
100004c4:	0c1b      	lsrs	r3, r3, #16
100004c6:	4909      	ldr	r1, [pc, #36]	; (100004ec <rp2040_chip_version+0x38>)
100004c8:	428a      	cmp	r2, r1
100004ca:	d103      	bne.n	100004d4 <rp2040_chip_version+0x20>
100004cc:	2b02      	cmp	r3, #2
100004ce:	d107      	bne.n	100004e0 <rp2040_chip_version+0x2c>
100004d0:	0f00      	lsrs	r0, r0, #28
100004d2:	bd10      	pop	{r4, pc}
100004d4:	4b06      	ldr	r3, [pc, #24]	; (100004f0 <rp2040_chip_version+0x3c>)
100004d6:	4a07      	ldr	r2, [pc, #28]	; (100004f4 <rp2040_chip_version+0x40>)
100004d8:	2122      	movs	r1, #34	; 0x22
100004da:	4807      	ldr	r0, [pc, #28]	; (100004f8 <rp2040_chip_version+0x44>)
100004dc:	f003 fb4e 	bl	10003b7c <__assert_func>
100004e0:	4b06      	ldr	r3, [pc, #24]	; (100004fc <rp2040_chip_version+0x48>)
100004e2:	4a04      	ldr	r2, [pc, #16]	; (100004f4 <rp2040_chip_version+0x40>)
100004e4:	2123      	movs	r1, #35	; 0x23
100004e6:	4804      	ldr	r0, [pc, #16]	; (100004f8 <rp2040_chip_version+0x44>)
100004e8:	f003 fb48 	bl	10003b7c <__assert_func>
100004ec:	00000927 	.word	0x00000927
100004f0:	10007a00 	.word	0x10007a00
100004f4:	10007a70 	.word	0x10007a70
100004f8:	10007a24 	.word	0x10007a24
100004fc:	10007a5c 	.word	0x10007a5c

10000500 <panic>:
10000500:	b40f      	push	{r0, r1, r2, r3}
10000502:	b500      	push	{lr}
10000504:	b083      	sub	sp, #12
10000506:	4808      	ldr	r0, [pc, #32]	; (10000528 <panic+0x28>)
10000508:	f003 fc78 	bl	10003dfc <__wrap_puts>
1000050c:	9b04      	ldr	r3, [sp, #16]
1000050e:	2b00      	cmp	r3, #0
10000510:	d007      	beq.n	10000522 <panic+0x22>
10000512:	a905      	add	r1, sp, #20
10000514:	9101      	str	r1, [sp, #4]
10000516:	0018      	movs	r0, r3
10000518:	f003 fc80 	bl	10003e1c <__wrap_vprintf>
1000051c:	4803      	ldr	r0, [pc, #12]	; (1000052c <panic+0x2c>)
1000051e:	f003 fc6d 	bl	10003dfc <__wrap_puts>
10000522:	2001      	movs	r0, #1
10000524:	f003 fb08 	bl	10003b38 <_exit>
10000528:	10007a84 	.word	0x10007a84
1000052c:	10007a94 	.word	0x10007a94

10000530 <hw_claim_lock>:
10000530:	f3ef 8010 	mrs	r0, PRIMASK
10000534:	b672      	cpsid	i
10000536:	4b03      	ldr	r3, [pc, #12]	; (10000544 <hw_claim_lock+0x14>)
10000538:	681b      	ldr	r3, [r3, #0]
1000053a:	2b00      	cmp	r3, #0
1000053c:	d0fb      	beq.n	10000536 <hw_claim_lock+0x6>
1000053e:	f3bf 8f5f 	dmb	sy
10000542:	4770      	bx	lr
10000544:	d000012c 	.word	0xd000012c

10000548 <hw_claim_unlock>:
10000548:	f3bf 8f5f 	dmb	sy
1000054c:	4b02      	ldr	r3, [pc, #8]	; (10000558 <hw_claim_unlock+0x10>)
1000054e:	2200      	movs	r2, #0
10000550:	601a      	str	r2, [r3, #0]
10000552:	f380 8810 	msr	PRIMASK, r0
10000556:	4770      	bx	lr
10000558:	d000012c 	.word	0xd000012c

1000055c <hw_claim_or_assert>:
1000055c:	b5f8      	push	{r3, r4, r5, r6, r7, lr}
1000055e:	0006      	movs	r6, r0
10000560:	000c      	movs	r4, r1
10000562:	0015      	movs	r5, r2
10000564:	f7ff ffe4 	bl	10000530 <hw_claim_lock>
10000568:	08e3      	lsrs	r3, r4, #3
1000056a:	18f7      	adds	r7, r6, r3
1000056c:	5cf1      	ldrb	r1, [r6, r3]
1000056e:	2207      	movs	r2, #7
10000570:	4022      	ands	r2, r4
10000572:	2301      	movs	r3, #1
10000574:	4093      	lsls	r3, r2
10000576:	420b      	tst	r3, r1
10000578:	d105      	bne.n	10000586 <hw_claim_or_assert+0x2a>
1000057a:	b2db      	uxtb	r3, r3
1000057c:	430b      	orrs	r3, r1
1000057e:	703b      	strb	r3, [r7, #0]
10000580:	f7ff ffe2 	bl	10000548 <hw_claim_unlock>
10000584:	bdf8      	pop	{r3, r4, r5, r6, r7, pc}
10000586:	0021      	movs	r1, r4
10000588:	0028      	movs	r0, r5
1000058a:	f7ff ffb9 	bl	10000500 <panic>

1000058e <hw_claim_unused_from_range>:
1000058e:	b5f0      	push	{r4, r5, r6, r7, lr}
10000590:	b083      	sub	sp, #12
10000592:	0006      	movs	r6, r0
10000594:	9101      	str	r1, [sp, #4]
10000596:	0014      	movs	r4, r2
10000598:	001f      	movs	r7, r3
1000059a:	f7ff ffc9 	bl	10000530 <hw_claim_lock>
1000059e:	e000      	b.n	100005a2 <hw_claim_unused_from_range+0x14>
100005a0:	3401      	adds	r4, #1
100005a2:	42bc      	cmp	r4, r7
100005a4:	d80c      	bhi.n	100005c0 <hw_claim_unused_from_range+0x32>
100005a6:	08e3      	lsrs	r3, r4, #3
100005a8:	18f5      	adds	r5, r6, r3
100005aa:	5cf3      	ldrb	r3, [r6, r3]
100005ac:	2107      	movs	r1, #7
100005ae:	4021      	ands	r1, r4
100005b0:	2201      	movs	r2, #1
100005b2:	408a      	lsls	r2, r1
100005b4:	421a      	tst	r2, r3
100005b6:	d1f3      	bne.n	100005a0 <hw_claim_unused_from_range+0x12>
100005b8:	b2d2      	uxtb	r2, r2
100005ba:	431a      	orrs	r2, r3
100005bc:	702a      	strb	r2, [r5, #0]
100005be:	e001      	b.n	100005c4 <hw_claim_unused_from_range+0x36>
100005c0:	2401      	movs	r4, #1
100005c2:	4264      	negs	r4, r4
100005c4:	f7ff ffc0 	bl	10000548 <hw_claim_unlock>
100005c8:	2c00      	cmp	r4, #0
100005ca:	db02      	blt.n	100005d2 <hw_claim_unused_from_range+0x44>
100005cc:	0020      	movs	r0, r4
100005ce:	b003      	add	sp, #12
100005d0:	bdf0      	pop	{r4, r5, r6, r7, pc}
100005d2:	9b01      	ldr	r3, [sp, #4]
100005d4:	2b00      	cmp	r3, #0
100005d6:	d0f9      	beq.n	100005cc <hw_claim_unused_from_range+0x3e>
100005d8:	9808      	ldr	r0, [sp, #32]
100005da:	f7ff ff91 	bl	10000500 <panic>
	...

100005e0 <next_striped_spin_lock_num>:
100005e0:	4a05      	ldr	r2, [pc, #20]	; (100005f8 <next_striped_spin_lock_num+0x18>)
100005e2:	7810      	ldrb	r0, [r2, #0]
100005e4:	1c43      	adds	r3, r0, #1
100005e6:	b2db      	uxtb	r3, r3
100005e8:	7013      	strb	r3, [r2, #0]
100005ea:	2b17      	cmp	r3, #23
100005ec:	d902      	bls.n	100005f4 <next_striped_spin_lock_num+0x14>
100005ee:	0013      	movs	r3, r2
100005f0:	2210      	movs	r2, #16
100005f2:	701a      	strb	r2, [r3, #0]
100005f4:	4770      	bx	lr
100005f6:	46c0      	nop			; (mov r8, r8)
100005f8:	20000c38 	.word	0x20000c38

100005fc <spin_lock_claim_unused>:
100005fc:	b500      	push	{lr}
100005fe:	b083      	sub	sp, #12
10000600:	0001      	movs	r1, r0
10000602:	4b04      	ldr	r3, [pc, #16]	; (10000614 <spin_lock_claim_unused+0x18>)
10000604:	9300      	str	r3, [sp, #0]
10000606:	231f      	movs	r3, #31
10000608:	2218      	movs	r2, #24
1000060a:	4803      	ldr	r0, [pc, #12]	; (10000618 <spin_lock_claim_unused+0x1c>)
1000060c:	f7ff ffbf 	bl	1000058e <hw_claim_unused_from_range>
10000610:	b003      	add	sp, #12
10000612:	bd00      	pop	{pc}
10000614:	10007a98 	.word	0x10007a98
10000618:	20001f30 	.word	0x20001f30

1000061c <spin_locks_reset>:
1000061c:	2300      	movs	r3, #0
1000061e:	e007      	b.n	10000630 <spin_locks_reset+0x14>
10000620:	4a05      	ldr	r2, [pc, #20]	; (10000638 <spin_locks_reset+0x1c>)
10000622:	189a      	adds	r2, r3, r2
10000624:	0092      	lsls	r2, r2, #2
10000626:	f3bf 8f5f 	dmb	sy
1000062a:	2100      	movs	r1, #0
1000062c:	6011      	str	r1, [r2, #0]
1000062e:	3301      	adds	r3, #1
10000630:	2b1f      	cmp	r3, #31
10000632:	d9f5      	bls.n	10000620 <spin_locks_reset+0x4>
10000634:	4770      	bx	lr
10000636:	46c0      	nop			; (mov r8, r8)
10000638:	34000040 	.word	0x34000040

1000063c <set_raw_irq_handler_and_unlock>:
1000063c:	4b07      	ldr	r3, [pc, #28]	; (1000065c <set_raw_irq_handler_and_unlock+0x20>)
1000063e:	689b      	ldr	r3, [r3, #8]
10000640:	3010      	adds	r0, #16
10000642:	0080      	lsls	r0, r0, #2
10000644:	5019      	str	r1, [r3, r0]
10000646:	f3bf 8f5f 	dmb	sy
1000064a:	f3bf 8f5f 	dmb	sy
1000064e:	4b04      	ldr	r3, [pc, #16]	; (10000660 <set_raw_irq_handler_and_unlock+0x24>)
10000650:	2100      	movs	r1, #0
10000652:	6019      	str	r1, [r3, #0]
10000654:	f382 8810 	msr	PRIMASK, r2
10000658:	4770      	bx	lr
1000065a:	46c0      	nop			; (mov r8, r8)
1000065c:	e000ed00 	.word	0xe000ed00
10000660:	d0000124 	.word	0xd0000124

10000664 <nvic_ipr0>:
10000664:	4800      	ldr	r0, [pc, #0]	; (10000668 <nvic_ipr0+0x4>)
10000666:	4770      	bx	lr
10000668:	e000e400 	.word	0xe000e400

1000066c <runtime_init_per_core_irq_priorities>:
1000066c:	b510      	push	{r4, lr}
1000066e:	f7ff fff9 	bl	10000664 <nvic_ipr0>
10000672:	2300      	movs	r3, #0
10000674:	e002      	b.n	1000067c <runtime_init_per_core_irq_priorities+0x10>
10000676:	4a03      	ldr	r2, [pc, #12]	; (10000684 <runtime_init_per_core_irq_priorities+0x18>)
10000678:	c004      	stmia	r0!, {r2}
1000067a:	3301      	adds	r3, #1
1000067c:	2b07      	cmp	r3, #7
1000067e:	d9fa      	bls.n	10000676 <runtime_init_per_core_irq_priorities+0xa>
10000680:	bd10      	pop	{r4, pc}
10000682:	46c0      	nop			; (mov r8, r8)
10000684:	80808080 	.word	0x80808080

10000688 <make_j_16>:
10000688:	b510      	push	{r4, lr}
1000068a:	1a09      	subs	r1, r1, r0
1000068c:	1f08      	subs	r0, r1, #4
1000068e:	4b0b      	ldr	r3, [pc, #44]	; (100006bc <make_j_16+0x34>)
10000690:	469c      	mov	ip, r3
10000692:	4461      	add	r1, ip
10000694:	4a0a      	ldr	r2, [pc, #40]	; (100006c0 <make_j_16+0x38>)
10000696:	4291      	cmp	r1, r2
10000698:	d808      	bhi.n	100006ac <make_j_16+0x24>
1000069a:	07c3      	lsls	r3, r0, #31
1000069c:	d406      	bmi.n	100006ac <make_j_16+0x24>
1000069e:	1040      	asrs	r0, r0, #1
100006a0:	0540      	lsls	r0, r0, #21
100006a2:	0d40      	lsrs	r0, r0, #21
100006a4:	4b07      	ldr	r3, [pc, #28]	; (100006c4 <make_j_16+0x3c>)
100006a6:	4318      	orrs	r0, r3
100006a8:	b280      	uxth	r0, r0
100006aa:	bd10      	pop	{r4, pc}
100006ac:	2102      	movs	r1, #2
100006ae:	4b06      	ldr	r3, [pc, #24]	; (100006c8 <make_j_16+0x40>)
100006b0:	4a06      	ldr	r2, [pc, #24]	; (100006cc <make_j_16+0x44>)
100006b2:	31ff      	adds	r1, #255	; 0xff
100006b4:	4806      	ldr	r0, [pc, #24]	; (100006d0 <make_j_16+0x48>)
100006b6:	f003 fa61 	bl	10003b7c <__assert_func>
100006ba:	46c0      	nop			; (mov r8, r8)
100006bc:	000007fc 	.word	0x000007fc
100006c0:	00000ffe 	.word	0x00000ffe
100006c4:	ffffe000 	.word	0xffffe000
100006c8:	10007ab4 	.word	0x10007ab4
100006cc:	10007cb0 	.word	0x10007cb0
100006d0:	10007ae4 	.word	0x10007ae4

100006d4 <irq_is_enabled>:
100006d4:	2301      	movs	r3, #1
100006d6:	4083      	lsls	r3, r0
100006d8:	4a03      	ldr	r2, [pc, #12]	; (100006e8 <irq_is_enabled+0x14>)
100006da:	6810      	ldr	r0, [r2, #0]
100006dc:	4018      	ands	r0, r3
100006de:	1e43      	subs	r3, r0, #1
100006e0:	4198      	sbcs	r0, r3
100006e2:	b2c0      	uxtb	r0, r0
100006e4:	4770      	bx	lr
100006e6:	46c0      	nop			; (mov r8, r8)
100006e8:	e000e100 	.word	0xe000e100

100006ec <irq_set_mask_n_enabled>:
100006ec:	2a00      	cmp	r2, #0
100006ee:	d005      	beq.n	100006fc <irq_set_mask_n_enabled+0x10>
100006f0:	4b04      	ldr	r3, [pc, #16]	; (10000704 <irq_set_mask_n_enabled+0x18>)
100006f2:	22c0      	movs	r2, #192	; 0xc0
100006f4:	0052      	lsls	r2, r2, #1
100006f6:	5099      	str	r1, [r3, r2]
100006f8:	6019      	str	r1, [r3, #0]
100006fa:	4770      	bx	lr
100006fc:	4a01      	ldr	r2, [pc, #4]	; (10000704 <irq_set_mask_n_enabled+0x18>)
100006fe:	2380      	movs	r3, #128	; 0x80
10000700:	50d1      	str	r1, [r2, r3]
10000702:	e7fa      	b.n	100006fa <irq_set_mask_n_enabled+0xe>
10000704:	e000e100 	.word	0xe000e100

10000708 <irq_set_enabled>:
10000708:	b510      	push	{r4, lr}
1000070a:	000a      	movs	r2, r1
1000070c:	231f      	movs	r3, #31
1000070e:	4003      	ands	r3, r0
10000710:	2101      	movs	r1, #1
10000712:	4099      	lsls	r1, r3
10000714:	0940      	lsrs	r0, r0, #5
10000716:	f7ff ffe9 	bl	100006ec <irq_set_mask_n_enabled>
1000071a:	bd10      	pop	{r4, pc}

1000071c <irq_set_pending>:
1000071c:	2301      	movs	r3, #1
1000071e:	4083      	lsls	r3, r0
10000720:	4a01      	ldr	r2, [pc, #4]	; (10000728 <irq_set_pending+0xc>)
10000722:	6013      	str	r3, [r2, #0]
10000724:	4770      	bx	lr
10000726:	46c0      	nop			; (mov r8, r8)
10000728:	e000e200 	.word	0xe000e200

1000072c <irq_get_vtable_handler>:
1000072c:	4b02      	ldr	r3, [pc, #8]	; (10000738 <irq_get_vtable_handler+0xc>)
1000072e:	689b      	ldr	r3, [r3, #8]
10000730:	3010      	adds	r0, #16
10000732:	0080      	lsls	r0, r0, #2
10000734:	58c0      	ldr	r0, [r0, r3]
10000736:	4770      	bx	lr
10000738:	e000ed00 	.word	0xe000ed00

1000073c <irq_has_shared_handler>:
1000073c:	b510      	push	{r4, lr}
1000073e:	f7ff fff5 	bl	1000072c <irq_get_vtable_handler>
10000742:	2800      	cmp	r0, #0
10000744:	d005      	beq.n	10000752 <irq_has_shared_handler+0x16>
10000746:	4b05      	ldr	r3, [pc, #20]	; (1000075c <irq_has_shared_handler+0x20>)
10000748:	1ac0      	subs	r0, r0, r3
1000074a:	282f      	cmp	r0, #47	; 0x2f
1000074c:	d803      	bhi.n	10000756 <irq_has_shared_handler+0x1a>
1000074e:	2001      	movs	r0, #1
10000750:	bd10      	pop	{r4, pc}
10000752:	2000      	movs	r0, #0
10000754:	e7fc      	b.n	10000750 <irq_has_shared_handler+0x14>
10000756:	2000      	movs	r0, #0
10000758:	e7fa      	b.n	10000750 <irq_has_shared_handler+0x14>
1000075a:	46c0      	nop			; (mov r8, r8)
1000075c:	20000c3c 	.word	0x20000c3c

10000760 <irq_set_exclusive_handler>:
10000760:	b570      	push	{r4, r5, r6, lr}
10000762:	0004      	movs	r4, r0
10000764:	000d      	movs	r5, r1
10000766:	f3ef 8610 	mrs	r6, PRIMASK
1000076a:	b672      	cpsid	i
1000076c:	4b0c      	ldr	r3, [pc, #48]	; (100007a0 <irq_set_exclusive_handler+0x40>)
1000076e:	681b      	ldr	r3, [r3, #0]
10000770:	2b00      	cmp	r3, #0
10000772:	d0fb      	beq.n	1000076c <irq_set_exclusive_handler+0xc>
10000774:	f3bf 8f5f 	dmb	sy
10000778:	0020      	movs	r0, r4
1000077a:	f7ff ffd7 	bl	1000072c <irq_get_vtable_handler>
1000077e:	4b09      	ldr	r3, [pc, #36]	; (100007a4 <irq_set_exclusive_handler+0x44>)
10000780:	4298      	cmp	r0, r3
10000782:	d001      	beq.n	10000788 <irq_set_exclusive_handler+0x28>
10000784:	42a8      	cmp	r0, r5
10000786:	d105      	bne.n	10000794 <irq_set_exclusive_handler+0x34>
10000788:	0032      	movs	r2, r6
1000078a:	0029      	movs	r1, r5
1000078c:	0020      	movs	r0, r4
1000078e:	f7ff ff55 	bl	1000063c <set_raw_irq_handler_and_unlock>
10000792:	bd70      	pop	{r4, r5, r6, pc}
10000794:	4b04      	ldr	r3, [pc, #16]	; (100007a8 <irq_set_exclusive_handler+0x48>)
10000796:	4a05      	ldr	r2, [pc, #20]	; (100007ac <irq_set_exclusive_handler+0x4c>)
10000798:	21e1      	movs	r1, #225	; 0xe1
1000079a:	4805      	ldr	r0, [pc, #20]	; (100007b0 <irq_set_exclusive_handler+0x50>)
1000079c:	f003 f9ee 	bl	10003b7c <__assert_func>
100007a0:	d0000124 	.word	0xd0000124
100007a4:	100001cd 	.word	0x100001cd
100007a8:	10007b18 	.word	0x10007b18
100007ac:	10007ce4 	.word	0x10007ce4
100007b0:	10007ae4 	.word	0x10007ae4

100007b4 <irq_add_shared_handler>:
100007b4:	b5f0      	push	{r4, r5, r6, r7, lr}
100007b6:	46de      	mov	lr, fp
100007b8:	4657      	mov	r7, sl
100007ba:	464e      	mov	r6, r9
100007bc:	4645      	mov	r5, r8
100007be:	b5e0      	push	{r5, r6, r7, lr}
100007c0:	b089      	sub	sp, #36	; 0x24
100007c2:	4681      	mov	r9, r0
100007c4:	9101      	str	r1, [sp, #4]
100007c6:	0015      	movs	r5, r2
100007c8:	f3ef 8b10 	mrs	fp, PRIMASK
100007cc:	b672      	cpsid	i
100007ce:	4b75      	ldr	r3, [pc, #468]	; (100009a4 <irq_add_shared_handler+0x1f0>)
100007d0:	681b      	ldr	r3, [r3, #0]
100007d2:	2b00      	cmp	r3, #0
100007d4:	d0fb      	beq.n	100007ce <irq_add_shared_handler+0x1a>
100007d6:	f3bf 8f5f 	dmb	sy
100007da:	4b73      	ldr	r3, [pc, #460]	; (100009a8 <irq_add_shared_handler+0x1f4>)
100007dc:	2700      	movs	r7, #0
100007de:	57df      	ldrsb	r7, [r3, r7]
100007e0:	2f00      	cmp	r7, #0
100007e2:	db3f      	blt.n	10000864 <irq_add_shared_handler+0xb0>
100007e4:	007c      	lsls	r4, r7, #1
100007e6:	19e4      	adds	r4, r4, r7
100007e8:	00a4      	lsls	r4, r4, #2
100007ea:	4870      	ldr	r0, [pc, #448]	; (100009ac <irq_add_shared_handler+0x1f8>)
100007ec:	1824      	adds	r4, r4, r0
100007ee:	2206      	movs	r2, #6
100007f0:	56a2      	ldrsb	r2, [r4, r2]
100007f2:	4b6d      	ldr	r3, [pc, #436]	; (100009a8 <irq_add_shared_handler+0x1f4>)
100007f4:	701a      	strb	r2, [r3, #0]
100007f6:	4b6e      	ldr	r3, [pc, #440]	; (100009b0 <irq_add_shared_handler+0x1fc>)
100007f8:	689a      	ldr	r2, [r3, #8]
100007fa:	464b      	mov	r3, r9
100007fc:	3310      	adds	r3, #16
100007fe:	009b      	lsls	r3, r3, #2
10000800:	58d3      	ldr	r3, [r2, r3]
10000802:	4698      	mov	r8, r3
10000804:	1a1b      	subs	r3, r3, r0
10000806:	2b2f      	cmp	r3, #47	; 0x2f
10000808:	d93a      	bls.n	10000880 <irq_add_shared_handler+0xcc>
1000080a:	4b6a      	ldr	r3, [pc, #424]	; (100009b4 <irq_add_shared_handler+0x200>)
1000080c:	4598      	cmp	r8, r3
1000080e:	d130      	bne.n	10000872 <irq_add_shared_handler+0xbe>
10000810:	ae05      	add	r6, sp, #20
10000812:	4b69      	ldr	r3, [pc, #420]	; (100009b8 <irq_add_shared_handler+0x204>)
10000814:	8033      	strh	r3, [r6, #0]
10000816:	007b      	lsls	r3, r7, #1
10000818:	469a      	mov	sl, r3
1000081a:	19d8      	adds	r0, r3, r7
1000081c:	0080      	lsls	r0, r0, #2
1000081e:	4b63      	ldr	r3, [pc, #396]	; (100009ac <irq_add_shared_handler+0x1f8>)
10000820:	4698      	mov	r8, r3
10000822:	4440      	add	r0, r8
10000824:	3002      	adds	r0, #2
10000826:	4965      	ldr	r1, [pc, #404]	; (100009bc <irq_add_shared_handler+0x208>)
10000828:	f7ff ff2e 	bl	10000688 <make_j_16>
1000082c:	8070      	strh	r0, [r6, #2]
1000082e:	4b64      	ldr	r3, [pc, #400]	; (100009c0 <irq_add_shared_handler+0x20c>)
10000830:	80b3      	strh	r3, [r6, #4]
10000832:	23ff      	movs	r3, #255	; 0xff
10000834:	71b3      	strb	r3, [r6, #6]
10000836:	71f5      	strb	r5, [r6, #7]
10000838:	9b01      	ldr	r3, [sp, #4]
1000083a:	9307      	str	r3, [sp, #28]
1000083c:	4457      	add	r7, sl
1000083e:	00bf      	lsls	r7, r7, #2
10000840:	4447      	add	r7, r8
10000842:	ce0e      	ldmia	r6!, {r1, r2, r3}
10000844:	c70e      	stmia	r7!, {r1, r2, r3}
10000846:	2301      	movs	r3, #1
10000848:	431c      	orrs	r4, r3
1000084a:	46a0      	mov	r8, r4
1000084c:	465a      	mov	r2, fp
1000084e:	4641      	mov	r1, r8
10000850:	4648      	mov	r0, r9
10000852:	f7ff fef3 	bl	1000063c <set_raw_irq_handler_and_unlock>
10000856:	b009      	add	sp, #36	; 0x24
10000858:	bcf0      	pop	{r4, r5, r6, r7}
1000085a:	46bb      	mov	fp, r7
1000085c:	46b2      	mov	sl, r6
1000085e:	46a9      	mov	r9, r5
10000860:	46a0      	mov	r8, r4
10000862:	bdf0      	pop	{r4, r5, r6, r7, pc}
10000864:	216e      	movs	r1, #110	; 0x6e
10000866:	4b57      	ldr	r3, [pc, #348]	; (100009c4 <irq_add_shared_handler+0x210>)
10000868:	4a57      	ldr	r2, [pc, #348]	; (100009c8 <irq_add_shared_handler+0x214>)
1000086a:	31ff      	adds	r1, #255	; 0xff
1000086c:	4857      	ldr	r0, [pc, #348]	; (100009cc <irq_add_shared_handler+0x218>)
1000086e:	f003 f985 	bl	10003b7c <__assert_func>
10000872:	21ba      	movs	r1, #186	; 0xba
10000874:	4b56      	ldr	r3, [pc, #344]	; (100009d0 <irq_add_shared_handler+0x21c>)
10000876:	4a54      	ldr	r2, [pc, #336]	; (100009c8 <irq_add_shared_handler+0x214>)
10000878:	0049      	lsls	r1, r1, #1
1000087a:	4854      	ldr	r0, [pc, #336]	; (100009cc <irq_add_shared_handler+0x218>)
1000087c:	f003 f97e 	bl	10003b7c <__assert_func>
10000880:	2301      	movs	r3, #1
10000882:	4642      	mov	r2, r8
10000884:	439a      	bics	r2, r3
10000886:	4692      	mov	sl, r2
10000888:	1a10      	subs	r0, r2, r0
1000088a:	210c      	movs	r1, #12
1000088c:	f001 f968 	bl	10001b60 <__wrap___aeabi_uidiv>
10000890:	2900      	cmp	r1, #0
10000892:	d10f      	bne.n	100008b4 <irq_add_shared_handler+0x100>
10000894:	4653      	mov	r3, sl
10000896:	2600      	movs	r6, #0
10000898:	79da      	ldrb	r2, [r3, #7]
1000089a:	42aa      	cmp	r2, r5
1000089c:	d912      	bls.n	100008c4 <irq_add_shared_handler+0x110>
1000089e:	2106      	movs	r1, #6
100008a0:	5659      	ldrsb	r1, [r3, r1]
100008a2:	2900      	cmp	r1, #0
100008a4:	db0d      	blt.n	100008c2 <irq_add_shared_handler+0x10e>
100008a6:	004a      	lsls	r2, r1, #1
100008a8:	1852      	adds	r2, r2, r1
100008aa:	0092      	lsls	r2, r2, #2
100008ac:	001e      	movs	r6, r3
100008ae:	4b3f      	ldr	r3, [pc, #252]	; (100009ac <irq_add_shared_handler+0x1f8>)
100008b0:	189b      	adds	r3, r3, r2
100008b2:	e7f1      	b.n	10000898 <irq_add_shared_handler+0xe4>
100008b4:	2186      	movs	r1, #134	; 0x86
100008b6:	4b47      	ldr	r3, [pc, #284]	; (100009d4 <irq_add_shared_handler+0x220>)
100008b8:	4a43      	ldr	r2, [pc, #268]	; (100009c8 <irq_add_shared_handler+0x214>)
100008ba:	31ff      	adds	r1, #255	; 0xff
100008bc:	4843      	ldr	r0, [pc, #268]	; (100009cc <irq_add_shared_handler+0x218>)
100008be:	f003 f95d 	bl	10003b7c <__assert_func>
100008c2:	001e      	movs	r6, r3
100008c4:	2e00      	cmp	r6, #0
100008c6:	d03b      	beq.n	10000940 <irq_add_shared_handler+0x18c>
100008c8:	ab05      	add	r3, sp, #20
100008ca:	4a43      	ldr	r2, [pc, #268]	; (100009d8 <irq_add_shared_handler+0x224>)
100008cc:	801a      	strh	r2, [r3, #0]
100008ce:	3a81      	subs	r2, #129	; 0x81
100008d0:	805a      	strh	r2, [r3, #2]
100008d2:	2306      	movs	r3, #6
100008d4:	56f3      	ldrsb	r3, [r6, r3]
100008d6:	9302      	str	r3, [sp, #8]
100008d8:	2b00      	cmp	r3, #0
100008da:	da17      	bge.n	1000090c <irq_add_shared_handler+0x158>
100008dc:	483f      	ldr	r0, [pc, #252]	; (100009dc <irq_add_shared_handler+0x228>)
100008de:	ab05      	add	r3, sp, #20
100008e0:	469a      	mov	sl, r3
100008e2:	8098      	strh	r0, [r3, #4]
100008e4:	9a02      	ldr	r2, [sp, #8]
100008e6:	719a      	strb	r2, [r3, #6]
100008e8:	71dd      	strb	r5, [r3, #7]
100008ea:	9a01      	ldr	r2, [sp, #4]
100008ec:	9207      	str	r2, [sp, #28]
100008ee:	1d30      	adds	r0, r6, #4
100008f0:	0021      	movs	r1, r4
100008f2:	f7ff fec9 	bl	10000688 <make_j_16>
100008f6:	80b0      	strh	r0, [r6, #4]
100008f8:	71b7      	strb	r7, [r6, #6]
100008fa:	007b      	lsls	r3, r7, #1
100008fc:	19db      	adds	r3, r3, r7
100008fe:	009b      	lsls	r3, r3, #2
10000900:	4f2a      	ldr	r7, [pc, #168]	; (100009ac <irq_add_shared_handler+0x1f8>)
10000902:	18ff      	adds	r7, r7, r3
10000904:	4653      	mov	r3, sl
10000906:	cb07      	ldmia	r3!, {r0, r1, r2}
10000908:	c707      	stmia	r7!, {r0, r1, r2}
1000090a:	e79f      	b.n	1000084c <irq_add_shared_handler+0x98>
1000090c:	0078      	lsls	r0, r7, #1
1000090e:	19c0      	adds	r0, r0, r7
10000910:	0080      	lsls	r0, r0, #2
10000912:	4b26      	ldr	r3, [pc, #152]	; (100009ac <irq_add_shared_handler+0x1f8>)
10000914:	18c0      	adds	r0, r0, r3
10000916:	3004      	adds	r0, #4
10000918:	1d32      	adds	r2, r6, #4
1000091a:	88b3      	ldrh	r3, [r6, #4]
1000091c:	0ad9      	lsrs	r1, r3, #11
1000091e:	291c      	cmp	r1, #28
10000920:	d107      	bne.n	10000932 <irq_add_shared_handler+0x17e>
10000922:	055b      	lsls	r3, r3, #21
10000924:	1559      	asrs	r1, r3, #21
10000926:	3102      	adds	r1, #2
10000928:	0049      	lsls	r1, r1, #1
1000092a:	1851      	adds	r1, r2, r1
1000092c:	f7ff feac 	bl	10000688 <make_j_16>
10000930:	e7d5      	b.n	100008de <irq_add_shared_handler+0x12a>
10000932:	2110      	movs	r1, #16
10000934:	4b2a      	ldr	r3, [pc, #168]	; (100009e0 <irq_add_shared_handler+0x22c>)
10000936:	4a2b      	ldr	r2, [pc, #172]	; (100009e4 <irq_add_shared_handler+0x230>)
10000938:	31ff      	adds	r1, #255	; 0xff
1000093a:	4824      	ldr	r0, [pc, #144]	; (100009cc <irq_add_shared_handler+0x218>)
1000093c:	f003 f91e 	bl	10003b7c <__assert_func>
10000940:	ae05      	add	r6, sp, #20
10000942:	4b1d      	ldr	r3, [pc, #116]	; (100009b8 <irq_add_shared_handler+0x204>)
10000944:	8033      	strh	r3, [r6, #0]
10000946:	007b      	lsls	r3, r7, #1
10000948:	9302      	str	r3, [sp, #8]
1000094a:	19d8      	adds	r0, r3, r7
1000094c:	0080      	lsls	r0, r0, #2
1000094e:	4a17      	ldr	r2, [pc, #92]	; (100009ac <irq_add_shared_handler+0x1f8>)
10000950:	4690      	mov	r8, r2
10000952:	0002      	movs	r2, r0
10000954:	4442      	add	r2, r8
10000956:	9203      	str	r2, [sp, #12]
10000958:	1c90      	adds	r0, r2, #2
1000095a:	4918      	ldr	r1, [pc, #96]	; (100009bc <irq_add_shared_handler+0x208>)
1000095c:	f7ff fe94 	bl	10000688 <make_j_16>
10000960:	8070      	strh	r0, [r6, #2]
10000962:	9a03      	ldr	r2, [sp, #12]
10000964:	1d10      	adds	r0, r2, #4
10000966:	4651      	mov	r1, sl
10000968:	f7ff fe8e 	bl	10000688 <make_j_16>
1000096c:	80b0      	strh	r0, [r6, #4]
1000096e:	4b1e      	ldr	r3, [pc, #120]	; (100009e8 <irq_add_shared_handler+0x234>)
10000970:	4652      	mov	r2, sl
10000972:	4641      	mov	r1, r8
10000974:	1a52      	subs	r2, r2, r1
10000976:	4152      	adcs	r2, r2
10000978:	4353      	muls	r3, r2
1000097a:	0d1b      	lsrs	r3, r3, #20
1000097c:	71b3      	strb	r3, [r6, #6]
1000097e:	71f5      	strb	r5, [r6, #7]
10000980:	9a01      	ldr	r2, [sp, #4]
10000982:	9207      	str	r2, [sp, #28]
10000984:	9b02      	ldr	r3, [sp, #8]
10000986:	469c      	mov	ip, r3
10000988:	4467      	add	r7, ip
1000098a:	00bf      	lsls	r7, r7, #2
1000098c:	4447      	add	r7, r8
1000098e:	ce0e      	ldmia	r6!, {r1, r2, r3}
10000990:	c70e      	stmia	r7!, {r1, r2, r3}
10000992:	4b11      	ldr	r3, [pc, #68]	; (100009d8 <irq_add_shared_handler+0x224>)
10000994:	4652      	mov	r2, sl
10000996:	8013      	strh	r3, [r2, #0]
10000998:	3b81      	subs	r3, #129	; 0x81
1000099a:	8053      	strh	r3, [r2, #2]
1000099c:	2301      	movs	r3, #1
1000099e:	431c      	orrs	r4, r3
100009a0:	46a0      	mov	r8, r4
100009a2:	e753      	b.n	1000084c <irq_add_shared_handler+0x98>
100009a4:	d0000124 	.word	0xd0000124
100009a8:	20002675 	.word	0x20002675
100009ac:	20000c3c 	.word	0x20000c3c
100009b0:	e000ed00 	.word	0xe000ed00
100009b4:	100001cd 	.word	0x100001cd
100009b8:	ffffa100 	.word	0xffffa100
100009bc:	20000c6c 	.word	0x20000c6c
100009c0:	ffffbd01 	.word	0xffffbd01
100009c4:	10007b50 	.word	0x10007b50
100009c8:	10007ccc 	.word	0x10007ccc
100009cc:	10007ae4 	.word	0x10007ae4
100009d0:	10007b78 	.word	0x10007b78
100009d4:	10007ba0 	.word	0x10007ba0
100009d8:	00004801 	.word	0x00004801
100009dc:	0000bd01 	.word	0x0000bd01
100009e0:	10007c24 	.word	0x10007c24
100009e4:	10007cbc 	.word	0x10007cbc
100009e8:	0000aaaa 	.word	0x0000aaaa

100009ec <irq_add_tail_to_free_list>:
100009ec:	b570      	push	{r4, r5, r6, lr}
100009ee:	2101      	movs	r1, #1
100009f0:	4301      	orrs	r1, r0
100009f2:	4b2c      	ldr	r3, [pc, #176]	; (10000aa4 <irq_add_tail_to_free_list+0xb8>)
100009f4:	1acb      	subs	r3, r1, r3
100009f6:	2b2f      	cmp	r3, #47	; 0x2f
100009f8:	d828      	bhi.n	10000a4c <irq_add_tail_to_free_list+0x60>
100009fa:	f3ef 8305 	mrs	r3, IPSR
100009fe:	2b00      	cmp	r3, #0
10000a00:	d02a      	beq.n	10000a58 <irq_add_tail_to_free_list+0x6c>
10000a02:	f3ef 8c10 	mrs	ip, PRIMASK
10000a06:	b672      	cpsid	i
10000a08:	4a27      	ldr	r2, [pc, #156]	; (10000aa8 <irq_add_tail_to_free_list+0xbc>)
10000a0a:	6812      	ldr	r2, [r2, #0]
10000a0c:	2a00      	cmp	r2, #0
10000a0e:	d0fb      	beq.n	10000a08 <irq_add_tail_to_free_list+0x1c>
10000a10:	f3bf 8f5f 	dmb	sy
10000a14:	4a25      	ldr	r2, [pc, #148]	; (10000aac <irq_add_tail_to_free_list+0xc0>)
10000a16:	0004      	movs	r4, r0
10000a18:	4d22      	ldr	r5, [pc, #136]	; (10000aa4 <irq_add_tail_to_free_list+0xb8>)
10000a1a:	1b64      	subs	r4, r4, r5
10000a1c:	4164      	adcs	r4, r4
10000a1e:	4362      	muls	r2, r4
10000a20:	0d12      	lsrs	r2, r2, #20
10000a22:	b254      	sxtb	r4, r2
10000a24:	4a22      	ldr	r2, [pc, #136]	; (10000ab0 <irq_add_tail_to_free_list+0xc4>)
10000a26:	6892      	ldr	r2, [r2, #8]
10000a28:	009b      	lsls	r3, r3, #2
10000a2a:	58d2      	ldr	r2, [r2, r3]
10000a2c:	428a      	cmp	r2, r1
10000a2e:	d019      	beq.n	10000a64 <irq_add_tail_to_free_list+0x78>
10000a30:	2200      	movs	r2, #0
10000a32:	2a03      	cmp	r2, #3
10000a34:	d830      	bhi.n	10000a98 <irq_add_tail_to_free_list+0xac>
10000a36:	0053      	lsls	r3, r2, #1
10000a38:	189b      	adds	r3, r3, r2
10000a3a:	009b      	lsls	r3, r3, #2
10000a3c:	4919      	ldr	r1, [pc, #100]	; (10000aa4 <irq_add_tail_to_free_list+0xb8>)
10000a3e:	18cb      	adds	r3, r1, r3
10000a40:	799b      	ldrb	r3, [r3, #6]
10000a42:	b25b      	sxtb	r3, r3
10000a44:	42a3      	cmp	r3, r4
10000a46:	d01d      	beq.n	10000a84 <irq_add_tail_to_free_list+0x98>
10000a48:	3201      	adds	r2, #1
10000a4a:	e7f2      	b.n	10000a32 <irq_add_tail_to_free_list+0x46>
10000a4c:	4b19      	ldr	r3, [pc, #100]	; (10000ab4 <irq_add_tail_to_free_list+0xc8>)
10000a4e:	4a1a      	ldr	r2, [pc, #104]	; (10000ab8 <irq_add_tail_to_free_list+0xcc>)
10000a50:	491a      	ldr	r1, [pc, #104]	; (10000abc <irq_add_tail_to_free_list+0xd0>)
10000a52:	481b      	ldr	r0, [pc, #108]	; (10000ac0 <irq_add_tail_to_free_list+0xd4>)
10000a54:	f003 f892 	bl	10003b7c <__assert_func>
10000a58:	4b1a      	ldr	r3, [pc, #104]	; (10000ac4 <irq_add_tail_to_free_list+0xd8>)
10000a5a:	4a17      	ldr	r2, [pc, #92]	; (10000ab8 <irq_add_tail_to_free_list+0xcc>)
10000a5c:	491a      	ldr	r1, [pc, #104]	; (10000ac8 <irq_add_tail_to_free_list+0xdc>)
10000a5e:	4818      	ldr	r0, [pc, #96]	; (10000ac0 <irq_add_tail_to_free_list+0xd4>)
10000a60:	f003 f88c 	bl	10003b7c <__assert_func>
10000a64:	4a12      	ldr	r2, [pc, #72]	; (10000ab0 <irq_add_tail_to_free_list+0xc4>)
10000a66:	6892      	ldr	r2, [r2, #8]
10000a68:	4918      	ldr	r1, [pc, #96]	; (10000acc <irq_add_tail_to_free_list+0xe0>)
10000a6a:	50d1      	str	r1, [r2, r3]
10000a6c:	4b18      	ldr	r3, [pc, #96]	; (10000ad0 <irq_add_tail_to_free_list+0xe4>)
10000a6e:	781a      	ldrb	r2, [r3, #0]
10000a70:	7182      	strb	r2, [r0, #6]
10000a72:	701c      	strb	r4, [r3, #0]
10000a74:	f3bf 8f5f 	dmb	sy
10000a78:	4b0b      	ldr	r3, [pc, #44]	; (10000aa8 <irq_add_tail_to_free_list+0xbc>)
10000a7a:	2200      	movs	r2, #0
10000a7c:	601a      	str	r2, [r3, #0]
10000a7e:	f38c 8810 	msr	PRIMASK, ip
10000a82:	bd70      	pop	{r4, r5, r6, pc}
10000a84:	000d      	movs	r5, r1
10000a86:	0053      	lsls	r3, r2, #1
10000a88:	1899      	adds	r1, r3, r2
10000a8a:	0089      	lsls	r1, r1, #2
10000a8c:	1869      	adds	r1, r5, r1
10000a8e:	26ff      	movs	r6, #255	; 0xff
10000a90:	718e      	strb	r6, [r1, #6]
10000a92:	4a10      	ldr	r2, [pc, #64]	; (10000ad4 <irq_add_tail_to_free_list+0xe8>)
10000a94:	808a      	strh	r2, [r1, #4]
10000a96:	e7e9      	b.n	10000a6c <irq_add_tail_to_free_list+0x80>
10000a98:	4b0f      	ldr	r3, [pc, #60]	; (10000ad8 <irq_add_tail_to_free_list+0xec>)
10000a9a:	4a07      	ldr	r2, [pc, #28]	; (10000ab8 <irq_add_tail_to_free_list+0xcc>)
10000a9c:	490f      	ldr	r1, [pc, #60]	; (10000adc <irq_add_tail_to_free_list+0xf0>)
10000a9e:	4808      	ldr	r0, [pc, #32]	; (10000ac0 <irq_add_tail_to_free_list+0xd4>)
10000aa0:	f003 f86c 	bl	10003b7c <__assert_func>
10000aa4:	20000c3c 	.word	0x20000c3c
10000aa8:	d0000124 	.word	0xd0000124
10000aac:	0000aaaa 	.word	0x0000aaaa
10000ab0:	e000ed00 	.word	0xe000ed00
10000ab4:	10007c3c 	.word	0x10007c3c
10000ab8:	10007c94 	.word	0x10007c94
10000abc:	0000026e 	.word	0x0000026e
10000ac0:	10007ae4 	.word	0x10007ae4
10000ac4:	10007c64 	.word	0x10007c64
10000ac8:	00000271 	.word	0x00000271
10000acc:	100001cd 	.word	0x100001cd
10000ad0:	20002675 	.word	0x20002675
10000ad4:	ffffbd01 	.word	0xffffbd01
10000ad8:	10007c70 	.word	0x10007c70
10000adc:	00000282 	.word	0x00000282

10000ae0 <user_irq_claim_unused>:
10000ae0:	b500      	push	{lr}
10000ae2:	b083      	sub	sp, #12
10000ae4:	0001      	movs	r1, r0
10000ae6:	4b06      	ldr	r3, [pc, #24]	; (10000b00 <user_irq_claim_unused+0x20>)
10000ae8:	9300      	str	r3, [sp, #0]
10000aea:	2305      	movs	r3, #5
10000aec:	2200      	movs	r2, #0
10000aee:	4805      	ldr	r0, [pc, #20]	; (10000b04 <user_irq_claim_unused+0x24>)
10000af0:	f7ff fd4d 	bl	1000058e <hw_claim_unused_from_range>
10000af4:	2800      	cmp	r0, #0
10000af6:	db01      	blt.n	10000afc <user_irq_claim_unused+0x1c>
10000af8:	231f      	movs	r3, #31
10000afa:	1a18      	subs	r0, r3, r0
10000afc:	b003      	add	sp, #12
10000afe:	bd00      	pop	{pc}
10000b00:	10007c78 	.word	0x10007c78
10000b04:	20002679 	.word	0x20002679

10000b08 <lock_init>:
10000b08:	4b02      	ldr	r3, [pc, #8]	; (10000b14 <lock_init+0xc>)
10000b0a:	469c      	mov	ip, r3
10000b0c:	4461      	add	r1, ip
10000b0e:	0089      	lsls	r1, r1, #2
10000b10:	6001      	str	r1, [r0, #0]
10000b12:	4770      	bx	lr
10000b14:	34000040 	.word	0x34000040

10000b18 <mutex_init>:
10000b18:	b510      	push	{r4, lr}
10000b1a:	0004      	movs	r4, r0
10000b1c:	f7ff fd60 	bl	100005e0 <next_striped_spin_lock_num>
10000b20:	0001      	movs	r1, r0
10000b22:	0020      	movs	r0, r4
10000b24:	f7ff fff0 	bl	10000b08 <lock_init>
10000b28:	23ff      	movs	r3, #255	; 0xff
10000b2a:	7123      	strb	r3, [r4, #4]
10000b2c:	f3bf 8f5f 	dmb	sy
10000b30:	bd10      	pop	{r4, pc}

10000b32 <recursive_mutex_init>:
10000b32:	b510      	push	{r4, lr}
10000b34:	0004      	movs	r4, r0
10000b36:	f7ff fd53 	bl	100005e0 <next_striped_spin_lock_num>
10000b3a:	0001      	movs	r1, r0
10000b3c:	0020      	movs	r0, r4
10000b3e:	f7ff ffe3 	bl	10000b08 <lock_init>
10000b42:	23ff      	movs	r3, #255	; 0xff
10000b44:	7123      	strb	r3, [r4, #4]
10000b46:	2300      	movs	r3, #0
10000b48:	7163      	strb	r3, [r4, #5]
10000b4a:	f3bf 8f5f 	dmb	sy
10000b4e:	bd10      	pop	{r4, pc}

10000b50 <runtime_init_mutex>:
10000b50:	b510      	push	{r4, lr}
10000b52:	4c0d      	ldr	r4, [pc, #52]	; (10000b88 <runtime_init_mutex+0x38>)
10000b54:	e009      	b.n	10000b6a <runtime_init_mutex+0x1a>
10000b56:	4b0d      	ldr	r3, [pc, #52]	; (10000b8c <runtime_init_mutex+0x3c>)
10000b58:	4a0d      	ldr	r2, [pc, #52]	; (10000b90 <runtime_init_mutex+0x40>)
10000b5a:	211a      	movs	r1, #26
10000b5c:	480d      	ldr	r0, [pc, #52]	; (10000b94 <runtime_init_mutex+0x44>)
10000b5e:	f003 f80d 	bl	10003b7c <__assert_func>
10000b62:	0020      	movs	r0, r4
10000b64:	f7ff ffd8 	bl	10000b18 <mutex_init>
10000b68:	3408      	adds	r4, #8
10000b6a:	4b0b      	ldr	r3, [pc, #44]	; (10000b98 <runtime_init_mutex+0x48>)
10000b6c:	429c      	cmp	r4, r3
10000b6e:	d209      	bcs.n	10000b84 <runtime_init_mutex+0x34>
10000b70:	6823      	ldr	r3, [r4, #0]
10000b72:	2b00      	cmp	r3, #0
10000b74:	d0f5      	beq.n	10000b62 <runtime_init_mutex+0x12>
10000b76:	2b01      	cmp	r3, #1
10000b78:	d1ed      	bne.n	10000b56 <runtime_init_mutex+0x6>
10000b7a:	0020      	movs	r0, r4
10000b7c:	f7ff ffd9 	bl	10000b32 <recursive_mutex_init>
10000b80:	3408      	adds	r4, #8
10000b82:	e7f2      	b.n	10000b6a <runtime_init_mutex+0x1a>
10000b84:	bd10      	pop	{r4, pc}
10000b86:	46c0      	nop			; (mov r8, r8)
10000b88:	20001538 	.word	0x20001538
10000b8c:	10007d00 	.word	0x10007d00
10000b90:	10007dc8 	.word	0x10007dc8
10000b94:	10007d20 	.word	0x10007d20
10000b98:	20001540 	.word	0x20001540

10000b9c <critical_section_init_with_lock_num>:
10000b9c:	4b03      	ldr	r3, [pc, #12]	; (10000bac <critical_section_init_with_lock_num+0x10>)
10000b9e:	469c      	mov	ip, r3
10000ba0:	4461      	add	r1, ip
10000ba2:	0089      	lsls	r1, r1, #2
10000ba4:	6001      	str	r1, [r0, #0]
10000ba6:	f3bf 8f5f 	dmb	sy
10000baa:	4770      	bx	lr
10000bac:	34000040 	.word	0x34000040

10000bb0 <critical_section_init>:
10000bb0:	b510      	push	{r4, lr}
10000bb2:	0004      	movs	r4, r0
10000bb4:	2001      	movs	r0, #1
10000bb6:	f7ff fd21 	bl	100005fc <spin_lock_claim_unused>
10000bba:	0001      	movs	r1, r0
10000bbc:	0020      	movs	r0, r4
10000bbe:	f7ff ffed 	bl	10000b9c <critical_section_init_with_lock_num>
10000bc2:	bd10      	pop	{r4, pc}

10000bc4 <make_alarm_id>:
10000bc4:	0400      	lsls	r0, r0, #16
10000bc6:	4308      	orrs	r0, r1
10000bc8:	4770      	bx	lr
	...

10000bcc <sleep_until_callback>:
10000bcc:	4b0a      	ldr	r3, [pc, #40]	; (10000bf8 <sleep_until_callback+0x2c>)
10000bce:	681a      	ldr	r2, [r3, #0]
10000bd0:	f3ef 8110 	mrs	r1, PRIMASK
10000bd4:	b672      	cpsid	i
10000bd6:	6813      	ldr	r3, [r2, #0]
10000bd8:	2b00      	cmp	r3, #0
10000bda:	d0fc      	beq.n	10000bd6 <sleep_until_callback+0xa>
10000bdc:	f3bf 8f5f 	dmb	sy
10000be0:	4b05      	ldr	r3, [pc, #20]	; (10000bf8 <sleep_until_callback+0x2c>)
10000be2:	681b      	ldr	r3, [r3, #0]
10000be4:	f3bf 8f5f 	dmb	sy
10000be8:	2200      	movs	r2, #0
10000bea:	601a      	str	r2, [r3, #0]
10000bec:	f381 8810 	msr	PRIMASK, r1
10000bf0:	bf40      	sev
10000bf2:	2000      	movs	r0, #0
10000bf4:	2100      	movs	r1, #0
10000bf6:	4770      	bx	lr
10000bf8:	20002650 	.word	0x20002650

10000bfc <alarm_pool_irq_handler>:
10000bfc:	b5f0      	push	{r4, r5, r6, r7, lr}
10000bfe:	46de      	mov	lr, fp
10000c00:	4657      	mov	r7, sl
10000c02:	464e      	mov	r6, r9
10000c04:	4645      	mov	r5, r8
10000c06:	b5e0      	push	{r5, r6, r7, lr}
10000c08:	b085      	sub	sp, #20
10000c0a:	f3ef 8305 	mrs	r3, IPSR
10000c0e:	2203      	movs	r2, #3
10000c10:	401a      	ands	r2, r3
10000c12:	4693      	mov	fp, r2
10000c14:	0092      	lsls	r2, r2, #2
10000c16:	4bae      	ldr	r3, [pc, #696]	; (10000ed0 <alarm_pool_irq_handler+0x2d4>)
10000c18:	58d3      	ldr	r3, [r2, r3]
10000c1a:	4698      	mov	r8, r3
10000c1c:	781b      	ldrb	r3, [r3, #0]
10000c1e:	455b      	cmp	r3, fp
10000c20:	d107      	bne.n	10000c32 <alarm_pool_irq_handler+0x36>
10000c22:	2301      	movs	r3, #1
10000c24:	465a      	mov	r2, fp
10000c26:	4093      	lsls	r3, r2
10000c28:	001a      	movs	r2, r3
10000c2a:	9303      	str	r3, [sp, #12]
10000c2c:	4ba9      	ldr	r3, [pc, #676]	; (10000ed4 <alarm_pool_irq_handler+0x2d8>)
10000c2e:	601a      	str	r2, [r3, #0]
10000c30:	e112      	b.n	10000e58 <alarm_pool_irq_handler+0x25c>
10000c32:	4ba9      	ldr	r3, [pc, #676]	; (10000ed8 <alarm_pool_irq_handler+0x2dc>)
10000c34:	4aa9      	ldr	r2, [pc, #676]	; (10000edc <alarm_pool_irq_handler+0x2e0>)
10000c36:	2192      	movs	r1, #146	; 0x92
10000c38:	48a9      	ldr	r0, [pc, #676]	; (10000ee0 <alarm_pool_irq_handler+0x2e4>)
10000c3a:	f002 ff9f 	bl	10003b7c <__assert_func>
10000c3e:	005b      	lsls	r3, r3, #1
10000c40:	444b      	add	r3, r9
10000c42:	00db      	lsls	r3, r3, #3
10000c44:	4642      	mov	r2, r8
10000c46:	6952      	ldr	r2, [r2, #20]
10000c48:	4692      	mov	sl, r2
10000c4a:	449a      	add	sl, r3
10000c4c:	4653      	mov	r3, sl
10000c4e:	689e      	ldr	r6, [r3, #8]
10000c50:	68df      	ldr	r7, [r3, #12]
10000c52:	48a4      	ldr	r0, [pc, #656]	; (10000ee4 <alarm_pool_irq_handler+0x2e8>)
10000c54:	f000 fb92 	bl	1000137c <timer_time_us_64>
10000c58:	1b80      	subs	r0, r0, r6
10000c5a:	41b9      	sbcs	r1, r7
10000c5c:	2900      	cmp	r1, #0
10000c5e:	da00      	bge.n	10000c62 <alarm_pool_irq_handler+0x66>
10000c60:	e104      	b.n	10000e6c <alarm_pool_irq_handler+0x270>
10000c62:	2f00      	cmp	r7, #0
10000c64:	db60      	blt.n	10000d28 <alarm_pool_irq_handler+0x12c>
10000c66:	4653      	mov	r3, sl
10000c68:	691c      	ldr	r4, [r3, #16]
10000c6a:	4b9f      	ldr	r3, [pc, #636]	; (10000ee8 <alarm_pool_irq_handler+0x2ec>)
10000c6c:	429c      	cmp	r4, r3
10000c6e:	d044      	beq.n	10000cfa <alarm_pool_irq_handler+0xfe>
10000c70:	4643      	mov	r3, r8
10000c72:	2008      	movs	r0, #8
10000c74:	5e18      	ldrsh	r0, [r3, r0]
10000c76:	4653      	mov	r3, sl
10000c78:	8859      	ldrh	r1, [r3, #2]
10000c7a:	b289      	uxth	r1, r1
10000c7c:	f7ff ffa2 	bl	10000bc4 <make_alarm_id>
10000c80:	4653      	mov	r3, sl
10000c82:	6959      	ldr	r1, [r3, #20]
10000c84:	47a0      	blx	r4
10000c86:	0004      	movs	r4, r0
10000c88:	000d      	movs	r5, r1
10000c8a:	0023      	movs	r3, r4
10000c8c:	432b      	orrs	r3, r5
10000c8e:	d04b      	beq.n	10000d28 <alarm_pool_irq_handler+0x12c>
10000c90:	2d00      	cmp	r5, #0
10000c92:	da3c      	bge.n	10000d0e <alarm_pool_irq_handler+0x112>
10000c94:	0030      	movs	r0, r6
10000c96:	0039      	movs	r1, r7
10000c98:	1b00      	subs	r0, r0, r4
10000c9a:	41a9      	sbcs	r1, r5
10000c9c:	9000      	str	r0, [sp, #0]
10000c9e:	9101      	str	r1, [sp, #4]
10000ca0:	4653      	mov	r3, sl
10000ca2:	9800      	ldr	r0, [sp, #0]
10000ca4:	9901      	ldr	r1, [sp, #4]
10000ca6:	6098      	str	r0, [r3, #8]
10000ca8:	60d9      	str	r1, [r3, #12]
10000caa:	2500      	movs	r5, #0
10000cac:	5f5d      	ldrsh	r5, [r3, r5]
10000cae:	2d00      	cmp	r5, #0
10000cb0:	da00      	bge.n	10000cb4 <alarm_pool_irq_handler+0xb8>
10000cb2:	e0db      	b.n	10000e6c <alarm_pool_irq_handler+0x270>
10000cb4:	4643      	mov	r3, r8
10000cb6:	695c      	ldr	r4, [r3, #20]
10000cb8:	006b      	lsls	r3, r5, #1
10000cba:	195b      	adds	r3, r3, r5
10000cbc:	00db      	lsls	r3, r3, #3
10000cbe:	18e3      	adds	r3, r4, r3
10000cc0:	689a      	ldr	r2, [r3, #8]
10000cc2:	68db      	ldr	r3, [r3, #12]
10000cc4:	1a80      	subs	r0, r0, r2
10000cc6:	4199      	sbcs	r1, r3
10000cc8:	2900      	cmp	r1, #0
10000cca:	da00      	bge.n	10000cce <alarm_pool_irq_handler+0xd2>
10000ccc:	e0ce      	b.n	10000e6c <alarm_pool_irq_handler+0x270>
10000cce:	4643      	mov	r3, r8
10000cd0:	811d      	strh	r5, [r3, #8]
10000cd2:	4647      	mov	r7, r8
10000cd4:	3708      	adds	r7, #8
10000cd6:	2300      	movs	r3, #0
10000cd8:	5efe      	ldrsh	r6, [r7, r3]
10000cda:	2e00      	cmp	r6, #0
10000cdc:	db1f      	blt.n	10000d1e <alarm_pool_irq_handler+0x122>
10000cde:	0075      	lsls	r5, r6, #1
10000ce0:	19ad      	adds	r5, r5, r6
10000ce2:	00ed      	lsls	r5, r5, #3
10000ce4:	1965      	adds	r5, r4, r5
10000ce6:	9a00      	ldr	r2, [sp, #0]
10000ce8:	9b01      	ldr	r3, [sp, #4]
10000cea:	68a8      	ldr	r0, [r5, #8]
10000cec:	68e9      	ldr	r1, [r5, #12]
10000cee:	1a12      	subs	r2, r2, r0
10000cf0:	418b      	sbcs	r3, r1
10000cf2:	2b00      	cmp	r3, #0
10000cf4:	db13      	blt.n	10000d1e <alarm_pool_irq_handler+0x122>
10000cf6:	002f      	movs	r7, r5
10000cf8:	e7ed      	b.n	10000cd6 <alarm_pool_irq_handler+0xda>
10000cfa:	4653      	mov	r3, sl
10000cfc:	695c      	ldr	r4, [r3, #20]
10000cfe:	0020      	movs	r0, r4
10000d00:	6923      	ldr	r3, [r4, #16]
10000d02:	4798      	blx	r3
10000d04:	2800      	cmp	r0, #0
10000d06:	d00f      	beq.n	10000d28 <alarm_pool_irq_handler+0x12c>
10000d08:	6865      	ldr	r5, [r4, #4]
10000d0a:	6824      	ldr	r4, [r4, #0]
10000d0c:	e7bd      	b.n	10000c8a <alarm_pool_irq_handler+0x8e>
10000d0e:	4875      	ldr	r0, [pc, #468]	; (10000ee4 <alarm_pool_irq_handler+0x2e8>)
10000d10:	f000 fb34 	bl	1000137c <timer_time_us_64>
10000d14:	1900      	adds	r0, r0, r4
10000d16:	4169      	adcs	r1, r5
10000d18:	9000      	str	r0, [sp, #0]
10000d1a:	9101      	str	r1, [sp, #4]
10000d1c:	e7c0      	b.n	10000ca0 <alarm_pool_irq_handler+0xa4>
10000d1e:	4653      	mov	r3, sl
10000d20:	801e      	strh	r6, [r3, #0]
10000d22:	464b      	mov	r3, r9
10000d24:	803b      	strh	r3, [r7, #0]
10000d26:	e0a1      	b.n	10000e6c <alarm_pool_irq_handler+0x270>
10000d28:	4653      	mov	r3, sl
10000d2a:	2200      	movs	r2, #0
10000d2c:	5e9b      	ldrsh	r3, [r3, r2]
10000d2e:	4642      	mov	r2, r8
10000d30:	8113      	strh	r3, [r2, #8]
10000d32:	6912      	ldr	r2, [r2, #16]
10000d34:	f3ef 8310 	mrs	r3, PRIMASK
10000d38:	b672      	cpsid	i
10000d3a:	6811      	ldr	r1, [r2, #0]
10000d3c:	2900      	cmp	r1, #0
10000d3e:	d0fc      	beq.n	10000d3a <alarm_pool_irq_handler+0x13e>
10000d40:	f3bf 8f5f 	dmb	sy
10000d44:	4642      	mov	r2, r8
10000d46:	2102      	movs	r1, #2
10000d48:	5e52      	ldrsh	r2, [r2, r1]
10000d4a:	4651      	mov	r1, sl
10000d4c:	800a      	strh	r2, [r1, #0]
10000d4e:	4642      	mov	r2, r8
10000d50:	4649      	mov	r1, r9
10000d52:	8051      	strh	r1, [r2, #2]
10000d54:	6912      	ldr	r2, [r2, #16]
10000d56:	f3bf 8f5f 	dmb	sy
10000d5a:	2100      	movs	r1, #0
10000d5c:	6011      	str	r1, [r2, #0]
10000d5e:	f383 8810 	msr	PRIMASK, r3
10000d62:	e083      	b.n	10000e6c <alarm_pool_irq_handler+0x270>
10000d64:	4643      	mov	r3, r8
10000d66:	691a      	ldr	r2, [r3, #16]
10000d68:	f3ef 8110 	mrs	r1, PRIMASK
10000d6c:	b672      	cpsid	i
10000d6e:	6813      	ldr	r3, [r2, #0]
10000d70:	2b00      	cmp	r3, #0
10000d72:	d0fc      	beq.n	10000d6e <alarm_pool_irq_handler+0x172>
10000d74:	f3bf 8f5f 	dmb	sy
10000d78:	4643      	mov	r3, r8
10000d7a:	889b      	ldrh	r3, [r3, #4]
10000d7c:	b21b      	sxth	r3, r3
10000d7e:	4699      	mov	r9, r3
10000d80:	2301      	movs	r3, #1
10000d82:	425b      	negs	r3, r3
10000d84:	4642      	mov	r2, r8
10000d86:	8093      	strh	r3, [r2, #4]
10000d88:	6913      	ldr	r3, [r2, #16]
10000d8a:	f3bf 8f5f 	dmb	sy
10000d8e:	2200      	movs	r2, #0
10000d90:	601a      	str	r2, [r3, #0]
10000d92:	f381 8810 	msr	PRIMASK, r1
10000d96:	e018      	b.n	10000dca <alarm_pool_irq_handler+0x1ce>
10000d98:	0026      	movs	r6, r4
10000d9a:	2300      	movs	r3, #0
10000d9c:	5ef5      	ldrsh	r5, [r6, r3]
10000d9e:	2d00      	cmp	r5, #0
10000da0:	db0b      	blt.n	10000dba <alarm_pool_irq_handler+0x1be>
10000da2:	006c      	lsls	r4, r5, #1
10000da4:	1964      	adds	r4, r4, r5
10000da6:	00e4      	lsls	r4, r4, #3
10000da8:	193c      	adds	r4, r7, r4
10000daa:	9a00      	ldr	r2, [sp, #0]
10000dac:	9b01      	ldr	r3, [sp, #4]
10000dae:	68a0      	ldr	r0, [r4, #8]
10000db0:	68e1      	ldr	r1, [r4, #12]
10000db2:	1a12      	subs	r2, r2, r0
10000db4:	418b      	sbcs	r3, r1
10000db6:	2b00      	cmp	r3, #0
10000db8:	daee      	bge.n	10000d98 <alarm_pool_irq_handler+0x19c>
10000dba:	464b      	mov	r3, r9
10000dbc:	8033      	strh	r3, [r6, #0]
10000dbe:	4663      	mov	r3, ip
10000dc0:	2200      	movs	r2, #0
10000dc2:	5e9b      	ldrsh	r3, [r3, r2]
10000dc4:	4699      	mov	r9, r3
10000dc6:	4663      	mov	r3, ip
10000dc8:	801d      	strh	r5, [r3, #0]
10000dca:	464b      	mov	r3, r9
10000dcc:	2b00      	cmp	r3, #0
10000dce:	db53      	blt.n	10000e78 <alarm_pool_irq_handler+0x27c>
10000dd0:	4643      	mov	r3, r8
10000dd2:	695f      	ldr	r7, [r3, #20]
10000dd4:	464b      	mov	r3, r9
10000dd6:	005b      	lsls	r3, r3, #1
10000dd8:	444b      	add	r3, r9
10000dda:	00db      	lsls	r3, r3, #3
10000ddc:	469c      	mov	ip, r3
10000dde:	44bc      	add	ip, r7
10000de0:	4663      	mov	r3, ip
10000de2:	68dc      	ldr	r4, [r3, #12]
10000de4:	689b      	ldr	r3, [r3, #8]
10000de6:	9300      	str	r3, [sp, #0]
10000de8:	9401      	str	r4, [sp, #4]
10000dea:	4646      	mov	r6, r8
10000dec:	3608      	adds	r6, #8
10000dee:	e7d4      	b.n	10000d9a <alarm_pool_irq_handler+0x19e>
10000df0:	2300      	movs	r3, #0
10000df2:	4642      	mov	r2, r8
10000df4:	7193      	strb	r3, [r2, #6]
10000df6:	4641      	mov	r1, r8
10000df8:	3108      	adds	r1, #8
10000dfa:	4643      	mov	r3, r8
10000dfc:	2008      	movs	r0, #8
10000dfe:	5e18      	ldrsh	r0, [r3, r0]
10000e00:	e011      	b.n	10000e26 <alarm_pool_irq_handler+0x22a>
10000e02:	2201      	movs	r2, #1
10000e04:	4252      	negs	r2, r2
10000e06:	17d3      	asrs	r3, r2, #31
10000e08:	60a2      	str	r2, [r4, #8]
10000e0a:	60e3      	str	r3, [r4, #12]
10000e0c:	4643      	mov	r3, r8
10000e0e:	2208      	movs	r2, #8
10000e10:	5e9b      	ldrsh	r3, [r3, r2]
10000e12:	4283      	cmp	r3, r0
10000e14:	d006      	beq.n	10000e24 <alarm_pool_irq_handler+0x228>
10000e16:	800d      	strh	r5, [r1, #0]
10000e18:	4643      	mov	r3, r8
10000e1a:	2208      	movs	r2, #8
10000e1c:	5e9b      	ldrsh	r3, [r3, r2]
10000e1e:	8023      	strh	r3, [r4, #0]
10000e20:	4643      	mov	r3, r8
10000e22:	8118      	strh	r0, [r3, #8]
10000e24:	0028      	movs	r0, r5
10000e26:	1c43      	adds	r3, r0, #1
10000e28:	d02a      	beq.n	10000e80 <alarm_pool_irq_handler+0x284>
10000e2a:	4643      	mov	r3, r8
10000e2c:	695a      	ldr	r2, [r3, #20]
10000e2e:	0043      	lsls	r3, r0, #1
10000e30:	181b      	adds	r3, r3, r0
10000e32:	00db      	lsls	r3, r3, #3
10000e34:	18d4      	adds	r4, r2, r3
10000e36:	5ed5      	ldrsh	r5, [r2, r3]
10000e38:	8863      	ldrh	r3, [r4, #2]
10000e3a:	b21b      	sxth	r3, r3
10000e3c:	2b00      	cmp	r3, #0
10000e3e:	dbe0      	blt.n	10000e02 <alarm_pool_irq_handler+0x206>
10000e40:	0021      	movs	r1, r4
10000e42:	e7ef      	b.n	10000e24 <alarm_pool_irq_handler+0x228>
10000e44:	1c6b      	adds	r3, r5, #1
10000e46:	d12b      	bne.n	10000ea0 <alarm_pool_irq_handler+0x2a4>
10000e48:	4826      	ldr	r0, [pc, #152]	; (10000ee4 <alarm_pool_irq_handler+0x2e8>)
10000e4a:	f000 fa97 	bl	1000137c <timer_time_us_64>
10000e4e:	1a24      	subs	r4, r4, r0
10000e50:	418d      	sbcs	r5, r1
10000e52:	2d00      	cmp	r5, #0
10000e54:	dc34      	bgt.n	10000ec0 <alarm_pool_irq_handler+0x2c4>
10000e56:	d031      	beq.n	10000ebc <alarm_pool_irq_handler+0x2c0>
10000e58:	4b22      	ldr	r3, [pc, #136]	; (10000ee4 <alarm_pool_irq_handler+0x2e8>)
10000e5a:	9a03      	ldr	r2, [sp, #12]
10000e5c:	635a      	str	r2, [r3, #52]	; 0x34
10000e5e:	4643      	mov	r3, r8
10000e60:	2208      	movs	r2, #8
10000e62:	5e9b      	ldrsh	r3, [r3, r2]
10000e64:	4699      	mov	r9, r3
10000e66:	2b00      	cmp	r3, #0
10000e68:	db00      	blt.n	10000e6c <alarm_pool_irq_handler+0x270>
10000e6a:	e6e8      	b.n	10000c3e <alarm_pool_irq_handler+0x42>
10000e6c:	4643      	mov	r3, r8
10000e6e:	889b      	ldrh	r3, [r3, #4]
10000e70:	b21b      	sxth	r3, r3
10000e72:	2b00      	cmp	r3, #0
10000e74:	db00      	blt.n	10000e78 <alarm_pool_irq_handler+0x27c>
10000e76:	e775      	b.n	10000d64 <alarm_pool_irq_handler+0x168>
10000e78:	4643      	mov	r3, r8
10000e7a:	799b      	ldrb	r3, [r3, #6]
10000e7c:	2b00      	cmp	r3, #0
10000e7e:	d1b7      	bne.n	10000df0 <alarm_pool_irq_handler+0x1f4>
10000e80:	4643      	mov	r3, r8
10000e82:	2208      	movs	r2, #8
10000e84:	5e9a      	ldrsh	r2, [r3, r2]
10000e86:	2a00      	cmp	r2, #0
10000e88:	db1a      	blt.n	10000ec0 <alarm_pool_irq_handler+0x2c4>
10000e8a:	0053      	lsls	r3, r2, #1
10000e8c:	189b      	adds	r3, r3, r2
10000e8e:	00db      	lsls	r3, r3, #3
10000e90:	4642      	mov	r2, r8
10000e92:	6952      	ldr	r2, [r2, #20]
10000e94:	4694      	mov	ip, r2
10000e96:	4463      	add	r3, ip
10000e98:	689c      	ldr	r4, [r3, #8]
10000e9a:	68dd      	ldr	r5, [r3, #12]
10000e9c:	1c63      	adds	r3, r4, #1
10000e9e:	d0d1      	beq.n	10000e44 <alarm_pool_irq_handler+0x248>
10000ea0:	4b10      	ldr	r3, [pc, #64]	; (10000ee4 <alarm_pool_irq_handler+0x2e8>)
10000ea2:	6a99      	ldr	r1, [r3, #40]	; 0x28
10000ea4:	1a60      	subs	r0, r4, r1
10000ea6:	465a      	mov	r2, fp
10000ea8:	3204      	adds	r2, #4
10000eaa:	0092      	lsls	r2, r2, #2
10000eac:	58d3      	ldr	r3, [r2, r3]
10000eae:	1a5b      	subs	r3, r3, r1
10000eb0:	4298      	cmp	r0, r3
10000eb2:	d2c9      	bcs.n	10000e48 <alarm_pool_irq_handler+0x24c>
10000eb4:	0013      	movs	r3, r2
10000eb6:	4a0b      	ldr	r2, [pc, #44]	; (10000ee4 <alarm_pool_irq_handler+0x2e8>)
10000eb8:	509c      	str	r4, [r3, r2]
10000eba:	e7c5      	b.n	10000e48 <alarm_pool_irq_handler+0x24c>
10000ebc:	2c00      	cmp	r4, #0
10000ebe:	d0cb      	beq.n	10000e58 <alarm_pool_irq_handler+0x25c>
10000ec0:	bf40      	sev
10000ec2:	b005      	add	sp, #20
10000ec4:	bcf0      	pop	{r4, r5, r6, r7}
10000ec6:	46bb      	mov	fp, r7
10000ec8:	46b2      	mov	sl, r6
10000eca:	46a9      	mov	r9, r5
10000ecc:	46a0      	mov	r8, r4
10000ece:	bdf0      	pop	{r4, r5, r6, r7, pc}
10000ed0:	200023d0 	.word	0x200023d0
10000ed4:	4005703c 	.word	0x4005703c
10000ed8:	10007ddc 	.word	0x10007ddc
10000edc:	10007ec4 	.word	0x10007ec4
10000ee0:	10007e08 	.word	0x10007e08
10000ee4:	40054000 	.word	0x40054000
10000ee8:	10000bfd 	.word	0x10000bfd

10000eec <alarm_pool_post_alloc_init>:
10000eec:	b5f8      	push	{r3, r4, r5, r6, r7, lr}
10000eee:	46ce      	mov	lr, r9
10000ef0:	4647      	mov	r7, r8
10000ef2:	b580      	push	{r7, lr}
10000ef4:	0006      	movs	r6, r0
10000ef6:	4688      	mov	r8, r1
10000ef8:	4691      	mov	r9, r2
10000efa:	001f      	movs	r7, r3
10000efc:	60c1      	str	r1, [r0, #12]
10000efe:	f7ff fb6f 	bl	100005e0 <next_striped_spin_lock_num>
10000f02:	4b1b      	ldr	r3, [pc, #108]	; (10000f70 <alarm_pool_post_alloc_init+0x84>)
10000f04:	469c      	mov	ip, r3
10000f06:	4460      	add	r0, ip
10000f08:	0080      	lsls	r0, r0, #2
10000f0a:	6130      	str	r0, [r6, #16]
10000f0c:	464b      	mov	r3, r9
10000f0e:	7033      	strb	r3, [r6, #0]
10000f10:	b2bb      	uxth	r3, r7
10000f12:	8173      	strh	r3, [r6, #10]
10000f14:	22d0      	movs	r2, #208	; 0xd0
10000f16:	0612      	lsls	r2, r2, #24
10000f18:	7812      	ldrb	r2, [r2, #0]
10000f1a:	7072      	strb	r2, [r6, #1]
10000f1c:	2201      	movs	r2, #1
10000f1e:	4252      	negs	r2, r2
10000f20:	8132      	strh	r2, [r6, #8]
10000f22:	80b2      	strh	r2, [r6, #4]
10000f24:	189b      	adds	r3, r3, r2
10000f26:	8073      	strh	r3, [r6, #2]
10000f28:	2400      	movs	r4, #0
10000f2a:	e006      	b.n	10000f3a <alarm_pool_post_alloc_init+0x4e>
10000f2c:	1e63      	subs	r3, r4, #1
10000f2e:	0065      	lsls	r5, r4, #1
10000f30:	192d      	adds	r5, r5, r4
10000f32:	00ed      	lsls	r5, r5, #3
10000f34:	6972      	ldr	r2, [r6, #20]
10000f36:	5353      	strh	r3, [r2, r5]
10000f38:	3401      	adds	r4, #1
10000f3a:	42bc      	cmp	r4, r7
10000f3c:	d3f6      	bcc.n	10000f2c <alarm_pool_post_alloc_init+0x40>
10000f3e:	464b      	mov	r3, r9
10000f40:	009a      	lsls	r2, r3, #2
10000f42:	4b0c      	ldr	r3, [pc, #48]	; (10000f74 <alarm_pool_post_alloc_init+0x88>)
10000f44:	50d6      	str	r6, [r2, r3]
10000f46:	2401      	movs	r4, #1
10000f48:	464b      	mov	r3, r9
10000f4a:	409c      	lsls	r4, r3
10000f4c:	4643      	mov	r3, r8
10000f4e:	621c      	str	r4, [r3, #32]
10000f50:	4909      	ldr	r1, [pc, #36]	; (10000f78 <alarm_pool_post_alloc_init+0x8c>)
10000f52:	4648      	mov	r0, r9
10000f54:	f7ff fc04 	bl	10000760 <irq_set_exclusive_handler>
10000f58:	2101      	movs	r1, #1
10000f5a:	4648      	mov	r0, r9
10000f5c:	f7ff fbd4 	bl	10000708 <irq_set_enabled>
10000f60:	4906      	ldr	r1, [pc, #24]	; (10000f7c <alarm_pool_post_alloc_init+0x90>)
10000f62:	4441      	add	r1, r8
10000f64:	600c      	str	r4, [r1, #0]
10000f66:	bcc0      	pop	{r6, r7}
10000f68:	46b9      	mov	r9, r7
10000f6a:	46b0      	mov	r8, r6
10000f6c:	bdf8      	pop	{r3, r4, r5, r6, r7, pc}
10000f6e:	46c0      	nop			; (mov r8, r8)
10000f70:	34000040 	.word	0x34000040
10000f74:	200023d0 	.word	0x200023d0
10000f78:	10000bfd 	.word	0x10000bfd
10000f7c:	00002038 	.word	0x00002038

10000f80 <alarm_pool_get_default>:
10000f80:	b510      	push	{r4, lr}
10000f82:	4b06      	ldr	r3, [pc, #24]	; (10000f9c <alarm_pool_get_default+0x1c>)
10000f84:	691b      	ldr	r3, [r3, #16]
10000f86:	2b00      	cmp	r3, #0
10000f88:	d001      	beq.n	10000f8e <alarm_pool_get_default+0xe>
10000f8a:	4804      	ldr	r0, [pc, #16]	; (10000f9c <alarm_pool_get_default+0x1c>)
10000f8c:	bd10      	pop	{r4, pc}
10000f8e:	4b04      	ldr	r3, [pc, #16]	; (10000fa0 <alarm_pool_get_default+0x20>)
10000f90:	4a04      	ldr	r2, [pc, #16]	; (10000fa4 <alarm_pool_get_default+0x24>)
10000f92:	2165      	movs	r1, #101	; 0x65
10000f94:	4804      	ldr	r0, [pc, #16]	; (10000fa8 <alarm_pool_get_default+0x28>)
10000f96:	f002 fdf1 	bl	10003b7c <__assert_func>
10000f9a:	46c0      	nop			; (mov r8, r8)
10000f9c:	20000c84 	.word	0x20000c84
10000fa0:	10007e38 	.word	0x10007e38
10000fa4:	10007eac 	.word	0x10007eac
10000fa8:	10007e08 	.word	0x10007e08

10000fac <alarm_pool_add_alarm_at_force_in_context>:
10000fac:	b5f0      	push	{r4, r5, r6, r7, lr}
10000fae:	46c6      	mov	lr, r8
10000fb0:	b500      	push	{lr}
10000fb2:	0004      	movs	r4, r0
10000fb4:	6900      	ldr	r0, [r0, #16]
10000fb6:	f3ef 8c10 	mrs	ip, PRIMASK
10000fba:	b672      	cpsid	i
10000fbc:	6801      	ldr	r1, [r0, #0]
10000fbe:	2900      	cmp	r1, #0
10000fc0:	d0fc      	beq.n	10000fbc <alarm_pool_add_alarm_at_force_in_context+0x10>
10000fc2:	f3bf 8f5f 	dmb	sy
10000fc6:	2102      	movs	r1, #2
10000fc8:	5e66      	ldrsh	r6, [r4, r1]
10000fca:	0075      	lsls	r5, r6, #1
10000fcc:	19ad      	adds	r5, r5, r6
10000fce:	00ed      	lsls	r5, r5, #3
10000fd0:	6961      	ldr	r1, [r4, #20]
10000fd2:	4688      	mov	r8, r1
10000fd4:	4445      	add	r5, r8
10000fd6:	2e00      	cmp	r6, #0
10000fd8:	db02      	blt.n	10000fe0 <alarm_pool_add_alarm_at_force_in_context+0x34>
10000fda:	2000      	movs	r0, #0
10000fdc:	5e29      	ldrsh	r1, [r5, r0]
10000fde:	8061      	strh	r1, [r4, #2]
10000fe0:	6921      	ldr	r1, [r4, #16]
10000fe2:	f3bf 8f5f 	dmb	sy
10000fe6:	2000      	movs	r0, #0
10000fe8:	6008      	str	r0, [r1, #0]
10000fea:	f38c 8810 	msr	PRIMASK, ip
10000fee:	2e00      	cmp	r6, #0
10000ff0:	db2e      	blt.n	10001050 <alarm_pool_add_alarm_at_force_in_context+0xa4>
10000ff2:	9906      	ldr	r1, [sp, #24]
10000ff4:	6129      	str	r1, [r5, #16]
10000ff6:	9907      	ldr	r1, [sp, #28]
10000ff8:	6169      	str	r1, [r5, #20]
10000ffa:	60aa      	str	r2, [r5, #8]
10000ffc:	60eb      	str	r3, [r5, #12]
10000ffe:	886b      	ldrh	r3, [r5, #2]
10001000:	3301      	adds	r3, #1
10001002:	045b      	lsls	r3, r3, #17
10001004:	0c59      	lsrs	r1, r3, #17
10001006:	2b00      	cmp	r3, #0
10001008:	d100      	bne.n	1000100c <alarm_pool_add_alarm_at_force_in_context+0x60>
1000100a:	2101      	movs	r1, #1
1000100c:	8069      	strh	r1, [r5, #2]
1000100e:	0030      	movs	r0, r6
10001010:	f7ff fdd8 	bl	10000bc4 <make_alarm_id>
10001014:	6922      	ldr	r2, [r4, #16]
10001016:	f3ef 8110 	mrs	r1, PRIMASK
1000101a:	b672      	cpsid	i
1000101c:	6813      	ldr	r3, [r2, #0]
1000101e:	2b00      	cmp	r3, #0
10001020:	d0fc      	beq.n	1000101c <alarm_pool_add_alarm_at_force_in_context+0x70>
10001022:	f3bf 8f5f 	dmb	sy
10001026:	88a3      	ldrh	r3, [r4, #4]
10001028:	802b      	strh	r3, [r5, #0]
1000102a:	80a6      	strh	r6, [r4, #4]
1000102c:	6923      	ldr	r3, [r4, #16]
1000102e:	f3bf 8f5f 	dmb	sy
10001032:	2200      	movs	r2, #0
10001034:	601a      	str	r2, [r3, #0]
10001036:	f381 8810 	msr	PRIMASK, r1
1000103a:	68e3      	ldr	r3, [r4, #12]
1000103c:	7821      	ldrb	r1, [r4, #0]
1000103e:	3201      	adds	r2, #1
10001040:	408a      	lsls	r2, r1
10001042:	4905      	ldr	r1, [pc, #20]	; (10001058 <alarm_pool_add_alarm_at_force_in_context+0xac>)
10001044:	468c      	mov	ip, r1
10001046:	4463      	add	r3, ip
10001048:	601a      	str	r2, [r3, #0]
1000104a:	bc80      	pop	{r7}
1000104c:	46b8      	mov	r8, r7
1000104e:	bdf0      	pop	{r4, r5, r6, r7, pc}
10001050:	2001      	movs	r0, #1
10001052:	4240      	negs	r0, r0
10001054:	e7f9      	b.n	1000104a <alarm_pool_add_alarm_at_force_in_context+0x9e>
10001056:	46c0      	nop			; (mov r8, r8)
10001058:	0000203c 	.word	0x0000203c

1000105c <alarm_pool_add_alarm_at>:
1000105c:	b570      	push	{r4, r5, r6, lr}
1000105e:	b082      	sub	sp, #8
10001060:	0006      	movs	r6, r0
10001062:	0014      	movs	r4, r2
10001064:	001d      	movs	r5, r3
10001066:	ab08      	add	r3, sp, #32
10001068:	781b      	ldrb	r3, [r3, #0]
1000106a:	2b00      	cmp	r3, #0
1000106c:	d107      	bne.n	1000107e <alarm_pool_add_alarm_at+0x22>
1000106e:	f000 f9b7 	bl	100013e0 <time_us_64>
10001072:	0022      	movs	r2, r4
10001074:	002b      	movs	r3, r5
10001076:	1a12      	subs	r2, r2, r0
10001078:	418b      	sbcs	r3, r1
1000107a:	2b00      	cmp	r3, #0
1000107c:	db0a      	blt.n	10001094 <alarm_pool_add_alarm_at+0x38>
1000107e:	9b07      	ldr	r3, [sp, #28]
10001080:	9301      	str	r3, [sp, #4]
10001082:	9b06      	ldr	r3, [sp, #24]
10001084:	9300      	str	r3, [sp, #0]
10001086:	0022      	movs	r2, r4
10001088:	002b      	movs	r3, r5
1000108a:	0030      	movs	r0, r6
1000108c:	f7ff ff8e 	bl	10000fac <alarm_pool_add_alarm_at_force_in_context>
10001090:	b002      	add	sp, #8
10001092:	bd70      	pop	{r4, r5, r6, pc}
10001094:	2000      	movs	r0, #0
10001096:	e7fb      	b.n	10001090 <alarm_pool_add_alarm_at+0x34>

10001098 <alarm_pool_cancel_alarm>:
10001098:	b510      	push	{r4, lr}
1000109a:	0003      	movs	r3, r0
1000109c:	1408      	asrs	r0, r1, #16
1000109e:	895a      	ldrh	r2, [r3, #10]
100010a0:	4290      	cmp	r0, r2
100010a2:	da2f      	bge.n	10001104 <alarm_pool_cancel_alarm+0x6c>
100010a4:	0042      	lsls	r2, r0, #1
100010a6:	1812      	adds	r2, r2, r0
100010a8:	00d2      	lsls	r2, r2, #3
100010aa:	6958      	ldr	r0, [r3, #20]
100010ac:	4684      	mov	ip, r0
100010ae:	4462      	add	r2, ip
100010b0:	691c      	ldr	r4, [r3, #16]
100010b2:	f3ef 8c10 	mrs	ip, PRIMASK
100010b6:	b672      	cpsid	i
100010b8:	6820      	ldr	r0, [r4, #0]
100010ba:	2800      	cmp	r0, #0
100010bc:	d0fc      	beq.n	100010b8 <alarm_pool_cancel_alarm+0x20>
100010be:	f3bf 8f5f 	dmb	sy
100010c2:	8850      	ldrh	r0, [r2, #2]
100010c4:	b280      	uxth	r0, r0
100010c6:	0409      	lsls	r1, r1, #16
100010c8:	0c09      	lsrs	r1, r1, #16
100010ca:	4288      	cmp	r0, r1
100010cc:	d012      	beq.n	100010f4 <alarm_pool_cancel_alarm+0x5c>
100010ce:	2000      	movs	r0, #0
100010d0:	691a      	ldr	r2, [r3, #16]
100010d2:	f3bf 8f5f 	dmb	sy
100010d6:	2100      	movs	r1, #0
100010d8:	6011      	str	r1, [r2, #0]
100010da:	f38c 8810 	msr	PRIMASK, ip
100010de:	2800      	cmp	r0, #0
100010e0:	d011      	beq.n	10001106 <alarm_pool_cancel_alarm+0x6e>
100010e2:	68da      	ldr	r2, [r3, #12]
100010e4:	781b      	ldrb	r3, [r3, #0]
100010e6:	3101      	adds	r1, #1
100010e8:	4099      	lsls	r1, r3
100010ea:	4b07      	ldr	r3, [pc, #28]	; (10001108 <alarm_pool_cancel_alarm+0x70>)
100010ec:	469c      	mov	ip, r3
100010ee:	4462      	add	r2, ip
100010f0:	6011      	str	r1, [r2, #0]
100010f2:	e008      	b.n	10001106 <alarm_pool_cancel_alarm+0x6e>
100010f4:	4905      	ldr	r1, [pc, #20]	; (1000110c <alarm_pool_cancel_alarm+0x74>)
100010f6:	4308      	orrs	r0, r1
100010f8:	b280      	uxth	r0, r0
100010fa:	8050      	strh	r0, [r2, #2]
100010fc:	2201      	movs	r2, #1
100010fe:	719a      	strb	r2, [r3, #6]
10001100:	2001      	movs	r0, #1
10001102:	e7e5      	b.n	100010d0 <alarm_pool_cancel_alarm+0x38>
10001104:	2000      	movs	r0, #0
10001106:	bd10      	pop	{r4, pc}
10001108:	0000203c 	.word	0x0000203c
1000110c:	ffff8000 	.word	0xffff8000

10001110 <alarm_pool_core_num>:
10001110:	7840      	ldrb	r0, [r0, #1]
10001112:	4770      	bx	lr

10001114 <sleep_until>:
10001114:	b5f0      	push	{r4, r5, r6, r7, lr}
10001116:	b085      	sub	sp, #20
10001118:	0006      	movs	r6, r0
1000111a:	000f      	movs	r7, r1
1000111c:	f3ef 8305 	mrs	r3, IPSR
10001120:	2b00      	cmp	r3, #0
10001122:	d11a      	bne.n	1000115a <sleep_until+0x46>
10001124:	2406      	movs	r4, #6
10001126:	4264      	negs	r4, r4
10001128:	17e5      	asrs	r5, r4, #31
1000112a:	19a4      	adds	r4, r4, r6
1000112c:	417d      	adcs	r5, r7
1000112e:	428d      	cmp	r5, r1
10001130:	d802      	bhi.n	10001138 <sleep_until+0x24>
10001132:	d103      	bne.n	1000113c <sleep_until+0x28>
10001134:	4284      	cmp	r4, r0
10001136:	d901      	bls.n	1000113c <sleep_until+0x28>
10001138:	2400      	movs	r4, #0
1000113a:	2500      	movs	r5, #0
1000113c:	f000 f950 	bl	100013e0 <time_us_64>
10001140:	0022      	movs	r2, r4
10001142:	002b      	movs	r3, r5
10001144:	1a12      	subs	r2, r2, r0
10001146:	418b      	sbcs	r3, r1
10001148:	2b00      	cmp	r3, #0
1000114a:	dc0b      	bgt.n	10001164 <sleep_until+0x50>
1000114c:	d008      	beq.n	10001160 <sleep_until+0x4c>
1000114e:	0030      	movs	r0, r6
10001150:	0039      	movs	r1, r7
10001152:	f000 f957 	bl	10001404 <busy_wait_until>
10001156:	b005      	add	sp, #20
10001158:	bdf0      	pop	{r4, r5, r6, r7, pc}
1000115a:	481c      	ldr	r0, [pc, #112]	; (100011cc <sleep_until+0xb8>)
1000115c:	f7ff f9d0 	bl	10000500 <panic>
10001160:	2a00      	cmp	r2, #0
10001162:	d0f4      	beq.n	1000114e <sleep_until+0x3a>
10001164:	f7ff ff0c 	bl	10000f80 <alarm_pool_get_default>
10001168:	2300      	movs	r3, #0
1000116a:	9302      	str	r3, [sp, #8]
1000116c:	9301      	str	r3, [sp, #4]
1000116e:	4b18      	ldr	r3, [pc, #96]	; (100011d0 <sleep_until+0xbc>)
10001170:	9300      	str	r3, [sp, #0]
10001172:	0022      	movs	r2, r4
10001174:	002b      	movs	r3, r5
10001176:	f7ff ff71 	bl	1000105c <alarm_pool_add_alarm_at>
1000117a:	2800      	cmp	r0, #0
1000117c:	da18      	bge.n	100011b0 <sleep_until+0x9c>
1000117e:	e7e6      	b.n	1000114e <sleep_until+0x3a>
10001180:	2300      	movs	r3, #0
10001182:	e000      	b.n	10001186 <sleep_until+0x72>
10001184:	2300      	movs	r3, #0
10001186:	2b00      	cmp	r3, #0
10001188:	d1e1      	bne.n	1000114e <sleep_until+0x3a>
1000118a:	4b12      	ldr	r3, [pc, #72]	; (100011d4 <sleep_until+0xc0>)
1000118c:	681a      	ldr	r2, [r3, #0]
1000118e:	f3ef 8110 	mrs	r1, PRIMASK
10001192:	b672      	cpsid	i
10001194:	6813      	ldr	r3, [r2, #0]
10001196:	2b00      	cmp	r3, #0
10001198:	d0fc      	beq.n	10001194 <sleep_until+0x80>
1000119a:	f3bf 8f5f 	dmb	sy
1000119e:	4b0d      	ldr	r3, [pc, #52]	; (100011d4 <sleep_until+0xc0>)
100011a0:	681b      	ldr	r3, [r3, #0]
100011a2:	f3bf 8f5f 	dmb	sy
100011a6:	2200      	movs	r2, #0
100011a8:	601a      	str	r2, [r3, #0]
100011aa:	f381 8810 	msr	PRIMASK, r1
100011ae:	bf20      	wfe
100011b0:	4b09      	ldr	r3, [pc, #36]	; (100011d8 <sleep_until+0xc4>)
100011b2:	6a5b      	ldr	r3, [r3, #36]	; 0x24
100011b4:	429d      	cmp	r5, r3
100011b6:	d8e5      	bhi.n	10001184 <sleep_until+0x70>
100011b8:	4907      	ldr	r1, [pc, #28]	; (100011d8 <sleep_until+0xc4>)
100011ba:	6a89      	ldr	r1, [r1, #40]	; 0x28
100011bc:	42a1      	cmp	r1, r4
100011be:	d203      	bcs.n	100011c8 <sleep_until+0xb4>
100011c0:	429d      	cmp	r5, r3
100011c2:	d0dd      	beq.n	10001180 <sleep_until+0x6c>
100011c4:	2301      	movs	r3, #1
100011c6:	e7de      	b.n	10001186 <sleep_until+0x72>
100011c8:	2301      	movs	r3, #1
100011ca:	e7dc      	b.n	10001186 <sleep_until+0x72>
100011cc:	10007e5c 	.word	0x10007e5c
100011d0:	10000bcd 	.word	0x10000bcd
100011d4:	20002650 	.word	0x20002650
100011d8:	40054000 	.word	0x40054000

100011dc <sleep_us>:
100011dc:	b570      	push	{r4, r5, r6, lr}
100011de:	0004      	movs	r4, r0
100011e0:	000d      	movs	r5, r1
100011e2:	f000 f8fd 	bl	100013e0 <time_us_64>
100011e6:	1900      	adds	r0, r0, r4
100011e8:	4169      	adcs	r1, r5
100011ea:	2900      	cmp	r1, #0
100011ec:	db02      	blt.n	100011f4 <sleep_us+0x18>
100011ee:	f7ff ff91 	bl	10001114 <sleep_until>
100011f2:	bd70      	pop	{r4, r5, r6, pc}
100011f4:	2001      	movs	r0, #1
100011f6:	4240      	negs	r0, r0
100011f8:	4900      	ldr	r1, [pc, #0]	; (100011fc <sleep_us+0x20>)
100011fa:	e7f8      	b.n	100011ee <sleep_us+0x12>
100011fc:	7fffffff 	.word	0x7fffffff

10001200 <sleep_ms>:
10001200:	b510      	push	{r4, lr}
10001202:	22fa      	movs	r2, #250	; 0xfa
10001204:	0092      	lsls	r2, r2, #2
10001206:	2300      	movs	r3, #0
10001208:	2100      	movs	r1, #0
1000120a:	f001 fae3 	bl	100027d4 <__wrap___aeabi_lmul>
1000120e:	f7ff ffe5 	bl	100011dc <sleep_us>
10001212:	bd10      	pop	{r4, pc}

10001214 <best_effort_wfe_or_timeout>:
10001214:	b570      	push	{r4, r5, r6, lr}
10001216:	b084      	sub	sp, #16
10001218:	0005      	movs	r5, r0
1000121a:	000c      	movs	r4, r1
1000121c:	f3ef 8305 	mrs	r3, IPSR
10001220:	2b00      	cmp	r3, #0
10001222:	d012      	beq.n	1000124a <best_effort_wfe_or_timeout+0x36>
10001224:	4b3e      	ldr	r3, [pc, #248]	; (10001320 <best_effort_wfe_or_timeout+0x10c>)
10001226:	6a5b      	ldr	r3, [r3, #36]	; 0x24
10001228:	428b      	cmp	r3, r1
1000122a:	d309      	bcc.n	10001240 <best_effort_wfe_or_timeout+0x2c>
1000122c:	4a3c      	ldr	r2, [pc, #240]	; (10001320 <best_effort_wfe_or_timeout+0x10c>)
1000122e:	6a92      	ldr	r2, [r2, #40]	; 0x28
10001230:	4282      	cmp	r2, r0
10001232:	d208      	bcs.n	10001246 <best_effort_wfe_or_timeout+0x32>
10001234:	428b      	cmp	r3, r1
10001236:	d001      	beq.n	1000123c <best_effort_wfe_or_timeout+0x28>
10001238:	2001      	movs	r0, #1
1000123a:	e002      	b.n	10001242 <best_effort_wfe_or_timeout+0x2e>
1000123c:	2000      	movs	r0, #0
1000123e:	e000      	b.n	10001242 <best_effort_wfe_or_timeout+0x2e>
10001240:	2000      	movs	r0, #0
10001242:	b004      	add	sp, #16
10001244:	bd70      	pop	{r4, r5, r6, pc}
10001246:	2001      	movs	r0, #1
10001248:	e7fb      	b.n	10001242 <best_effort_wfe_or_timeout+0x2e>
1000124a:	f7ff fe99 	bl	10000f80 <alarm_pool_get_default>
1000124e:	68c1      	ldr	r1, [r0, #12]
10001250:	7803      	ldrb	r3, [r0, #0]
10001252:	6a8a      	ldr	r2, [r1, #40]	; 0x28
10001254:	002e      	movs	r6, r5
10001256:	1aa8      	subs	r0, r5, r2
10001258:	3304      	adds	r3, #4
1000125a:	009b      	lsls	r3, r3, #2
1000125c:	585b      	ldr	r3, [r3, r1]
1000125e:	1a9b      	subs	r3, r3, r2
10001260:	4298      	cmp	r0, r3
10001262:	d312      	bcc.n	1000128a <best_effort_wfe_or_timeout+0x76>
10001264:	bf20      	wfe
10001266:	4b2e      	ldr	r3, [pc, #184]	; (10001320 <best_effort_wfe_or_timeout+0x10c>)
10001268:	6a5b      	ldr	r3, [r3, #36]	; 0x24
1000126a:	429c      	cmp	r4, r3
1000126c:	d809      	bhi.n	10001282 <best_effort_wfe_or_timeout+0x6e>
1000126e:	4a2c      	ldr	r2, [pc, #176]	; (10001320 <best_effort_wfe_or_timeout+0x10c>)
10001270:	6a92      	ldr	r2, [r2, #40]	; 0x28
10001272:	4295      	cmp	r5, r2
10001274:	d907      	bls.n	10001286 <best_effort_wfe_or_timeout+0x72>
10001276:	429c      	cmp	r4, r3
10001278:	d001      	beq.n	1000127e <best_effort_wfe_or_timeout+0x6a>
1000127a:	2001      	movs	r0, #1
1000127c:	e7e1      	b.n	10001242 <best_effort_wfe_or_timeout+0x2e>
1000127e:	2000      	movs	r0, #0
10001280:	e7df      	b.n	10001242 <best_effort_wfe_or_timeout+0x2e>
10001282:	2000      	movs	r0, #0
10001284:	e7dd      	b.n	10001242 <best_effort_wfe_or_timeout+0x2e>
10001286:	2001      	movs	r0, #1
10001288:	e7db      	b.n	10001242 <best_effort_wfe_or_timeout+0x2e>
1000128a:	f7ff fe79 	bl	10000f80 <alarm_pool_get_default>
1000128e:	2300      	movs	r3, #0
10001290:	9302      	str	r3, [sp, #8]
10001292:	9301      	str	r3, [sp, #4]
10001294:	4b23      	ldr	r3, [pc, #140]	; (10001324 <best_effort_wfe_or_timeout+0x110>)
10001296:	9300      	str	r3, [sp, #0]
10001298:	002a      	movs	r2, r5
1000129a:	0023      	movs	r3, r4
1000129c:	f7ff fede 	bl	1000105c <alarm_pool_add_alarm_at>
100012a0:	1e05      	subs	r5, r0, #0
100012a2:	dd0b      	ble.n	100012bc <best_effort_wfe_or_timeout+0xa8>
100012a4:	4b1e      	ldr	r3, [pc, #120]	; (10001320 <best_effort_wfe_or_timeout+0x10c>)
100012a6:	6a5b      	ldr	r3, [r3, #36]	; 0x24
100012a8:	429c      	cmp	r4, r3
100012aa:	d81b      	bhi.n	100012e4 <best_effort_wfe_or_timeout+0xd0>
100012ac:	4a1c      	ldr	r2, [pc, #112]	; (10001320 <best_effort_wfe_or_timeout+0x10c>)
100012ae:	6a92      	ldr	r2, [r2, #40]	; 0x28
100012b0:	4296      	cmp	r6, r2
100012b2:	d92c      	bls.n	1000130e <best_effort_wfe_or_timeout+0xfa>
100012b4:	429c      	cmp	r4, r3
100012b6:	d013      	beq.n	100012e0 <best_effort_wfe_or_timeout+0xcc>
100012b8:	2301      	movs	r3, #1
100012ba:	e014      	b.n	100012e6 <best_effort_wfe_or_timeout+0xd2>
100012bc:	4b18      	ldr	r3, [pc, #96]	; (10001320 <best_effort_wfe_or_timeout+0x10c>)
100012be:	6a5b      	ldr	r3, [r3, #36]	; 0x24
100012c0:	429c      	cmp	r4, r3
100012c2:	d809      	bhi.n	100012d8 <best_effort_wfe_or_timeout+0xc4>
100012c4:	4a16      	ldr	r2, [pc, #88]	; (10001320 <best_effort_wfe_or_timeout+0x10c>)
100012c6:	6a92      	ldr	r2, [r2, #40]	; 0x28
100012c8:	4296      	cmp	r6, r2
100012ca:	d907      	bls.n	100012dc <best_effort_wfe_or_timeout+0xc8>
100012cc:	429c      	cmp	r4, r3
100012ce:	d001      	beq.n	100012d4 <best_effort_wfe_or_timeout+0xc0>
100012d0:	2001      	movs	r0, #1
100012d2:	e7b6      	b.n	10001242 <best_effort_wfe_or_timeout+0x2e>
100012d4:	2000      	movs	r0, #0
100012d6:	e7b4      	b.n	10001242 <best_effort_wfe_or_timeout+0x2e>
100012d8:	2000      	movs	r0, #0
100012da:	e7b2      	b.n	10001242 <best_effort_wfe_or_timeout+0x2e>
100012dc:	2001      	movs	r0, #1
100012de:	e7b0      	b.n	10001242 <best_effort_wfe_or_timeout+0x2e>
100012e0:	2300      	movs	r3, #0
100012e2:	e000      	b.n	100012e6 <best_effort_wfe_or_timeout+0xd2>
100012e4:	2300      	movs	r3, #0
100012e6:	2b00      	cmp	r3, #0
100012e8:	d100      	bne.n	100012ec <best_effort_wfe_or_timeout+0xd8>
100012ea:	bf20      	wfe
100012ec:	f7ff fe48 	bl	10000f80 <alarm_pool_get_default>
100012f0:	0029      	movs	r1, r5
100012f2:	f7ff fed1 	bl	10001098 <alarm_pool_cancel_alarm>
100012f6:	4b0a      	ldr	r3, [pc, #40]	; (10001320 <best_effort_wfe_or_timeout+0x10c>)
100012f8:	6a5b      	ldr	r3, [r3, #36]	; 0x24
100012fa:	429c      	cmp	r4, r3
100012fc:	d80b      	bhi.n	10001316 <best_effort_wfe_or_timeout+0x102>
100012fe:	4a08      	ldr	r2, [pc, #32]	; (10001320 <best_effort_wfe_or_timeout+0x10c>)
10001300:	6a92      	ldr	r2, [r2, #40]	; 0x28
10001302:	4296      	cmp	r6, r2
10001304:	d909      	bls.n	1000131a <best_effort_wfe_or_timeout+0x106>
10001306:	429c      	cmp	r4, r3
10001308:	d003      	beq.n	10001312 <best_effort_wfe_or_timeout+0xfe>
1000130a:	2001      	movs	r0, #1
1000130c:	e799      	b.n	10001242 <best_effort_wfe_or_timeout+0x2e>
1000130e:	2301      	movs	r3, #1
10001310:	e7e9      	b.n	100012e6 <best_effort_wfe_or_timeout+0xd2>
10001312:	2000      	movs	r0, #0
10001314:	e795      	b.n	10001242 <best_effort_wfe_or_timeout+0x2e>
10001316:	2000      	movs	r0, #0
10001318:	e793      	b.n	10001242 <best_effort_wfe_or_timeout+0x2e>
1000131a:	2001      	movs	r0, #1
1000131c:	e791      	b.n	10001242 <best_effort_wfe_or_timeout+0x2e>
1000131e:	46c0      	nop			; (mov r8, r8)
10001320:	40054000 	.word	0x40054000
10001324:	10000bcd 	.word	0x10000bcd

10001328 <alarm_pool_get_default_timer>:
10001328:	4800      	ldr	r0, [pc, #0]	; (1000132c <alarm_pool_get_default_timer+0x4>)
1000132a:	4770      	bx	lr
1000132c:	40054000 	.word	0x40054000

10001330 <runtime_init_default_alarm_pool>:
10001330:	b510      	push	{r4, lr}
10001332:	4b0b      	ldr	r3, [pc, #44]	; (10001360 <runtime_init_default_alarm_pool+0x30>)
10001334:	691b      	ldr	r3, [r3, #16]
10001336:	2b00      	cmp	r3, #0
10001338:	d004      	beq.n	10001344 <runtime_init_default_alarm_pool+0x14>
1000133a:	210a      	movs	r1, #10
1000133c:	4809      	ldr	r0, [pc, #36]	; (10001364 <runtime_init_default_alarm_pool+0x34>)
1000133e:	f7ff fbe3 	bl	10000b08 <lock_init>
10001342:	bd10      	pop	{r4, pc}
10001344:	f7ff fff0 	bl	10001328 <alarm_pool_get_default_timer>
10001348:	0004      	movs	r4, r0
1000134a:	2103      	movs	r1, #3
1000134c:	f000 f80c 	bl	10001368 <timer_hardware_alarm_claim>
10001350:	2310      	movs	r3, #16
10001352:	2203      	movs	r2, #3
10001354:	0021      	movs	r1, r4
10001356:	4802      	ldr	r0, [pc, #8]	; (10001360 <runtime_init_default_alarm_pool+0x30>)
10001358:	f7ff fdc8 	bl	10000eec <alarm_pool_post_alloc_init>
1000135c:	e7ed      	b.n	1000133a <runtime_init_default_alarm_pool+0xa>
1000135e:	46c0      	nop			; (mov r8, r8)
10001360:	20000c84 	.word	0x20000c84
10001364:	20002650 	.word	0x20002650

10001368 <timer_hardware_alarm_claim>:
10001368:	b510      	push	{r4, lr}
1000136a:	4a02      	ldr	r2, [pc, #8]	; (10001374 <timer_hardware_alarm_claim+0xc>)
1000136c:	4802      	ldr	r0, [pc, #8]	; (10001378 <timer_hardware_alarm_claim+0x10>)
1000136e:	f7ff f8f5 	bl	1000055c <hw_claim_or_assert>
10001372:	bd10      	pop	{r4, pc}
10001374:	10007edc 	.word	0x10007edc
10001378:	20001f34 	.word	0x20001f34

1000137c <timer_time_us_64>:
1000137c:	0002      	movs	r2, r0
1000137e:	6a43      	ldr	r3, [r0, #36]	; 0x24
10001380:	6a90      	ldr	r0, [r2, #40]	; 0x28
10001382:	0019      	movs	r1, r3
10001384:	6a53      	ldr	r3, [r2, #36]	; 0x24
10001386:	4299      	cmp	r1, r3
10001388:	d1fa      	bne.n	10001380 <timer_time_us_64+0x4>
1000138a:	4770      	bx	lr

1000138c <timer_busy_wait_until>:
1000138c:	6a41      	ldr	r1, [r0, #36]	; 0x24
1000138e:	e000      	b.n	10001392 <timer_busy_wait_until+0x6>
10001390:	6a41      	ldr	r1, [r0, #36]	; 0x24
10001392:	4299      	cmp	r1, r3
10001394:	d3fc      	bcc.n	10001390 <timer_busy_wait_until+0x4>
10001396:	e000      	b.n	1000139a <timer_busy_wait_until+0xe>
10001398:	6a41      	ldr	r1, [r0, #36]	; 0x24
1000139a:	4299      	cmp	r1, r3
1000139c:	d102      	bne.n	100013a4 <timer_busy_wait_until+0x18>
1000139e:	6a81      	ldr	r1, [r0, #40]	; 0x28
100013a0:	4291      	cmp	r1, r2
100013a2:	d3f9      	bcc.n	10001398 <timer_busy_wait_until+0xc>
100013a4:	4770      	bx	lr

100013a6 <timer_busy_wait_us>:
100013a6:	b5f0      	push	{r4, r5, r6, r7, lr}
100013a8:	46c6      	mov	lr, r8
100013aa:	b500      	push	{lr}
100013ac:	4680      	mov	r8, r0
100013ae:	0014      	movs	r4, r2
100013b0:	001d      	movs	r5, r3
100013b2:	f7ff ffe3 	bl	1000137c <timer_time_us_64>
100013b6:	0006      	movs	r6, r0
100013b8:	000f      	movs	r7, r1
100013ba:	0022      	movs	r2, r4
100013bc:	002b      	movs	r3, r5
100013be:	1992      	adds	r2, r2, r6
100013c0:	417b      	adcs	r3, r7
100013c2:	4299      	cmp	r1, r3
100013c4:	d802      	bhi.n	100013cc <timer_busy_wait_us+0x26>
100013c6:	d104      	bne.n	100013d2 <timer_busy_wait_us+0x2c>
100013c8:	4290      	cmp	r0, r2
100013ca:	d902      	bls.n	100013d2 <timer_busy_wait_us+0x2c>
100013cc:	2201      	movs	r2, #1
100013ce:	4252      	negs	r2, r2
100013d0:	17d3      	asrs	r3, r2, #31
100013d2:	4640      	mov	r0, r8
100013d4:	f7ff ffda 	bl	1000138c <timer_busy_wait_until>
100013d8:	bc80      	pop	{r7}
100013da:	46b8      	mov	r8, r7
100013dc:	bdf0      	pop	{r4, r5, r6, r7, pc}
	...

100013e0 <time_us_64>:
100013e0:	b510      	push	{r4, lr}
100013e2:	4802      	ldr	r0, [pc, #8]	; (100013ec <time_us_64+0xc>)
100013e4:	f7ff ffca 	bl	1000137c <timer_time_us_64>
100013e8:	bd10      	pop	{r4, pc}
100013ea:	46c0      	nop			; (mov r8, r8)
100013ec:	40054000 	.word	0x40054000

100013f0 <busy_wait_us>:
100013f0:	b510      	push	{r4, lr}
100013f2:	0002      	movs	r2, r0
100013f4:	000b      	movs	r3, r1
100013f6:	4802      	ldr	r0, [pc, #8]	; (10001400 <busy_wait_us+0x10>)
100013f8:	f7ff ffd5 	bl	100013a6 <timer_busy_wait_us>
100013fc:	bd10      	pop	{r4, pc}
100013fe:	46c0      	nop			; (mov r8, r8)
10001400:	40054000 	.word	0x40054000

10001404 <busy_wait_until>:
10001404:	b510      	push	{r4, lr}
10001406:	0002      	movs	r2, r0
10001408:	000b      	movs	r3, r1
1000140a:	4802      	ldr	r0, [pc, #8]	; (10001414 <busy_wait_until+0x10>)
1000140c:	f7ff ffbe 	bl	1000138c <timer_busy_wait_until>
10001410:	bd10      	pop	{r4, pc}
10001412:	46c0      	nop			; (mov r8, r8)
10001414:	40054000 	.word	0x40054000

10001418 <uart_disable_before_lcr_write>:
10001418:	b570      	push	{r4, r5, r6, lr}
1000141a:	6b04      	ldr	r4, [r0, #48]	; 0x30
1000141c:	07e3      	lsls	r3, r4, #31
1000141e:	d401      	bmi.n	10001424 <uart_disable_before_lcr_write+0xc>
10001420:	0020      	movs	r0, r4
10001422:	bd70      	pop	{r4, r5, r6, pc}
10001424:	4b0b      	ldr	r3, [pc, #44]	; (10001454 <uart_disable_before_lcr_write+0x3c>)
10001426:	18c3      	adds	r3, r0, r3
10001428:	4a0b      	ldr	r2, [pc, #44]	; (10001458 <uart_disable_before_lcr_write+0x40>)
1000142a:	601a      	str	r2, [r3, #0]
1000142c:	6a45      	ldr	r5, [r0, #36]	; 0x24
1000142e:	6a82      	ldr	r2, [r0, #40]	; 0x28
10001430:	01ad      	lsls	r5, r5, #6
10001432:	18ad      	adds	r5, r5, r2
10001434:	02ad      	lsls	r5, r5, #10
10001436:	2006      	movs	r0, #6
10001438:	f000 f926 	bl	10001688 <clock_get_hz>
1000143c:	4907      	ldr	r1, [pc, #28]	; (1000145c <uart_disable_before_lcr_write+0x44>)
1000143e:	f000 fb8f 	bl	10001b60 <__wrap___aeabi_uidiv>
10001442:	0001      	movs	r1, r0
10001444:	0028      	movs	r0, r5
10001446:	f000 fb8b 	bl	10001b60 <__wrap___aeabi_uidiv>
1000144a:	2100      	movs	r1, #0
1000144c:	f7ff ffd0 	bl	100013f0 <busy_wait_us>
10001450:	e7e6      	b.n	10001420 <uart_disable_before_lcr_write+0x8>
10001452:	46c0      	nop			; (mov r8, r8)
10001454:	00003030 	.word	0x00003030
10001458:	00000301 	.word	0x00000301
1000145c:	00000e4e 	.word	0x00000e4e

10001460 <uart_write_lcr_bits_masked>:
10001460:	b570      	push	{r4, r5, r6, lr}
10001462:	0004      	movs	r4, r0
10001464:	000e      	movs	r6, r1
10001466:	0015      	movs	r5, r2
10001468:	f7ff ffd6 	bl	10001418 <uart_disable_before_lcr_write>
1000146c:	6ae1      	ldr	r1, [r4, #44]	; 0x2c
1000146e:	404e      	eors	r6, r1
10001470:	4035      	ands	r5, r6
10001472:	4b02      	ldr	r3, [pc, #8]	; (1000147c <uart_write_lcr_bits_masked+0x1c>)
10001474:	18e3      	adds	r3, r4, r3
10001476:	601d      	str	r5, [r3, #0]
10001478:	6320      	str	r0, [r4, #48]	; 0x30
1000147a:	bd70      	pop	{r4, r5, r6, pc}
1000147c:	0000102c 	.word	0x0000102c

10001480 <uart_set_baudrate>:
10001480:	b570      	push	{r4, r5, r6, lr}
10001482:	0005      	movs	r5, r0
10001484:	000c      	movs	r4, r1
10001486:	2006      	movs	r0, #6
10001488:	f000 f8fe 	bl	10001688 <clock_get_hz>
1000148c:	00c0      	lsls	r0, r0, #3
1000148e:	0021      	movs	r1, r4
10001490:	f000 fb66 	bl	10001b60 <__wrap___aeabi_uidiv>
10001494:	3001      	adds	r0, #1
10001496:	09c6      	lsrs	r6, r0, #7
10001498:	d007      	beq.n	100014aa <uart_set_baudrate+0x2a>
1000149a:	4b0e      	ldr	r3, [pc, #56]	; (100014d4 <uart_set_baudrate+0x54>)
1000149c:	429e      	cmp	r6, r3
1000149e:	d815      	bhi.n	100014cc <uart_set_baudrate+0x4c>
100014a0:	0840      	lsrs	r0, r0, #1
100014a2:	0034      	movs	r4, r6
100014a4:	263f      	movs	r6, #63	; 0x3f
100014a6:	4006      	ands	r6, r0
100014a8:	e000      	b.n	100014ac <uart_set_baudrate+0x2c>
100014aa:	2401      	movs	r4, #1
100014ac:	626c      	str	r4, [r5, #36]	; 0x24
100014ae:	62ae      	str	r6, [r5, #40]	; 0x28
100014b0:	2200      	movs	r2, #0
100014b2:	2100      	movs	r1, #0
100014b4:	0028      	movs	r0, r5
100014b6:	f7ff ffd3 	bl	10001460 <uart_write_lcr_bits_masked>
100014ba:	2006      	movs	r0, #6
100014bc:	f000 f8e4 	bl	10001688 <clock_get_hz>
100014c0:	0080      	lsls	r0, r0, #2
100014c2:	01a1      	lsls	r1, r4, #6
100014c4:	1989      	adds	r1, r1, r6
100014c6:	f000 fb4b 	bl	10001b60 <__wrap___aeabi_uidiv>
100014ca:	bd70      	pop	{r4, r5, r6, pc}
100014cc:	2600      	movs	r6, #0
100014ce:	4c02      	ldr	r4, [pc, #8]	; (100014d8 <uart_set_baudrate+0x58>)
100014d0:	e7ec      	b.n	100014ac <uart_set_baudrate+0x2c>
100014d2:	46c0      	nop			; (mov r8, r8)
100014d4:	0000fffe 	.word	0x0000fffe
100014d8:	0000ffff 	.word	0x0000ffff

100014dc <uart_set_translate_crlf>:
100014dc:	2900      	cmp	r1, #0
100014de:	d009      	beq.n	100014f4 <uart_set_translate_crlf+0x18>
100014e0:	220a      	movs	r2, #10
100014e2:	4b06      	ldr	r3, [pc, #24]	; (100014fc <uart_set_translate_crlf+0x20>)
100014e4:	469c      	mov	ip, r3
100014e6:	4460      	add	r0, ip
100014e8:	4243      	negs	r3, r0
100014ea:	4158      	adcs	r0, r3
100014ec:	0040      	lsls	r0, r0, #1
100014ee:	4b04      	ldr	r3, [pc, #16]	; (10001500 <uart_set_translate_crlf+0x24>)
100014f0:	52c2      	strh	r2, [r0, r3]
100014f2:	4770      	bx	lr
100014f4:	2280      	movs	r2, #128	; 0x80
100014f6:	0052      	lsls	r2, r2, #1
100014f8:	e7f3      	b.n	100014e2 <uart_set_translate_crlf+0x6>
100014fa:	46c0      	nop			; (mov r8, r8)
100014fc:	bffc8000 	.word	0xbffc8000
10001500:	2000265c 	.word	0x2000265c

10001504 <uart_init>:
10001504:	b570      	push	{r4, r5, r6, lr}
10001506:	0005      	movs	r5, r0
10001508:	000c      	movs	r4, r1
1000150a:	2006      	movs	r0, #6
1000150c:	f000 f8bc 	bl	10001688 <clock_get_hz>
10001510:	2800      	cmp	r0, #0
10001512:	d028      	beq.n	10001566 <uart_init+0x62>
10001514:	4b16      	ldr	r3, [pc, #88]	; (10001570 <uart_init+0x6c>)
10001516:	429d      	cmp	r5, r3
10001518:	d026      	beq.n	10001568 <uart_init+0x64>
1000151a:	2216      	movs	r2, #22
1000151c:	2301      	movs	r3, #1
1000151e:	4093      	lsls	r3, r2
10001520:	4a14      	ldr	r2, [pc, #80]	; (10001574 <uart_init+0x70>)
10001522:	6013      	str	r3, [r2, #0]
10001524:	4b12      	ldr	r3, [pc, #72]	; (10001570 <uart_init+0x6c>)
10001526:	429d      	cmp	r5, r3
10001528:	d020      	beq.n	1000156c <uart_init+0x68>
1000152a:	2316      	movs	r3, #22
1000152c:	2201      	movs	r2, #1
1000152e:	409a      	lsls	r2, r3
10001530:	4b11      	ldr	r3, [pc, #68]	; (10001578 <uart_init+0x74>)
10001532:	601a      	str	r2, [r3, #0]
10001534:	4b11      	ldr	r3, [pc, #68]	; (1000157c <uart_init+0x78>)
10001536:	681b      	ldr	r3, [r3, #0]
10001538:	0011      	movs	r1, r2
1000153a:	4399      	bics	r1, r3
1000153c:	d1fa      	bne.n	10001534 <uart_init+0x30>
1000153e:	2100      	movs	r1, #0
10001540:	0028      	movs	r0, r5
10001542:	f7ff ffcb 	bl	100014dc <uart_set_translate_crlf>
10001546:	0021      	movs	r1, r4
10001548:	0028      	movs	r0, r5
1000154a:	f7ff ff99 	bl	10001480 <uart_set_baudrate>
1000154e:	6aeb      	ldr	r3, [r5, #44]	; 0x2c
10001550:	2270      	movs	r2, #112	; 0x70
10001552:	405a      	eors	r2, r3
10001554:	237e      	movs	r3, #126	; 0x7e
10001556:	4013      	ands	r3, r2
10001558:	4a09      	ldr	r2, [pc, #36]	; (10001580 <uart_init+0x7c>)
1000155a:	18aa      	adds	r2, r5, r2
1000155c:	6013      	str	r3, [r2, #0]
1000155e:	4b09      	ldr	r3, [pc, #36]	; (10001584 <uart_init+0x80>)
10001560:	632b      	str	r3, [r5, #48]	; 0x30
10001562:	2303      	movs	r3, #3
10001564:	64ab      	str	r3, [r5, #72]	; 0x48
10001566:	bd70      	pop	{r4, r5, r6, pc}
10001568:	2217      	movs	r2, #23
1000156a:	e7d7      	b.n	1000151c <uart_init+0x18>
1000156c:	2317      	movs	r3, #23
1000156e:	e7dd      	b.n	1000152c <uart_init+0x28>
10001570:	40038000 	.word	0x40038000
10001574:	4000e000 	.word	0x4000e000
10001578:	4000f000 	.word	0x4000f000
1000157c:	4000c008 	.word	0x4000c008
10001580:	0000102c 	.word	0x0000102c
10001584:	00000301 	.word	0x00000301

10001588 <clock_configure_internal>:
10001588:	b5f8      	push	{r3, r4, r5, r6, r7, lr}
1000158a:	46d6      	mov	lr, sl
1000158c:	4647      	mov	r7, r8
1000158e:	b580      	push	{r7, lr}
10001590:	0006      	movs	r6, r0
10001592:	000d      	movs	r5, r1
10001594:	0017      	movs	r7, r2
10001596:	4698      	mov	r8, r3
10001598:	0044      	lsls	r4, r0, #1
1000159a:	1824      	adds	r4, r4, r0
1000159c:	00a4      	lsls	r4, r4, #2
1000159e:	4b29      	ldr	r3, [pc, #164]	; (10001644 <clock_configure_internal+0xbc>)
100015a0:	469c      	mov	ip, r3
100015a2:	4464      	add	r4, ip
100015a4:	6863      	ldr	r3, [r4, #4]
100015a6:	9a08      	ldr	r2, [sp, #32]
100015a8:	4293      	cmp	r3, r2
100015aa:	d200      	bcs.n	100015ae <clock_configure_internal+0x26>
100015ac:	6062      	str	r2, [r4, #4]
100015ae:	1f33      	subs	r3, r6, #4
100015b0:	b2db      	uxtb	r3, r3
100015b2:	469a      	mov	sl, r3
100015b4:	2b01      	cmp	r3, #1
100015b6:	d92e      	bls.n	10001616 <clock_configure_internal+0x8e>
100015b8:	2280      	movs	r2, #128	; 0x80
100015ba:	0112      	lsls	r2, r2, #4
100015bc:	23c0      	movs	r3, #192	; 0xc0
100015be:	019b      	lsls	r3, r3, #6
100015c0:	18e3      	adds	r3, r4, r3
100015c2:	601a      	str	r2, [r3, #0]
100015c4:	00b3      	lsls	r3, r6, #2
100015c6:	4a20      	ldr	r2, [pc, #128]	; (10001648 <clock_configure_internal+0xc0>)
100015c8:	5899      	ldr	r1, [r3, r2]
100015ca:	2900      	cmp	r1, #0
100015cc:	d007      	beq.n	100015de <clock_configure_internal+0x56>
100015ce:	6950      	ldr	r0, [r2, #20]
100015d0:	f000 fac6 	bl	10001b60 <__wrap___aeabi_uidiv>
100015d4:	1c43      	adds	r3, r0, #1
100015d6:	0058      	lsls	r0, r3, #1
100015d8:	18c0      	adds	r0, r0, r3
100015da:	3803      	subs	r0, #3
100015dc:	d2fd      	bcs.n	100015da <clock_configure_internal+0x52>
100015de:	017f      	lsls	r7, r7, #5
100015e0:	6822      	ldr	r2, [r4, #0]
100015e2:	4057      	eors	r7, r2
100015e4:	22e0      	movs	r2, #224	; 0xe0
100015e6:	4017      	ands	r7, r2
100015e8:	2380      	movs	r3, #128	; 0x80
100015ea:	015b      	lsls	r3, r3, #5
100015ec:	18e3      	adds	r3, r4, r3
100015ee:	601f      	str	r7, [r3, #0]
100015f0:	4652      	mov	r2, sl
100015f2:	2a01      	cmp	r2, #1
100015f4:	d91a      	bls.n	1000162c <clock_configure_internal+0xa4>
100015f6:	2380      	movs	r3, #128	; 0x80
100015f8:	019b      	lsls	r3, r3, #6
100015fa:	18e3      	adds	r3, r4, r3
100015fc:	2280      	movs	r2, #128	; 0x80
100015fe:	0112      	lsls	r2, r2, #4
10001600:	601a      	str	r2, [r3, #0]
10001602:	9b08      	ldr	r3, [sp, #32]
10001604:	6063      	str	r3, [r4, #4]
10001606:	00b6      	lsls	r6, r6, #2
10001608:	4b0f      	ldr	r3, [pc, #60]	; (10001648 <clock_configure_internal+0xc0>)
1000160a:	4642      	mov	r2, r8
1000160c:	50f2      	str	r2, [r6, r3]
1000160e:	bcc0      	pop	{r6, r7}
10001610:	46ba      	mov	sl, r7
10001612:	46b0      	mov	r8, r6
10001614:	bdf8      	pop	{r3, r4, r5, r6, r7, pc}
10001616:	2d01      	cmp	r5, #1
10001618:	d1ce      	bne.n	100015b8 <clock_configure_internal+0x30>
1000161a:	2203      	movs	r2, #3
1000161c:	23c0      	movs	r3, #192	; 0xc0
1000161e:	019b      	lsls	r3, r3, #6
10001620:	18e3      	adds	r3, r4, r3
10001622:	601a      	str	r2, [r3, #0]
10001624:	68a3      	ldr	r3, [r4, #8]
10001626:	07db      	lsls	r3, r3, #31
10001628:	d5fc      	bpl.n	10001624 <clock_configure_internal+0x9c>
1000162a:	e7d8      	b.n	100015de <clock_configure_internal+0x56>
1000162c:	6821      	ldr	r1, [r4, #0]
1000162e:	4069      	eors	r1, r5
10001630:	2203      	movs	r2, #3
10001632:	400a      	ands	r2, r1
10001634:	601a      	str	r2, [r3, #0]
10001636:	68a3      	ldr	r3, [r4, #8]
10001638:	2201      	movs	r2, #1
1000163a:	40aa      	lsls	r2, r5
1000163c:	421a      	tst	r2, r3
1000163e:	d0fa      	beq.n	10001636 <clock_configure_internal+0xae>
10001640:	e7d9      	b.n	100015f6 <clock_configure_internal+0x6e>
10001642:	46c0      	nop			; (mov r8, r8)
10001644:	40008000 	.word	0x40008000
10001648:	20001f38 	.word	0x20001f38

1000164c <clock_configure_int_divider>:
1000164c:	b5f0      	push	{r4, r5, r6, r7, lr}
1000164e:	b083      	sub	sp, #12
10001650:	0005      	movs	r5, r0
10001652:	000e      	movs	r6, r1
10001654:	0017      	movs	r7, r2
10001656:	0018      	movs	r0, r3
10001658:	9908      	ldr	r1, [sp, #32]
1000165a:	f000 fa81 	bl	10001b60 <__wrap___aeabi_uidiv>
1000165e:	0003      	movs	r3, r0
10001660:	9a08      	ldr	r2, [sp, #32]
10001662:	0214      	lsls	r4, r2, #8
10001664:	9400      	str	r4, [sp, #0]
10001666:	003a      	movs	r2, r7
10001668:	0031      	movs	r1, r6
1000166a:	0028      	movs	r0, r5
1000166c:	f7ff ff8c 	bl	10001588 <clock_configure_internal>
10001670:	b003      	add	sp, #12
10001672:	bdf0      	pop	{r4, r5, r6, r7, pc}

10001674 <clock_configure_undivided>:
10001674:	b510      	push	{r4, lr}
10001676:	b082      	sub	sp, #8
10001678:	2480      	movs	r4, #128	; 0x80
1000167a:	0064      	lsls	r4, r4, #1
1000167c:	9400      	str	r4, [sp, #0]
1000167e:	f7ff ff83 	bl	10001588 <clock_configure_internal>
10001682:	b002      	add	sp, #8
10001684:	bd10      	pop	{r4, pc}
	...

10001688 <clock_get_hz>:
10001688:	0080      	lsls	r0, r0, #2
1000168a:	4b01      	ldr	r3, [pc, #4]	; (10001690 <clock_get_hz+0x8>)
1000168c:	58c0      	ldr	r0, [r0, r3]
1000168e:	4770      	bx	lr
10001690:	20001f38 	.word	0x20001f38

10001694 <pll_init>:
10001694:	b5f0      	push	{r4, r5, r6, r7, lr}
10001696:	46c6      	mov	lr, r8
10001698:	b500      	push	{lr}
1000169a:	0004      	movs	r4, r0
1000169c:	000e      	movs	r6, r1
1000169e:	0017      	movs	r7, r2
100016a0:	001d      	movs	r5, r3
100016a2:	4836      	ldr	r0, [pc, #216]	; (1000177c <pll_init+0xe8>)
100016a4:	f000 fa5c 	bl	10001b60 <__wrap___aeabi_uidiv>
100016a8:	4680      	mov	r8, r0
100016aa:	4b35      	ldr	r3, [pc, #212]	; (10001780 <pll_init+0xec>)
100016ac:	18fa      	adds	r2, r7, r3
100016ae:	4b35      	ldr	r3, [pc, #212]	; (10001784 <pll_init+0xf0>)
100016b0:	429a      	cmp	r2, r3
100016b2:	d838      	bhi.n	10001726 <pll_init+0x92>
100016b4:	0001      	movs	r1, r0
100016b6:	0038      	movs	r0, r7
100016b8:	f000 fa52 	bl	10001b60 <__wrap___aeabi_uidiv>
100016bc:	0002      	movs	r2, r0
100016be:	3a10      	subs	r2, #16
100016c0:	2398      	movs	r3, #152	; 0x98
100016c2:	005b      	lsls	r3, r3, #1
100016c4:	429a      	cmp	r2, r3
100016c6:	d834      	bhi.n	10001732 <pll_init+0x9e>
100016c8:	1e6b      	subs	r3, r5, #1
100016ca:	2b06      	cmp	r3, #6
100016cc:	d837      	bhi.n	1000173e <pll_init+0xaa>
100016ce:	9b06      	ldr	r3, [sp, #24]
100016d0:	3b01      	subs	r3, #1
100016d2:	2b06      	cmp	r3, #6
100016d4:	d833      	bhi.n	1000173e <pll_init+0xaa>
100016d6:	093f      	lsrs	r7, r7, #4
100016d8:	4547      	cmp	r7, r8
100016da:	d336      	bcc.n	1000174a <pll_init+0xb6>
100016dc:	042d      	lsls	r5, r5, #16
100016de:	9b06      	ldr	r3, [sp, #24]
100016e0:	031a      	lsls	r2, r3, #12
100016e2:	4315      	orrs	r5, r2
100016e4:	6823      	ldr	r3, [r4, #0]
100016e6:	2b00      	cmp	r3, #0
100016e8:	db35      	blt.n	10001756 <pll_init+0xc2>
100016ea:	4b27      	ldr	r3, [pc, #156]	; (10001788 <pll_init+0xf4>)
100016ec:	429c      	cmp	r4, r3
100016ee:	d043      	beq.n	10001778 <pll_init+0xe4>
100016f0:	230c      	movs	r3, #12
100016f2:	2201      	movs	r2, #1
100016f4:	409a      	lsls	r2, r3
100016f6:	4b25      	ldr	r3, [pc, #148]	; (1000178c <pll_init+0xf8>)
100016f8:	601a      	str	r2, [r3, #0]
100016fa:	4b25      	ldr	r3, [pc, #148]	; (10001790 <pll_init+0xfc>)
100016fc:	601a      	str	r2, [r3, #0]
100016fe:	4b25      	ldr	r3, [pc, #148]	; (10001794 <pll_init+0x100>)
10001700:	681b      	ldr	r3, [r3, #0]
10001702:	0011      	movs	r1, r2
10001704:	4399      	bics	r1, r3
10001706:	d1fa      	bne.n	100016fe <pll_init+0x6a>
10001708:	6026      	str	r6, [r4, #0]
1000170a:	60a0      	str	r0, [r4, #8]
1000170c:	4b22      	ldr	r3, [pc, #136]	; (10001798 <pll_init+0x104>)
1000170e:	18e2      	adds	r2, r4, r3
10001710:	2321      	movs	r3, #33	; 0x21
10001712:	6013      	str	r3, [r2, #0]
10001714:	6823      	ldr	r3, [r4, #0]
10001716:	2b00      	cmp	r3, #0
10001718:	dafc      	bge.n	10001714 <pll_init+0x80>
1000171a:	60e5      	str	r5, [r4, #12]
1000171c:	2308      	movs	r3, #8
1000171e:	6013      	str	r3, [r2, #0]
10001720:	bc80      	pop	{r7}
10001722:	46b8      	mov	r8, r7
10001724:	bdf0      	pop	{r4, r5, r6, r7, pc}
10001726:	4b1d      	ldr	r3, [pc, #116]	; (1000179c <pll_init+0x108>)
10001728:	4a1d      	ldr	r2, [pc, #116]	; (100017a0 <pll_init+0x10c>)
1000172a:	2111      	movs	r1, #17
1000172c:	481d      	ldr	r0, [pc, #116]	; (100017a4 <pll_init+0x110>)
1000172e:	f002 fa25 	bl	10003b7c <__assert_func>
10001732:	4b1d      	ldr	r3, [pc, #116]	; (100017a8 <pll_init+0x114>)
10001734:	4a1a      	ldr	r2, [pc, #104]	; (100017a0 <pll_init+0x10c>)
10001736:	2119      	movs	r1, #25
10001738:	481a      	ldr	r0, [pc, #104]	; (100017a4 <pll_init+0x110>)
1000173a:	f002 fa1f 	bl	10003b7c <__assert_func>
1000173e:	4b1b      	ldr	r3, [pc, #108]	; (100017ac <pll_init+0x118>)
10001740:	4a17      	ldr	r2, [pc, #92]	; (100017a0 <pll_init+0x10c>)
10001742:	211c      	movs	r1, #28
10001744:	4817      	ldr	r0, [pc, #92]	; (100017a4 <pll_init+0x110>)
10001746:	f002 fa19 	bl	10003b7c <__assert_func>
1000174a:	4b19      	ldr	r3, [pc, #100]	; (100017b0 <pll_init+0x11c>)
1000174c:	4a14      	ldr	r2, [pc, #80]	; (100017a0 <pll_init+0x10c>)
1000174e:	2123      	movs	r1, #35	; 0x23
10001750:	4814      	ldr	r0, [pc, #80]	; (100017a4 <pll_init+0x110>)
10001752:	f002 fa13 	bl	10003b7c <__assert_func>
10001756:	6822      	ldr	r2, [r4, #0]
10001758:	233f      	movs	r3, #63	; 0x3f
1000175a:	4013      	ands	r3, r2
1000175c:	42b3      	cmp	r3, r6
1000175e:	d1c4      	bne.n	100016ea <pll_init+0x56>
10001760:	68a3      	ldr	r3, [r4, #8]
10001762:	051b      	lsls	r3, r3, #20
10001764:	0d1b      	lsrs	r3, r3, #20
10001766:	4283      	cmp	r3, r0
10001768:	d1bf      	bne.n	100016ea <pll_init+0x56>
1000176a:	68e3      	ldr	r3, [r4, #12]
1000176c:	22ee      	movs	r2, #238	; 0xee
1000176e:	02d2      	lsls	r2, r2, #11
10001770:	4013      	ands	r3, r2
10001772:	42ab      	cmp	r3, r5
10001774:	d1b9      	bne.n	100016ea <pll_init+0x56>
10001776:	e7d3      	b.n	10001720 <pll_init+0x8c>
10001778:	230d      	movs	r3, #13
1000177a:	e7ba      	b.n	100016f2 <pll_init+0x5e>
1000177c:	00b71b00 	.word	0x00b71b00
10001780:	d34be880 	.word	0xd34be880
10001784:	32a9f880 	.word	0x32a9f880
10001788:	4002c000 	.word	0x4002c000
1000178c:	4000e000 	.word	0x4000e000
10001790:	4000f000 	.word	0x4000f000
10001794:	4000c008 	.word	0x4000c008
10001798:	00003004 	.word	0x00003004
1000179c:	10007f00 	.word	0x10007f00
100017a0:	10008008 	.word	0x10008008
100017a4:	10007f50 	.word	0x10007f50
100017a8:	10007f84 	.word	0x10007f84
100017ac:	10007fa0 	.word	0x10007fa0
100017b0:	10007fec 	.word	0x10007fec

100017b4 <watchdog_update>:
100017b4:	4b02      	ldr	r3, [pc, #8]	; (100017c0 <watchdog_update+0xc>)
100017b6:	681a      	ldr	r2, [r3, #0]
100017b8:	4b02      	ldr	r3, [pc, #8]	; (100017c4 <watchdog_update+0x10>)
100017ba:	605a      	str	r2, [r3, #4]
100017bc:	4770      	bx	lr
100017be:	46c0      	nop			; (mov r8, r8)
100017c0:	200023b8 	.word	0x200023b8
100017c4:	40058000 	.word	0x40058000

100017c8 <_watchdog_enable>:
100017c8:	b510      	push	{r4, lr}
100017ca:	4b18      	ldr	r3, [pc, #96]	; (1000182c <_watchdog_enable+0x64>)
100017cc:	2280      	movs	r2, #128	; 0x80
100017ce:	05d2      	lsls	r2, r2, #23
100017d0:	601a      	str	r2, [r3, #0]
100017d2:	4b17      	ldr	r3, [pc, #92]	; (10001830 <_watchdog_enable+0x68>)
100017d4:	4a17      	ldr	r2, [pc, #92]	; (10001834 <_watchdog_enable+0x6c>)
100017d6:	601a      	str	r2, [r3, #0]
100017d8:	2900      	cmp	r1, #0
100017da:	d00a      	beq.n	100017f2 <_watchdog_enable+0x2a>
100017dc:	4b16      	ldr	r3, [pc, #88]	; (10001838 <_watchdog_enable+0x70>)
100017de:	22e0      	movs	r2, #224	; 0xe0
100017e0:	04d2      	lsls	r2, r2, #19
100017e2:	601a      	str	r2, [r3, #0]
100017e4:	2800      	cmp	r0, #0
100017e6:	d109      	bne.n	100017fc <_watchdog_enable+0x34>
100017e8:	4b13      	ldr	r3, [pc, #76]	; (10001838 <_watchdog_enable+0x70>)
100017ea:	2280      	movs	r2, #128	; 0x80
100017ec:	0612      	lsls	r2, r2, #24
100017ee:	601a      	str	r2, [r3, #0]
100017f0:	bd10      	pop	{r4, pc}
100017f2:	4b0e      	ldr	r3, [pc, #56]	; (1000182c <_watchdog_enable+0x64>)
100017f4:	22e0      	movs	r2, #224	; 0xe0
100017f6:	04d2      	lsls	r2, r2, #19
100017f8:	601a      	str	r2, [r3, #0]
100017fa:	e7f3      	b.n	100017e4 <_watchdog_enable+0x1c>
100017fc:	0142      	lsls	r2, r0, #5
100017fe:	1a12      	subs	r2, r2, r0
10001800:	0093      	lsls	r3, r2, #2
10001802:	181b      	adds	r3, r3, r0
10001804:	00db      	lsls	r3, r3, #3
10001806:	4a0d      	ldr	r2, [pc, #52]	; (1000183c <_watchdog_enable+0x74>)
10001808:	6013      	str	r3, [r2, #0]
1000180a:	005b      	lsls	r3, r3, #1
1000180c:	6013      	str	r3, [r2, #0]
1000180e:	2280      	movs	r2, #128	; 0x80
10001810:	0452      	lsls	r2, r2, #17
10001812:	4293      	cmp	r3, r2
10001814:	d302      	bcc.n	1000181c <_watchdog_enable+0x54>
10001816:	4b09      	ldr	r3, [pc, #36]	; (1000183c <_watchdog_enable+0x74>)
10001818:	4a09      	ldr	r2, [pc, #36]	; (10001840 <_watchdog_enable+0x78>)
1000181a:	601a      	str	r2, [r3, #0]
1000181c:	f7ff ffca 	bl	100017b4 <watchdog_update>
10001820:	4b05      	ldr	r3, [pc, #20]	; (10001838 <_watchdog_enable+0x70>)
10001822:	2280      	movs	r2, #128	; 0x80
10001824:	05d2      	lsls	r2, r2, #23
10001826:	601a      	str	r2, [r3, #0]
10001828:	e7e2      	b.n	100017f0 <_watchdog_enable+0x28>
1000182a:	46c0      	nop			; (mov r8, r8)
1000182c:	4005b000 	.word	0x4005b000
10001830:	40012008 	.word	0x40012008
10001834:	0001fffc 	.word	0x0001fffc
10001838:	4005a000 	.word	0x4005a000
1000183c:	200023b8 	.word	0x200023b8
10001840:	00ffffff 	.word	0x00ffffff

10001844 <watchdog_reboot>:
10001844:	b510      	push	{r4, lr}
10001846:	0003      	movs	r3, r0
10001848:	0010      	movs	r0, r2
1000184a:	4a0c      	ldr	r2, [pc, #48]	; (1000187c <watchdog_reboot+0x38>)
1000184c:	2480      	movs	r4, #128	; 0x80
1000184e:	05e4      	lsls	r4, r4, #23
10001850:	6014      	str	r4, [r2, #0]
10001852:	2b00      	cmp	r3, #0
10001854:	d00d      	beq.n	10001872 <watchdog_reboot+0x2e>
10001856:	2201      	movs	r2, #1
10001858:	4313      	orrs	r3, r2
1000185a:	4a09      	ldr	r2, [pc, #36]	; (10001880 <watchdog_reboot+0x3c>)
1000185c:	4c09      	ldr	r4, [pc, #36]	; (10001884 <watchdog_reboot+0x40>)
1000185e:	61d4      	str	r4, [r2, #28]
10001860:	4c09      	ldr	r4, [pc, #36]	; (10001888 <watchdog_reboot+0x44>)
10001862:	405c      	eors	r4, r3
10001864:	6214      	str	r4, [r2, #32]
10001866:	6251      	str	r1, [r2, #36]	; 0x24
10001868:	6293      	str	r3, [r2, #40]	; 0x28
1000186a:	2100      	movs	r1, #0
1000186c:	f7ff ffac 	bl	100017c8 <_watchdog_enable>
10001870:	bd10      	pop	{r4, pc}
10001872:	4b03      	ldr	r3, [pc, #12]	; (10001880 <watchdog_reboot+0x3c>)
10001874:	2200      	movs	r2, #0
10001876:	61da      	str	r2, [r3, #28]
10001878:	e7f7      	b.n	1000186a <watchdog_reboot+0x26>
1000187a:	46c0      	nop			; (mov r8, r8)
1000187c:	4005b000 	.word	0x4005b000
10001880:	40058000 	.word	0x40058000
10001884:	b007c0d3 	.word	0xb007c0d3
10001888:	4ff83f2d 	.word	0x4ff83f2d

1000188c <tick_start>:
1000188c:	2380      	movs	r3, #128	; 0x80
1000188e:	009b      	lsls	r3, r3, #2
10001890:	430b      	orrs	r3, r1
10001892:	4a01      	ldr	r2, [pc, #4]	; (10001898 <tick_start+0xc>)
10001894:	62d3      	str	r3, [r2, #44]	; 0x2c
10001896:	4770      	bx	lr
10001898:	40058000 	.word	0x40058000

1000189c <rom_func_lookup>:
1000189c:	b510      	push	{r4, lr}
1000189e:	0001      	movs	r1, r0
100018a0:	2318      	movs	r3, #24
100018a2:	881b      	ldrh	r3, [r3, #0]
100018a4:	2214      	movs	r2, #20
100018a6:	8810      	ldrh	r0, [r2, #0]
100018a8:	4798      	blx	r3
100018aa:	bd10      	pop	{r4, pc}

100018ac <rom_data_lookup>:
100018ac:	b510      	push	{r4, lr}
100018ae:	0001      	movs	r1, r0
100018b0:	2318      	movs	r3, #24
100018b2:	881b      	ldrh	r3, [r3, #0]
100018b4:	2216      	movs	r2, #22
100018b6:	8810      	ldrh	r0, [r2, #0]
100018b8:	4798      	blx	r3
100018ba:	bd10      	pop	{r4, pc}

100018bc <rom_funcs_lookup>:
100018bc:	b5f0      	push	{r4, r5, r6, r7, lr}
100018be:	46c6      	mov	lr, r8
100018c0:	b500      	push	{lr}
100018c2:	0007      	movs	r7, r0
100018c4:	000e      	movs	r6, r1
100018c6:	2500      	movs	r5, #0
100018c8:	2301      	movs	r3, #1
100018ca:	4698      	mov	r8, r3
100018cc:	e000      	b.n	100018d0 <rom_funcs_lookup+0x14>
100018ce:	3501      	adds	r5, #1
100018d0:	42b5      	cmp	r5, r6
100018d2:	d20a      	bcs.n	100018ea <rom_funcs_lookup+0x2e>
100018d4:	00ac      	lsls	r4, r5, #2
100018d6:	193c      	adds	r4, r7, r4
100018d8:	6820      	ldr	r0, [r4, #0]
100018da:	f7ff ffdf 	bl	1000189c <rom_func_lookup>
100018de:	6020      	str	r0, [r4, #0]
100018e0:	2800      	cmp	r0, #0
100018e2:	d1f4      	bne.n	100018ce <rom_funcs_lookup+0x12>
100018e4:	2300      	movs	r3, #0
100018e6:	4698      	mov	r8, r3
100018e8:	e7f1      	b.n	100018ce <rom_funcs_lookup+0x12>
100018ea:	4640      	mov	r0, r8
100018ec:	bc80      	pop	{r7}
100018ee:	46b8      	mov	r8, r7
100018f0:	bdf0      	pop	{r4, r5, r6, r7, pc}
	...

100018f4 <rom_reset_usb_boot_extra>:
100018f4:	b570      	push	{r4, r5, r6, lr}
100018f6:	0004      	movs	r4, r0
100018f8:	000d      	movs	r5, r1
100018fa:	4806      	ldr	r0, [pc, #24]	; (10001914 <rom_reset_usb_boot_extra+0x20>)
100018fc:	f7ff ffce 	bl	1000189c <rom_func_lookup>
10001900:	0003      	movs	r3, r0
10001902:	2c00      	cmp	r4, #0
10001904:	db03      	blt.n	1000190e <rom_reset_usb_boot_extra+0x1a>
10001906:	2001      	movs	r0, #1
10001908:	40a0      	lsls	r0, r4
1000190a:	0029      	movs	r1, r5
1000190c:	4798      	blx	r3
1000190e:	2000      	movs	r0, #0
10001910:	e7fb      	b.n	1000190a <rom_reset_usb_boot_extra+0x16>
10001912:	46c0      	nop			; (mov r8, r8)
10001914:	00004255 	.word	0x00004255

10001918 <xosc_init>:
10001918:	4b06      	ldr	r3, [pc, #24]	; (10001934 <xosc_init+0x1c>)
1000191a:	22aa      	movs	r2, #170	; 0xaa
1000191c:	0112      	lsls	r2, r2, #4
1000191e:	601a      	str	r2, [r3, #0]
10001920:	222f      	movs	r2, #47	; 0x2f
10001922:	60da      	str	r2, [r3, #12]
10001924:	4b04      	ldr	r3, [pc, #16]	; (10001938 <xosc_init+0x20>)
10001926:	4a05      	ldr	r2, [pc, #20]	; (1000193c <xosc_init+0x24>)
10001928:	601a      	str	r2, [r3, #0]
1000192a:	4b02      	ldr	r3, [pc, #8]	; (10001934 <xosc_init+0x1c>)
1000192c:	685b      	ldr	r3, [r3, #4]
1000192e:	2b00      	cmp	r3, #0
10001930:	dafb      	bge.n	1000192a <xosc_init+0x12>
10001932:	4770      	bx	lr
10001934:	40024000 	.word	0x40024000
10001938:	40026000 	.word	0x40026000
1000193c:	00fab000 	.word	0x00fab000

10001940 <runtime_run_initializers_from>:
10001940:	b510      	push	{r4, lr}
10001942:	0004      	movs	r4, r0
10001944:	e001      	b.n	1000194a <runtime_run_initializers_from+0xa>
10001946:	cc08      	ldmia	r4!, {r3}
10001948:	4798      	blx	r3
1000194a:	4b02      	ldr	r3, [pc, #8]	; (10001954 <runtime_run_initializers_from+0x14>)
1000194c:	429c      	cmp	r4, r3
1000194e:	d3fa      	bcc.n	10001946 <runtime_run_initializers_from+0x6>
10001950:	bd10      	pop	{r4, pc}
10001952:	46c0      	nop			; (mov r8, r8)
10001954:	10007974 	.word	0x10007974

10001958 <first_per_core_initializer>:
10001958:	4770      	bx	lr
	...

1000195c <runtime_run_initializers>:
1000195c:	b510      	push	{r4, lr}
1000195e:	4802      	ldr	r0, [pc, #8]	; (10001968 <runtime_run_initializers+0xc>)
10001960:	f7ff ffee 	bl	10001940 <runtime_run_initializers_from>
10001964:	bd10      	pop	{r4, pc}
10001966:	46c0      	nop			; (mov r8, r8)
10001968:	10007938 	.word	0x10007938

1000196c <runtime_init_early_resets>:
1000196c:	4b05      	ldr	r3, [pc, #20]	; (10001984 <runtime_init_early_resets+0x18>)
1000196e:	4a06      	ldr	r2, [pc, #24]	; (10001988 <runtime_init_early_resets+0x1c>)
10001970:	601a      	str	r2, [r3, #0]
10001972:	4b06      	ldr	r3, [pc, #24]	; (1000198c <runtime_init_early_resets+0x20>)
10001974:	4a06      	ldr	r2, [pc, #24]	; (10001990 <runtime_init_early_resets+0x24>)
10001976:	601a      	str	r2, [r3, #0]
10001978:	4b06      	ldr	r3, [pc, #24]	; (10001994 <runtime_init_early_resets+0x28>)
1000197a:	681a      	ldr	r2, [r3, #0]
1000197c:	4b04      	ldr	r3, [pc, #16]	; (10001990 <runtime_init_early_resets+0x24>)
1000197e:	4393      	bics	r3, r2
10001980:	d1fa      	bne.n	10001978 <runtime_init_early_resets+0xc>
10001982:	4770      	bx	lr
10001984:	4000e000 	.word	0x4000e000
10001988:	fefbcdbf 	.word	0xfefbcdbf
1000198c:	4000f000 	.word	0x4000f000
10001990:	003c7ffe 	.word	0x003c7ffe
10001994:	4000c008 	.word	0x4000c008

10001998 <runtime_init_usb_power_down>:
10001998:	4b04      	ldr	r3, [pc, #16]	; (100019ac <runtime_init_usb_power_down+0x14>)
1000199a:	6cdb      	ldr	r3, [r3, #76]	; 0x4c
1000199c:	2b00      	cmp	r3, #0
1000199e:	d103      	bne.n	100019a8 <runtime_init_usb_power_down+0x10>
100019a0:	4b03      	ldr	r3, [pc, #12]	; (100019b0 <runtime_init_usb_power_down+0x18>)
100019a2:	2280      	movs	r2, #128	; 0x80
100019a4:	02d2      	lsls	r2, r2, #11
100019a6:	601a      	str	r2, [r3, #0]
100019a8:	4770      	bx	lr
100019aa:	46c0      	nop			; (mov r8, r8)
100019ac:	50110000 	.word	0x50110000
100019b0:	5011204c 	.word	0x5011204c

100019b4 <runtime_init_post_clock_resets>:
100019b4:	4b04      	ldr	r3, [pc, #16]	; (100019c8 <runtime_init_post_clock_resets+0x14>)
100019b6:	4a05      	ldr	r2, [pc, #20]	; (100019cc <runtime_init_post_clock_resets+0x18>)
100019b8:	601a      	str	r2, [r3, #0]
100019ba:	4b05      	ldr	r3, [pc, #20]	; (100019d0 <runtime_init_post_clock_resets+0x1c>)
100019bc:	681b      	ldr	r3, [r3, #0]
100019be:	43db      	mvns	r3, r3
100019c0:	01db      	lsls	r3, r3, #7
100019c2:	d1fa      	bne.n	100019ba <runtime_init_post_clock_resets+0x6>
100019c4:	4770      	bx	lr
100019c6:	46c0      	nop			; (mov r8, r8)
100019c8:	4000f000 	.word	0x4000f000
100019cc:	01ffffff 	.word	0x01ffffff
100019d0:	4000c008 	.word	0x4000c008

100019d4 <runtime_init_rp2040_gpio_ie_disable>:
100019d4:	4b03      	ldr	r3, [pc, #12]	; (100019e4 <runtime_init_rp2040_gpio_ie_disable+0x10>)
100019d6:	2240      	movs	r2, #64	; 0x40
100019d8:	679a      	str	r2, [r3, #120]	; 0x78
100019da:	675a      	str	r2, [r3, #116]	; 0x74
100019dc:	671a      	str	r2, [r3, #112]	; 0x70
100019de:	66da      	str	r2, [r3, #108]	; 0x6c
100019e0:	4770      	bx	lr
100019e2:	46c0      	nop			; (mov r8, r8)
100019e4:	4001f000 	.word	0x4001f000

100019e8 <runtime_init_spin_locks_reset>:
100019e8:	b510      	push	{r4, lr}
100019ea:	f7fe fe17 	bl	1000061c <spin_locks_reset>
100019ee:	bd10      	pop	{r4, pc}

100019f0 <runtime_init_install_ram_vector_table>:
100019f0:	b570      	push	{r4, r5, r6, lr}
100019f2:	4c04      	ldr	r4, [pc, #16]	; (10001a04 <runtime_init_install_ram_vector_table+0x14>)
100019f4:	68a1      	ldr	r1, [r4, #8]
100019f6:	4d04      	ldr	r5, [pc, #16]	; (10001a08 <runtime_init_install_ram_vector_table+0x18>)
100019f8:	22c0      	movs	r2, #192	; 0xc0
100019fa:	0028      	movs	r0, r5
100019fc:	f000 ffda 	bl	100029b4 <__wrap___aeabi_memcpy>
10001a00:	60a5      	str	r5, [r4, #8]
10001a02:	bd70      	pop	{r4, r5, r6, pc}
10001a04:	e000ed00 	.word	0xe000ed00
10001a08:	20000000 	.word	0x20000000

10001a0c <start_all_ticks>:
10001a0c:	b570      	push	{r4, r5, r6, lr}
10001a0e:	2004      	movs	r0, #4
10001a10:	f7ff fe3a 	bl	10001688 <clock_get_hz>
10001a14:	4906      	ldr	r1, [pc, #24]	; (10001a30 <start_all_ticks+0x24>)
10001a16:	f000 f8a3 	bl	10001b60 <__wrap___aeabi_uidiv>
10001a1a:	0005      	movs	r5, r0
10001a1c:	2400      	movs	r4, #0
10001a1e:	2c00      	cmp	r4, #0
10001a20:	dd00      	ble.n	10001a24 <start_all_ticks+0x18>
10001a22:	bd70      	pop	{r4, r5, r6, pc}
10001a24:	b2e0      	uxtb	r0, r4
10001a26:	0029      	movs	r1, r5
10001a28:	f7ff ff30 	bl	1000188c <tick_start>
10001a2c:	3401      	adds	r4, #1
10001a2e:	e7f6      	b.n	10001a1e <start_all_ticks+0x12>
10001a30:	000f4240 	.word	0x000f4240

10001a34 <runtime_init_clocks>:
10001a34:	b530      	push	{r4, r5, lr}
10001a36:	b083      	sub	sp, #12
10001a38:	4b27      	ldr	r3, [pc, #156]	; (10001ad8 <runtime_init_clocks+0xa4>)
10001a3a:	2200      	movs	r2, #0
10001a3c:	679a      	str	r2, [r3, #120]	; 0x78
10001a3e:	f7ff ff6b 	bl	10001918 <xosc_init>
10001a42:	4b26      	ldr	r3, [pc, #152]	; (10001adc <runtime_init_clocks+0xa8>)
10001a44:	2201      	movs	r2, #1
10001a46:	601a      	str	r2, [r3, #0]
10001a48:	4b23      	ldr	r3, [pc, #140]	; (10001ad8 <runtime_init_clocks+0xa4>)
10001a4a:	6c5b      	ldr	r3, [r3, #68]	; 0x44
10001a4c:	2b01      	cmp	r3, #1
10001a4e:	d1fb      	bne.n	10001a48 <runtime_init_clocks+0x14>
10001a50:	4b23      	ldr	r3, [pc, #140]	; (10001ae0 <runtime_init_clocks+0xac>)
10001a52:	2203      	movs	r2, #3
10001a54:	601a      	str	r2, [r3, #0]
10001a56:	4b20      	ldr	r3, [pc, #128]	; (10001ad8 <runtime_init_clocks+0xa4>)
10001a58:	6b9b      	ldr	r3, [r3, #56]	; 0x38
10001a5a:	2b01      	cmp	r3, #1
10001a5c:	d1fb      	bne.n	10001a56 <runtime_init_clocks+0x22>
10001a5e:	3301      	adds	r3, #1
10001a60:	9300      	str	r3, [sp, #0]
10001a62:	3304      	adds	r3, #4
10001a64:	4a1f      	ldr	r2, [pc, #124]	; (10001ae4 <runtime_init_clocks+0xb0>)
10001a66:	2101      	movs	r1, #1
10001a68:	481f      	ldr	r0, [pc, #124]	; (10001ae8 <runtime_init_clocks+0xb4>)
10001a6a:	f7ff fe13 	bl	10001694 <pll_init>
10001a6e:	2305      	movs	r3, #5
10001a70:	9300      	str	r3, [sp, #0]
10001a72:	4a1e      	ldr	r2, [pc, #120]	; (10001aec <runtime_init_clocks+0xb8>)
10001a74:	2101      	movs	r1, #1
10001a76:	481e      	ldr	r0, [pc, #120]	; (10001af0 <runtime_init_clocks+0xbc>)
10001a78:	f7ff fe0c 	bl	10001694 <pll_init>
10001a7c:	4b1d      	ldr	r3, [pc, #116]	; (10001af4 <runtime_init_clocks+0xc0>)
10001a7e:	2200      	movs	r2, #0
10001a80:	2102      	movs	r1, #2
10001a82:	2004      	movs	r0, #4
10001a84:	f7ff fdf6 	bl	10001674 <clock_configure_undivided>
10001a88:	4d1b      	ldr	r5, [pc, #108]	; (10001af8 <runtime_init_clocks+0xc4>)
10001a8a:	002b      	movs	r3, r5
10001a8c:	2200      	movs	r2, #0
10001a8e:	2101      	movs	r1, #1
10001a90:	2005      	movs	r0, #5
10001a92:	f7ff fdef 	bl	10001674 <clock_configure_undivided>
10001a96:	4c19      	ldr	r4, [pc, #100]	; (10001afc <runtime_init_clocks+0xc8>)
10001a98:	0023      	movs	r3, r4
10001a9a:	2200      	movs	r2, #0
10001a9c:	2100      	movs	r1, #0
10001a9e:	2007      	movs	r0, #7
10001aa0:	f7ff fde8 	bl	10001674 <clock_configure_undivided>
10001aa4:	0023      	movs	r3, r4
10001aa6:	2200      	movs	r2, #0
10001aa8:	2100      	movs	r1, #0
10001aaa:	2008      	movs	r0, #8
10001aac:	f7ff fde2 	bl	10001674 <clock_configure_undivided>
10001ab0:	2380      	movs	r3, #128	; 0x80
10001ab2:	00db      	lsls	r3, r3, #3
10001ab4:	9300      	str	r3, [sp, #0]
10001ab6:	0023      	movs	r3, r4
10001ab8:	2200      	movs	r2, #0
10001aba:	2100      	movs	r1, #0
10001abc:	2009      	movs	r0, #9
10001abe:	f7ff fdc5 	bl	1000164c <clock_configure_int_divider>
10001ac2:	002b      	movs	r3, r5
10001ac4:	2200      	movs	r2, #0
10001ac6:	2100      	movs	r1, #0
10001ac8:	2006      	movs	r0, #6
10001aca:	f7ff fdd3 	bl	10001674 <clock_configure_undivided>
10001ace:	f7ff ff9d 	bl	10001a0c <start_all_ticks>
10001ad2:	b003      	add	sp, #12
10001ad4:	bd30      	pop	{r4, r5, pc}
10001ad6:	46c0      	nop			; (mov r8, r8)
10001ad8:	40008000 	.word	0x40008000
10001adc:	4000b03c 	.word	0x4000b03c
10001ae0:	4000b030 	.word	0x4000b030
10001ae4:	59682f00 	.word	0x59682f00
10001ae8:	40028000 	.word	0x40028000
10001aec:	47868c00 	.word	0x47868c00
10001af0:	4002c000 	.word	0x4002c000
10001af4:	00b71b00 	.word	0x00b71b00
10001af8:	07735940 	.word	0x07735940
10001afc:	02dc6c00 	.word	0x02dc6c00

10001b00 <__aeabi_bits_init>:
10001b00:	4801      	ldr	r0, [pc, #4]	; (10001b08 <__aeabi_bits_init+0x8>)
10001b02:	2104      	movs	r1, #4
10001b04:	4b01      	ldr	r3, [pc, #4]	; (10001b0c <__aeabi_bits_init+0xc>)
10001b06:	4718      	bx	r3
10001b08:	20000ca0 	.word	0x20000ca0
10001b0c:	100018bd 	.word	0x100018bd

10001b10 <__wrap___aeabi_idiv>:
10001b10:	4a12      	ldr	r2, [pc, #72]	; (10001b5c <divmod_s32s32_savestate+0x18>)
10001b12:	6f93      	ldr	r3, [r2, #120]	; 0x78
10001b14:	089b      	lsrs	r3, r3, #2
10001b16:	d215      	bcs.n	10001b44 <divmod_s32s32_savestate>

10001b18 <divmod_s32s32_unsafe>:
10001b18:	6690      	str	r0, [r2, #104]	; 0x68
10001b1a:	66d1      	str	r1, [r2, #108]	; 0x6c
10001b1c:	2900      	cmp	r1, #0
10001b1e:	d005      	beq.n	10001b2c <divmod_s32s32_unsafe+0x14>
10001b20:	e7ff      	b.n	10001b22 <divmod_s32s32_unsafe+0xa>
10001b22:	e7ff      	b.n	10001b24 <divmod_s32s32_unsafe+0xc>
10001b24:	e7ff      	b.n	10001b26 <divmod_s32s32_unsafe+0xe>
10001b26:	6f51      	ldr	r1, [r2, #116]	; 0x74
10001b28:	6f10      	ldr	r0, [r2, #112]	; 0x70
10001b2a:	4770      	bx	lr
10001b2c:	b504      	push	{r2, lr}
10001b2e:	2180      	movs	r1, #128	; 0x80
10001b30:	0609      	lsls	r1, r1, #24
10001b32:	17c2      	asrs	r2, r0, #31
10001b34:	4051      	eors	r1, r2
10001b36:	2800      	cmp	r0, #0
10001b38:	d000      	beq.n	10001b3c <divmod_s32s32_unsafe+0x24>
10001b3a:	43c8      	mvns	r0, r1
10001b3c:	f005 fea4 	bl	10007888 <____aeabi_idiv0_veneer>
10001b40:	2100      	movs	r1, #0
10001b42:	bd04      	pop	{r2, pc}

10001b44 <divmod_s32s32_savestate>:
10001b44:	b5f0      	push	{r4, r5, r6, r7, lr}
10001b46:	6e14      	ldr	r4, [r2, #96]	; 0x60
10001b48:	6e55      	ldr	r5, [r2, #100]	; 0x64
10001b4a:	6f57      	ldr	r7, [r2, #116]	; 0x74
10001b4c:	6f16      	ldr	r6, [r2, #112]	; 0x70
10001b4e:	f7ff ffe3 	bl	10001b18 <divmod_s32s32_unsafe>
10001b52:	6614      	str	r4, [r2, #96]	; 0x60
10001b54:	6655      	str	r5, [r2, #100]	; 0x64
10001b56:	6757      	str	r7, [r2, #116]	; 0x74
10001b58:	6716      	str	r6, [r2, #112]	; 0x70
10001b5a:	bdf0      	pop	{r4, r5, r6, r7, pc}
10001b5c:	d0000000 	.word	0xd0000000

10001b60 <__wrap___aeabi_uidiv>:
10001b60:	4a11      	ldr	r2, [pc, #68]	; (10001ba8 <divmod_u32u32_savestate+0x18>)
10001b62:	6f93      	ldr	r3, [r2, #120]	; 0x78
10001b64:	089b      	lsrs	r3, r3, #2
10001b66:	d213      	bcs.n	10001b90 <divmod_u32u32_savestate>

10001b68 <divmod_u32u32_unsafe>:
10001b68:	6610      	str	r0, [r2, #96]	; 0x60
10001b6a:	6651      	str	r1, [r2, #100]	; 0x64
10001b6c:	2900      	cmp	r1, #0
10001b6e:	d005      	beq.n	10001b7c <divmod_u32u32_unsafe+0x14>
10001b70:	e7ff      	b.n	10001b72 <divmod_u32u32_unsafe+0xa>
10001b72:	e7ff      	b.n	10001b74 <divmod_u32u32_unsafe+0xc>
10001b74:	e7ff      	b.n	10001b76 <divmod_u32u32_unsafe+0xe>
10001b76:	6f51      	ldr	r1, [r2, #116]	; 0x74
10001b78:	6f10      	ldr	r0, [r2, #112]	; 0x70
10001b7a:	4770      	bx	lr
10001b7c:	b504      	push	{r2, lr}
10001b7e:	2800      	cmp	r0, #0
10001b80:	d001      	beq.n	10001b86 <divmod_u32u32_unsafe+0x1e>
10001b82:	2000      	movs	r0, #0
10001b84:	43c0      	mvns	r0, r0
10001b86:	f005 fe7f 	bl	10007888 <____aeabi_idiv0_veneer>
10001b8a:	2100      	movs	r1, #0
10001b8c:	bd04      	pop	{r2, pc}
10001b8e:	46c0      	nop			; (mov r8, r8)

10001b90 <divmod_u32u32_savestate>:
10001b90:	b5f0      	push	{r4, r5, r6, r7, lr}
10001b92:	6e14      	ldr	r4, [r2, #96]	; 0x60
10001b94:	6e55      	ldr	r5, [r2, #100]	; 0x64
10001b96:	6f57      	ldr	r7, [r2, #116]	; 0x74
10001b98:	6f16      	ldr	r6, [r2, #112]	; 0x70
10001b9a:	f7ff ffe5 	bl	10001b68 <divmod_u32u32_unsafe>
10001b9e:	6614      	str	r4, [r2, #96]	; 0x60
10001ba0:	6655      	str	r5, [r2, #100]	; 0x64
10001ba2:	6757      	str	r7, [r2, #116]	; 0x74
10001ba4:	6716      	str	r6, [r2, #112]	; 0x70
10001ba6:	bdf0      	pop	{r4, r5, r6, r7, pc}
10001ba8:	d0000000 	.word	0xd0000000

10001bac <__wrap___aeabi_ldivmod>:
10001bac:	4694      	mov	ip, r2
10001bae:	4a4a      	ldr	r2, [pc, #296]	; (10001cd8 <udiv0+0x1a>)
10001bb0:	6f92      	ldr	r2, [r2, #120]	; 0x78
10001bb2:	0892      	lsrs	r2, r2, #2
10001bb4:	4662      	mov	r2, ip
10001bb6:	d201      	bcs.n	10001bbc <divmod_s64s64_savestate>
10001bb8:	e028      	b.n	10001c0c <divmod_s64s64_unsafe>
10001bba:	46c0      	nop			; (mov r8, r8)

10001bbc <divmod_s64s64_savestate>:
10001bbc:	b5f0      	push	{r4, r5, r6, r7, lr}
10001bbe:	4e46      	ldr	r6, [pc, #280]	; (10001cd8 <udiv0+0x1a>)
10001bc0:	6e34      	ldr	r4, [r6, #96]	; 0x60
10001bc2:	6e75      	ldr	r5, [r6, #100]	; 0x64
10001bc4:	6f77      	ldr	r7, [r6, #116]	; 0x74
10001bc6:	6f36      	ldr	r6, [r6, #112]	; 0x70
10001bc8:	f000 f820 	bl	10001c0c <divmod_s64s64_unsafe>
10001bcc:	4694      	mov	ip, r2
10001bce:	4a42      	ldr	r2, [pc, #264]	; (10001cd8 <udiv0+0x1a>)
10001bd0:	6614      	str	r4, [r2, #96]	; 0x60
10001bd2:	6655      	str	r5, [r2, #100]	; 0x64
10001bd4:	6757      	str	r7, [r2, #116]	; 0x74
10001bd6:	6716      	str	r6, [r2, #112]	; 0x70
10001bd8:	4662      	mov	r2, ip
10001bda:	bdf0      	pop	{r4, r5, r6, r7, pc}

10001bdc <__wrap___aeabi_uldivmod>:
10001bdc:	4694      	mov	ip, r2
10001bde:	4a3e      	ldr	r2, [pc, #248]	; (10001cd8 <udiv0+0x1a>)
10001be0:	6f92      	ldr	r2, [r2, #120]	; 0x78
10001be2:	0892      	lsrs	r2, r2, #2
10001be4:	4662      	mov	r2, ip
10001be6:	d201      	bcs.n	10001bec <divmod_u64u64_savestate>
10001be8:	e054      	b.n	10001c94 <divmod_u64u64_unsafe>
10001bea:	46c0      	nop			; (mov r8, r8)

10001bec <divmod_u64u64_savestate>:
10001bec:	b5f0      	push	{r4, r5, r6, r7, lr}
10001bee:	4e3a      	ldr	r6, [pc, #232]	; (10001cd8 <udiv0+0x1a>)
10001bf0:	6e34      	ldr	r4, [r6, #96]	; 0x60
10001bf2:	6e75      	ldr	r5, [r6, #100]	; 0x64
10001bf4:	6f77      	ldr	r7, [r6, #116]	; 0x74
10001bf6:	6f36      	ldr	r6, [r6, #112]	; 0x70
10001bf8:	f000 f84c 	bl	10001c94 <divmod_u64u64_unsafe>
10001bfc:	4694      	mov	ip, r2
10001bfe:	4a36      	ldr	r2, [pc, #216]	; (10001cd8 <udiv0+0x1a>)
10001c00:	6614      	str	r4, [r2, #96]	; 0x60
10001c02:	6655      	str	r5, [r2, #100]	; 0x64
10001c04:	6757      	str	r7, [r2, #116]	; 0x74
10001c06:	6716      	str	r6, [r2, #112]	; 0x70
10001c08:	4662      	mov	r2, ip
10001c0a:	bdf0      	pop	{r4, r5, r6, r7, pc}

10001c0c <divmod_s64s64_unsafe>:
10001c0c:	2b00      	cmp	r3, #0
10001c0e:	db24      	blt.n	10001c5a <l42_1+0x26>
10001c10:	d011      	beq.n	10001c36 <l42_1+0x2>
10001c12:	2900      	cmp	r1, #0
10001c14:	da3e      	bge.n	10001c94 <divmod_u64u64_unsafe>
10001c16:	b500      	push	{lr}
10001c18:	43c9      	mvns	r1, r1
10001c1a:	4240      	negs	r0, r0
10001c1c:	d100      	bne.n	10001c20 <l40_1>
10001c1e:	3101      	adds	r1, #1

10001c20 <l40_1>:
10001c20:	f000 f838 	bl	10001c94 <divmod_u64u64_unsafe>
10001c24:	43c9      	mvns	r1, r1
10001c26:	4240      	negs	r0, r0
10001c28:	d100      	bne.n	10001c2c <l41_1>
10001c2a:	3101      	adds	r1, #1

10001c2c <l41_1>:
10001c2c:	43db      	mvns	r3, r3
10001c2e:	4252      	negs	r2, r2
10001c30:	d100      	bne.n	10001c34 <l42_1>
10001c32:	3301      	adds	r3, #1

10001c34 <l42_1>:
10001c34:	bd00      	pop	{pc}
10001c36:	2a00      	cmp	r2, #0
10001c38:	d1eb      	bne.n	10001c12 <divmod_s64s64_unsafe+0x6>
10001c3a:	2800      	cmp	r0, #0
10001c3c:	d101      	bne.n	10001c42 <l42_1+0xe>
10001c3e:	2900      	cmp	r1, #0
10001c40:	d005      	beq.n	10001c4e <l42_1+0x1a>
10001c42:	2000      	movs	r0, #0
10001c44:	0fc9      	lsrs	r1, r1, #31
10001c46:	07c9      	lsls	r1, r1, #31
10001c48:	d101      	bne.n	10001c4e <l42_1+0x1a>
10001c4a:	43c0      	mvns	r0, r0
10001c4c:	0841      	lsrs	r1, r0, #1
10001c4e:	b500      	push	{lr}
10001c50:	f005 fe12 	bl	10007878 <____aeabi_ldiv0_veneer>
10001c54:	2200      	movs	r2, #0
10001c56:	2300      	movs	r3, #0
10001c58:	bd00      	pop	{pc}
10001c5a:	b500      	push	{lr}
10001c5c:	2900      	cmp	r1, #0
10001c5e:	db0a      	blt.n	10001c76 <l44_1+0x2>
10001c60:	43db      	mvns	r3, r3
10001c62:	4252      	negs	r2, r2
10001c64:	d100      	bne.n	10001c68 <l43_1>
10001c66:	3301      	adds	r3, #1

10001c68 <l43_1>:
10001c68:	f000 f814 	bl	10001c94 <divmod_u64u64_unsafe>
10001c6c:	43c9      	mvns	r1, r1
10001c6e:	4240      	negs	r0, r0
10001c70:	d100      	bne.n	10001c74 <l44_1>
10001c72:	3101      	adds	r1, #1

10001c74 <l44_1>:
10001c74:	bd00      	pop	{pc}
10001c76:	43c9      	mvns	r1, r1
10001c78:	4240      	negs	r0, r0
10001c7a:	d100      	bne.n	10001c7e <l45_1>
10001c7c:	3101      	adds	r1, #1

10001c7e <l45_1>:
10001c7e:	43db      	mvns	r3, r3
10001c80:	4252      	negs	r2, r2
10001c82:	d100      	bne.n	10001c86 <l46_1>
10001c84:	3301      	adds	r3, #1

10001c86 <l46_1>:
10001c86:	f000 f805 	bl	10001c94 <divmod_u64u64_unsafe>
10001c8a:	43db      	mvns	r3, r3
10001c8c:	4252      	negs	r2, r2
10001c8e:	d100      	bne.n	10001c92 <l47_1>
10001c90:	3301      	adds	r3, #1

10001c92 <l47_1>:
10001c92:	bd00      	pop	{pc}

10001c94 <divmod_u64u64_unsafe>:
10001c94:	2900      	cmp	r1, #0
10001c96:	d123      	bne.n	10001ce0 <y64>
10001c98:	2b00      	cmp	r3, #0
10001c9a:	d118      	bne.n	10001cce <udiv0+0x10>
10001c9c:	2a00      	cmp	r2, #0
10001c9e:	d00c      	beq.n	10001cba <divmod_u64u64_unsafe+0x26>
10001ca0:	46bc      	mov	ip, r7
10001ca2:	4f0d      	ldr	r7, [pc, #52]	; (10001cd8 <udiv0+0x1a>)
10001ca4:	6638      	str	r0, [r7, #96]	; 0x60
10001ca6:	667a      	str	r2, [r7, #100]	; 0x64
10001ca8:	2100      	movs	r1, #0
10001caa:	2300      	movs	r3, #0
10001cac:	e7ff      	b.n	10001cae <divmod_u64u64_unsafe+0x1a>
10001cae:	e7ff      	b.n	10001cb0 <divmod_u64u64_unsafe+0x1c>
10001cb0:	e7ff      	b.n	10001cb2 <divmod_u64u64_unsafe+0x1e>
10001cb2:	6f7a      	ldr	r2, [r7, #116]	; 0x74
10001cb4:	6f38      	ldr	r0, [r7, #112]	; 0x70
10001cb6:	4667      	mov	r7, ip
10001cb8:	4770      	bx	lr
10001cba:	2800      	cmp	r0, #0
10001cbc:	d001      	beq.n	10001cc2 <udiv0+0x4>

10001cbe <udiv0>:
10001cbe:	4807      	ldr	r0, [pc, #28]	; (10001cdc <udiv0+0x1e>)
10001cc0:	0001      	movs	r1, r0
10001cc2:	b500      	push	{lr}
10001cc4:	f005 fdd8 	bl	10007878 <____aeabi_ldiv0_veneer>
10001cc8:	2200      	movs	r2, #0
10001cca:	2300      	movs	r3, #0
10001ccc:	bd00      	pop	{pc}
10001cce:	0002      	movs	r2, r0
10001cd0:	000b      	movs	r3, r1
10001cd2:	2000      	movs	r0, #0
10001cd4:	2100      	movs	r1, #0
10001cd6:	4770      	bx	lr
10001cd8:	d0000000 	.word	0xd0000000
10001cdc:	ffffffff 	.word	0xffffffff

10001ce0 <y64>:
10001ce0:	2b00      	cmp	r3, #0
10001ce2:	d000      	beq.n	10001ce6 <y64+0x6>
10001ce4:	e0bf      	b.n	10001e66 <y64_x48>
10001ce6:	0c13      	lsrs	r3, r2, #16
10001ce8:	d128      	bne.n	10001d3c <y64_x32>
10001cea:	2a00      	cmp	r2, #0
10001cec:	d0e7      	beq.n	10001cbe <udiv0>
10001cee:	b480      	push	{r7}
10001cf0:	4f11      	ldr	r7, [pc, #68]	; (10001d38 <y64+0x58>)
10001cf2:	6639      	str	r1, [r7, #96]	; 0x60
10001cf4:	667a      	str	r2, [r7, #100]	; 0x64
10001cf6:	e7ff      	b.n	10001cf8 <y64+0x18>
10001cf8:	e7ff      	b.n	10001cfa <y64+0x1a>
10001cfa:	b430      	push	{r4, r5}
10001cfc:	0c04      	lsrs	r4, r0, #16
10001cfe:	6f7b      	ldr	r3, [r7, #116]	; 0x74
10001d00:	6f39      	ldr	r1, [r7, #112]	; 0x70
10001d02:	041b      	lsls	r3, r3, #16
10001d04:	4323      	orrs	r3, r4
10001d06:	663b      	str	r3, [r7, #96]	; 0x60
10001d08:	667a      	str	r2, [r7, #100]	; 0x64
10001d0a:	e7ff      	b.n	10001d0c <y64+0x2c>
10001d0c:	e7ff      	b.n	10001d0e <y64+0x2e>
10001d0e:	e7ff      	b.n	10001d10 <y64+0x30>
10001d10:	46c0      	nop			; (mov r8, r8)
10001d12:	b284      	uxth	r4, r0
10001d14:	6f7b      	ldr	r3, [r7, #116]	; 0x74
10001d16:	6f3d      	ldr	r5, [r7, #112]	; 0x70
10001d18:	041b      	lsls	r3, r3, #16
10001d1a:	4323      	orrs	r3, r4
10001d1c:	663b      	str	r3, [r7, #96]	; 0x60
10001d1e:	667a      	str	r2, [r7, #100]	; 0x64
10001d20:	e7ff      	b.n	10001d22 <y64+0x42>
10001d22:	e7ff      	b.n	10001d24 <y64+0x44>
10001d24:	46c0      	nop			; (mov r8, r8)
10001d26:	2300      	movs	r3, #0
10001d28:	042c      	lsls	r4, r5, #16
10001d2a:	0c2d      	lsrs	r5, r5, #16
10001d2c:	6f7a      	ldr	r2, [r7, #116]	; 0x74
10001d2e:	6f38      	ldr	r0, [r7, #112]	; 0x70
10001d30:	1900      	adds	r0, r0, r4
10001d32:	4169      	adcs	r1, r5
10001d34:	bcb0      	pop	{r4, r5, r7}
10001d36:	4770      	bx	lr
10001d38:	d0000000 	.word	0xd0000000

10001d3c <y64_x32>:
10001d3c:	b5f0      	push	{r4, r5, r6, r7, lr}
10001d3e:	4694      	mov	ip, r2
10001d40:	2500      	movs	r5, #0
10001d42:	0e14      	lsrs	r4, r2, #24
10001d44:	d101      	bne.n	10001d4a <y64_x32+0xe>
10001d46:	0212      	lsls	r2, r2, #8
10001d48:	3508      	adds	r5, #8
10001d4a:	0f14      	lsrs	r4, r2, #28
10001d4c:	d101      	bne.n	10001d52 <y64_x32+0x16>
10001d4e:	0112      	lsls	r2, r2, #4
10001d50:	3504      	adds	r5, #4
10001d52:	0f94      	lsrs	r4, r2, #30
10001d54:	d101      	bne.n	10001d5a <y64_x32+0x1e>
10001d56:	0092      	lsls	r2, r2, #2
10001d58:	3502      	adds	r5, #2
10001d5a:	0fd4      	lsrs	r4, r2, #31
10001d5c:	d101      	bne.n	10001d62 <y64_x32+0x26>
10001d5e:	0052      	lsls	r2, r2, #1
10001d60:	3501      	adds	r5, #1
10001d62:	0bd4      	lsrs	r4, r2, #15
10001d64:	3401      	adds	r4, #1
10001d66:	4f25      	ldr	r7, [pc, #148]	; (10001dfc <y64_x32+0xc0>)
10001d68:	667c      	str	r4, [r7, #100]	; 0x64
10001d6a:	4c25      	ldr	r4, [pc, #148]	; (10001e00 <y64_x32+0xc4>)
10001d6c:	663c      	str	r4, [r7, #96]	; 0x60
10001d6e:	0c0e      	lsrs	r6, r1, #16
10001d70:	b293      	uxth	r3, r2
10001d72:	e7ff      	b.n	10001d74 <y64_x32+0x38>
10001d74:	e7ff      	b.n	10001d76 <y64_x32+0x3a>
10001d76:	e7ff      	b.n	10001d78 <y64_x32+0x3c>
10001d78:	6f3c      	ldr	r4, [r7, #112]	; 0x70
10001d7a:	4366      	muls	r6, r4
10001d7c:	0c36      	lsrs	r6, r6, #16
10001d7e:	0377      	lsls	r7, r6, #13
10001d80:	46be      	mov	lr, r7
10001d82:	4373      	muls	r3, r6
10001d84:	0bdf      	lsrs	r7, r3, #15
10001d86:	045b      	lsls	r3, r3, #17
10001d88:	1ac0      	subs	r0, r0, r3
10001d8a:	41b9      	sbcs	r1, r7
10001d8c:	0c13      	lsrs	r3, r2, #16
10001d8e:	4373      	muls	r3, r6
10001d90:	18db      	adds	r3, r3, r3
10001d92:	1ac9      	subs	r1, r1, r3
10001d94:	08ce      	lsrs	r6, r1, #3
10001d96:	4366      	muls	r6, r4
10001d98:	0c36      	lsrs	r6, r6, #16
10001d9a:	44b6      	add	lr, r6
10001d9c:	b293      	uxth	r3, r2
10001d9e:	4373      	muls	r3, r6
10001da0:	0f1f      	lsrs	r7, r3, #28
10001da2:	011b      	lsls	r3, r3, #4
10001da4:	1ac0      	subs	r0, r0, r3
10001da6:	41b9      	sbcs	r1, r7
10001da8:	0c13      	lsrs	r3, r2, #16
10001daa:	4373      	muls	r3, r6
10001dac:	0b1f      	lsrs	r7, r3, #12
10001dae:	051b      	lsls	r3, r3, #20
10001db0:	1ac0      	subs	r0, r0, r3
10001db2:	41b9      	sbcs	r1, r7
10001db4:	0d86      	lsrs	r6, r0, #22
10001db6:	028f      	lsls	r7, r1, #10
10001db8:	433e      	orrs	r6, r7
10001dba:	4366      	muls	r6, r4
10001dbc:	0c36      	lsrs	r6, r6, #16
10001dbe:	2d09      	cmp	r5, #9
10001dc0:	db24      	blt.n	10001e0c <last0>
10001dc2:	0a52      	lsrs	r2, r2, #9
10001dc4:	4372      	muls	r2, r6
10001dc6:	1a80      	subs	r0, r0, r2
10001dc8:	0377      	lsls	r7, r6, #13
10001dca:	0a46      	lsrs	r6, r0, #9
10001dcc:	4366      	muls	r6, r4
10001dce:	0c36      	lsrs	r6, r6, #16
10001dd0:	2316      	movs	r3, #22
10001dd2:	1b5b      	subs	r3, r3, r5
10001dd4:	40de      	lsrs	r6, r3
10001dd6:	40df      	lsrs	r7, r3
10001dd8:	19bf      	adds	r7, r7, r6
10001dda:	4664      	mov	r4, ip
10001ddc:	4366      	muls	r6, r4
10001dde:	1b82      	subs	r2, r0, r6
10001de0:	4670      	mov	r0, lr
10001de2:	3504      	adds	r5, #4
10001de4:	3306      	adds	r3, #6
10001de6:	0001      	movs	r1, r0
10001de8:	40d9      	lsrs	r1, r3
10001dea:	40a8      	lsls	r0, r5
10001dec:	19c0      	adds	r0, r0, r7
10001dee:	d300      	bcc.n	10001df2 <y64_x32+0xb6>
10001df0:	3101      	adds	r1, #1
10001df2:	42a2      	cmp	r2, r4
10001df4:	d206      	bcs.n	10001e04 <y64_x32+0xc8>
10001df6:	2300      	movs	r3, #0
10001df8:	bdf0      	pop	{r4, r5, r6, r7, pc}
10001dfa:	0000      	.short	0x0000
10001dfc:	d0000000 	.word	0xd0000000
10001e00:	ffffffff 	.word	0xffffffff
10001e04:	1b12      	subs	r2, r2, r4
10001e06:	3001      	adds	r0, #1
10001e08:	d3f3      	bcc.n	10001df2 <y64_x32+0xb6>
10001e0a:	e7f1      	b.n	10001df0 <y64_x32+0xb4>

10001e0c <last0>:
10001e0c:	2709      	movs	r7, #9
10001e0e:	1b7f      	subs	r7, r7, r5
10001e10:	40fe      	lsrs	r6, r7
10001e12:	4664      	mov	r4, ip
10001e14:	b2a2      	uxth	r2, r4
10001e16:	4372      	muls	r2, r6
10001e18:	1a80      	subs	r0, r0, r2
10001e1a:	d200      	bcs.n	10001e1e <last0+0x12>
10001e1c:	3901      	subs	r1, #1
10001e1e:	0c22      	lsrs	r2, r4, #16
10001e20:	4372      	muls	r2, r6
10001e22:	0c13      	lsrs	r3, r2, #16
10001e24:	0412      	lsls	r2, r2, #16
10001e26:	1a82      	subs	r2, r0, r2
10001e28:	4199      	sbcs	r1, r3
10001e2a:	000b      	movs	r3, r1
10001e2c:	4670      	mov	r0, lr
10001e2e:	3504      	adds	r5, #4
10001e30:	3713      	adds	r7, #19
10001e32:	0001      	movs	r1, r0
10001e34:	40f9      	lsrs	r1, r7
10001e36:	40a8      	lsls	r0, r5
10001e38:	1980      	adds	r0, r0, r6
10001e3a:	d300      	bcc.n	10001e3e <last0+0x32>
10001e3c:	3101      	adds	r1, #1
10001e3e:	2b00      	cmp	r3, #0
10001e40:	d102      	bne.n	10001e48 <last0+0x3c>
10001e42:	42a2      	cmp	r2, r4
10001e44:	d20a      	bcs.n	10001e5c <last0+0x50>
10001e46:	bdf0      	pop	{r4, r5, r6, r7, pc}
10001e48:	3001      	adds	r0, #1
10001e4a:	d300      	bcc.n	10001e4e <last0+0x42>
10001e4c:	3101      	adds	r1, #1
10001e4e:	1b12      	subs	r2, r2, r4
10001e50:	d2fa      	bcs.n	10001e48 <last0+0x3c>
10001e52:	3b01      	subs	r3, #1
10001e54:	d1f8      	bne.n	10001e48 <last0+0x3c>
10001e56:	42a2      	cmp	r2, r4
10001e58:	d200      	bcs.n	10001e5c <last0+0x50>
10001e5a:	bdf0      	pop	{r4, r5, r6, r7, pc}
10001e5c:	3001      	adds	r0, #1
10001e5e:	d300      	bcc.n	10001e62 <last0+0x56>
10001e60:	3101      	adds	r1, #1
10001e62:	1b12      	subs	r2, r2, r4
10001e64:	e7f7      	b.n	10001e56 <last0+0x4a>

10001e66 <y64_x48>:
10001e66:	b5f0      	push	{r4, r5, r6, r7, lr}
10001e68:	0c1c      	lsrs	r4, r3, #16
10001e6a:	d000      	beq.n	10001e6e <y64_x48+0x8>
10001e6c:	e080      	b.n	10001f70 <y64_x64>
10001e6e:	b40c      	push	{r2, r3}
10001e70:	2500      	movs	r5, #0
10001e72:	0a1c      	lsrs	r4, r3, #8
10001e74:	d104      	bne.n	10001e80 <y64_x48+0x1a>
10001e76:	021b      	lsls	r3, r3, #8
10001e78:	0e16      	lsrs	r6, r2, #24
10001e7a:	4333      	orrs	r3, r6
10001e7c:	0212      	lsls	r2, r2, #8
10001e7e:	3508      	adds	r5, #8
10001e80:	0b1c      	lsrs	r4, r3, #12
10001e82:	d104      	bne.n	10001e8e <y64_x48+0x28>
10001e84:	011b      	lsls	r3, r3, #4
10001e86:	0f16      	lsrs	r6, r2, #28
10001e88:	4333      	orrs	r3, r6
10001e8a:	0112      	lsls	r2, r2, #4
10001e8c:	3504      	adds	r5, #4
10001e8e:	0b9c      	lsrs	r4, r3, #14
10001e90:	d104      	bne.n	10001e9c <y64_x48+0x36>
10001e92:	009b      	lsls	r3, r3, #2
10001e94:	0f96      	lsrs	r6, r2, #30
10001e96:	4333      	orrs	r3, r6
10001e98:	0092      	lsls	r2, r2, #2
10001e9a:	3502      	adds	r5, #2
10001e9c:	0bdc      	lsrs	r4, r3, #15
10001e9e:	d102      	bne.n	10001ea6 <y64_x48+0x40>
10001ea0:	1892      	adds	r2, r2, r2
10001ea2:	415b      	adcs	r3, r3
10001ea4:	3501      	adds	r5, #1
10001ea6:	001c      	movs	r4, r3
10001ea8:	1897      	adds	r7, r2, r2
10001eaa:	4164      	adcs	r4, r4
10001eac:	3401      	adds	r4, #1
10001eae:	4f46      	ldr	r7, [pc, #280]	; (10001fc8 <y64_x64+0x58>)
10001eb0:	667c      	str	r4, [r7, #100]	; 0x64
10001eb2:	4c46      	ldr	r4, [pc, #280]	; (10001fcc <y64_x64+0x5c>)
10001eb4:	663c      	str	r4, [r7, #96]	; 0x60
10001eb6:	0c0e      	lsrs	r6, r1, #16
10001eb8:	e7ff      	b.n	10001eba <y64_x48+0x54>
10001eba:	e7ff      	b.n	10001ebc <y64_x48+0x56>
10001ebc:	e7ff      	b.n	10001ebe <y64_x48+0x58>
10001ebe:	46c0      	nop			; (mov r8, r8)
10001ec0:	6f3c      	ldr	r4, [r7, #112]	; 0x70
10001ec2:	4366      	muls	r6, r4
10001ec4:	0c36      	lsrs	r6, r6, #16
10001ec6:	0377      	lsls	r7, r6, #13
10001ec8:	46be      	mov	lr, r7
10001eca:	b297      	uxth	r7, r2
10001ecc:	4377      	muls	r7, r6
10001ece:	1bc0      	subs	r0, r0, r7
10001ed0:	d200      	bcs.n	10001ed4 <y64_x48+0x6e>
10001ed2:	3901      	subs	r1, #1
10001ed4:	1bc0      	subs	r0, r0, r7
10001ed6:	d200      	bcs.n	10001eda <y64_x48+0x74>
10001ed8:	3901      	subs	r1, #1
10001eda:	b29f      	uxth	r7, r3
10001edc:	4377      	muls	r7, r6
10001ede:	1bc9      	subs	r1, r1, r7
10001ee0:	1bc9      	subs	r1, r1, r7
10001ee2:	0c17      	lsrs	r7, r2, #16
10001ee4:	4377      	muls	r7, r6
10001ee6:	047e      	lsls	r6, r7, #17
10001ee8:	0bff      	lsrs	r7, r7, #15
10001eea:	1b80      	subs	r0, r0, r6
10001eec:	41b9      	sbcs	r1, r7
10001eee:	08ce      	lsrs	r6, r1, #3
10001ef0:	4366      	muls	r6, r4
10001ef2:	0c36      	lsrs	r6, r6, #16
10001ef4:	2d0c      	cmp	r5, #12
10001ef6:	db33      	blt.n	10001f60 <last1>
10001ef8:	44b6      	add	lr, r6
10001efa:	0b12      	lsrs	r2, r2, #12
10001efc:	051f      	lsls	r7, r3, #20
10001efe:	433a      	orrs	r2, r7
10001f00:	0b1b      	lsrs	r3, r3, #12
10001f02:	b297      	uxth	r7, r2
10001f04:	4377      	muls	r7, r6
10001f06:	1bc0      	subs	r0, r0, r7
10001f08:	d200      	bcs.n	10001f0c <y64_x48+0xa6>
10001f0a:	3901      	subs	r1, #1
10001f0c:	b29f      	uxth	r7, r3
10001f0e:	4377      	muls	r7, r6
10001f10:	1bc9      	subs	r1, r1, r7
10001f12:	0c17      	lsrs	r7, r2, #16
10001f14:	4377      	muls	r7, r6
10001f16:	043e      	lsls	r6, r7, #16
10001f18:	0c3f      	lsrs	r7, r7, #16
10001f1a:	1b80      	subs	r0, r0, r6
10001f1c:	41b9      	sbcs	r1, r7
10001f1e:	0d86      	lsrs	r6, r0, #22
10001f20:	028f      	lsls	r7, r1, #10
10001f22:	433e      	orrs	r6, r7
10001f24:	4366      	muls	r6, r4
10001f26:	2729      	movs	r7, #41	; 0x29
10001f28:	1b7f      	subs	r7, r7, r5
10001f2a:	40fe      	lsrs	r6, r7
10001f2c:	3d0c      	subs	r5, #12
10001f2e:	4677      	mov	r7, lr
10001f30:	40af      	lsls	r7, r5
10001f32:	19bf      	adds	r7, r7, r6
10001f34:	bc30      	pop	{r4, r5}
10001f36:	b2a2      	uxth	r2, r4
10001f38:	b2ab      	uxth	r3, r5
10001f3a:	4372      	muls	r2, r6
10001f3c:	4373      	muls	r3, r6
10001f3e:	1a80      	subs	r0, r0, r2
10001f40:	4199      	sbcs	r1, r3
10001f42:	0c22      	lsrs	r2, r4, #16
10001f44:	4372      	muls	r2, r6
10001f46:	0c13      	lsrs	r3, r2, #16
10001f48:	0412      	lsls	r2, r2, #16
10001f4a:	1a80      	subs	r0, r0, r2
10001f4c:	4199      	sbcs	r1, r3
10001f4e:	0002      	movs	r2, r0
10001f50:	000b      	movs	r3, r1
10001f52:	3701      	adds	r7, #1
10001f54:	1b00      	subs	r0, r0, r4
10001f56:	41a9      	sbcs	r1, r5
10001f58:	d2f9      	bcs.n	10001f4e <y64_x48+0xe8>
10001f5a:	1e78      	subs	r0, r7, #1
10001f5c:	2100      	movs	r1, #0
10001f5e:	bdf0      	pop	{r4, r5, r6, r7, pc}

10001f60 <last1>:
10001f60:	270c      	movs	r7, #12
10001f62:	1b7f      	subs	r7, r7, r5
10001f64:	40fe      	lsrs	r6, r7
10001f66:	4677      	mov	r7, lr
10001f68:	0b7f      	lsrs	r7, r7, #13
10001f6a:	40af      	lsls	r7, r5
10001f6c:	19ff      	adds	r7, r7, r7
10001f6e:	e7e0      	b.n	10001f32 <y64_x48+0xcc>

10001f70 <y64_x64>:
10001f70:	2400      	movs	r4, #0
10001f72:	1c5d      	adds	r5, r3, #1
10001f74:	d007      	beq.n	10001f86 <y64_x64+0x16>
10001f76:	4f14      	ldr	r7, [pc, #80]	; (10001fc8 <y64_x64+0x58>)
10001f78:	667d      	str	r5, [r7, #100]	; 0x64
10001f7a:	6639      	str	r1, [r7, #96]	; 0x60
10001f7c:	e7ff      	b.n	10001f7e <y64_x64+0xe>
10001f7e:	e7ff      	b.n	10001f80 <y64_x64+0x10>
10001f80:	e7ff      	b.n	10001f82 <y64_x64+0x12>
10001f82:	e7ff      	b.n	10001f84 <y64_x64+0x14>
10001f84:	6f3c      	ldr	r4, [r7, #112]	; 0x70
10001f86:	b295      	uxth	r5, r2
10001f88:	b29e      	uxth	r6, r3
10001f8a:	4365      	muls	r5, r4
10001f8c:	4366      	muls	r6, r4
10001f8e:	1b40      	subs	r0, r0, r5
10001f90:	41b1      	sbcs	r1, r6
10001f92:	0c15      	lsrs	r5, r2, #16
10001f94:	0c1e      	lsrs	r6, r3, #16
10001f96:	4365      	muls	r5, r4
10001f98:	4366      	muls	r6, r4
10001f9a:	0436      	lsls	r6, r6, #16
10001f9c:	0c2f      	lsrs	r7, r5, #16
10001f9e:	433e      	orrs	r6, r7
10001fa0:	042d      	lsls	r5, r5, #16
10001fa2:	1b40      	subs	r0, r0, r5
10001fa4:	41b1      	sbcs	r1, r6
10001fa6:	4299      	cmp	r1, r3
10001fa8:	d204      	bcs.n	10001fb4 <y64_x64+0x44>
10001faa:	0002      	movs	r2, r0
10001fac:	000b      	movs	r3, r1
10001fae:	0020      	movs	r0, r4
10001fb0:	2100      	movs	r1, #0
10001fb2:	bdf0      	pop	{r4, r5, r6, r7, pc}
10001fb4:	d101      	bne.n	10001fba <y64_x64+0x4a>
10001fb6:	4290      	cmp	r0, r2
10001fb8:	d3f7      	bcc.n	10001faa <y64_x64+0x3a>
10001fba:	1a80      	subs	r0, r0, r2
10001fbc:	4199      	sbcs	r1, r3
10001fbe:	3401      	adds	r4, #1
10001fc0:	4299      	cmp	r1, r3
10001fc2:	d3f2      	bcc.n	10001faa <y64_x64+0x3a>
10001fc4:	e7f6      	b.n	10001fb4 <y64_x64+0x44>
10001fc6:	0000      	.short	0x0000
10001fc8:	d0000000 	.word	0xd0000000
10001fcc:	ffffffff 	.word	0xffffffff

10001fd0 <__wrap___aeabi_drsub>:
10001fd0:	4048      	eors	r0, r1
10001fd2:	4041      	eors	r1, r0
10001fd4:	4048      	eors	r0, r1

10001fd6 <__wrap___aeabi_dsub>:
10001fd6:	b418      	push	{r3, r4}
10001fd8:	4b1b      	ldr	r3, [pc, #108]	; (10002048 <__wrap___aeabi_dmul+0x12>)
10001fda:	685b      	ldr	r3, [r3, #4]
10001fdc:	46fc      	mov	ip, pc
10001fde:	9301      	str	r3, [sp, #4]
10001fe0:	bd08      	pop	{r3, pc}
10001fe2:	df04      	.short	0xdf04
10001fe4:	100022a7 	.word	0x100022a7

10001fe8 <__wrap___aeabi_dadd>:
10001fe8:	b418      	push	{r3, r4}
10001fea:	4b17      	ldr	r3, [pc, #92]	; (10002048 <__wrap___aeabi_dmul+0x12>)
10001fec:	681b      	ldr	r3, [r3, #0]
10001fee:	46fc      	mov	ip, pc
10001ff0:	9301      	str	r3, [sp, #4]
10001ff2:	bd08      	pop	{r3, pc}
10001ff4:	22b1df00 	.word	0x22b1df00
10001ff8:	1000      	.short	0x1000

10001ffa <__wrap___aeabi_ddiv>:
10001ffa:	4694      	mov	ip, r2
10001ffc:	4a13      	ldr	r2, [pc, #76]	; (1000204c <__wrap___aeabi_dmul+0x16>)
10001ffe:	6f92      	ldr	r2, [r2, #120]	; 0x78
10002000:	0892      	lsrs	r2, r2, #2
10002002:	d209      	bcs.n	10002018 <ddiv_save_state>
10002004:	4662      	mov	r2, ip

10002006 <ddiv_shim_call>:
10002006:	b418      	push	{r3, r4}
10002008:	4b0f      	ldr	r3, [pc, #60]	; (10002048 <__wrap___aeabi_dmul+0x12>)
1000200a:	68db      	ldr	r3, [r3, #12]
1000200c:	46fc      	mov	ip, pc
1000200e:	9301      	str	r3, [sp, #4]
10002010:	bd08      	pop	{r3, pc}
10002012:	df0c      	.short	0xdf0c
10002014:	10002569 	.word	0x10002569

10002018 <ddiv_save_state>:
10002018:	4a0c      	ldr	r2, [pc, #48]	; (1000204c <__wrap___aeabi_dmul+0x16>)
1000201a:	b5f0      	push	{r4, r5, r6, r7, lr}
1000201c:	6e14      	ldr	r4, [r2, #96]	; 0x60
1000201e:	6e55      	ldr	r5, [r2, #100]	; 0x64
10002020:	6f57      	ldr	r7, [r2, #116]	; 0x74
10002022:	6f16      	ldr	r6, [r2, #112]	; 0x70
10002024:	4662      	mov	r2, ip
10002026:	f7ff ffee 	bl	10002006 <ddiv_shim_call>
1000202a:	4a08      	ldr	r2, [pc, #32]	; (1000204c <__wrap___aeabi_dmul+0x16>)
1000202c:	6614      	str	r4, [r2, #96]	; 0x60
1000202e:	6655      	str	r5, [r2, #100]	; 0x64
10002030:	6757      	str	r7, [r2, #116]	; 0x74
10002032:	6716      	str	r6, [r2, #112]	; 0x70
10002034:	bdf0      	pop	{r4, r5, r6, r7, pc}

10002036 <__wrap___aeabi_dmul>:
10002036:	b418      	push	{r3, r4}
10002038:	4b03      	ldr	r3, [pc, #12]	; (10002048 <__wrap___aeabi_dmul+0x12>)
1000203a:	689b      	ldr	r3, [r3, #8]
1000203c:	46fc      	mov	ip, pc
1000203e:	9301      	str	r3, [sp, #4]
10002040:	bd08      	pop	{r3, pc}
10002042:	df08      	.short	0xdf08
10002044:	1000240d 	.word	0x1000240d
10002048:	2000244c 	.word	0x2000244c
1000204c:	d0000000 	.word	0xd0000000

10002050 <__wrap___aeabi_cdrcmple>:
10002050:	b5ff      	push	{r0, r1, r2, r3, r4, r5, r6, r7, lr}
10002052:	4050      	eors	r0, r2
10002054:	4042      	eors	r2, r0
10002056:	4050      	eors	r0, r2
10002058:	4059      	eors	r1, r3
1000205a:	404b      	eors	r3, r1
1000205c:	4059      	eors	r1, r3
1000205e:	e000      	b.n	10002062 <__aeabi_dfcmple_guts>

10002060 <__wrap___aeabi_cdcmpeq>:
10002060:	b5ff      	push	{r0, r1, r2, r3, r4, r5, r6, r7, lr}

10002062 <__aeabi_dfcmple_guts>:
10002062:	4f15      	ldr	r7, [pc, #84]	; (100020b8 <__aeabi_dfcmple_guts+0x56>)
10002064:	004c      	lsls	r4, r1, #1
10002066:	0d64      	lsrs	r4, r4, #21
10002068:	d003      	beq.n	10002072 <__aeabi_dfcmple_guts+0x10>
1000206a:	42bc      	cmp	r4, r7
1000206c:	d104      	bne.n	10002078 <__aeabi_dfcmple_guts+0x16>
1000206e:	030c      	lsls	r4, r1, #12
10002070:	d814      	bhi.n	1000209c <__aeabi_dfcmple_guts+0x3a>
10002072:	2000      	movs	r0, #0
10002074:	0d09      	lsrs	r1, r1, #20
10002076:	0509      	lsls	r1, r1, #20
10002078:	005c      	lsls	r4, r3, #1
1000207a:	0d64      	lsrs	r4, r4, #21
1000207c:	d003      	beq.n	10002086 <__aeabi_dfcmple_guts+0x24>
1000207e:	42bc      	cmp	r4, r7
10002080:	d104      	bne.n	1000208c <__aeabi_dfcmple_guts+0x2a>
10002082:	031c      	lsls	r4, r3, #12
10002084:	d80a      	bhi.n	1000209c <__aeabi_dfcmple_guts+0x3a>
10002086:	2200      	movs	r2, #0
10002088:	0d1b      	lsrs	r3, r3, #20
1000208a:	051b      	lsls	r3, r3, #20
1000208c:	2601      	movs	r6, #1
1000208e:	404b      	eors	r3, r1
10002090:	d409      	bmi.n	100020a6 <__aeabi_dfcmple_guts+0x44>
10002092:	404b      	eors	r3, r1
10002094:	d503      	bpl.n	1000209e <__aeabi_dfcmple_guts+0x3c>
10002096:	428b      	cmp	r3, r1
10002098:	d100      	bne.n	1000209c <__aeabi_dfcmple_guts+0x3a>
1000209a:	4282      	cmp	r2, r0
1000209c:	bdff      	pop	{r0, r1, r2, r3, r4, r5, r6, r7, pc}
1000209e:	4299      	cmp	r1, r3
100020a0:	d1fc      	bne.n	1000209c <__aeabi_dfcmple_guts+0x3a>
100020a2:	4290      	cmp	r0, r2
100020a4:	bdff      	pop	{r0, r1, r2, r3, r4, r5, r6, r7, pc}
100020a6:	430b      	orrs	r3, r1
100020a8:	18db      	adds	r3, r3, r3
100020aa:	4303      	orrs	r3, r0
100020ac:	4313      	orrs	r3, r2
100020ae:	d0f5      	beq.n	1000209c <__aeabi_dfcmple_guts+0x3a>
100020b0:	43c9      	mvns	r1, r1
100020b2:	1849      	adds	r1, r1, r1
100020b4:	bdff      	pop	{r0, r1, r2, r3, r4, r5, r6, r7, pc}
100020b6:	0000      	.short	0x0000
100020b8:	000007ff 	.word	0x000007ff

100020bc <__wrap___aeabi_dcmplt>:
100020bc:	b500      	push	{lr}
100020be:	f7ff ffcf 	bl	10002060 <__wrap___aeabi_cdcmpeq>
100020c2:	4180      	sbcs	r0, r0
100020c4:	bd00      	pop	{pc}
100020c6:	46c0      	nop			; (mov r8, r8)

100020c8 <__wrap___aeabi_dcmple>:
100020c8:	b500      	push	{lr}
100020ca:	f7ff ffc9 	bl	10002060 <__wrap___aeabi_cdcmpeq>
100020ce:	d901      	bls.n	100020d4 <__wrap___aeabi_dcmple+0xc>
100020d0:	2000      	movs	r0, #0
100020d2:	bd00      	pop	{pc}
100020d4:	2001      	movs	r0, #1
100020d6:	bd00      	pop	{pc}

100020d8 <__wrap___aeabi_dcmpge>:
100020d8:	b500      	push	{lr}
100020da:	f7ff ffb9 	bl	10002050 <__wrap___aeabi_cdrcmple>
100020de:	d901      	bls.n	100020e4 <__wrap___aeabi_dcmpge+0xc>
100020e0:	2000      	movs	r0, #0
100020e2:	bd00      	pop	{pc}
100020e4:	2001      	movs	r0, #1
100020e6:	bd00      	pop	{pc}

100020e8 <__wrap___aeabi_dcmpgt>:
100020e8:	b500      	push	{lr}
100020ea:	f7ff ffb1 	bl	10002050 <__wrap___aeabi_cdrcmple>
100020ee:	4180      	sbcs	r0, r0
100020f0:	bd00      	pop	{pc}

100020f2 <__wrap___aeabi_dcmpun>:
100020f2:	2001      	movs	r0, #1
100020f4:	0540      	lsls	r0, r0, #21
100020f6:	004a      	lsls	r2, r1, #1
100020f8:	1812      	adds	r2, r2, r0
100020fa:	d804      	bhi.n	10002106 <__wrap___aeabi_dcmpun+0x14>
100020fc:	005a      	lsls	r2, r3, #1
100020fe:	1812      	adds	r2, r2, r0
10002100:	d801      	bhi.n	10002106 <__wrap___aeabi_dcmpun+0x14>
10002102:	2000      	movs	r0, #0
10002104:	4770      	bx	lr
10002106:	2001      	movs	r0, #1
10002108:	4770      	bx	lr
	...

1000210c <__wrap___aeabi_ui2d>:
1000210c:	2100      	movs	r1, #0
1000210e:	2800      	cmp	r0, #0
10002110:	d105      	bne.n	1000211e <__wrap___aeabi_i2d+0xa>
10002112:	4770      	bx	lr

10002114 <__wrap___aeabi_i2d>:
10002114:	17c1      	asrs	r1, r0, #31
10002116:	4048      	eors	r0, r1
10002118:	1a40      	subs	r0, r0, r1
1000211a:	d0fa      	beq.n	10002112 <__wrap___aeabi_ui2d+0x6>
1000211c:	07c9      	lsls	r1, r1, #31
1000211e:	b513      	push	{r0, r1, r4, lr}
10002120:	4b06      	ldr	r3, [pc, #24]	; (1000213c <__wrap___aeabi_i2d+0x28>)
10002122:	681b      	ldr	r3, [r3, #0]
10002124:	4798      	blx	r3
10002126:	bc0c      	pop	{r2, r3}
10002128:	1c44      	adds	r4, r0, #1
1000212a:	40a2      	lsls	r2, r4
1000212c:	0510      	lsls	r0, r2, #20
1000212e:	0b12      	lsrs	r2, r2, #12
10002130:	4903      	ldr	r1, [pc, #12]	; (10002140 <__wrap___aeabi_i2d+0x2c>)
10002132:	1b09      	subs	r1, r1, r4
10002134:	0509      	lsls	r1, r1, #20
10002136:	4319      	orrs	r1, r3
10002138:	4311      	orrs	r1, r2
1000213a:	bd10      	pop	{r4, pc}
1000213c:	2000254c 	.word	0x2000254c
10002140:	0000041f 	.word	0x0000041f

10002144 <__wrap___aeabi_d2iz>:
10002144:	b510      	push	{r4, lr}
10002146:	004c      	lsls	r4, r1, #1
10002148:	0d62      	lsrs	r2, r4, #21
1000214a:	2380      	movs	r3, #128	; 0x80
1000214c:	18d2      	adds	r2, r2, r3
1000214e:	00db      	lsls	r3, r3, #3
10002150:	1ad2      	subs	r2, r2, r3
10002152:	055b      	lsls	r3, r3, #21
10002154:	2a7e      	cmp	r2, #126	; 0x7e
10002156:	dd10      	ble.n	1000217a <__wrap___aeabi_d2iz+0x36>
10002158:	3a9e      	subs	r2, #158	; 0x9e
1000215a:	da13      	bge.n	10002184 <__wrap___aeabi_d2iz+0x40>
1000215c:	17cc      	asrs	r4, r1, #31
1000215e:	0309      	lsls	r1, r1, #12
10002160:	0849      	lsrs	r1, r1, #1
10002162:	4319      	orrs	r1, r3
10002164:	4252      	negs	r2, r2
10002166:	40d1      	lsrs	r1, r2
10002168:	0064      	lsls	r4, r4, #1
1000216a:	3401      	adds	r4, #1
1000216c:	3215      	adds	r2, #21
1000216e:	2a20      	cmp	r2, #32
10002170:	da05      	bge.n	1000217e <__wrap___aeabi_d2iz+0x3a>
10002172:	40d0      	lsrs	r0, r2
10002174:	4308      	orrs	r0, r1
10002176:	4360      	muls	r0, r4
10002178:	bd10      	pop	{r4, pc}
1000217a:	2000      	movs	r0, #0
1000217c:	bd10      	pop	{r4, pc}
1000217e:	4608      	mov	r0, r1
10002180:	4360      	muls	r0, r4
10002182:	bd10      	pop	{r4, pc}
10002184:	0fc8      	lsrs	r0, r1, #31
10002186:	18c0      	adds	r0, r0, r3
10002188:	3801      	subs	r0, #1
1000218a:	bd10      	pop	{r4, pc}

1000218c <__wrap___aeabi_d2uiz>:
1000218c:	b418      	push	{r3, r4}
1000218e:	4b04      	ldr	r3, [pc, #16]	; (100021a0 <__wrap___aeabi_d2uiz+0x14>)
10002190:	6a5b      	ldr	r3, [r3, #36]	; 0x24
10002192:	46fc      	mov	ip, pc
10002194:	9301      	str	r3, [sp, #4]
10002196:	bd08      	pop	{r3, pc}
10002198:	2719df24 	.word	0x2719df24
1000219c:	00001000 	.word	0x00001000
100021a0:	2000244c 	.word	0x2000244c

100021a4 <__aeabi_double_init>:
100021a4:	b570      	push	{r4, r5, r6, lr}
100021a6:	2313      	movs	r3, #19
100021a8:	781c      	ldrb	r4, [r3, #0]
100021aa:	2c01      	cmp	r4, #1
100021ac:	d014      	beq.n	100021d8 <__aeabi_double_init+0x34>
100021ae:	2c01      	cmp	r4, #1
100021b0:	dc14      	bgt.n	100021dc <__aeabi_double_init+0x38>
100021b2:	2c02      	cmp	r4, #2
100021b4:	dc02      	bgt.n	100021bc <__aeabi_double_init+0x18>
100021b6:	4a1f      	ldr	r2, [pc, #124]	; (10002234 <__aeabi_double_init+0x90>)
100021b8:	4b1f      	ldr	r3, [pc, #124]	; (10002238 <__aeabi_double_init+0x94>)
100021ba:	649a      	str	r2, [r3, #72]	; 0x48
100021bc:	481f      	ldr	r0, [pc, #124]	; (1000223c <__aeabi_double_init+0x98>)
100021be:	f7ff fb6d 	bl	1000189c <rom_func_lookup>
100021c2:	4b1f      	ldr	r3, [pc, #124]	; (10002240 <__aeabi_double_init+0x9c>)
100021c4:	6018      	str	r0, [r3, #0]
100021c6:	bd70      	pop	{r4, r5, r6, pc}
100021c8:	0099      	lsls	r1, r3, #2
100021ca:	481a      	ldr	r0, [pc, #104]	; (10002234 <__aeabi_double_init+0x90>)
100021cc:	4a1a      	ldr	r2, [pc, #104]	; (10002238 <__aeabi_double_init+0x94>)
100021ce:	5088      	str	r0, [r1, r2]
100021d0:	3301      	adds	r3, #1
100021d2:	2b1f      	cmp	r3, #31
100021d4:	d9f8      	bls.n	100021c8 <__aeabi_double_init+0x24>
100021d6:	e7ea      	b.n	100021ae <__aeabi_double_init+0xa>
100021d8:	2300      	movs	r3, #0
100021da:	e7fa      	b.n	100021d2 <__aeabi_double_init+0x2e>
100021dc:	4819      	ldr	r0, [pc, #100]	; (10002244 <__aeabi_double_init+0xa0>)
100021de:	f7ff fb65 	bl	100018ac <rom_data_lookup>
100021e2:	0005      	movs	r5, r0
100021e4:	4818      	ldr	r0, [pc, #96]	; (10002248 <__aeabi_double_init+0xa4>)
100021e6:	f7ff fb61 	bl	100018ac <rom_data_lookup>
100021ea:	3802      	subs	r0, #2
100021ec:	7803      	ldrb	r3, [r0, #0]
100021ee:	009b      	lsls	r3, r3, #2
100021f0:	2b7f      	cmp	r3, #127	; 0x7f
100021f2:	dd19      	ble.n	10002228 <__aeabi_double_init+0x84>
100021f4:	2280      	movs	r2, #128	; 0x80
100021f6:	0029      	movs	r1, r5
100021f8:	480f      	ldr	r0, [pc, #60]	; (10002238 <__aeabi_double_init+0x94>)
100021fa:	f000 fbdb 	bl	100029b4 <__wrap___aeabi_memcpy>
100021fe:	2c02      	cmp	r4, #2
10002200:	d1d7      	bne.n	100021b2 <__aeabi_double_init+0xe>
10002202:	4b12      	ldr	r3, [pc, #72]	; (1000224c <__aeabi_double_init+0xa8>)
10002204:	881a      	ldrh	r2, [r3, #0]
10002206:	23b5      	movs	r3, #181	; 0xb5
10002208:	021b      	lsls	r3, r3, #8
1000220a:	429a      	cmp	r2, r3
1000220c:	d109      	bne.n	10002222 <__aeabi_double_init+0x7e>
1000220e:	4b10      	ldr	r3, [pc, #64]	; (10002250 <__aeabi_double_init+0xac>)
10002210:	881a      	ldrh	r2, [r3, #0]
10002212:	4b10      	ldr	r3, [pc, #64]	; (10002254 <__aeabi_double_init+0xb0>)
10002214:	429a      	cmp	r2, r3
10002216:	d104      	bne.n	10002222 <__aeabi_double_init+0x7e>
10002218:	4b0f      	ldr	r3, [pc, #60]	; (10002258 <__aeabi_double_init+0xb4>)
1000221a:	881a      	ldrh	r2, [r3, #0]
1000221c:	4b0f      	ldr	r3, [pc, #60]	; (1000225c <__aeabi_double_init+0xb8>)
1000221e:	429a      	cmp	r2, r3
10002220:	d0c7      	beq.n	100021b2 <__aeabi_double_init+0xe>
10002222:	2000      	movs	r0, #0
10002224:	f7fe f96c 	bl	10000500 <panic>
10002228:	4b0d      	ldr	r3, [pc, #52]	; (10002260 <__aeabi_double_init+0xbc>)
1000222a:	4a0e      	ldr	r2, [pc, #56]	; (10002264 <__aeabi_double_init+0xc0>)
1000222c:	2133      	movs	r1, #51	; 0x33
1000222e:	480e      	ldr	r0, [pc, #56]	; (10002268 <__aeabi_double_init+0xc4>)
10002230:	f001 fca4 	bl	10003b7c <__assert_func>
10002234:	1000226d 	.word	0x1000226d
10002238:	2000244c 	.word	0x2000244c
1000223c:	0000334c 	.word	0x0000334c
10002240:	2000254c 	.word	0x2000254c
10002244:	00004453 	.word	0x00004453
10002248:	00004653 	.word	0x00004653
1000224c:	00003854 	.word	0x00003854
10002250:	000038d8 	.word	0x000038d8
10002254:	00004649 	.word	0x00004649
10002258:	0000389c 	.word	0x0000389c
1000225c:	00004659 	.word	0x00004659
10002260:	10008014 	.word	0x10008014
10002264:	100080a0 	.word	0x100080a0
10002268:	10008058 	.word	0x10008058

1000226c <double_table_shim_on_use_helper>:
1000226c:	b507      	push	{r0, r1, r2, lr}
1000226e:	4660      	mov	r0, ip
10002270:	2800      	cmp	r0, #0
10002272:	d100      	bne.n	10002276 <double_table_shim_on_use_helper+0xa>
10002274:	be00      	bkpt	0x0000
10002276:	8801      	ldrh	r1, [r0, #0]
10002278:	0a0a      	lsrs	r2, r1, #8
1000227a:	3002      	adds	r0, #2
1000227c:	2adf      	cmp	r2, #223	; 0xdf
1000227e:	d1fa      	bne.n	10002276 <double_table_shim_on_use_helper+0xa>
10002280:	b2c9      	uxtb	r1, r1
10002282:	0882      	lsrs	r2, r0, #2
10002284:	d304      	bcc.n	10002290 <double_table_shim_on_use_helper+0x24>
10002286:	8802      	ldrh	r2, [r0, #0]
10002288:	8840      	ldrh	r0, [r0, #2]
1000228a:	0400      	lsls	r0, r0, #16
1000228c:	4310      	orrs	r0, r2
1000228e:	e000      	b.n	10002292 <double_table_shim_on_use_helper+0x26>
10002290:	6800      	ldr	r0, [r0, #0]
10002292:	4a02      	ldr	r2, [pc, #8]	; (1000229c <double_table_shim_on_use_helper+0x30>)
10002294:	5050      	str	r0, [r2, r1]
10002296:	9003      	str	r0, [sp, #12]
10002298:	bd07      	pop	{r0, r1, r2, pc}
1000229a:	0000      	.short	0x0000
1000229c:	2000244c 	.word	0x2000244c

100022a0 <drsub_shim>:
100022a0:	b40f      	push	{r0, r1, r2, r3}
100022a2:	bc03      	pop	{r0, r1}
100022a4:	bc0c      	pop	{r2, r3}

100022a6 <dsub_shim>:
100022a6:	b5f0      	push	{r4, r5, r6, r7, lr}
100022a8:	2401      	movs	r4, #1
100022aa:	07e4      	lsls	r4, r4, #31
100022ac:	4063      	eors	r3, r4
100022ae:	e000      	b.n	100022b2 <da_entry>

100022b0 <dadd_shim>:
100022b0:	b5f0      	push	{r4, r5, r6, r7, lr}

100022b2 <da_entry>:
100022b2:	0d0c      	lsrs	r4, r1, #20
100022b4:	0fcf      	lsrs	r7, r1, #31
100022b6:	1e66      	subs	r6, r4, #1
100022b8:	0536      	lsls	r6, r6, #20
100022ba:	1b89      	subs	r1, r1, r6
100022bc:	0564      	lsls	r4, r4, #21
100022be:	d303      	bcc.n	100022c8 <l8_1>
100022c0:	43c9      	mvns	r1, r1
100022c2:	4240      	negs	r0, r0
100022c4:	d300      	bcc.n	100022c8 <l8_1>
100022c6:	3101      	adds	r1, #1

100022c8 <l8_1>:
100022c8:	0d64      	lsrs	r4, r4, #21
100022ca:	d003      	beq.n	100022d4 <l8_2>
100022cc:	1c66      	adds	r6, r4, #1
100022ce:	0af6      	lsrs	r6, r6, #11
100022d0:	d007      	beq.n	100022e2 <l8_3>
100022d2:	1be4      	subs	r4, r4, r7

100022d4 <l8_2>:
100022d4:	2000      	movs	r0, #0
100022d6:	007f      	lsls	r7, r7, #1
100022d8:	1c79      	adds	r1, r7, #1
100022da:	0789      	lsls	r1, r1, #30
100022dc:	1289      	asrs	r1, r1, #10
100022de:	3c80      	subs	r4, #128	; 0x80
100022e0:	0324      	lsls	r4, r4, #12

100022e2 <l8_3>:
100022e2:	0d1d      	lsrs	r5, r3, #20
100022e4:	0fdf      	lsrs	r7, r3, #31
100022e6:	1e6e      	subs	r6, r5, #1
100022e8:	0536      	lsls	r6, r6, #20
100022ea:	1b9b      	subs	r3, r3, r6
100022ec:	056d      	lsls	r5, r5, #21
100022ee:	d303      	bcc.n	100022f8 <l9_1>
100022f0:	43db      	mvns	r3, r3
100022f2:	4252      	negs	r2, r2
100022f4:	d300      	bcc.n	100022f8 <l9_1>
100022f6:	3301      	adds	r3, #1

100022f8 <l9_1>:
100022f8:	0d6d      	lsrs	r5, r5, #21
100022fa:	d003      	beq.n	10002304 <l9_2>
100022fc:	1c6e      	adds	r6, r5, #1
100022fe:	0af6      	lsrs	r6, r6, #11
10002300:	d007      	beq.n	10002312 <l9_3>
10002302:	1bed      	subs	r5, r5, r7

10002304 <l9_2>:
10002304:	2200      	movs	r2, #0
10002306:	007f      	lsls	r7, r7, #1
10002308:	1c7b      	adds	r3, r7, #1
1000230a:	079b      	lsls	r3, r3, #30
1000230c:	129b      	asrs	r3, r3, #10
1000230e:	3d80      	subs	r5, #128	; 0x80
10002310:	032d      	lsls	r5, r5, #12

10002312 <l9_3>:
10002312:	1b2f      	subs	r7, r5, r4
10002314:	1b66      	subs	r6, r4, r5
10002316:	d458      	bmi.n	100023ca <da_ygtx>
10002318:	46a4      	mov	ip, r4
1000231a:	2e20      	cmp	r6, #32
1000231c:	da46      	bge.n	100023ac <da_xrgty>
1000231e:	3720      	adds	r7, #32
10002320:	0014      	movs	r4, r2
10002322:	40bc      	lsls	r4, r7

10002324 <da_xgty0>:
10002324:	001d      	movs	r5, r3
10002326:	40bd      	lsls	r5, r7
10002328:	40f2      	lsrs	r2, r6
1000232a:	4133      	asrs	r3, r6
1000232c:	432a      	orrs	r2, r5

1000232e <da_add>:
1000232e:	1880      	adds	r0, r0, r2
10002330:	4159      	adcs	r1, r3

10002332 <da_pack>:
10002332:	0fcb      	lsrs	r3, r1, #31
10002334:	d005      	beq.n	10002342 <da_pack+0x10>
10002336:	43c9      	mvns	r1, r1
10002338:	43c0      	mvns	r0, r0
1000233a:	2200      	movs	r2, #0
1000233c:	4264      	negs	r4, r4
1000233e:	4150      	adcs	r0, r2
10002340:	4151      	adcs	r1, r2
10002342:	4662      	mov	r2, ip
10002344:	0d4d      	lsrs	r5, r1, #21
10002346:	d128      	bne.n	1000239a <da_0>
10002348:	0d0d      	lsrs	r5, r1, #20
1000234a:	d107      	bne.n	1000235c <da_1>
1000234c:	2800      	cmp	r0, #0
1000234e:	d01f      	beq.n	10002390 <da_5>

10002350 <da_2>:
10002350:	1924      	adds	r4, r4, r4
10002352:	4140      	adcs	r0, r0
10002354:	4149      	adcs	r1, r1
10002356:	3a01      	subs	r2, #1
10002358:	0d0d      	lsrs	r5, r1, #20
1000235a:	d0f9      	beq.n	10002350 <da_2>

1000235c <da_1>:
1000235c:	0064      	lsls	r4, r4, #1
1000235e:	d306      	bcc.n	1000236e <da_3>

10002360 <da_4>:
10002360:	3001      	adds	r0, #1
10002362:	d300      	bcc.n	10002366 <da_4+0x6>
10002364:	3101      	adds	r1, #1
10002366:	2c00      	cmp	r4, #0
10002368:	d101      	bne.n	1000236e <da_3>
1000236a:	0840      	lsrs	r0, r0, #1
1000236c:	0040      	lsls	r0, r0, #1

1000236e <da_3>:
1000236e:	3a01      	subs	r2, #1
10002370:	d40b      	bmi.n	1000238a <da_6>
10002372:	1c94      	adds	r4, r2, #2
10002374:	0ae4      	lsrs	r4, r4, #11
10002376:	d104      	bne.n	10002382 <da_7>
10002378:	0512      	lsls	r2, r2, #20
1000237a:	4411      	add	r1, r2
1000237c:	07db      	lsls	r3, r3, #31
1000237e:	4419      	add	r1, r3
10002380:	bdf0      	pop	{r4, r5, r6, r7, pc}

10002382 <da_7>:
10002382:	07d9      	lsls	r1, r3, #31
10002384:	4b20      	ldr	r3, [pc, #128]	; (10002408 <da_xmgty+0x4>)
10002386:	4319      	orrs	r1, r3
10002388:	e000      	b.n	1000238c <da_6+0x2>

1000238a <da_6>:
1000238a:	07d9      	lsls	r1, r3, #31
1000238c:	2000      	movs	r0, #0
1000238e:	bdf0      	pop	{r4, r5, r6, r7, pc}

10002390 <da_5>:
10002390:	2900      	cmp	r1, #0
10002392:	d1dd      	bne.n	10002350 <da_2>
10002394:	2c00      	cmp	r4, #0
10002396:	d1db      	bne.n	10002350 <da_2>
10002398:	bdf0      	pop	{r4, r5, r6, r7, pc}

1000239a <da_0>:
1000239a:	3201      	adds	r2, #1
1000239c:	07c6      	lsls	r6, r0, #31
1000239e:	0840      	lsrs	r0, r0, #1
100023a0:	07cd      	lsls	r5, r1, #31
100023a2:	4328      	orrs	r0, r5
100023a4:	0849      	lsrs	r1, r1, #1
100023a6:	2e00      	cmp	r6, #0
100023a8:	d0e1      	beq.n	1000236e <da_3>
100023aa:	e7d9      	b.n	10002360 <da_4>

100023ac <da_xrgty>:
100023ac:	2e3c      	cmp	r6, #60	; 0x3c
100023ae:	da29      	bge.n	10002404 <da_xmgty>
100023b0:	3e20      	subs	r6, #32
100023b2:	3740      	adds	r7, #64	; 0x40
100023b4:	0014      	movs	r4, r2
100023b6:	40bc      	lsls	r4, r7
100023b8:	d000      	beq.n	100023bc <da_xrgty+0x10>
100023ba:	2401      	movs	r4, #1
100023bc:	40f2      	lsrs	r2, r6
100023be:	4314      	orrs	r4, r2
100023c0:	001a      	movs	r2, r3
100023c2:	40bb      	lsls	r3, r7
100023c4:	431c      	orrs	r4, r3
100023c6:	17d3      	asrs	r3, r2, #31
100023c8:	e7ac      	b.n	10002324 <da_xgty0>

100023ca <da_ygtx>:
100023ca:	46ac      	mov	ip, r5
100023cc:	2f20      	cmp	r7, #32
100023ce:	da08      	bge.n	100023e2 <da_yrgtx>
100023d0:	3620      	adds	r6, #32
100023d2:	0004      	movs	r4, r0
100023d4:	40b4      	lsls	r4, r6

100023d6 <da_ygtx0>:
100023d6:	000d      	movs	r5, r1
100023d8:	40b5      	lsls	r5, r6
100023da:	40f8      	lsrs	r0, r7
100023dc:	4139      	asrs	r1, r7
100023de:	4328      	orrs	r0, r5
100023e0:	e7a5      	b.n	1000232e <da_add>

100023e2 <da_yrgtx>:
100023e2:	2f3c      	cmp	r7, #60	; 0x3c
100023e4:	da0c      	bge.n	10002400 <da_ymgtx>
100023e6:	3f20      	subs	r7, #32
100023e8:	3640      	adds	r6, #64	; 0x40
100023ea:	0004      	movs	r4, r0
100023ec:	40b4      	lsls	r4, r6
100023ee:	d000      	beq.n	100023f2 <da_yrgtx+0x10>
100023f0:	2401      	movs	r4, #1
100023f2:	40f8      	lsrs	r0, r7
100023f4:	4304      	orrs	r4, r0
100023f6:	0008      	movs	r0, r1
100023f8:	40b1      	lsls	r1, r6
100023fa:	430c      	orrs	r4, r1
100023fc:	17c1      	asrs	r1, r0, #31
100023fe:	e7ea      	b.n	100023d6 <da_ygtx0>

10002400 <da_ymgtx>:
10002400:	0010      	movs	r0, r2
10002402:	0019      	movs	r1, r3

10002404 <da_xmgty>:
10002404:	2400      	movs	r4, #0
10002406:	e794      	b.n	10002332 <da_pack>
10002408:	7ff00000 	.word	0x7ff00000

1000240c <dmul_shim>:
1000240c:	b5f0      	push	{r4, r5, r6, r7, lr}
1000240e:	0d0c      	lsrs	r4, r1, #20
10002410:	1e66      	subs	r6, r4, #1
10002412:	0536      	lsls	r6, r6, #20
10002414:	1b89      	subs	r1, r1, r6
10002416:	0ae6      	lsrs	r6, r4, #11
10002418:	0564      	lsls	r4, r4, #21
1000241a:	0d64      	lsrs	r4, r4, #21
1000241c:	d002      	beq.n	10002424 <l12_1>
1000241e:	1c65      	adds	r5, r4, #1
10002420:	0aed      	lsrs	r5, r5, #11
10002422:	d004      	beq.n	1000242e <l12_2>

10002424 <l12_1>:
10002424:	2000      	movs	r0, #0
10002426:	2101      	movs	r1, #1
10002428:	0509      	lsls	r1, r1, #20
1000242a:	3c80      	subs	r4, #128	; 0x80
1000242c:	0324      	lsls	r4, r4, #12

1000242e <l12_2>:
1000242e:	46a4      	mov	ip, r4
10002430:	0d1c      	lsrs	r4, r3, #20
10002432:	1e67      	subs	r7, r4, #1
10002434:	053f      	lsls	r7, r7, #20
10002436:	1bdb      	subs	r3, r3, r7
10002438:	0ae7      	lsrs	r7, r4, #11
1000243a:	0564      	lsls	r4, r4, #21
1000243c:	0d64      	lsrs	r4, r4, #21
1000243e:	d002      	beq.n	10002446 <l13_1>
10002440:	1c65      	adds	r5, r4, #1
10002442:	0aed      	lsrs	r5, r5, #11
10002444:	d004      	beq.n	10002450 <l13_2>

10002446 <l13_1>:
10002446:	2200      	movs	r2, #0
10002448:	2301      	movs	r3, #1
1000244a:	051b      	lsls	r3, r3, #20
1000244c:	3c80      	subs	r4, #128	; 0x80
1000244e:	0324      	lsls	r4, r4, #12

10002450 <l13_2>:
10002450:	4077      	eors	r7, r6
10002452:	4464      	add	r4, ip
10002454:	b497      	push	{r0, r1, r2, r4, r7}
10002456:	b284      	uxth	r4, r0
10002458:	b296      	uxth	r6, r2
1000245a:	4374      	muls	r4, r6
1000245c:	0c07      	lsrs	r7, r0, #16
1000245e:	437e      	muls	r6, r7
10002460:	0c15      	lsrs	r5, r2, #16
10002462:	436f      	muls	r7, r5
10002464:	b280      	uxth	r0, r0
10002466:	4368      	muls	r0, r5
10002468:	1836      	adds	r6, r6, r0
1000246a:	d302      	bcc.n	10002472 <l14_1>
1000246c:	2001      	movs	r0, #1
1000246e:	0400      	lsls	r0, r0, #16
10002470:	183f      	adds	r7, r7, r0

10002472 <l14_1>:
10002472:	0430      	lsls	r0, r6, #16
10002474:	0c35      	lsrs	r5, r6, #16
10002476:	1900      	adds	r0, r0, r4
10002478:	417d      	adcs	r5, r7
1000247a:	4684      	mov	ip, r0
1000247c:	b288      	uxth	r0, r1
1000247e:	b29a      	uxth	r2, r3
10002480:	4350      	muls	r0, r2
10002482:	0c0c      	lsrs	r4, r1, #16
10002484:	4362      	muls	r2, r4
10002486:	0c1f      	lsrs	r7, r3, #16
10002488:	437c      	muls	r4, r7
1000248a:	b28e      	uxth	r6, r1
1000248c:	437e      	muls	r6, r7
1000248e:	1992      	adds	r2, r2, r6
10002490:	d302      	bcc.n	10002498 <l15_1>
10002492:	2601      	movs	r6, #1
10002494:	0436      	lsls	r6, r6, #16
10002496:	19a4      	adds	r4, r4, r6

10002498 <l15_1>:
10002498:	0416      	lsls	r6, r2, #16
1000249a:	0c17      	lsrs	r7, r2, #16
1000249c:	1836      	adds	r6, r6, r0
1000249e:	4167      	adcs	r7, r4
100024a0:	bc01      	pop	{r0}
100024a2:	b281      	uxth	r1, r0
100024a4:	b29a      	uxth	r2, r3
100024a6:	4351      	muls	r1, r2
100024a8:	0c04      	lsrs	r4, r0, #16
100024aa:	4362      	muls	r2, r4
100024ac:	0c1b      	lsrs	r3, r3, #16
100024ae:	435c      	muls	r4, r3
100024b0:	b280      	uxth	r0, r0
100024b2:	4358      	muls	r0, r3
100024b4:	1812      	adds	r2, r2, r0
100024b6:	d302      	bcc.n	100024be <l16_1>
100024b8:	2001      	movs	r0, #1
100024ba:	0400      	lsls	r0, r0, #16
100024bc:	1824      	adds	r4, r4, r0

100024be <l16_1>:
100024be:	0410      	lsls	r0, r2, #16
100024c0:	0c13      	lsrs	r3, r2, #16
100024c2:	1840      	adds	r0, r0, r1
100024c4:	4163      	adcs	r3, r4
100024c6:	182d      	adds	r5, r5, r0
100024c8:	415e      	adcs	r6, r3
100024ca:	2000      	movs	r0, #0
100024cc:	4147      	adcs	r7, r0
100024ce:	bc06      	pop	{r1, r2}
100024d0:	b288      	uxth	r0, r1
100024d2:	b293      	uxth	r3, r2
100024d4:	4358      	muls	r0, r3
100024d6:	0c0c      	lsrs	r4, r1, #16
100024d8:	4363      	muls	r3, r4
100024da:	0c12      	lsrs	r2, r2, #16
100024dc:	4354      	muls	r4, r2
100024de:	b289      	uxth	r1, r1
100024e0:	4351      	muls	r1, r2
100024e2:	185b      	adds	r3, r3, r1
100024e4:	d302      	bcc.n	100024ec <l17_1>
100024e6:	2101      	movs	r1, #1
100024e8:	0409      	lsls	r1, r1, #16
100024ea:	1864      	adds	r4, r4, r1

100024ec <l17_1>:
100024ec:	0419      	lsls	r1, r3, #16
100024ee:	0c1a      	lsrs	r2, r3, #16
100024f0:	1809      	adds	r1, r1, r0
100024f2:	4162      	adcs	r2, r4
100024f4:	186d      	adds	r5, r5, r1
100024f6:	4156      	adcs	r6, r2
100024f8:	2000      	movs	r0, #0
100024fa:	4147      	adcs	r7, r0
100024fc:	bc18      	pop	{r3, r4}
100024fe:	02f9      	lsls	r1, r7, #11
10002500:	0d72      	lsrs	r2, r6, #21
10002502:	4311      	orrs	r1, r2
10002504:	02f0      	lsls	r0, r6, #11
10002506:	0d6a      	lsrs	r2, r5, #21
10002508:	4310      	orrs	r0, r2
1000250a:	02ed      	lsls	r5, r5, #11
1000250c:	0d0a      	lsrs	r2, r1, #20
1000250e:	d103      	bne.n	10002518 <l17_1+0x2c>
10002510:	196d      	adds	r5, r5, r5
10002512:	4140      	adcs	r0, r0
10002514:	4149      	adcs	r1, r1
10002516:	3b01      	subs	r3, #1
10002518:	4e12      	ldr	r6, [pc, #72]	; (10002564 <dm_1+0xa>)
1000251a:	1b9b      	subs	r3, r3, r6
1000251c:	0076      	lsls	r6, r6, #1
1000251e:	42b3      	cmp	r3, r6
10002520:	d20e      	bcs.n	10002540 <dm_0>
10002522:	006d      	lsls	r5, r5, #1
10002524:	d307      	bcc.n	10002536 <l17_1+0x4a>
10002526:	3001      	adds	r0, #1
10002528:	2600      	movs	r6, #0
1000252a:	4171      	adcs	r1, r6
1000252c:	4666      	mov	r6, ip
1000252e:	4335      	orrs	r5, r6
10002530:	d101      	bne.n	10002536 <l17_1+0x4a>
10002532:	0840      	lsrs	r0, r0, #1
10002534:	0040      	lsls	r0, r0, #1
10002536:	051b      	lsls	r3, r3, #20
10002538:	18c9      	adds	r1, r1, r3

1000253a <dm_2>:
1000253a:	07e4      	lsls	r4, r4, #31
1000253c:	4421      	add	r1, r4
1000253e:	bdf0      	pop	{r4, r5, r6, r7, pc}

10002540 <dm_0>:
10002540:	da0b      	bge.n	1000255a <dm_1>
10002542:	3301      	adds	r3, #1
10002544:	d106      	bne.n	10002554 <dm_0+0x14>
10002546:	3001      	adds	r0, #1
10002548:	d104      	bne.n	10002554 <dm_0+0x14>
1000254a:	3101      	adds	r1, #1
1000254c:	0d4f      	lsrs	r7, r1, #21
1000254e:	d001      	beq.n	10002554 <dm_0+0x14>
10002550:	0849      	lsrs	r1, r1, #1
10002552:	e7f2      	b.n	1000253a <dm_2>
10002554:	07e1      	lsls	r1, r4, #31
10002556:	2000      	movs	r0, #0
10002558:	bdf0      	pop	{r4, r5, r6, r7, pc}

1000255a <dm_1>:
1000255a:	3601      	adds	r6, #1
1000255c:	0531      	lsls	r1, r6, #20
1000255e:	2000      	movs	r0, #0
10002560:	e7eb      	b.n	1000253a <dm_2>
10002562:	0000      	.short	0x0000
10002564:	000003ff 	.word	0x000003ff

10002568 <ddiv_shim>:
10002568:	b5f0      	push	{r4, r5, r6, r7, lr}

1000256a <ddiv0>:
1000256a:	0d1c      	lsrs	r4, r3, #20
1000256c:	1e67      	subs	r7, r4, #1
1000256e:	053f      	lsls	r7, r7, #20
10002570:	1bdb      	subs	r3, r3, r7
10002572:	0ae7      	lsrs	r7, r4, #11
10002574:	0564      	lsls	r4, r4, #21
10002576:	0d64      	lsrs	r4, r4, #21
10002578:	d002      	beq.n	10002580 <l20_1>
1000257a:	1c66      	adds	r6, r4, #1
1000257c:	0af6      	lsrs	r6, r6, #11
1000257e:	d004      	beq.n	1000258a <l20_2>

10002580 <l20_1>:
10002580:	2200      	movs	r2, #0
10002582:	2301      	movs	r3, #1
10002584:	051b      	lsls	r3, r3, #20
10002586:	3c80      	subs	r4, #128	; 0x80
10002588:	0324      	lsls	r4, r4, #12

1000258a <l20_2>:
1000258a:	25d0      	movs	r5, #208	; 0xd0
1000258c:	062d      	lsls	r5, r5, #24
1000258e:	2600      	movs	r6, #0
10002590:	43f6      	mvns	r6, r6
10002592:	662e      	str	r6, [r5, #96]	; 0x60
10002594:	091e      	lsrs	r6, r3, #4
10002596:	666e      	str	r6, [r5, #100]	; 0x64
10002598:	0fce      	lsrs	r6, r1, #31
1000259a:	19f6      	adds	r6, r6, r7
1000259c:	46b4      	mov	ip, r6
1000259e:	0049      	lsls	r1, r1, #1
100025a0:	0d4f      	lsrs	r7, r1, #21
100025a2:	d002      	beq.n	100025aa <l20_2+0x20>
100025a4:	1c7e      	adds	r6, r7, #1
100025a6:	0af6      	lsrs	r6, r6, #11
100025a8:	d003      	beq.n	100025b2 <l20_2+0x28>
100025aa:	2000      	movs	r0, #0
100025ac:	2100      	movs	r1, #0
100025ae:	3f40      	subs	r7, #64	; 0x40
100025b0:	033f      	lsls	r7, r7, #12
100025b2:	1b3e      	subs	r6, r7, r4
100025b4:	00b6      	lsls	r6, r6, #2
100025b6:	44b4      	add	ip, r6
100025b8:	3f01      	subs	r7, #1
100025ba:	057f      	lsls	r7, r7, #21
100025bc:	1bc9      	subs	r1, r1, r7
100025be:	0849      	lsrs	r1, r1, #1
100025c0:	6f2e      	ldr	r6, [r5, #112]	; 0x70
100025c2:	3601      	adds	r6, #1
100025c4:	0876      	lsrs	r6, r6, #1
100025c6:	029c      	lsls	r4, r3, #10
100025c8:	0d95      	lsrs	r5, r2, #22
100025ca:	4325      	orrs	r5, r4
100025cc:	4375      	muls	r5, r6
100025ce:	13ed      	asrs	r5, r5, #15
100025d0:	4375      	muls	r5, r6
100025d2:	13ad      	asrs	r5, r5, #14
100025d4:	3501      	adds	r5, #1
100025d6:	106d      	asrs	r5, r5, #1
100025d8:	03f6      	lsls	r6, r6, #15
100025da:	1b76      	subs	r6, r6, r5
100025dc:	b40c      	push	{r2, r3}
100025de:	02cc      	lsls	r4, r1, #11
100025e0:	0d45      	lsrs	r5, r0, #21
100025e2:	432c      	orrs	r4, r5
100025e4:	b2a2      	uxth	r2, r4
100025e6:	b2b3      	uxth	r3, r6
100025e8:	435a      	muls	r2, r3
100025ea:	0c27      	lsrs	r7, r4, #16
100025ec:	437b      	muls	r3, r7
100025ee:	0c35      	lsrs	r5, r6, #16
100025f0:	436f      	muls	r7, r5
100025f2:	b2a4      	uxth	r4, r4
100025f4:	436c      	muls	r4, r5
100025f6:	191b      	adds	r3, r3, r4
100025f8:	d302      	bcc.n	10002600 <l21_1>
100025fa:	2401      	movs	r4, #1
100025fc:	0424      	lsls	r4, r4, #16
100025fe:	193f      	adds	r7, r7, r4

10002600 <l21_1>:
10002600:	041c      	lsls	r4, r3, #16
10002602:	0c1d      	lsrs	r5, r3, #16
10002604:	18a4      	adds	r4, r4, r2
10002606:	417d      	adcs	r5, r7
10002608:	1924      	adds	r4, r4, r4
1000260a:	416d      	adcs	r5, r5
1000260c:	9a00      	ldr	r2, [sp, #0]
1000260e:	b291      	uxth	r1, r2
10002610:	b2ac      	uxth	r4, r5
10002612:	4361      	muls	r1, r4
10002614:	0c17      	lsrs	r7, r2, #16
10002616:	437c      	muls	r4, r7
10002618:	0c2b      	lsrs	r3, r5, #16
1000261a:	435f      	muls	r7, r3
1000261c:	b292      	uxth	r2, r2
1000261e:	435a      	muls	r2, r3
10002620:	18a4      	adds	r4, r4, r2
10002622:	d302      	bcc.n	1000262a <l22_1>
10002624:	2201      	movs	r2, #1
10002626:	0412      	lsls	r2, r2, #16
10002628:	18bf      	adds	r7, r7, r2

1000262a <l22_1>:
1000262a:	0422      	lsls	r2, r4, #16
1000262c:	0c23      	lsrs	r3, r4, #16
1000262e:	1852      	adds	r2, r2, r1
10002630:	417b      	adcs	r3, r7
10002632:	9c01      	ldr	r4, [sp, #4]
10002634:	436c      	muls	r4, r5
10002636:	191b      	adds	r3, r3, r4
10002638:	0e52      	lsrs	r2, r2, #25
1000263a:	01d9      	lsls	r1, r3, #7
1000263c:	430a      	orrs	r2, r1
1000263e:	0144      	lsls	r4, r0, #5
10002640:	1aa0      	subs	r0, r4, r2
10002642:	b281      	uxth	r1, r0
10002644:	b2b2      	uxth	r2, r6
10002646:	4351      	muls	r1, r2
10002648:	1403      	asrs	r3, r0, #16
1000264a:	435a      	muls	r2, r3
1000264c:	0c36      	lsrs	r6, r6, #16
1000264e:	4373      	muls	r3, r6
10002650:	b287      	uxth	r7, r0
10002652:	4377      	muls	r7, r6
10002654:	17d6      	asrs	r6, r2, #31
10002656:	19d2      	adds	r2, r2, r7
10002658:	2700      	movs	r7, #0
1000265a:	417e      	adcs	r6, r7
1000265c:	0436      	lsls	r6, r6, #16
1000265e:	199b      	adds	r3, r3, r6
10002660:	0417      	lsls	r7, r2, #16
10002662:	0c16      	lsrs	r6, r2, #16
10002664:	187f      	adds	r7, r7, r1
10002666:	415e      	adcs	r6, r3
10002668:	1673      	asrs	r3, r6, #25
1000266a:	18ed      	adds	r5, r5, r3
1000266c:	01f3      	lsls	r3, r6, #7
1000266e:	2600      	movs	r6, #0
10002670:	3380      	adds	r3, #128	; 0x80
10002672:	4175      	adcs	r5, r6
10002674:	0fa9      	lsrs	r1, r5, #30
10002676:	d106      	bne.n	10002686 <dd_0>
10002678:	0064      	lsls	r4, r4, #1
1000267a:	0a69      	lsrs	r1, r5, #9
1000267c:	05e8      	lsls	r0, r5, #23
1000267e:	0a5b      	lsrs	r3, r3, #9
10002680:	4318      	orrs	r0, r3
10002682:	d209      	bcs.n	10002698 <dd_1>
10002684:	e02f      	b.n	100026e6 <dd_2>

10002686 <dd_0>:
10002686:	2204      	movs	r2, #4
10002688:	4494      	add	ip, r2
1000268a:	3380      	adds	r3, #128	; 0x80
1000268c:	4175      	adcs	r5, r6
1000268e:	0aa9      	lsrs	r1, r5, #10
10002690:	05a8      	lsls	r0, r5, #22
10002692:	0a9b      	lsrs	r3, r3, #10
10002694:	4318      	orrs	r0, r3
10002696:	d326      	bcc.n	100026e6 <dd_2>

10002698 <dd_1>:
10002698:	4140      	adcs	r0, r0
1000269a:	4149      	adcs	r1, r1
1000269c:	0424      	lsls	r4, r4, #16
1000269e:	9a00      	ldr	r2, [sp, #0]
100026a0:	9b01      	ldr	r3, [sp, #4]
100026a2:	000d      	movs	r5, r1
100026a4:	4355      	muls	r5, r2
100026a6:	1b64      	subs	r4, r4, r5
100026a8:	4343      	muls	r3, r0
100026aa:	1ae4      	subs	r4, r4, r3
100026ac:	b295      	uxth	r5, r2
100026ae:	b286      	uxth	r6, r0
100026b0:	4375      	muls	r5, r6
100026b2:	0c17      	lsrs	r7, r2, #16
100026b4:	437e      	muls	r6, r7
100026b6:	0c03      	lsrs	r3, r0, #16
100026b8:	435f      	muls	r7, r3
100026ba:	b292      	uxth	r2, r2
100026bc:	435a      	muls	r2, r3
100026be:	18b6      	adds	r6, r6, r2
100026c0:	d302      	bcc.n	100026c8 <l24_1>
100026c2:	2201      	movs	r2, #1
100026c4:	0412      	lsls	r2, r2, #16
100026c6:	18bf      	adds	r7, r7, r2

100026c8 <l24_1>:
100026c8:	0432      	lsls	r2, r6, #16
100026ca:	0c33      	lsrs	r3, r6, #16
100026cc:	1952      	adds	r2, r2, r5
100026ce:	417b      	adcs	r3, r7
100026d0:	4252      	negs	r2, r2
100026d2:	419c      	sbcs	r4, r3
100026d4:	2c00      	cmp	r4, #0
100026d6:	d402      	bmi.n	100026de <l24_1+0x16>
100026d8:	2200      	movs	r2, #0
100026da:	3001      	adds	r0, #1
100026dc:	4151      	adcs	r1, r2
100026de:	0840      	lsrs	r0, r0, #1
100026e0:	07ca      	lsls	r2, r1, #31
100026e2:	4310      	orrs	r0, r2
100026e4:	0849      	lsrs	r1, r1, #1

100026e6 <dd_2>:
100026e6:	b002      	add	sp, #8
100026e8:	4662      	mov	r2, ip
100026ea:	07d7      	lsls	r7, r2, #31
100026ec:	1092      	asrs	r2, r2, #2
100026ee:	4b08      	ldr	r3, [pc, #32]	; (10002710 <dd_4+0x6>)
100026f0:	18d2      	adds	r2, r2, r3
100026f2:	4b08      	ldr	r3, [pc, #32]	; (10002714 <dd_4+0xa>)
100026f4:	429a      	cmp	r2, r3
100026f6:	d203      	bcs.n	10002700 <dd_3>
100026f8:	0512      	lsls	r2, r2, #20
100026fa:	1889      	adds	r1, r1, r2

100026fc <dd_5>:
100026fc:	19c9      	adds	r1, r1, r7
100026fe:	bdf0      	pop	{r4, r5, r6, r7, pc}

10002700 <dd_3>:
10002700:	2000      	movs	r0, #0
10002702:	2a00      	cmp	r2, #0
10002704:	dc01      	bgt.n	1000270a <dd_4>
10002706:	0039      	movs	r1, r7
10002708:	bdf0      	pop	{r4, r5, r6, r7, pc}

1000270a <dd_4>:
1000270a:	3301      	adds	r3, #1
1000270c:	0519      	lsls	r1, r3, #20
1000270e:	e7f5      	b.n	100026fc <dd_5>
10002710:	000003fd 	.word	0x000003fd
10002714:	000007fe 	.word	0x000007fe

10002718 <double2uint_shim>:
10002718:	2200      	movs	r2, #0

1000271a <double2ufix_shim>:
1000271a:	b500      	push	{lr}
1000271c:	3220      	adds	r2, #32
1000271e:	f000 f804 	bl	1000272a <double2ufix64_shim>
10002722:	0008      	movs	r0, r1
10002724:	bd00      	pop	{pc}
	...

10002728 <double2uint64_shim>:
10002728:	2200      	movs	r2, #0

1000272a <double2ufix64_shim>:
1000272a:	150b      	asrs	r3, r1, #20
1000272c:	d40a      	bmi.n	10002744 <ret_dzero>

1000272e <d2fix>:
1000272e:	b510      	push	{r4, lr}
10002730:	4694      	mov	ip, r2
10002732:	f000 f831 	bl	10002798 <dunpacks>
10002736:	1414      	asrs	r4, r2, #16
10002738:	3401      	adds	r4, #1
1000273a:	da00      	bge.n	1000273e <d2fix+0x10>
1000273c:	2100      	movs	r1, #0
1000273e:	17cb      	asrs	r3, r1, #31
10002740:	4c14      	ldr	r4, [pc, #80]	; (10002794 <d2fix_a+0x4a>)
10002742:	4720      	bx	r4

10002744 <ret_dzero>:
10002744:	2000      	movs	r0, #0
10002746:	2100      	movs	r1, #0
10002748:	4770      	bx	lr

1000274a <d2fix_a>:
1000274a:	4462      	add	r2, ip
1000274c:	3a34      	subs	r2, #52	; 0x34
1000274e:	d40c      	bmi.n	1000276a <d2fix_a+0x20>
10002750:	2a0c      	cmp	r2, #12
10002752:	da07      	bge.n	10002764 <d2fix_a+0x1a>
10002754:	0004      	movs	r4, r0
10002756:	4091      	lsls	r1, r2
10002758:	4090      	lsls	r0, r2
1000275a:	4252      	negs	r2, r2
1000275c:	3220      	adds	r2, #32
1000275e:	40d4      	lsrs	r4, r2
10002760:	4321      	orrs	r1, r4
10002762:	bd10      	pop	{r4, pc}
10002764:	43d8      	mvns	r0, r3
10002766:	43d9      	mvns	r1, r3
10002768:	bd10      	pop	{r4, pc}
1000276a:	3220      	adds	r2, #32
1000276c:	d407      	bmi.n	1000277e <d2fix_a+0x34>
1000276e:	460c      	mov	r4, r1
10002770:	4094      	lsls	r4, r2
10002772:	4252      	negs	r2, r2
10002774:	3220      	adds	r2, #32
10002776:	4111      	asrs	r1, r2
10002778:	40d0      	lsrs	r0, r2
1000277a:	4320      	orrs	r0, r4
1000277c:	bd10      	pop	{r4, pc}
1000277e:	0008      	movs	r0, r1
10002780:	17c9      	asrs	r1, r1, #31
10002782:	3220      	adds	r2, #32
10002784:	d403      	bmi.n	1000278e <d2fix_a+0x44>
10002786:	4252      	negs	r2, r2
10002788:	3220      	adds	r2, #32
1000278a:	4110      	asrs	r0, r2
1000278c:	bd10      	pop	{r4, pc}
1000278e:	0018      	movs	r0, r3
10002790:	0019      	movs	r1, r3
10002792:	bd10      	pop	{r4, pc}
10002794:	1000274b 	.word	0x1000274b

10002798 <dunpacks>:
10002798:	0d0a      	lsrs	r2, r1, #20
1000279a:	0fcc      	lsrs	r4, r1, #31
1000279c:	1e53      	subs	r3, r2, #1
1000279e:	051b      	lsls	r3, r3, #20
100027a0:	1ac9      	subs	r1, r1, r3
100027a2:	0552      	lsls	r2, r2, #21
100027a4:	d303      	bcc.n	100027ae <l60_1>
100027a6:	43c9      	mvns	r1, r1
100027a8:	4240      	negs	r0, r0
100027aa:	d300      	bcc.n	100027ae <l60_1>
100027ac:	3101      	adds	r1, #1

100027ae <l60_1>:
100027ae:	0d52      	lsrs	r2, r2, #21
100027b0:	d003      	beq.n	100027ba <l60_2>
100027b2:	1c53      	adds	r3, r2, #1
100027b4:	0adb      	lsrs	r3, r3, #11
100027b6:	d007      	beq.n	100027c8 <l60_3>
100027b8:	1b12      	subs	r2, r2, r4

100027ba <l60_2>:
100027ba:	2000      	movs	r0, #0
100027bc:	0064      	lsls	r4, r4, #1
100027be:	1c61      	adds	r1, r4, #1
100027c0:	0789      	lsls	r1, r1, #30
100027c2:	1289      	asrs	r1, r1, #10
100027c4:	3a80      	subs	r2, #128	; 0x80
100027c6:	0312      	lsls	r2, r2, #12

100027c8 <l60_3>:
100027c8:	4b01      	ldr	r3, [pc, #4]	; (100027d0 <l60_3+0x8>)
100027ca:	1ad2      	subs	r2, r2, r3
100027cc:	4770      	bx	lr
100027ce:	0000      	.short	0x0000
100027d0:	000003ff 	.word	0x000003ff

100027d4 <__wrap___aeabi_lmul>:
100027d4:	4351      	muls	r1, r2
100027d6:	4343      	muls	r3, r0
100027d8:	18c9      	adds	r1, r1, r3
100027da:	468c      	mov	ip, r1
100027dc:	0c11      	lsrs	r1, r2, #16
100027de:	b283      	uxth	r3, r0
100027e0:	434b      	muls	r3, r1
100027e2:	b410      	push	{r4}
100027e4:	0c04      	lsrs	r4, r0, #16
100027e6:	4361      	muls	r1, r4
100027e8:	b292      	uxth	r2, r2
100027ea:	b280      	uxth	r0, r0
100027ec:	4350      	muls	r0, r2
100027ee:	4362      	muls	r2, r4
100027f0:	041c      	lsls	r4, r3, #16
100027f2:	0c1b      	lsrs	r3, r3, #16
100027f4:	1900      	adds	r0, r0, r4
100027f6:	bc10      	pop	{r4}
100027f8:	4159      	adcs	r1, r3
100027fa:	0413      	lsls	r3, r2, #16
100027fc:	0c12      	lsrs	r2, r2, #16
100027fe:	18c0      	adds	r0, r0, r3
10002800:	4151      	adcs	r1, r2
10002802:	4461      	add	r1, ip
10002804:	4770      	bx	lr
	...

10002808 <__wrap___aeabi_frsub>:
10002808:	4048      	eors	r0, r1
1000280a:	4041      	eors	r1, r0
1000280c:	4048      	eors	r0, r1

1000280e <__wrap___aeabi_fsub>:
1000280e:	2300      	movs	r3, #0
10002810:	469c      	mov	ip, r3
10002812:	4b11      	ldr	r3, [pc, #68]	; (10002858 <__wrap___aeabi_fmul+0xa>)
10002814:	685b      	ldr	r3, [r3, #4]
10002816:	4718      	bx	r3

10002818 <__wrap___aeabi_fadd>:
10002818:	2300      	movs	r3, #0
1000281a:	469c      	mov	ip, r3
1000281c:	4b0e      	ldr	r3, [pc, #56]	; (10002858 <__wrap___aeabi_fmul+0xa>)
1000281e:	681b      	ldr	r3, [r3, #0]
10002820:	4718      	bx	r3

10002822 <__wrap___aeabi_fdiv>:
10002822:	4a0e      	ldr	r2, [pc, #56]	; (1000285c <__wrap___aeabi_fmul+0xe>)
10002824:	6f93      	ldr	r3, [r2, #120]	; 0x78
10002826:	089b      	lsrs	r3, r3, #2
10002828:	d204      	bcs.n	10002834 <fdiv_save_state>

1000282a <fdiv_shim_call>:
1000282a:	2300      	movs	r3, #0
1000282c:	469c      	mov	ip, r3
1000282e:	4b0a      	ldr	r3, [pc, #40]	; (10002858 <__wrap___aeabi_fmul+0xa>)
10002830:	68db      	ldr	r3, [r3, #12]
10002832:	4718      	bx	r3

10002834 <fdiv_save_state>:
10002834:	b5f0      	push	{r4, r5, r6, r7, lr}
10002836:	6e14      	ldr	r4, [r2, #96]	; 0x60
10002838:	6e55      	ldr	r5, [r2, #100]	; 0x64
1000283a:	6f57      	ldr	r7, [r2, #116]	; 0x74
1000283c:	6f16      	ldr	r6, [r2, #112]	; 0x70
1000283e:	f7ff fff4 	bl	1000282a <fdiv_shim_call>
10002842:	4a06      	ldr	r2, [pc, #24]	; (1000285c <__wrap___aeabi_fmul+0xe>)
10002844:	6614      	str	r4, [r2, #96]	; 0x60
10002846:	6655      	str	r5, [r2, #100]	; 0x64
10002848:	6757      	str	r7, [r2, #116]	; 0x74
1000284a:	6716      	str	r6, [r2, #112]	; 0x70
1000284c:	bdf0      	pop	{r4, r5, r6, r7, pc}

1000284e <__wrap___aeabi_fmul>:
1000284e:	2300      	movs	r3, #0
10002850:	469c      	mov	ip, r3
10002852:	4b01      	ldr	r3, [pc, #4]	; (10002858 <__wrap___aeabi_fmul+0xa>)
10002854:	689b      	ldr	r3, [r3, #8]
10002856:	4718      	bx	r3
10002858:	20002550 	.word	0x20002550
1000285c:	d0000000 	.word	0xd0000000

10002860 <__aeabi_float_init>:
10002860:	b570      	push	{r4, r5, r6, lr}
10002862:	2313      	movs	r3, #19
10002864:	781d      	ldrb	r5, [r3, #0]
10002866:	482a      	ldr	r0, [pc, #168]	; (10002910 <__aeabi_float_init+0xb0>)
10002868:	f7ff f820 	bl	100018ac <rom_data_lookup>
1000286c:	0004      	movs	r4, r0
1000286e:	2d01      	cmp	r5, #1
10002870:	d011      	beq.n	10002896 <__aeabi_float_init+0x36>
10002872:	2d01      	cmp	r5, #1
10002874:	dd09      	ble.n	1000288a <__aeabi_float_init+0x2a>
10002876:	1ea3      	subs	r3, r4, #2
10002878:	781b      	ldrb	r3, [r3, #0]
1000287a:	009b      	lsls	r3, r3, #2
1000287c:	2b7f      	cmp	r3, #127	; 0x7f
1000287e:	dd40      	ble.n	10002902 <__aeabi_float_init+0xa2>
10002880:	2280      	movs	r2, #128	; 0x80
10002882:	0021      	movs	r1, r4
10002884:	4823      	ldr	r0, [pc, #140]	; (10002914 <__aeabi_float_init+0xb4>)
10002886:	f000 f895 	bl	100029b4 <__wrap___aeabi_memcpy>
1000288a:	4823      	ldr	r0, [pc, #140]	; (10002918 <__aeabi_float_init+0xb8>)
1000288c:	f7ff f806 	bl	1000189c <rom_func_lookup>
10002890:	4b22      	ldr	r3, [pc, #136]	; (1000291c <__aeabi_float_init+0xbc>)
10002892:	6018      	str	r0, [r3, #0]
10002894:	bd70      	pop	{r4, r5, r6, pc}
10002896:	2254      	movs	r2, #84	; 0x54
10002898:	0001      	movs	r1, r0
1000289a:	481e      	ldr	r0, [pc, #120]	; (10002914 <__aeabi_float_init+0xb4>)
1000289c:	f000 f88a 	bl	100029b4 <__wrap___aeabi_memcpy>
100028a0:	4b1f      	ldr	r3, [pc, #124]	; (10002920 <__aeabi_float_init+0xc0>)
100028a2:	881a      	ldrh	r2, [r3, #0]
100028a4:	4b1f      	ldr	r3, [pc, #124]	; (10002924 <__aeabi_float_init+0xc4>)
100028a6:	429a      	cmp	r2, r3
100028a8:	d11c      	bne.n	100028e4 <__aeabi_float_init+0x84>
100028aa:	23a7      	movs	r3, #167	; 0xa7
100028ac:	019b      	lsls	r3, r3, #6
100028ae:	881a      	ldrh	r2, [r3, #0]
100028b0:	4b1d      	ldr	r3, [pc, #116]	; (10002928 <__aeabi_float_init+0xc8>)
100028b2:	429a      	cmp	r2, r3
100028b4:	d116      	bne.n	100028e4 <__aeabi_float_init+0x84>
100028b6:	4b1d      	ldr	r3, [pc, #116]	; (1000292c <__aeabi_float_init+0xcc>)
100028b8:	881a      	ldrh	r2, [r3, #0]
100028ba:	4b1d      	ldr	r3, [pc, #116]	; (10002930 <__aeabi_float_init+0xd0>)
100028bc:	429a      	cmp	r2, r3
100028be:	d111      	bne.n	100028e4 <__aeabi_float_init+0x84>
100028c0:	4b1c      	ldr	r3, [pc, #112]	; (10002934 <__aeabi_float_init+0xd4>)
100028c2:	881a      	ldrh	r2, [r3, #0]
100028c4:	2394      	movs	r3, #148	; 0x94
100028c6:	019b      	lsls	r3, r3, #6
100028c8:	429a      	cmp	r2, r3
100028ca:	d10b      	bne.n	100028e4 <__aeabi_float_init+0x84>
100028cc:	4b1a      	ldr	r3, [pc, #104]	; (10002938 <__aeabi_float_init+0xd8>)
100028ce:	881a      	ldrh	r2, [r3, #0]
100028d0:	4b1a      	ldr	r3, [pc, #104]	; (1000293c <__aeabi_float_init+0xdc>)
100028d2:	429a      	cmp	r2, r3
100028d4:	d106      	bne.n	100028e4 <__aeabi_float_init+0x84>
100028d6:	4b1a      	ldr	r3, [pc, #104]	; (10002940 <__aeabi_float_init+0xe0>)
100028d8:	681a      	ldr	r2, [r3, #0]
100028da:	4b1a      	ldr	r3, [pc, #104]	; (10002944 <__aeabi_float_init+0xe4>)
100028dc:	429a      	cmp	r2, r3
100028de:	d101      	bne.n	100028e4 <__aeabi_float_init+0x84>
100028e0:	2315      	movs	r3, #21
100028e2:	e007      	b.n	100028f4 <__aeabi_float_init+0x94>
100028e4:	4818      	ldr	r0, [pc, #96]	; (10002948 <__aeabi_float_init+0xe8>)
100028e6:	f7fd fe0b 	bl	10000500 <panic>
100028ea:	0099      	lsls	r1, r3, #2
100028ec:	4817      	ldr	r0, [pc, #92]	; (1000294c <__aeabi_float_init+0xec>)
100028ee:	4a09      	ldr	r2, [pc, #36]	; (10002914 <__aeabi_float_init+0xb4>)
100028f0:	5088      	str	r0, [r1, r2]
100028f2:	3301      	adds	r3, #1
100028f4:	2b1f      	cmp	r3, #31
100028f6:	d9f8      	bls.n	100028ea <__aeabi_float_init+0x8a>
100028f8:	4a14      	ldr	r2, [pc, #80]	; (1000294c <__aeabi_float_init+0xec>)
100028fa:	4b06      	ldr	r3, [pc, #24]	; (10002914 <__aeabi_float_init+0xb4>)
100028fc:	621a      	str	r2, [r3, #32]
100028fe:	61da      	str	r2, [r3, #28]
10002900:	e7b7      	b.n	10002872 <__aeabi_float_init+0x12>
10002902:	4b13      	ldr	r3, [pc, #76]	; (10002950 <__aeabi_float_init+0xf0>)
10002904:	4a13      	ldr	r2, [pc, #76]	; (10002954 <__aeabi_float_init+0xf4>)
10002906:	2142      	movs	r1, #66	; 0x42
10002908:	4813      	ldr	r0, [pc, #76]	; (10002958 <__aeabi_float_init+0xf8>)
1000290a:	f001 f937 	bl	10003b7c <__assert_func>
1000290e:	46c0      	nop			; (mov r8, r8)
10002910:	00004653 	.word	0x00004653
10002914:	20002550 	.word	0x20002550
10002918:	0000334c 	.word	0x0000334c
1000291c:	2000254c 	.word	0x2000254c
10002920:	000029ee 	.word	0x000029ee
10002924:	00000fc4 	.word	0x00000fc4
10002928:	00000dc2 	.word	0x00000dc2
1000292c:	00002b96 	.word	0x00002b96
10002930:	0000b5c0 	.word	0x0000b5c0
10002934:	00002b18 	.word	0x00002b18
10002938:	00002acc 	.word	0x00002acc
1000293c:	0000b510 	.word	0x0000b510
10002940:	00002cfc 	.word	0x00002cfc
10002944:	6487ed51 	.word	0x6487ed51
10002948:	1000842c 	.word	0x1000842c
1000294c:	1000295d 	.word	0x1000295d
10002950:	100080b4 	.word	0x100080b4
10002954:	1000812c 	.word	0x1000812c
10002958:	100080e8 	.word	0x100080e8

1000295c <float_table_shim_on_use_helper>:
1000295c:	b507      	push	{r0, r1, r2, lr}
1000295e:	4660      	mov	r0, ip
10002960:	2800      	cmp	r0, #0
10002962:	d100      	bne.n	10002966 <float_table_shim_on_use_helper+0xa>
10002964:	be00      	bkpt	0x0000
10002966:	8801      	ldrh	r1, [r0, #0]
10002968:	0a0a      	lsrs	r2, r1, #8
1000296a:	3002      	adds	r0, #2
1000296c:	2adf      	cmp	r2, #223	; 0xdf
1000296e:	d1fa      	bne.n	10002966 <float_table_shim_on_use_helper+0xa>
10002970:	b2c9      	uxtb	r1, r1
10002972:	0882      	lsrs	r2, r0, #2
10002974:	d304      	bcc.n	10002980 <float_table_shim_on_use_helper+0x24>
10002976:	8802      	ldrh	r2, [r0, #0]
10002978:	8840      	ldrh	r0, [r0, #2]
1000297a:	0400      	lsls	r0, r0, #16
1000297c:	4310      	orrs	r0, r2
1000297e:	e000      	b.n	10002982 <float_table_shim_on_use_helper+0x26>
10002980:	6800      	ldr	r0, [r0, #0]
10002982:	4a02      	ldr	r2, [pc, #8]	; (1000298c <float_table_shim_on_use_helper+0x30>)
10002984:	5050      	str	r0, [r2, r1]
10002986:	9003      	str	r0, [sp, #12]
10002988:	bd07      	pop	{r0, r1, r2, pc}
1000298a:	0000      	.short	0x0000
1000298c:	20002550 	.word	0x20002550

10002990 <__wrap_free>:
10002990:	b510      	push	{r4, lr}
10002992:	f004 fd99 	bl	100074c8 <free>
10002996:	bd10      	pop	{r4, pc}

10002998 <__aeabi_mem_init>:
10002998:	4801      	ldr	r0, [pc, #4]	; (100029a0 <__aeabi_mem_init+0x8>)
1000299a:	2104      	movs	r1, #4
1000299c:	4b01      	ldr	r3, [pc, #4]	; (100029a4 <__aeabi_mem_init+0xc>)
1000299e:	4718      	bx	r3
100029a0:	20000cb0 	.word	0x20000cb0
100029a4:	100018bd 	.word	0x100018bd

100029a8 <__wrap_memset>:
100029a8:	4b01      	ldr	r3, [pc, #4]	; (100029b0 <__wrap_memset+0x8>)
100029aa:	681b      	ldr	r3, [r3, #0]
100029ac:	4718      	bx	r3
100029ae:	0000      	.short	0x0000
100029b0:	20000cb0 	.word	0x20000cb0

100029b4 <__wrap___aeabi_memcpy>:
100029b4:	4b01      	ldr	r3, [pc, #4]	; (100029bc <__wrap___aeabi_memcpy+0x8>)
100029b6:	685b      	ldr	r3, [r3, #4]
100029b8:	4718      	bx	r3
100029ba:	0000      	.short	0x0000
100029bc:	20000cb0 	.word	0x20000cb0

100029c0 <_ZdlPvj>:
100029c0:	b510      	push	{r4, lr}
100029c2:	f7ff ffe5 	bl	10002990 <__wrap_free>
100029c6:	bd10      	pop	{r4, pc}

100029c8 <_out_buffer>:
100029c8:	429a      	cmp	r2, r3
100029ca:	d200      	bcs.n	100029ce <_out_buffer+0x6>
100029cc:	5488      	strb	r0, [r1, r2]
100029ce:	4770      	bx	lr

100029d0 <_out_null>:
100029d0:	4770      	bx	lr

100029d2 <_out_fct>:
100029d2:	b510      	push	{r4, lr}
100029d4:	2800      	cmp	r0, #0
100029d6:	d002      	beq.n	100029de <_out_fct+0xc>
100029d8:	680b      	ldr	r3, [r1, #0]
100029da:	6849      	ldr	r1, [r1, #4]
100029dc:	4798      	blx	r3
100029de:	bd10      	pop	{r4, pc}

100029e0 <_atoi>:
100029e0:	0001      	movs	r1, r0
100029e2:	2000      	movs	r0, #0
100029e4:	e007      	b.n	100029f6 <_atoi+0x16>
100029e6:	0083      	lsls	r3, r0, #2
100029e8:	181b      	adds	r3, r3, r0
100029ea:	005b      	lsls	r3, r3, #1
100029ec:	1c50      	adds	r0, r2, #1
100029ee:	6008      	str	r0, [r1, #0]
100029f0:	7810      	ldrb	r0, [r2, #0]
100029f2:	18c0      	adds	r0, r0, r3
100029f4:	3830      	subs	r0, #48	; 0x30
100029f6:	680a      	ldr	r2, [r1, #0]
100029f8:	7813      	ldrb	r3, [r2, #0]
100029fa:	3b30      	subs	r3, #48	; 0x30
100029fc:	b2db      	uxtb	r3, r3
100029fe:	2b09      	cmp	r3, #9
10002a00:	d9f1      	bls.n	100029e6 <_atoi+0x6>
10002a02:	4770      	bx	lr

10002a04 <_out_rev>:
10002a04:	b5f0      	push	{r4, r5, r6, r7, lr}
10002a06:	46de      	mov	lr, fp
10002a08:	4657      	mov	r7, sl
10002a0a:	464e      	mov	r6, r9
10002a0c:	4645      	mov	r5, r8
10002a0e:	b5e0      	push	{r5, r6, r7, lr}
10002a10:	b083      	sub	sp, #12
10002a12:	4693      	mov	fp, r2
10002a14:	001f      	movs	r7, r3
10002a16:	9b0c      	ldr	r3, [sp, #48]	; 0x30
10002a18:	469a      	mov	sl, r3
10002a1a:	9c0d      	ldr	r4, [sp, #52]	; 0x34
10002a1c:	9b0e      	ldr	r3, [sp, #56]	; 0x38
10002a1e:	4699      	mov	r9, r3
10002a20:	9b0f      	ldr	r3, [sp, #60]	; 0x3c
10002a22:	079b      	lsls	r3, r3, #30
10002a24:	d003      	beq.n	10002a2e <_out_rev+0x2a>
10002a26:	46b8      	mov	r8, r7
10002a28:	000f      	movs	r7, r1
10002a2a:	0006      	movs	r6, r0
10002a2c:	e022      	b.n	10002a74 <_out_rev+0x70>
10002a2e:	9201      	str	r2, [sp, #4]
10002a30:	46a3      	mov	fp, r4
10002a32:	4688      	mov	r8, r1
10002a34:	464e      	mov	r6, r9
10002a36:	46b9      	mov	r9, r7
10002a38:	0007      	movs	r7, r0
10002a3a:	42b4      	cmp	r4, r6
10002a3c:	d207      	bcs.n	10002a4e <_out_rev+0x4a>
10002a3e:	1c55      	adds	r5, r2, #1
10002a40:	464b      	mov	r3, r9
10002a42:	4641      	mov	r1, r8
10002a44:	2020      	movs	r0, #32
10002a46:	47b8      	blx	r7
10002a48:	3401      	adds	r4, #1
10002a4a:	002a      	movs	r2, r5
10002a4c:	e7f5      	b.n	10002a3a <_out_rev+0x36>
10002a4e:	003d      	movs	r5, r7
10002a50:	464f      	mov	r7, r9
10002a52:	465c      	mov	r4, fp
10002a54:	9b01      	ldr	r3, [sp, #4]
10002a56:	469b      	mov	fp, r3
10002a58:	46b1      	mov	r9, r6
10002a5a:	4646      	mov	r6, r8
10002a5c:	46b8      	mov	r8, r7
10002a5e:	0037      	movs	r7, r6
10002a60:	002e      	movs	r6, r5
10002a62:	e007      	b.n	10002a74 <_out_rev+0x70>
10002a64:	3c01      	subs	r4, #1
10002a66:	1c55      	adds	r5, r2, #1
10002a68:	4653      	mov	r3, sl
10002a6a:	5d18      	ldrb	r0, [r3, r4]
10002a6c:	4643      	mov	r3, r8
10002a6e:	0039      	movs	r1, r7
10002a70:	47b0      	blx	r6
10002a72:	002a      	movs	r2, r5
10002a74:	2c00      	cmp	r4, #0
10002a76:	d1f5      	bne.n	10002a64 <_out_rev+0x60>
10002a78:	0035      	movs	r5, r6
10002a7a:	003e      	movs	r6, r7
10002a7c:	4647      	mov	r7, r8
10002a7e:	9b0f      	ldr	r3, [sp, #60]	; 0x3c
10002a80:	079b      	lsls	r3, r3, #30
10002a82:	d407      	bmi.n	10002a94 <_out_rev+0x90>
10002a84:	0010      	movs	r0, r2
10002a86:	b003      	add	sp, #12
10002a88:	bcf0      	pop	{r4, r5, r6, r7}
10002a8a:	46bb      	mov	fp, r7
10002a8c:	46b2      	mov	sl, r6
10002a8e:	46a9      	mov	r9, r5
10002a90:	46a0      	mov	r8, r4
10002a92:	bdf0      	pop	{r4, r5, r6, r7, pc}
10002a94:	46b0      	mov	r8, r6
10002a96:	464e      	mov	r6, r9
10002a98:	46b9      	mov	r9, r7
10002a9a:	002f      	movs	r7, r5
10002a9c:	465d      	mov	r5, fp
10002a9e:	1b53      	subs	r3, r2, r5
10002aa0:	42b3      	cmp	r3, r6
10002aa2:	d2ef      	bcs.n	10002a84 <_out_rev+0x80>
10002aa4:	1c54      	adds	r4, r2, #1
10002aa6:	464b      	mov	r3, r9
10002aa8:	4641      	mov	r1, r8
10002aaa:	2020      	movs	r0, #32
10002aac:	47b8      	blx	r7
10002aae:	0022      	movs	r2, r4
10002ab0:	e7f5      	b.n	10002a9e <_out_rev+0x9a>

10002ab2 <_ntoa_format>:
10002ab2:	b5f0      	push	{r4, r5, r6, r7, lr}
10002ab4:	46ce      	mov	lr, r9
10002ab6:	4647      	mov	r7, r8
10002ab8:	b580      	push	{r7, lr}
10002aba:	b085      	sub	sp, #20
10002abc:	4694      	mov	ip, r2
10002abe:	4698      	mov	r8, r3
10002ac0:	9d0c      	ldr	r5, [sp, #48]	; 0x30
10002ac2:	9c0d      	ldr	r4, [sp, #52]	; 0x34
10002ac4:	ab0e      	add	r3, sp, #56	; 0x38
10002ac6:	781b      	ldrb	r3, [r3, #0]
10002ac8:	4699      	mov	r9, r3
10002aca:	9a10      	ldr	r2, [sp, #64]	; 0x40
10002acc:	9b11      	ldr	r3, [sp, #68]	; 0x44
10002ace:	9e12      	ldr	r6, [sp, #72]	; 0x48
10002ad0:	07b7      	lsls	r7, r6, #30
10002ad2:	d41c      	bmi.n	10002b0e <_ntoa_format+0x5c>
10002ad4:	2b00      	cmp	r3, #0
10002ad6:	d00c      	beq.n	10002af2 <_ntoa_format+0x40>
10002ad8:	07f7      	lsls	r7, r6, #31
10002ada:	d50a      	bpl.n	10002af2 <_ntoa_format+0x40>
10002adc:	464f      	mov	r7, r9
10002ade:	2f00      	cmp	r7, #0
10002ae0:	d102      	bne.n	10002ae8 <_ntoa_format+0x36>
10002ae2:	370c      	adds	r7, #12
10002ae4:	4237      	tst	r7, r6
10002ae6:	d004      	beq.n	10002af2 <_ntoa_format+0x40>
10002ae8:	3b01      	subs	r3, #1
10002aea:	e002      	b.n	10002af2 <_ntoa_format+0x40>
10002aec:	2730      	movs	r7, #48	; 0x30
10002aee:	552f      	strb	r7, [r5, r4]
10002af0:	3401      	adds	r4, #1
10002af2:	4294      	cmp	r4, r2
10002af4:	d201      	bcs.n	10002afa <_ntoa_format+0x48>
10002af6:	2c1f      	cmp	r4, #31
10002af8:	d9f8      	bls.n	10002aec <_ntoa_format+0x3a>
10002afa:	07f7      	lsls	r7, r6, #31
10002afc:	d507      	bpl.n	10002b0e <_ntoa_format+0x5c>
10002afe:	429c      	cmp	r4, r3
10002b00:	d205      	bcs.n	10002b0e <_ntoa_format+0x5c>
10002b02:	2c1f      	cmp	r4, #31
10002b04:	d803      	bhi.n	10002b0e <_ntoa_format+0x5c>
10002b06:	2730      	movs	r7, #48	; 0x30
10002b08:	552f      	strb	r7, [r5, r4]
10002b0a:	3401      	adds	r4, #1
10002b0c:	e7f5      	b.n	10002afa <_ntoa_format+0x48>
10002b0e:	06f7      	lsls	r7, r6, #27
10002b10:	d515      	bpl.n	10002b3e <_ntoa_format+0x8c>
10002b12:	0577      	lsls	r7, r6, #21
10002b14:	d405      	bmi.n	10002b22 <_ntoa_format+0x70>
10002b16:	2c00      	cmp	r4, #0
10002b18:	d003      	beq.n	10002b22 <_ntoa_format+0x70>
10002b1a:	4294      	cmp	r4, r2
10002b1c:	d024      	beq.n	10002b68 <_ntoa_format+0xb6>
10002b1e:	429c      	cmp	r4, r3
10002b20:	d022      	beq.n	10002b68 <_ntoa_format+0xb6>
10002b22:	9a0f      	ldr	r2, [sp, #60]	; 0x3c
10002b24:	2a10      	cmp	r2, #16
10002b26:	d02b      	beq.n	10002b80 <_ntoa_format+0xce>
10002b28:	9a0f      	ldr	r2, [sp, #60]	; 0x3c
10002b2a:	2a10      	cmp	r2, #16
10002b2c:	d030      	beq.n	10002b90 <_ntoa_format+0xde>
10002b2e:	9a0f      	ldr	r2, [sp, #60]	; 0x3c
10002b30:	2a02      	cmp	r2, #2
10002b32:	d035      	beq.n	10002ba0 <_ntoa_format+0xee>
10002b34:	2c1f      	cmp	r4, #31
10002b36:	d802      	bhi.n	10002b3e <_ntoa_format+0x8c>
10002b38:	2230      	movs	r2, #48	; 0x30
10002b3a:	552a      	strb	r2, [r5, r4]
10002b3c:	3401      	adds	r4, #1
10002b3e:	2c1f      	cmp	r4, #31
10002b40:	d805      	bhi.n	10002b4e <_ntoa_format+0x9c>
10002b42:	464a      	mov	r2, r9
10002b44:	2a00      	cmp	r2, #0
10002b46:	d031      	beq.n	10002bac <_ntoa_format+0xfa>
10002b48:	222d      	movs	r2, #45	; 0x2d
10002b4a:	552a      	strb	r2, [r5, r4]
10002b4c:	3401      	adds	r4, #1
10002b4e:	9603      	str	r6, [sp, #12]
10002b50:	9302      	str	r3, [sp, #8]
10002b52:	9401      	str	r4, [sp, #4]
10002b54:	9500      	str	r5, [sp, #0]
10002b56:	4643      	mov	r3, r8
10002b58:	4662      	mov	r2, ip
10002b5a:	f7ff ff53 	bl	10002a04 <_out_rev>
10002b5e:	b005      	add	sp, #20
10002b60:	bcc0      	pop	{r6, r7}
10002b62:	46b9      	mov	r9, r7
10002b64:	46b0      	mov	r8, r6
10002b66:	bdf0      	pop	{r4, r5, r6, r7, pc}
10002b68:	1e62      	subs	r2, r4, #1
10002b6a:	2c01      	cmp	r4, #1
10002b6c:	d006      	beq.n	10002b7c <_ntoa_format+0xca>
10002b6e:	9f0f      	ldr	r7, [sp, #60]	; 0x3c
10002b70:	2f10      	cmp	r7, #16
10002b72:	d001      	beq.n	10002b78 <_ntoa_format+0xc6>
10002b74:	0014      	movs	r4, r2
10002b76:	e7d4      	b.n	10002b22 <_ntoa_format+0x70>
10002b78:	3c02      	subs	r4, #2
10002b7a:	e7d2      	b.n	10002b22 <_ntoa_format+0x70>
10002b7c:	0014      	movs	r4, r2
10002b7e:	e7d0      	b.n	10002b22 <_ntoa_format+0x70>
10002b80:	06b2      	lsls	r2, r6, #26
10002b82:	d4d1      	bmi.n	10002b28 <_ntoa_format+0x76>
10002b84:	2c1f      	cmp	r4, #31
10002b86:	d8cf      	bhi.n	10002b28 <_ntoa_format+0x76>
10002b88:	2278      	movs	r2, #120	; 0x78
10002b8a:	552a      	strb	r2, [r5, r4]
10002b8c:	3401      	adds	r4, #1
10002b8e:	e7d1      	b.n	10002b34 <_ntoa_format+0x82>
10002b90:	06b2      	lsls	r2, r6, #26
10002b92:	d5cc      	bpl.n	10002b2e <_ntoa_format+0x7c>
10002b94:	2c1f      	cmp	r4, #31
10002b96:	d8ca      	bhi.n	10002b2e <_ntoa_format+0x7c>
10002b98:	2258      	movs	r2, #88	; 0x58
10002b9a:	552a      	strb	r2, [r5, r4]
10002b9c:	3401      	adds	r4, #1
10002b9e:	e7c9      	b.n	10002b34 <_ntoa_format+0x82>
10002ba0:	2c1f      	cmp	r4, #31
10002ba2:	d8c7      	bhi.n	10002b34 <_ntoa_format+0x82>
10002ba4:	3260      	adds	r2, #96	; 0x60
10002ba6:	552a      	strb	r2, [r5, r4]
10002ba8:	3401      	adds	r4, #1
10002baa:	e7c3      	b.n	10002b34 <_ntoa_format+0x82>
10002bac:	0772      	lsls	r2, r6, #29
10002bae:	d503      	bpl.n	10002bb8 <_ntoa_format+0x106>
10002bb0:	222b      	movs	r2, #43	; 0x2b
10002bb2:	552a      	strb	r2, [r5, r4]
10002bb4:	3401      	adds	r4, #1
10002bb6:	e7ca      	b.n	10002b4e <_ntoa_format+0x9c>
10002bb8:	0732      	lsls	r2, r6, #28
10002bba:	d5c8      	bpl.n	10002b4e <_ntoa_format+0x9c>
10002bbc:	2220      	movs	r2, #32
10002bbe:	552a      	strb	r2, [r5, r4]
10002bc0:	3401      	adds	r4, #1
10002bc2:	e7c4      	b.n	10002b4e <_ntoa_format+0x9c>

10002bc4 <_ntoa_long>:
10002bc4:	b5f0      	push	{r4, r5, r6, r7, lr}
10002bc6:	46de      	mov	lr, fp
10002bc8:	4657      	mov	r7, sl
10002bca:	464e      	mov	r6, r9
10002bcc:	4645      	mov	r5, r8
10002bce:	b5e0      	push	{r5, r6, r7, lr}
10002bd0:	b093      	sub	sp, #76	; 0x4c
10002bd2:	4681      	mov	r9, r0
10002bd4:	468a      	mov	sl, r1
10002bd6:	9208      	str	r2, [sp, #32]
10002bd8:	9309      	str	r3, [sp, #36]	; 0x24
10002bda:	ab1c      	add	r3, sp, #112	; 0x70
10002bdc:	cb10      	ldmia	r3!, {r4}
10002bde:	781b      	ldrb	r3, [r3, #0]
10002be0:	469b      	mov	fp, r3
10002be2:	9d1e      	ldr	r5, [sp, #120]	; 0x78
10002be4:	9b21      	ldr	r3, [sp, #132]	; 0x84
10002be6:	4698      	mov	r8, r3
10002be8:	2c00      	cmp	r4, #0
10002bea:	d103      	bne.n	10002bf4 <_ntoa_long+0x30>
10002bec:	2310      	movs	r3, #16
10002bee:	4642      	mov	r2, r8
10002bf0:	439a      	bics	r2, r3
10002bf2:	4690      	mov	r8, r2
10002bf4:	2380      	movs	r3, #128	; 0x80
10002bf6:	00db      	lsls	r3, r3, #3
10002bf8:	4646      	mov	r6, r8
10002bfa:	401e      	ands	r6, r3
10002bfc:	4642      	mov	r2, r8
10002bfe:	421a      	tst	r2, r3
10002c00:	d012      	beq.n	10002c28 <_ntoa_long+0x64>
10002c02:	2c00      	cmp	r4, #0
10002c04:	d022      	beq.n	10002c4c <_ntoa_long+0x88>
10002c06:	2600      	movs	r6, #0
10002c08:	e00e      	b.n	10002c28 <_ntoa_long+0x64>
10002c0a:	3330      	adds	r3, #48	; 0x30
10002c0c:	b2d9      	uxtb	r1, r3
10002c0e:	1c77      	adds	r7, r6, #1
10002c10:	ab0a      	add	r3, sp, #40	; 0x28
10002c12:	5599      	strb	r1, [r3, r6]
10002c14:	0029      	movs	r1, r5
10002c16:	0020      	movs	r0, r4
10002c18:	f7fe ffa2 	bl	10001b60 <__wrap___aeabi_uidiv>
10002c1c:	42ac      	cmp	r4, r5
10002c1e:	d316      	bcc.n	10002c4e <_ntoa_long+0x8a>
10002c20:	2f1f      	cmp	r7, #31
10002c22:	d814      	bhi.n	10002c4e <_ntoa_long+0x8a>
10002c24:	003e      	movs	r6, r7
10002c26:	0004      	movs	r4, r0
10002c28:	0029      	movs	r1, r5
10002c2a:	0020      	movs	r0, r4
10002c2c:	f7fe ff98 	bl	10001b60 <__wrap___aeabi_uidiv>
10002c30:	b2cb      	uxtb	r3, r1
10002c32:	2b09      	cmp	r3, #9
10002c34:	d9e9      	bls.n	10002c0a <_ntoa_long+0x46>
10002c36:	4642      	mov	r2, r8
10002c38:	0692      	lsls	r2, r2, #26
10002c3a:	d505      	bpl.n	10002c48 <_ntoa_long+0x84>
10002c3c:	2141      	movs	r1, #65	; 0x41
10002c3e:	18c9      	adds	r1, r1, r3
10002c40:	b2c9      	uxtb	r1, r1
10002c42:	390a      	subs	r1, #10
10002c44:	b2c9      	uxtb	r1, r1
10002c46:	e7e2      	b.n	10002c0e <_ntoa_long+0x4a>
10002c48:	2161      	movs	r1, #97	; 0x61
10002c4a:	e7f8      	b.n	10002c3e <_ntoa_long+0x7a>
10002c4c:	0027      	movs	r7, r4
10002c4e:	4643      	mov	r3, r8
10002c50:	9306      	str	r3, [sp, #24]
10002c52:	9b20      	ldr	r3, [sp, #128]	; 0x80
10002c54:	9305      	str	r3, [sp, #20]
10002c56:	9b1f      	ldr	r3, [sp, #124]	; 0x7c
10002c58:	9304      	str	r3, [sp, #16]
10002c5a:	9503      	str	r5, [sp, #12]
10002c5c:	465b      	mov	r3, fp
10002c5e:	9302      	str	r3, [sp, #8]
10002c60:	9701      	str	r7, [sp, #4]
10002c62:	ab0a      	add	r3, sp, #40	; 0x28
10002c64:	9300      	str	r3, [sp, #0]
10002c66:	9b09      	ldr	r3, [sp, #36]	; 0x24
10002c68:	9a08      	ldr	r2, [sp, #32]
10002c6a:	4651      	mov	r1, sl
10002c6c:	4648      	mov	r0, r9
10002c6e:	f7ff ff20 	bl	10002ab2 <_ntoa_format>
10002c72:	b013      	add	sp, #76	; 0x4c
10002c74:	bcf0      	pop	{r4, r5, r6, r7}
10002c76:	46bb      	mov	fp, r7
10002c78:	46b2      	mov	sl, r6
10002c7a:	46a9      	mov	r9, r5
10002c7c:	46a0      	mov	r8, r4
10002c7e:	bdf0      	pop	{r4, r5, r6, r7, pc}

10002c80 <_ntoa_long_long>:
10002c80:	b5f0      	push	{r4, r5, r6, r7, lr}
10002c82:	46de      	mov	lr, fp
10002c84:	4657      	mov	r7, sl
10002c86:	464e      	mov	r6, r9
10002c88:	4645      	mov	r5, r8
10002c8a:	b5e0      	push	{r5, r6, r7, lr}
10002c8c:	b095      	sub	sp, #84	; 0x54
10002c8e:	9008      	str	r0, [sp, #32]
10002c90:	9109      	str	r1, [sp, #36]	; 0x24
10002c92:	920a      	str	r2, [sp, #40]	; 0x28
10002c94:	930b      	str	r3, [sp, #44]	; 0x2c
10002c96:	9e1e      	ldr	r6, [sp, #120]	; 0x78
10002c98:	9c1f      	ldr	r4, [sp, #124]	; 0x7c
10002c9a:	ab20      	add	r3, sp, #128	; 0x80
10002c9c:	781b      	ldrb	r3, [r3, #0]
10002c9e:	469b      	mov	fp, r3
10002ca0:	9b22      	ldr	r3, [sp, #136]	; 0x88
10002ca2:	4699      	mov	r9, r3
10002ca4:	9d23      	ldr	r5, [sp, #140]	; 0x8c
10002ca6:	9b26      	ldr	r3, [sp, #152]	; 0x98
10002ca8:	469a      	mov	sl, r3
10002caa:	0033      	movs	r3, r6
10002cac:	4323      	orrs	r3, r4
10002cae:	d103      	bne.n	10002cb8 <_ntoa_long_long+0x38>
10002cb0:	3310      	adds	r3, #16
10002cb2:	4652      	mov	r2, sl
10002cb4:	439a      	bics	r2, r3
10002cb6:	4692      	mov	sl, r2
10002cb8:	2380      	movs	r3, #128	; 0x80
10002cba:	00db      	lsls	r3, r3, #3
10002cbc:	4657      	mov	r7, sl
10002cbe:	401f      	ands	r7, r3
10002cc0:	4652      	mov	r2, sl
10002cc2:	421a      	tst	r2, r3
10002cc4:	d019      	beq.n	10002cfa <_ntoa_long_long+0x7a>
10002cc6:	0033      	movs	r3, r6
10002cc8:	4323      	orrs	r3, r4
10002cca:	d02d      	beq.n	10002d28 <_ntoa_long_long+0xa8>
10002ccc:	2700      	movs	r7, #0
10002cce:	e014      	b.n	10002cfa <_ntoa_long_long+0x7a>
10002cd0:	3330      	adds	r3, #48	; 0x30
10002cd2:	b2da      	uxtb	r2, r3
10002cd4:	1c7b      	adds	r3, r7, #1
10002cd6:	4698      	mov	r8, r3
10002cd8:	ab0c      	add	r3, sp, #48	; 0x30
10002cda:	55da      	strb	r2, [r3, r7]
10002cdc:	464a      	mov	r2, r9
10002cde:	002b      	movs	r3, r5
10002ce0:	0030      	movs	r0, r6
10002ce2:	0021      	movs	r1, r4
10002ce4:	f7fe ff7a 	bl	10001bdc <__wrap___aeabi_uldivmod>
10002ce8:	42a5      	cmp	r5, r4
10002cea:	d81f      	bhi.n	10002d2c <_ntoa_long_long+0xac>
10002cec:	d019      	beq.n	10002d22 <_ntoa_long_long+0xa2>
10002cee:	4643      	mov	r3, r8
10002cf0:	2b1f      	cmp	r3, #31
10002cf2:	d81b      	bhi.n	10002d2c <_ntoa_long_long+0xac>
10002cf4:	4647      	mov	r7, r8
10002cf6:	0006      	movs	r6, r0
10002cf8:	000c      	movs	r4, r1
10002cfa:	464a      	mov	r2, r9
10002cfc:	002b      	movs	r3, r5
10002cfe:	0030      	movs	r0, r6
10002d00:	0021      	movs	r1, r4
10002d02:	f7fe ff6b 	bl	10001bdc <__wrap___aeabi_uldivmod>
10002d06:	b2d3      	uxtb	r3, r2
10002d08:	2b09      	cmp	r3, #9
10002d0a:	d9e1      	bls.n	10002cd0 <_ntoa_long_long+0x50>
10002d0c:	4652      	mov	r2, sl
10002d0e:	0692      	lsls	r2, r2, #26
10002d10:	d505      	bpl.n	10002d1e <_ntoa_long_long+0x9e>
10002d12:	2241      	movs	r2, #65	; 0x41
10002d14:	18d2      	adds	r2, r2, r3
10002d16:	b2d2      	uxtb	r2, r2
10002d18:	3a0a      	subs	r2, #10
10002d1a:	b2d2      	uxtb	r2, r2
10002d1c:	e7da      	b.n	10002cd4 <_ntoa_long_long+0x54>
10002d1e:	2261      	movs	r2, #97	; 0x61
10002d20:	e7f8      	b.n	10002d14 <_ntoa_long_long+0x94>
10002d22:	45b1      	cmp	r9, r6
10002d24:	d9e3      	bls.n	10002cee <_ntoa_long_long+0x6e>
10002d26:	e001      	b.n	10002d2c <_ntoa_long_long+0xac>
10002d28:	2300      	movs	r3, #0
10002d2a:	4698      	mov	r8, r3
10002d2c:	4653      	mov	r3, sl
10002d2e:	9306      	str	r3, [sp, #24]
10002d30:	9b25      	ldr	r3, [sp, #148]	; 0x94
10002d32:	9305      	str	r3, [sp, #20]
10002d34:	9b24      	ldr	r3, [sp, #144]	; 0x90
10002d36:	9304      	str	r3, [sp, #16]
10002d38:	464b      	mov	r3, r9
10002d3a:	9303      	str	r3, [sp, #12]
10002d3c:	465b      	mov	r3, fp
10002d3e:	9302      	str	r3, [sp, #8]
10002d40:	4643      	mov	r3, r8
10002d42:	9301      	str	r3, [sp, #4]
10002d44:	ab0c      	add	r3, sp, #48	; 0x30
10002d46:	9300      	str	r3, [sp, #0]
10002d48:	9b0b      	ldr	r3, [sp, #44]	; 0x2c
10002d4a:	9a0a      	ldr	r2, [sp, #40]	; 0x28
10002d4c:	9909      	ldr	r1, [sp, #36]	; 0x24
10002d4e:	9808      	ldr	r0, [sp, #32]
10002d50:	f7ff feaf 	bl	10002ab2 <_ntoa_format>
10002d54:	b015      	add	sp, #84	; 0x54
10002d56:	bcf0      	pop	{r4, r5, r6, r7}
10002d58:	46bb      	mov	fp, r7
10002d5a:	46b2      	mov	sl, r6
10002d5c:	46a9      	mov	r9, r5
10002d5e:	46a0      	mov	r8, r4
10002d60:	bdf0      	pop	{r4, r5, r6, r7, pc}
	...

10002d64 <_etoa>:
10002d64:	b5f0      	push	{r4, r5, r6, r7, lr}
10002d66:	46de      	mov	lr, fp
10002d68:	4657      	mov	r7, sl
10002d6a:	464e      	mov	r6, r9
10002d6c:	4645      	mov	r5, r8
10002d6e:	b5e0      	push	{r5, r6, r7, lr}
10002d70:	b091      	sub	sp, #68	; 0x44
10002d72:	4683      	mov	fp, r0
10002d74:	468a      	mov	sl, r1
10002d76:	920c      	str	r2, [sp, #48]	; 0x30
10002d78:	4698      	mov	r8, r3
10002d7a:	9c1a      	ldr	r4, [sp, #104]	; 0x68
10002d7c:	9408      	str	r4, [sp, #32]
10002d7e:	9d1b      	ldr	r5, [sp, #108]	; 0x6c
10002d80:	9509      	str	r5, [sp, #36]	; 0x24
10002d82:	0022      	movs	r2, r4
10002d84:	002b      	movs	r3, r5
10002d86:	0020      	movs	r0, r4
10002d88:	0029      	movs	r1, r5
10002d8a:	f7ff f9b2 	bl	100020f2 <__wrap___aeabi_dcmpun>
10002d8e:	2800      	cmp	r0, #0
10002d90:	d000      	beq.n	10002d94 <_etoa+0x30>
10002d92:	e0e5      	b.n	10002f60 <_etoa+0x1fc>
10002d94:	2201      	movs	r2, #1
10002d96:	4252      	negs	r2, r2
10002d98:	4bd7      	ldr	r3, [pc, #860]	; (100030f8 <_etoa+0x394>)
10002d9a:	0020      	movs	r0, r4
10002d9c:	0029      	movs	r1, r5
10002d9e:	f7ff f9a3 	bl	100020e8 <__wrap___aeabi_dcmpgt>
10002da2:	2800      	cmp	r0, #0
10002da4:	d000      	beq.n	10002da8 <_etoa+0x44>
10002da6:	e0db      	b.n	10002f60 <_etoa+0x1fc>
10002da8:	2201      	movs	r2, #1
10002daa:	4252      	negs	r2, r2
10002dac:	4bd3      	ldr	r3, [pc, #844]	; (100030fc <_etoa+0x398>)
10002dae:	0020      	movs	r0, r4
10002db0:	0029      	movs	r1, r5
10002db2:	f7ff f983 	bl	100020bc <__wrap___aeabi_dcmplt>
10002db6:	2800      	cmp	r0, #0
10002db8:	d000      	beq.n	10002dbc <_etoa+0x58>
10002dba:	e0d1      	b.n	10002f60 <_etoa+0x1fc>
10002dbc:	2200      	movs	r2, #0
10002dbe:	2300      	movs	r3, #0
10002dc0:	9e08      	ldr	r6, [sp, #32]
10002dc2:	0030      	movs	r0, r6
10002dc4:	9d09      	ldr	r5, [sp, #36]	; 0x24
10002dc6:	0029      	movs	r1, r5
10002dc8:	f7ff f978 	bl	100020bc <__wrap___aeabi_dcmplt>
10002dcc:	2800      	cmp	r0, #0
10002dce:	d000      	beq.n	10002dd2 <_etoa+0x6e>
10002dd0:	e0dd      	b.n	10002f8e <_etoa+0x22a>
10002dd2:	9808      	ldr	r0, [sp, #32]
10002dd4:	9909      	ldr	r1, [sp, #36]	; 0x24
10002dd6:	9006      	str	r0, [sp, #24]
10002dd8:	9107      	str	r1, [sp, #28]
10002dda:	2380      	movs	r3, #128	; 0x80
10002ddc:	00db      	lsls	r3, r3, #3
10002dde:	9a1e      	ldr	r2, [sp, #120]	; 0x78
10002de0:	401a      	ands	r2, r3
10002de2:	920d      	str	r2, [sp, #52]	; 0x34
10002de4:	9a1e      	ldr	r2, [sp, #120]	; 0x78
10002de6:	421a      	tst	r2, r3
10002de8:	d101      	bne.n	10002dee <_etoa+0x8a>
10002dea:	2306      	movs	r3, #6
10002dec:	931c      	str	r3, [sp, #112]	; 0x70
10002dee:	9806      	ldr	r0, [sp, #24]
10002df0:	9907      	ldr	r1, [sp, #28]
10002df2:	0004      	movs	r4, r0
10002df4:	000d      	movs	r5, r1
10002df6:	000a      	movs	r2, r1
10002df8:	0006      	movs	r6, r0
10002dfa:	4302      	orrs	r2, r0
10002dfc:	d100      	bne.n	10002e00 <_etoa+0x9c>
10002dfe:	e0d1      	b.n	10002fa4 <_etoa+0x240>
10002e00:	0d08      	lsrs	r0, r1, #20
10002e02:	0540      	lsls	r0, r0, #21
10002e04:	0d40      	lsrs	r0, r0, #21
10002e06:	4cbe      	ldr	r4, [pc, #760]	; (10003100 <_etoa+0x39c>)
10002e08:	46a4      	mov	ip, r4
10002e0a:	4460      	add	r0, ip
10002e0c:	030a      	lsls	r2, r1, #12
10002e0e:	0b12      	lsrs	r2, r2, #12
10002e10:	4bbc      	ldr	r3, [pc, #752]	; (10003104 <_etoa+0x3a0>)
10002e12:	4313      	orrs	r3, r2
10002e14:	001f      	movs	r7, r3
10002e16:	f7ff f97d 	bl	10002114 <__wrap___aeabi_i2d>
10002e1a:	4abb      	ldr	r2, [pc, #748]	; (10003108 <_etoa+0x3a4>)
10002e1c:	4bbb      	ldr	r3, [pc, #748]	; (1000310c <_etoa+0x3a8>)
10002e1e:	f7ff f90a 	bl	10002036 <__wrap___aeabi_dmul>
10002e22:	4abb      	ldr	r2, [pc, #748]	; (10003110 <_etoa+0x3ac>)
10002e24:	4bbb      	ldr	r3, [pc, #748]	; (10003114 <_etoa+0x3b0>)
10002e26:	f7ff f8df 	bl	10001fe8 <__wrap___aeabi_dadd>
10002e2a:	0004      	movs	r4, r0
10002e2c:	000d      	movs	r5, r1
10002e2e:	2200      	movs	r2, #0
10002e30:	4bb9      	ldr	r3, [pc, #740]	; (10003118 <_etoa+0x3b4>)
10002e32:	0030      	movs	r0, r6
10002e34:	0039      	movs	r1, r7
10002e36:	f7ff f8ce 	bl	10001fd6 <__wrap___aeabi_dsub>
10002e3a:	4ab8      	ldr	r2, [pc, #736]	; (1000311c <_etoa+0x3b8>)
10002e3c:	4bb8      	ldr	r3, [pc, #736]	; (10003120 <_etoa+0x3bc>)
10002e3e:	f7ff f8fa 	bl	10002036 <__wrap___aeabi_dmul>
10002e42:	0002      	movs	r2, r0
10002e44:	000b      	movs	r3, r1
10002e46:	0020      	movs	r0, r4
10002e48:	0029      	movs	r1, r5
10002e4a:	f7ff f8cd 	bl	10001fe8 <__wrap___aeabi_dadd>
10002e4e:	f7ff f979 	bl	10002144 <__wrap___aeabi_d2iz>
10002e52:	4681      	mov	r9, r0
10002e54:	f7ff f95e 	bl	10002114 <__wrap___aeabi_i2d>
10002e58:	0004      	movs	r4, r0
10002e5a:	000d      	movs	r5, r1
10002e5c:	4ab1      	ldr	r2, [pc, #708]	; (10003124 <_etoa+0x3c0>)
10002e5e:	4bb2      	ldr	r3, [pc, #712]	; (10003128 <_etoa+0x3c4>)
10002e60:	f7ff f8e9 	bl	10002036 <__wrap___aeabi_dmul>
10002e64:	2200      	movs	r2, #0
10002e66:	4bb1      	ldr	r3, [pc, #708]	; (1000312c <_etoa+0x3c8>)
10002e68:	f7ff f8be 	bl	10001fe8 <__wrap___aeabi_dadd>
10002e6c:	f7ff f96a 	bl	10002144 <__wrap___aeabi_d2iz>
10002e70:	0006      	movs	r6, r0
10002e72:	4aaf      	ldr	r2, [pc, #700]	; (10003130 <_etoa+0x3cc>)
10002e74:	4baf      	ldr	r3, [pc, #700]	; (10003134 <_etoa+0x3d0>)
10002e76:	0020      	movs	r0, r4
10002e78:	0029      	movs	r1, r5
10002e7a:	f7ff f8dc 	bl	10002036 <__wrap___aeabi_dmul>
10002e7e:	0004      	movs	r4, r0
10002e80:	000d      	movs	r5, r1
10002e82:	0030      	movs	r0, r6
10002e84:	f7ff f946 	bl	10002114 <__wrap___aeabi_i2d>
10002e88:	4aab      	ldr	r2, [pc, #684]	; (10003138 <_etoa+0x3d4>)
10002e8a:	4bac      	ldr	r3, [pc, #688]	; (1000313c <_etoa+0x3d8>)
10002e8c:	f7ff f8d3 	bl	10002036 <__wrap___aeabi_dmul>
10002e90:	0002      	movs	r2, r0
10002e92:	000b      	movs	r3, r1
10002e94:	0020      	movs	r0, r4
10002e96:	0029      	movs	r1, r5
10002e98:	f7ff f89d 	bl	10001fd6 <__wrap___aeabi_dsub>
10002e9c:	0004      	movs	r4, r0
10002e9e:	000d      	movs	r5, r1
10002ea0:	0002      	movs	r2, r0
10002ea2:	000b      	movs	r3, r1
10002ea4:	f7ff f8c7 	bl	10002036 <__wrap___aeabi_dmul>
10002ea8:	900a      	str	r0, [sp, #40]	; 0x28
10002eaa:	910b      	str	r1, [sp, #44]	; 0x2c
10002eac:	4ba4      	ldr	r3, [pc, #656]	; (10003140 <_etoa+0x3dc>)
10002eae:	18f3      	adds	r3, r6, r3
10002eb0:	2600      	movs	r6, #0
10002eb2:	051f      	lsls	r7, r3, #20
10002eb4:	0022      	movs	r2, r4
10002eb6:	002b      	movs	r3, r5
10002eb8:	0020      	movs	r0, r4
10002eba:	0029      	movs	r1, r5
10002ebc:	f7ff f894 	bl	10001fe8 <__wrap___aeabi_dadd>
10002ec0:	900e      	str	r0, [sp, #56]	; 0x38
10002ec2:	910f      	str	r1, [sp, #60]	; 0x3c
10002ec4:	0022      	movs	r2, r4
10002ec6:	002b      	movs	r3, r5
10002ec8:	2000      	movs	r0, #0
10002eca:	2180      	movs	r1, #128	; 0x80
10002ecc:	05c9      	lsls	r1, r1, #23
10002ece:	f7ff f882 	bl	10001fd6 <__wrap___aeabi_dsub>
10002ed2:	0004      	movs	r4, r0
10002ed4:	000d      	movs	r5, r1
10002ed6:	2200      	movs	r2, #0
10002ed8:	4b9a      	ldr	r3, [pc, #616]	; (10003144 <_etoa+0x3e0>)
10002eda:	980a      	ldr	r0, [sp, #40]	; 0x28
10002edc:	990b      	ldr	r1, [sp, #44]	; 0x2c
10002ede:	f7ff f88c 	bl	10001ffa <__wrap___aeabi_ddiv>
10002ee2:	2200      	movs	r2, #0
10002ee4:	4b98      	ldr	r3, [pc, #608]	; (10003148 <_etoa+0x3e4>)
10002ee6:	f7ff f87f 	bl	10001fe8 <__wrap___aeabi_dadd>
10002eea:	0002      	movs	r2, r0
10002eec:	000b      	movs	r3, r1
10002eee:	980a      	ldr	r0, [sp, #40]	; 0x28
10002ef0:	990b      	ldr	r1, [sp, #44]	; 0x2c
10002ef2:	f7ff f882 	bl	10001ffa <__wrap___aeabi_ddiv>
10002ef6:	2200      	movs	r2, #0
10002ef8:	4b94      	ldr	r3, [pc, #592]	; (1000314c <_etoa+0x3e8>)
10002efa:	f7ff f875 	bl	10001fe8 <__wrap___aeabi_dadd>
10002efe:	0002      	movs	r2, r0
10002f00:	000b      	movs	r3, r1
10002f02:	980a      	ldr	r0, [sp, #40]	; 0x28
10002f04:	990b      	ldr	r1, [sp, #44]	; 0x2c
10002f06:	f7ff f878 	bl	10001ffa <__wrap___aeabi_ddiv>
10002f0a:	0002      	movs	r2, r0
10002f0c:	000b      	movs	r3, r1
10002f0e:	0020      	movs	r0, r4
10002f10:	0029      	movs	r1, r5
10002f12:	f7ff f869 	bl	10001fe8 <__wrap___aeabi_dadd>
10002f16:	0002      	movs	r2, r0
10002f18:	000b      	movs	r3, r1
10002f1a:	980e      	ldr	r0, [sp, #56]	; 0x38
10002f1c:	990f      	ldr	r1, [sp, #60]	; 0x3c
10002f1e:	f7ff f86c 	bl	10001ffa <__wrap___aeabi_ddiv>
10002f22:	2200      	movs	r2, #0
10002f24:	4b77      	ldr	r3, [pc, #476]	; (10003104 <_etoa+0x3a0>)
10002f26:	f7ff f85f 	bl	10001fe8 <__wrap___aeabi_dadd>
10002f2a:	0032      	movs	r2, r6
10002f2c:	003b      	movs	r3, r7
10002f2e:	f7ff f882 	bl	10002036 <__wrap___aeabi_dmul>
10002f32:	0006      	movs	r6, r0
10002f34:	000f      	movs	r7, r1
10002f36:	0004      	movs	r4, r0
10002f38:	000d      	movs	r5, r1
10002f3a:	9a06      	ldr	r2, [sp, #24]
10002f3c:	9b07      	ldr	r3, [sp, #28]
10002f3e:	f7ff f8d3 	bl	100020e8 <__wrap___aeabi_dcmpgt>
10002f42:	2800      	cmp	r0, #0
10002f44:	d030      	beq.n	10002fa8 <_etoa+0x244>
10002f46:	2301      	movs	r3, #1
10002f48:	425b      	negs	r3, r3
10002f4a:	469c      	mov	ip, r3
10002f4c:	44e1      	add	r9, ip
10002f4e:	2200      	movs	r2, #0
10002f50:	4b7d      	ldr	r3, [pc, #500]	; (10003148 <_etoa+0x3e4>)
10002f52:	0030      	movs	r0, r6
10002f54:	0039      	movs	r1, r7
10002f56:	f7ff f850 	bl	10001ffa <__wrap___aeabi_ddiv>
10002f5a:	0004      	movs	r4, r0
10002f5c:	000d      	movs	r5, r1
10002f5e:	e023      	b.n	10002fa8 <_etoa+0x244>
10002f60:	9b1e      	ldr	r3, [sp, #120]	; 0x78
10002f62:	9304      	str	r3, [sp, #16]
10002f64:	9b1d      	ldr	r3, [sp, #116]	; 0x74
10002f66:	9303      	str	r3, [sp, #12]
10002f68:	9b1c      	ldr	r3, [sp, #112]	; 0x70
10002f6a:	9302      	str	r3, [sp, #8]
10002f6c:	9a08      	ldr	r2, [sp, #32]
10002f6e:	9b09      	ldr	r3, [sp, #36]	; 0x24
10002f70:	9200      	str	r2, [sp, #0]
10002f72:	9301      	str	r3, [sp, #4]
10002f74:	4643      	mov	r3, r8
10002f76:	9a0c      	ldr	r2, [sp, #48]	; 0x30
10002f78:	4651      	mov	r1, sl
10002f7a:	4658      	mov	r0, fp
10002f7c:	f000 f8fc 	bl	10003178 <_ftoa>
10002f80:	b011      	add	sp, #68	; 0x44
10002f82:	bcf0      	pop	{r4, r5, r6, r7}
10002f84:	46bb      	mov	fp, r7
10002f86:	46b2      	mov	sl, r6
10002f88:	46a9      	mov	r9, r5
10002f8a:	46a0      	mov	r8, r4
10002f8c:	bdf0      	pop	{r4, r5, r6, r7, pc}
10002f8e:	2300      	movs	r3, #0
10002f90:	2400      	movs	r4, #0
10002f92:	9306      	str	r3, [sp, #24]
10002f94:	9407      	str	r4, [sp, #28]
10002f96:	9606      	str	r6, [sp, #24]
10002f98:	2380      	movs	r3, #128	; 0x80
10002f9a:	061b      	lsls	r3, r3, #24
10002f9c:	469c      	mov	ip, r3
10002f9e:	4465      	add	r5, ip
10002fa0:	9507      	str	r5, [sp, #28]
10002fa2:	e71a      	b.n	10002dda <_etoa+0x76>
10002fa4:	2300      	movs	r3, #0
10002fa6:	4699      	mov	r9, r3
10002fa8:	464b      	mov	r3, r9
10002faa:	3363      	adds	r3, #99	; 0x63
10002fac:	2bc6      	cmp	r3, #198	; 0xc6
10002fae:	d81e      	bhi.n	10002fee <_etoa+0x28a>
10002fb0:	2604      	movs	r6, #4
10002fb2:	9b1e      	ldr	r3, [sp, #120]	; 0x78
10002fb4:	051b      	lsls	r3, r3, #20
10002fb6:	d526      	bpl.n	10003006 <_etoa+0x2a2>
10002fb8:	002b      	movs	r3, r5
10002fba:	4323      	orrs	r3, r4
10002fbc:	d00f      	beq.n	10002fde <_etoa+0x27a>
10002fbe:	4a64      	ldr	r2, [pc, #400]	; (10003150 <_etoa+0x3ec>)
10002fc0:	4b64      	ldr	r3, [pc, #400]	; (10003154 <_etoa+0x3f0>)
10002fc2:	9806      	ldr	r0, [sp, #24]
10002fc4:	9907      	ldr	r1, [sp, #28]
10002fc6:	f7ff f887 	bl	100020d8 <__wrap___aeabi_dcmpge>
10002fca:	2800      	cmp	r0, #0
10002fcc:	d079      	beq.n	100030c2 <_etoa+0x35e>
10002fce:	2200      	movs	r2, #0
10002fd0:	4b61      	ldr	r3, [pc, #388]	; (10003158 <_etoa+0x3f4>)
10002fd2:	9806      	ldr	r0, [sp, #24]
10002fd4:	9907      	ldr	r1, [sp, #28]
10002fd6:	f7ff f871 	bl	100020bc <__wrap___aeabi_dcmplt>
10002fda:	2800      	cmp	r0, #0
10002fdc:	d071      	beq.n	100030c2 <_etoa+0x35e>
10002fde:	9b1c      	ldr	r3, [sp, #112]	; 0x70
10002fe0:	454b      	cmp	r3, r9
10002fe2:	dd06      	ble.n	10002ff2 <_etoa+0x28e>
10002fe4:	464a      	mov	r2, r9
10002fe6:	1a98      	subs	r0, r3, r2
10002fe8:	1e43      	subs	r3, r0, #1
10002fea:	931c      	str	r3, [sp, #112]	; 0x70
10002fec:	e003      	b.n	10002ff6 <_etoa+0x292>
10002fee:	2605      	movs	r6, #5
10002ff0:	e7df      	b.n	10002fb2 <_etoa+0x24e>
10002ff2:	2300      	movs	r3, #0
10002ff4:	931c      	str	r3, [sp, #112]	; 0x70
10002ff6:	2380      	movs	r3, #128	; 0x80
10002ff8:	00db      	lsls	r3, r3, #3
10002ffa:	9a1e      	ldr	r2, [sp, #120]	; 0x78
10002ffc:	431a      	orrs	r2, r3
10002ffe:	921e      	str	r2, [sp, #120]	; 0x78
10003000:	2600      	movs	r6, #0
10003002:	2300      	movs	r3, #0
10003004:	4699      	mov	r9, r3
10003006:	9b1d      	ldr	r3, [sp, #116]	; 0x74
10003008:	429e      	cmp	r6, r3
1000300a:	d264      	bcs.n	100030d6 <_etoa+0x372>
1000300c:	1b9f      	subs	r7, r3, r6
1000300e:	2302      	movs	r3, #2
10003010:	9a1e      	ldr	r2, [sp, #120]	; 0x78
10003012:	401a      	ands	r2, r3
10003014:	920a      	str	r2, [sp, #40]	; 0x28
10003016:	9a1e      	ldr	r2, [sp, #120]	; 0x78
10003018:	4213      	tst	r3, r2
1000301a:	d002      	beq.n	10003022 <_etoa+0x2be>
1000301c:	2e00      	cmp	r6, #0
1000301e:	d000      	beq.n	10003022 <_etoa+0x2be>
10003020:	2700      	movs	r7, #0
10003022:	464b      	mov	r3, r9
10003024:	2b00      	cmp	r3, #0
10003026:	d007      	beq.n	10003038 <_etoa+0x2d4>
10003028:	0022      	movs	r2, r4
1000302a:	002b      	movs	r3, r5
1000302c:	9806      	ldr	r0, [sp, #24]
1000302e:	9907      	ldr	r1, [sp, #28]
10003030:	f7fe ffe3 	bl	10001ffa <__wrap___aeabi_ddiv>
10003034:	9006      	str	r0, [sp, #24]
10003036:	9107      	str	r1, [sp, #28]
10003038:	2200      	movs	r2, #0
1000303a:	2300      	movs	r3, #0
1000303c:	9808      	ldr	r0, [sp, #32]
1000303e:	9909      	ldr	r1, [sp, #36]	; 0x24
10003040:	f7ff f83c 	bl	100020bc <__wrap___aeabi_dcmplt>
10003044:	2800      	cmp	r0, #0
10003046:	d148      	bne.n	100030da <_etoa+0x376>
10003048:	4b44      	ldr	r3, [pc, #272]	; (1000315c <_etoa+0x3f8>)
1000304a:	9a1e      	ldr	r2, [sp, #120]	; 0x78
1000304c:	4013      	ands	r3, r2
1000304e:	9304      	str	r3, [sp, #16]
10003050:	9703      	str	r7, [sp, #12]
10003052:	9b1c      	ldr	r3, [sp, #112]	; 0x70
10003054:	9302      	str	r3, [sp, #8]
10003056:	9b06      	ldr	r3, [sp, #24]
10003058:	9c07      	ldr	r4, [sp, #28]
1000305a:	9300      	str	r3, [sp, #0]
1000305c:	9401      	str	r4, [sp, #4]
1000305e:	4643      	mov	r3, r8
10003060:	9a0c      	ldr	r2, [sp, #48]	; 0x30
10003062:	4651      	mov	r1, sl
10003064:	4658      	mov	r0, fp
10003066:	f000 f887 	bl	10003178 <_ftoa>
1000306a:	2e00      	cmp	r6, #0
1000306c:	d100      	bne.n	10003070 <_etoa+0x30c>
1000306e:	e787      	b.n	10002f80 <_etoa+0x21c>
10003070:	9b1e      	ldr	r3, [sp, #120]	; 0x78
10003072:	069b      	lsls	r3, r3, #26
10003074:	d53d      	bpl.n	100030f2 <_etoa+0x38e>
10003076:	2545      	movs	r5, #69	; 0x45
10003078:	1c44      	adds	r4, r0, #1
1000307a:	4643      	mov	r3, r8
1000307c:	0002      	movs	r2, r0
1000307e:	4651      	mov	r1, sl
10003080:	0028      	movs	r0, r5
10003082:	47d8      	blx	fp
10003084:	464b      	mov	r3, r9
10003086:	17da      	asrs	r2, r3, #31
10003088:	189b      	adds	r3, r3, r2
1000308a:	4053      	eors	r3, r2
1000308c:	2205      	movs	r2, #5
1000308e:	9205      	str	r2, [sp, #20]
10003090:	3e01      	subs	r6, #1
10003092:	9604      	str	r6, [sp, #16]
10003094:	2200      	movs	r2, #0
10003096:	9203      	str	r2, [sp, #12]
10003098:	320a      	adds	r2, #10
1000309a:	9202      	str	r2, [sp, #8]
1000309c:	464a      	mov	r2, r9
1000309e:	0fd0      	lsrs	r0, r2, #31
100030a0:	9001      	str	r0, [sp, #4]
100030a2:	9300      	str	r3, [sp, #0]
100030a4:	4643      	mov	r3, r8
100030a6:	0022      	movs	r2, r4
100030a8:	4651      	mov	r1, sl
100030aa:	4658      	mov	r0, fp
100030ac:	f7ff fd8a 	bl	10002bc4 <_ntoa_long>
100030b0:	9b0a      	ldr	r3, [sp, #40]	; 0x28
100030b2:	2b00      	cmp	r3, #0
100030b4:	d100      	bne.n	100030b8 <_etoa+0x354>
100030b6:	e763      	b.n	10002f80 <_etoa+0x21c>
100030b8:	0002      	movs	r2, r0
100030ba:	465f      	mov	r7, fp
100030bc:	9e0c      	ldr	r6, [sp, #48]	; 0x30
100030be:	9d1d      	ldr	r5, [sp, #116]	; 0x74
100030c0:	e054      	b.n	1000316c <_etoa+0x408>
100030c2:	9b1c      	ldr	r3, [sp, #112]	; 0x70
100030c4:	2b00      	cmp	r3, #0
100030c6:	d09e      	beq.n	10003006 <_etoa+0x2a2>
100030c8:	9b0d      	ldr	r3, [sp, #52]	; 0x34
100030ca:	2b00      	cmp	r3, #0
100030cc:	d09b      	beq.n	10003006 <_etoa+0x2a2>
100030ce:	9b1c      	ldr	r3, [sp, #112]	; 0x70
100030d0:	3b01      	subs	r3, #1
100030d2:	931c      	str	r3, [sp, #112]	; 0x70
100030d4:	e797      	b.n	10003006 <_etoa+0x2a2>
100030d6:	2700      	movs	r7, #0
100030d8:	e799      	b.n	1000300e <_etoa+0x2aa>
100030da:	9c06      	ldr	r4, [sp, #24]
100030dc:	9d07      	ldr	r5, [sp, #28]
100030de:	0022      	movs	r2, r4
100030e0:	0029      	movs	r1, r5
100030e2:	2080      	movs	r0, #128	; 0x80
100030e4:	0600      	lsls	r0, r0, #24
100030e6:	4684      	mov	ip, r0
100030e8:	4461      	add	r1, ip
100030ea:	000b      	movs	r3, r1
100030ec:	9206      	str	r2, [sp, #24]
100030ee:	9307      	str	r3, [sp, #28]
100030f0:	e7aa      	b.n	10003048 <_etoa+0x2e4>
100030f2:	2565      	movs	r5, #101	; 0x65
100030f4:	e7c0      	b.n	10003078 <_etoa+0x314>
100030f6:	46c0      	nop			; (mov r8, r8)
100030f8:	7fefffff 	.word	0x7fefffff
100030fc:	ffefffff 	.word	0xffefffff
10003100:	fffffc01 	.word	0xfffffc01
10003104:	3ff00000 	.word	0x3ff00000
10003108:	509f79fb 	.word	0x509f79fb
1000310c:	3fd34413 	.word	0x3fd34413
10003110:	8b60c8b3 	.word	0x8b60c8b3
10003114:	3fc68a28 	.word	0x3fc68a28
10003118:	3ff80000 	.word	0x3ff80000
1000311c:	636f4361 	.word	0x636f4361
10003120:	3fd287a7 	.word	0x3fd287a7
10003124:	0979a371 	.word	0x0979a371
10003128:	400a934f 	.word	0x400a934f
1000312c:	3fe00000 	.word	0x3fe00000
10003130:	bbb55516 	.word	0xbbb55516
10003134:	40026bb1 	.word	0x40026bb1
10003138:	fefa39ef 	.word	0xfefa39ef
1000313c:	3fe62e42 	.word	0x3fe62e42
10003140:	000003ff 	.word	0x000003ff
10003144:	402c0000 	.word	0x402c0000
10003148:	40240000 	.word	0x40240000
1000314c:	40180000 	.word	0x40180000
10003150:	eb1c432d 	.word	0xeb1c432d
10003154:	3f1a36e2 	.word	0x3f1a36e2
10003158:	412e8480 	.word	0x412e8480
1000315c:	fffff7ff 	.word	0xfffff7ff
10003160:	1c54      	adds	r4, r2, #1
10003162:	4643      	mov	r3, r8
10003164:	4651      	mov	r1, sl
10003166:	2020      	movs	r0, #32
10003168:	47b8      	blx	r7
1000316a:	0022      	movs	r2, r4
1000316c:	1b93      	subs	r3, r2, r6
1000316e:	42ab      	cmp	r3, r5
10003170:	d3f6      	bcc.n	10003160 <_etoa+0x3fc>
10003172:	0010      	movs	r0, r2
10003174:	e704      	b.n	10002f80 <_etoa+0x21c>
10003176:	46c0      	nop			; (mov r8, r8)

10003178 <_ftoa>:
10003178:	b5f0      	push	{r4, r5, r6, r7, lr}
1000317a:	46de      	mov	lr, fp
1000317c:	4657      	mov	r7, sl
1000317e:	464e      	mov	r6, r9
10003180:	4645      	mov	r5, r8
10003182:	b5e0      	push	{r5, r6, r7, lr}
10003184:	b095      	sub	sp, #84	; 0x54
10003186:	9006      	str	r0, [sp, #24]
10003188:	9107      	str	r1, [sp, #28]
1000318a:	4693      	mov	fp, r2
1000318c:	4699      	mov	r9, r3
1000318e:	9f20      	ldr	r7, [sp, #128]	; 0x80
10003190:	9a1e      	ldr	r2, [sp, #120]	; 0x78
10003192:	9b1f      	ldr	r3, [sp, #124]	; 0x7c
10003194:	0010      	movs	r0, r2
10003196:	0019      	movs	r1, r3
10003198:	f7fe ffab 	bl	100020f2 <__wrap___aeabi_dcmpun>
1000319c:	2800      	cmp	r0, #0
1000319e:	d131      	bne.n	10003204 <_ftoa+0x8c>
100031a0:	2201      	movs	r2, #1
100031a2:	4252      	negs	r2, r2
100031a4:	4bbf      	ldr	r3, [pc, #764]	; (100034a4 <_ftoa+0x32c>)
100031a6:	981e      	ldr	r0, [sp, #120]	; 0x78
100031a8:	991f      	ldr	r1, [sp, #124]	; 0x7c
100031aa:	f7fe ff87 	bl	100020bc <__wrap___aeabi_dcmplt>
100031ae:	2800      	cmp	r0, #0
100031b0:	d137      	bne.n	10003222 <_ftoa+0xaa>
100031b2:	2201      	movs	r2, #1
100031b4:	4252      	negs	r2, r2
100031b6:	4bbc      	ldr	r3, [pc, #752]	; (100034a8 <_ftoa+0x330>)
100031b8:	981e      	ldr	r0, [sp, #120]	; 0x78
100031ba:	991f      	ldr	r1, [sp, #124]	; 0x7c
100031bc:	f7fe ff94 	bl	100020e8 <__wrap___aeabi_dcmpgt>
100031c0:	2800      	cmp	r0, #0
100031c2:	d13d      	bne.n	10003240 <_ftoa+0xc8>
100031c4:	2200      	movs	r2, #0
100031c6:	4bb9      	ldr	r3, [pc, #740]	; (100034ac <_ftoa+0x334>)
100031c8:	981e      	ldr	r0, [sp, #120]	; 0x78
100031ca:	991f      	ldr	r1, [sp, #124]	; 0x7c
100031cc:	f7fe ff8c 	bl	100020e8 <__wrap___aeabi_dcmpgt>
100031d0:	2800      	cmp	r0, #0
100031d2:	d150      	bne.n	10003276 <_ftoa+0xfe>
100031d4:	2200      	movs	r2, #0
100031d6:	4bb6      	ldr	r3, [pc, #728]	; (100034b0 <_ftoa+0x338>)
100031d8:	981e      	ldr	r0, [sp, #120]	; 0x78
100031da:	991f      	ldr	r1, [sp, #124]	; 0x7c
100031dc:	f7fe ff6e 	bl	100020bc <__wrap___aeabi_dcmplt>
100031e0:	2800      	cmp	r0, #0
100031e2:	d148      	bne.n	10003276 <_ftoa+0xfe>
100031e4:	2200      	movs	r2, #0
100031e6:	2300      	movs	r3, #0
100031e8:	981e      	ldr	r0, [sp, #120]	; 0x78
100031ea:	991f      	ldr	r1, [sp, #124]	; 0x7c
100031ec:	f7fe ff66 	bl	100020bc <__wrap___aeabi_dcmplt>
100031f0:	2800      	cmp	r0, #0
100031f2:	d150      	bne.n	10003296 <_ftoa+0x11e>
100031f4:	2300      	movs	r3, #0
100031f6:	4698      	mov	r8, r3
100031f8:	9b22      	ldr	r3, [sp, #136]	; 0x88
100031fa:	055b      	lsls	r3, r3, #21
100031fc:	d400      	bmi.n	10003200 <_ftoa+0x88>
100031fe:	e0b6      	b.n	1000336e <_ftoa+0x1f6>
10003200:	2400      	movs	r4, #0
10003202:	e058      	b.n	100032b6 <_ftoa+0x13e>
10003204:	9b22      	ldr	r3, [sp, #136]	; 0x88
10003206:	9303      	str	r3, [sp, #12]
10003208:	9b21      	ldr	r3, [sp, #132]	; 0x84
1000320a:	9302      	str	r3, [sp, #8]
1000320c:	2303      	movs	r3, #3
1000320e:	9301      	str	r3, [sp, #4]
10003210:	4ba8      	ldr	r3, [pc, #672]	; (100034b4 <_ftoa+0x33c>)
10003212:	9300      	str	r3, [sp, #0]
10003214:	464b      	mov	r3, r9
10003216:	465a      	mov	r2, fp
10003218:	9907      	ldr	r1, [sp, #28]
1000321a:	9806      	ldr	r0, [sp, #24]
1000321c:	f7ff fbf2 	bl	10002a04 <_out_rev>
10003220:	e10e      	b.n	10003440 <_ftoa+0x2c8>
10003222:	9b22      	ldr	r3, [sp, #136]	; 0x88
10003224:	9303      	str	r3, [sp, #12]
10003226:	9b21      	ldr	r3, [sp, #132]	; 0x84
10003228:	9302      	str	r3, [sp, #8]
1000322a:	2304      	movs	r3, #4
1000322c:	9301      	str	r3, [sp, #4]
1000322e:	4ba2      	ldr	r3, [pc, #648]	; (100034b8 <_ftoa+0x340>)
10003230:	9300      	str	r3, [sp, #0]
10003232:	464b      	mov	r3, r9
10003234:	465a      	mov	r2, fp
10003236:	9907      	ldr	r1, [sp, #28]
10003238:	9806      	ldr	r0, [sp, #24]
1000323a:	f7ff fbe3 	bl	10002a04 <_out_rev>
1000323e:	e0ff      	b.n	10003440 <_ftoa+0x2c8>
10003240:	2304      	movs	r3, #4
10003242:	9a22      	ldr	r2, [sp, #136]	; 0x88
10003244:	401a      	ands	r2, r3
10003246:	9922      	ldr	r1, [sp, #136]	; 0x88
10003248:	420b      	tst	r3, r1
1000324a:	d010      	beq.n	1000326e <_ftoa+0xf6>
1000324c:	4b9b      	ldr	r3, [pc, #620]	; (100034bc <_ftoa+0x344>)
1000324e:	2a00      	cmp	r2, #0
10003250:	d00f      	beq.n	10003272 <_ftoa+0xfa>
10003252:	2204      	movs	r2, #4
10003254:	9922      	ldr	r1, [sp, #136]	; 0x88
10003256:	9103      	str	r1, [sp, #12]
10003258:	9921      	ldr	r1, [sp, #132]	; 0x84
1000325a:	9102      	str	r1, [sp, #8]
1000325c:	9201      	str	r2, [sp, #4]
1000325e:	9300      	str	r3, [sp, #0]
10003260:	464b      	mov	r3, r9
10003262:	465a      	mov	r2, fp
10003264:	9907      	ldr	r1, [sp, #28]
10003266:	9806      	ldr	r0, [sp, #24]
10003268:	f7ff fbcc 	bl	10002a04 <_out_rev>
1000326c:	e0e8      	b.n	10003440 <_ftoa+0x2c8>
1000326e:	4b94      	ldr	r3, [pc, #592]	; (100034c0 <_ftoa+0x348>)
10003270:	e7ed      	b.n	1000324e <_ftoa+0xd6>
10003272:	2203      	movs	r2, #3
10003274:	e7ee      	b.n	10003254 <_ftoa+0xdc>
10003276:	9b22      	ldr	r3, [sp, #136]	; 0x88
10003278:	9304      	str	r3, [sp, #16]
1000327a:	9b21      	ldr	r3, [sp, #132]	; 0x84
1000327c:	9303      	str	r3, [sp, #12]
1000327e:	9702      	str	r7, [sp, #8]
10003280:	9b1e      	ldr	r3, [sp, #120]	; 0x78
10003282:	9c1f      	ldr	r4, [sp, #124]	; 0x7c
10003284:	9300      	str	r3, [sp, #0]
10003286:	9401      	str	r4, [sp, #4]
10003288:	464b      	mov	r3, r9
1000328a:	465a      	mov	r2, fp
1000328c:	9907      	ldr	r1, [sp, #28]
1000328e:	9806      	ldr	r0, [sp, #24]
10003290:	f7ff fd68 	bl	10002d64 <_etoa>
10003294:	e0d4      	b.n	10003440 <_ftoa+0x2c8>
10003296:	9a1e      	ldr	r2, [sp, #120]	; 0x78
10003298:	9b1f      	ldr	r3, [sp, #124]	; 0x7c
1000329a:	2000      	movs	r0, #0
1000329c:	2100      	movs	r1, #0
1000329e:	f7fe fe9a 	bl	10001fd6 <__wrap___aeabi_dsub>
100032a2:	901e      	str	r0, [sp, #120]	; 0x78
100032a4:	911f      	str	r1, [sp, #124]	; 0x7c
100032a6:	2301      	movs	r3, #1
100032a8:	4698      	mov	r8, r3
100032aa:	e7a5      	b.n	100031f8 <_ftoa+0x80>
100032ac:	ab0c      	add	r3, sp, #48	; 0x30
100032ae:	2230      	movs	r2, #48	; 0x30
100032b0:	551a      	strb	r2, [r3, r4]
100032b2:	3f01      	subs	r7, #1
100032b4:	3401      	adds	r4, #1
100032b6:	2c1f      	cmp	r4, #31
100032b8:	d801      	bhi.n	100032be <_ftoa+0x146>
100032ba:	2f09      	cmp	r7, #9
100032bc:	d8f6      	bhi.n	100032ac <_ftoa+0x134>
100032be:	981e      	ldr	r0, [sp, #120]	; 0x78
100032c0:	991f      	ldr	r1, [sp, #124]	; 0x7c
100032c2:	f7fe ff3f 	bl	10002144 <__wrap___aeabi_d2iz>
100032c6:	0005      	movs	r5, r0
100032c8:	f7fe ff24 	bl	10002114 <__wrap___aeabi_i2d>
100032cc:	0002      	movs	r2, r0
100032ce:	000b      	movs	r3, r1
100032d0:	981e      	ldr	r0, [sp, #120]	; 0x78
100032d2:	991f      	ldr	r1, [sp, #124]	; 0x7c
100032d4:	f7fe fe7f 	bl	10001fd6 <__wrap___aeabi_dsub>
100032d8:	00fa      	lsls	r2, r7, #3
100032da:	4b7a      	ldr	r3, [pc, #488]	; (100034c4 <_ftoa+0x34c>)
100032dc:	189b      	adds	r3, r3, r2
100032de:	681a      	ldr	r2, [r3, #0]
100032e0:	685b      	ldr	r3, [r3, #4]
100032e2:	920a      	str	r2, [sp, #40]	; 0x28
100032e4:	930b      	str	r3, [sp, #44]	; 0x2c
100032e6:	f7fe fea6 	bl	10002036 <__wrap___aeabi_dmul>
100032ea:	9008      	str	r0, [sp, #32]
100032ec:	9109      	str	r1, [sp, #36]	; 0x24
100032ee:	f7fe ff4d 	bl	1000218c <__wrap___aeabi_d2uiz>
100032f2:	0006      	movs	r6, r0
100032f4:	f7fe ff0a 	bl	1000210c <__wrap___aeabi_ui2d>
100032f8:	0002      	movs	r2, r0
100032fa:	000b      	movs	r3, r1
100032fc:	9808      	ldr	r0, [sp, #32]
100032fe:	9909      	ldr	r1, [sp, #36]	; 0x24
10003300:	f7fe fe69 	bl	10001fd6 <__wrap___aeabi_dsub>
10003304:	9008      	str	r0, [sp, #32]
10003306:	9109      	str	r1, [sp, #36]	; 0x24
10003308:	2200      	movs	r2, #0
1000330a:	4b6f      	ldr	r3, [pc, #444]	; (100034c8 <_ftoa+0x350>)
1000330c:	f7fe feec 	bl	100020e8 <__wrap___aeabi_dcmpgt>
10003310:	2800      	cmp	r0, #0
10003312:	d02e      	beq.n	10003372 <_ftoa+0x1fa>
10003314:	3601      	adds	r6, #1
10003316:	0030      	movs	r0, r6
10003318:	f7fe fef8 	bl	1000210c <__wrap___aeabi_ui2d>
1000331c:	0002      	movs	r2, r0
1000331e:	000b      	movs	r3, r1
10003320:	980a      	ldr	r0, [sp, #40]	; 0x28
10003322:	990b      	ldr	r1, [sp, #44]	; 0x2c
10003324:	f7fe fed0 	bl	100020c8 <__wrap___aeabi_dcmple>
10003328:	2800      	cmp	r0, #0
1000332a:	d001      	beq.n	10003330 <_ftoa+0x1b8>
1000332c:	3501      	adds	r5, #1
1000332e:	2600      	movs	r6, #0
10003330:	2f00      	cmp	r7, #0
10003332:	d12c      	bne.n	1000338e <_ftoa+0x216>
10003334:	0028      	movs	r0, r5
10003336:	f7fe feed 	bl	10002114 <__wrap___aeabi_i2d>
1000333a:	0002      	movs	r2, r0
1000333c:	000b      	movs	r3, r1
1000333e:	981e      	ldr	r0, [sp, #120]	; 0x78
10003340:	991f      	ldr	r1, [sp, #124]	; 0x7c
10003342:	f7fe fe48 	bl	10001fd6 <__wrap___aeabi_dsub>
10003346:	0006      	movs	r6, r0
10003348:	000f      	movs	r7, r1
1000334a:	2200      	movs	r2, #0
1000334c:	4b5e      	ldr	r3, [pc, #376]	; (100034c8 <_ftoa+0x350>)
1000334e:	f7fe feb5 	bl	100020bc <__wrap___aeabi_dcmplt>
10003352:	2800      	cmp	r0, #0
10003354:	d146      	bne.n	100033e4 <_ftoa+0x26c>
10003356:	2200      	movs	r2, #0
10003358:	4b5b      	ldr	r3, [pc, #364]	; (100034c8 <_ftoa+0x350>)
1000335a:	0030      	movs	r0, r6
1000335c:	0039      	movs	r1, r7
1000335e:	f7fe fec3 	bl	100020e8 <__wrap___aeabi_dcmpgt>
10003362:	2800      	cmp	r0, #0
10003364:	d13e      	bne.n	100033e4 <_ftoa+0x26c>
10003366:	07eb      	lsls	r3, r5, #31
10003368:	d53c      	bpl.n	100033e4 <_ftoa+0x26c>
1000336a:	3501      	adds	r5, #1
1000336c:	e03a      	b.n	100033e4 <_ftoa+0x26c>
1000336e:	2706      	movs	r7, #6
10003370:	e746      	b.n	10003200 <_ftoa+0x88>
10003372:	2200      	movs	r2, #0
10003374:	4b54      	ldr	r3, [pc, #336]	; (100034c8 <_ftoa+0x350>)
10003376:	9808      	ldr	r0, [sp, #32]
10003378:	9909      	ldr	r1, [sp, #36]	; 0x24
1000337a:	f7fe fe9f 	bl	100020bc <__wrap___aeabi_dcmplt>
1000337e:	2800      	cmp	r0, #0
10003380:	d1d6      	bne.n	10003330 <_ftoa+0x1b8>
10003382:	2e00      	cmp	r6, #0
10003384:	d001      	beq.n	1000338a <_ftoa+0x212>
10003386:	07f3      	lsls	r3, r6, #31
10003388:	d5d2      	bpl.n	10003330 <_ftoa+0x1b8>
1000338a:	3601      	adds	r6, #1
1000338c:	e7d0      	b.n	10003330 <_ftoa+0x1b8>
1000338e:	46aa      	mov	sl, r5
10003390:	2c1f      	cmp	r4, #31
10003392:	d811      	bhi.n	100033b8 <_ftoa+0x240>
10003394:	3f01      	subs	r7, #1
10003396:	210a      	movs	r1, #10
10003398:	0030      	movs	r0, r6
1000339a:	f7fe fbe1 	bl	10001b60 <__wrap___aeabi_uidiv>
1000339e:	1c65      	adds	r5, r4, #1
100033a0:	3130      	adds	r1, #48	; 0x30
100033a2:	ab0c      	add	r3, sp, #48	; 0x30
100033a4:	5519      	strb	r1, [r3, r4]
100033a6:	210a      	movs	r1, #10
100033a8:	0030      	movs	r0, r6
100033aa:	f7fe fbd9 	bl	10001b60 <__wrap___aeabi_uidiv>
100033ae:	2e09      	cmp	r6, #9
100033b0:	d90e      	bls.n	100033d0 <_ftoa+0x258>
100033b2:	0006      	movs	r6, r0
100033b4:	002c      	movs	r4, r5
100033b6:	e7eb      	b.n	10003390 <_ftoa+0x218>
100033b8:	4655      	mov	r5, sl
100033ba:	2c1f      	cmp	r4, #31
100033bc:	d80c      	bhi.n	100033d8 <_ftoa+0x260>
100033be:	1e7b      	subs	r3, r7, #1
100033c0:	2f00      	cmp	r7, #0
100033c2:	d009      	beq.n	100033d8 <_ftoa+0x260>
100033c4:	aa0c      	add	r2, sp, #48	; 0x30
100033c6:	2130      	movs	r1, #48	; 0x30
100033c8:	5511      	strb	r1, [r2, r4]
100033ca:	001f      	movs	r7, r3
100033cc:	3401      	adds	r4, #1
100033ce:	e7f4      	b.n	100033ba <_ftoa+0x242>
100033d0:	002b      	movs	r3, r5
100033d2:	4655      	mov	r5, sl
100033d4:	001c      	movs	r4, r3
100033d6:	e7f0      	b.n	100033ba <_ftoa+0x242>
100033d8:	2c1f      	cmp	r4, #31
100033da:	d803      	bhi.n	100033e4 <_ftoa+0x26c>
100033dc:	ab0c      	add	r3, sp, #48	; 0x30
100033de:	222e      	movs	r2, #46	; 0x2e
100033e0:	551a      	strb	r2, [r3, r4]
100033e2:	3401      	adds	r4, #1
100033e4:	2c1f      	cmp	r4, #31
100033e6:	d810      	bhi.n	1000340a <_ftoa+0x292>
100033e8:	210a      	movs	r1, #10
100033ea:	0028      	movs	r0, r5
100033ec:	f7fe fb90 	bl	10001b10 <__wrap___aeabi_idiv>
100033f0:	1c66      	adds	r6, r4, #1
100033f2:	3130      	adds	r1, #48	; 0x30
100033f4:	ab0c      	add	r3, sp, #48	; 0x30
100033f6:	5519      	strb	r1, [r3, r4]
100033f8:	210a      	movs	r1, #10
100033fa:	0028      	movs	r0, r5
100033fc:	f7fe fb88 	bl	10001b10 <__wrap___aeabi_idiv>
10003400:	1e05      	subs	r5, r0, #0
10003402:	d001      	beq.n	10003408 <_ftoa+0x290>
10003404:	0034      	movs	r4, r6
10003406:	e7ed      	b.n	100033e4 <_ftoa+0x26c>
10003408:	0034      	movs	r4, r6
1000340a:	2303      	movs	r3, #3
1000340c:	9a22      	ldr	r2, [sp, #136]	; 0x88
1000340e:	4013      	ands	r3, r2
10003410:	2b01      	cmp	r3, #1
10003412:	d01c      	beq.n	1000344e <_ftoa+0x2d6>
10003414:	2c1f      	cmp	r4, #31
10003416:	d806      	bhi.n	10003426 <_ftoa+0x2ae>
10003418:	4643      	mov	r3, r8
1000341a:	2b00      	cmp	r3, #0
1000341c:	d032      	beq.n	10003484 <_ftoa+0x30c>
1000341e:	ab0c      	add	r3, sp, #48	; 0x30
10003420:	222d      	movs	r2, #45	; 0x2d
10003422:	551a      	strb	r2, [r3, r4]
10003424:	3401      	adds	r4, #1
10003426:	9b22      	ldr	r3, [sp, #136]	; 0x88
10003428:	9303      	str	r3, [sp, #12]
1000342a:	9b21      	ldr	r3, [sp, #132]	; 0x84
1000342c:	9302      	str	r3, [sp, #8]
1000342e:	9401      	str	r4, [sp, #4]
10003430:	ab0c      	add	r3, sp, #48	; 0x30
10003432:	9300      	str	r3, [sp, #0]
10003434:	464b      	mov	r3, r9
10003436:	465a      	mov	r2, fp
10003438:	9907      	ldr	r1, [sp, #28]
1000343a:	9806      	ldr	r0, [sp, #24]
1000343c:	f7ff fae2 	bl	10002a04 <_out_rev>
10003440:	b015      	add	sp, #84	; 0x54
10003442:	bcf0      	pop	{r4, r5, r6, r7}
10003444:	46bb      	mov	fp, r7
10003446:	46b2      	mov	sl, r6
10003448:	46a9      	mov	r9, r5
1000344a:	46a0      	mov	r8, r4
1000344c:	bdf0      	pop	{r4, r5, r6, r7, pc}
1000344e:	9b21      	ldr	r3, [sp, #132]	; 0x84
10003450:	2b00      	cmp	r3, #0
10003452:	d013      	beq.n	1000347c <_ftoa+0x304>
10003454:	4643      	mov	r3, r8
10003456:	2b00      	cmp	r3, #0
10003458:	d102      	bne.n	10003460 <_ftoa+0x2e8>
1000345a:	330c      	adds	r3, #12
1000345c:	4213      	tst	r3, r2
1000345e:	d00f      	beq.n	10003480 <_ftoa+0x308>
10003460:	9b21      	ldr	r3, [sp, #132]	; 0x84
10003462:	3b01      	subs	r3, #1
10003464:	9321      	str	r3, [sp, #132]	; 0x84
10003466:	0019      	movs	r1, r3
10003468:	e003      	b.n	10003472 <_ftoa+0x2fa>
1000346a:	ab0c      	add	r3, sp, #48	; 0x30
1000346c:	2230      	movs	r2, #48	; 0x30
1000346e:	551a      	strb	r2, [r3, r4]
10003470:	3401      	adds	r4, #1
10003472:	428c      	cmp	r4, r1
10003474:	d2ce      	bcs.n	10003414 <_ftoa+0x29c>
10003476:	2c1f      	cmp	r4, #31
10003478:	d9f7      	bls.n	1000346a <_ftoa+0x2f2>
1000347a:	e7cb      	b.n	10003414 <_ftoa+0x29c>
1000347c:	9921      	ldr	r1, [sp, #132]	; 0x84
1000347e:	e7f8      	b.n	10003472 <_ftoa+0x2fa>
10003480:	9921      	ldr	r1, [sp, #132]	; 0x84
10003482:	e7f6      	b.n	10003472 <_ftoa+0x2fa>
10003484:	9b22      	ldr	r3, [sp, #136]	; 0x88
10003486:	075b      	lsls	r3, r3, #29
10003488:	d504      	bpl.n	10003494 <_ftoa+0x31c>
1000348a:	ab0c      	add	r3, sp, #48	; 0x30
1000348c:	222b      	movs	r2, #43	; 0x2b
1000348e:	551a      	strb	r2, [r3, r4]
10003490:	3401      	adds	r4, #1
10003492:	e7c8      	b.n	10003426 <_ftoa+0x2ae>
10003494:	9b22      	ldr	r3, [sp, #136]	; 0x88
10003496:	071b      	lsls	r3, r3, #28
10003498:	d5c5      	bpl.n	10003426 <_ftoa+0x2ae>
1000349a:	ab0c      	add	r3, sp, #48	; 0x30
1000349c:	2220      	movs	r2, #32
1000349e:	551a      	strb	r2, [r3, r4]
100034a0:	3401      	adds	r4, #1
100034a2:	e7c0      	b.n	10003426 <_ftoa+0x2ae>
100034a4:	ffefffff 	.word	0xffefffff
100034a8:	7fefffff 	.word	0x7fefffff
100034ac:	41cdcd65 	.word	0x41cdcd65
100034b0:	c1cdcd65 	.word	0xc1cdcd65
100034b4:	100081e0 	.word	0x100081e0
100034b8:	100081e4 	.word	0x100081e4
100034bc:	100081d8 	.word	0x100081d8
100034c0:	100081d4 	.word	0x100081d4
100034c4:	100083d0 	.word	0x100083d0
100034c8:	3fe00000 	.word	0x3fe00000

100034cc <_vsnprintf>:
100034cc:	b5f0      	push	{r4, r5, r6, r7, lr}
100034ce:	46de      	mov	lr, fp
100034d0:	4657      	mov	r7, sl
100034d2:	464e      	mov	r6, r9
100034d4:	4645      	mov	r5, r8
100034d6:	b5e0      	push	{r5, r6, r7, lr}
100034d8:	b093      	sub	sp, #76	; 0x4c
100034da:	4682      	mov	sl, r0
100034dc:	468b      	mov	fp, r1
100034de:	4690      	mov	r8, r2
100034e0:	9311      	str	r3, [sp, #68]	; 0x44
100034e2:	2900      	cmp	r1, #0
100034e4:	d100      	bne.n	100034e8 <_vsnprintf+0x1c>
100034e6:	e2eb      	b.n	10003ac0 <_vsnprintf+0x5f4>
100034e8:	2700      	movs	r7, #0
100034ea:	4655      	mov	r5, sl
100034ec:	9b11      	ldr	r3, [sp, #68]	; 0x44
100034ee:	7818      	ldrb	r0, [r3, #0]
100034f0:	2800      	cmp	r0, #0
100034f2:	d100      	bne.n	100034f6 <_vsnprintf+0x2a>
100034f4:	e2e7      	b.n	10003ac6 <_vsnprintf+0x5fa>
100034f6:	2825      	cmp	r0, #37	; 0x25
100034f8:	d009      	beq.n	1000350e <_vsnprintf+0x42>
100034fa:	1c7c      	adds	r4, r7, #1
100034fc:	4643      	mov	r3, r8
100034fe:	003a      	movs	r2, r7
10003500:	4659      	mov	r1, fp
10003502:	47a8      	blx	r5
10003504:	9b11      	ldr	r3, [sp, #68]	; 0x44
10003506:	3301      	adds	r3, #1
10003508:	9311      	str	r3, [sp, #68]	; 0x44
1000350a:	0027      	movs	r7, r4
1000350c:	e7ee      	b.n	100034ec <_vsnprintf+0x20>
1000350e:	3301      	adds	r3, #1
10003510:	9311      	str	r3, [sp, #68]	; 0x44
10003512:	2400      	movs	r4, #0
10003514:	9a11      	ldr	r2, [sp, #68]	; 0x44
10003516:	7811      	ldrb	r1, [r2, #0]
10003518:	000b      	movs	r3, r1
1000351a:	3b20      	subs	r3, #32
1000351c:	b2d8      	uxtb	r0, r3
1000351e:	2810      	cmp	r0, #16
10003520:	d803      	bhi.n	1000352a <_vsnprintf+0x5e>
10003522:	0083      	lsls	r3, r0, #2
10003524:	48d0      	ldr	r0, [pc, #832]	; (10003868 <_vsnprintf+0x39c>)
10003526:	58c3      	ldr	r3, [r0, r3]
10003528:	469f      	mov	pc, r3
1000352a:	000b      	movs	r3, r1
1000352c:	3b30      	subs	r3, #48	; 0x30
1000352e:	b2db      	uxtb	r3, r3
10003530:	2b09      	cmp	r3, #9
10003532:	d92c      	bls.n	1000358e <_vsnprintf+0xc2>
10003534:	292a      	cmp	r1, #42	; 0x2a
10003536:	d02f      	beq.n	10003598 <_vsnprintf+0xcc>
10003538:	2300      	movs	r3, #0
1000353a:	930a      	str	r3, [sp, #40]	; 0x28
1000353c:	9b11      	ldr	r3, [sp, #68]	; 0x44
1000353e:	781a      	ldrb	r2, [r3, #0]
10003540:	2a2e      	cmp	r2, #46	; 0x2e
10003542:	d039      	beq.n	100035b8 <_vsnprintf+0xec>
10003544:	2300      	movs	r3, #0
10003546:	469a      	mov	sl, r3
10003548:	9a11      	ldr	r2, [sp, #68]	; 0x44
1000354a:	7813      	ldrb	r3, [r2, #0]
1000354c:	3b68      	subs	r3, #104	; 0x68
1000354e:	b2d9      	uxtb	r1, r3
10003550:	2912      	cmp	r1, #18
10003552:	d876      	bhi.n	10003642 <_vsnprintf+0x176>
10003554:	008b      	lsls	r3, r1, #2
10003556:	49c5      	ldr	r1, [pc, #788]	; (1000386c <_vsnprintf+0x3a0>)
10003558:	58cb      	ldr	r3, [r1, r3]
1000355a:	469f      	mov	pc, r3
1000355c:	2301      	movs	r3, #1
1000355e:	431c      	orrs	r4, r3
10003560:	3201      	adds	r2, #1
10003562:	9211      	str	r2, [sp, #68]	; 0x44
10003564:	e7d6      	b.n	10003514 <_vsnprintf+0x48>
10003566:	2302      	movs	r3, #2
10003568:	431c      	orrs	r4, r3
1000356a:	3201      	adds	r2, #1
1000356c:	9211      	str	r2, [sp, #68]	; 0x44
1000356e:	e7d1      	b.n	10003514 <_vsnprintf+0x48>
10003570:	2304      	movs	r3, #4
10003572:	431c      	orrs	r4, r3
10003574:	3201      	adds	r2, #1
10003576:	9211      	str	r2, [sp, #68]	; 0x44
10003578:	e7cc      	b.n	10003514 <_vsnprintf+0x48>
1000357a:	2308      	movs	r3, #8
1000357c:	431c      	orrs	r4, r3
1000357e:	3201      	adds	r2, #1
10003580:	9211      	str	r2, [sp, #68]	; 0x44
10003582:	e7c7      	b.n	10003514 <_vsnprintf+0x48>
10003584:	2310      	movs	r3, #16
10003586:	431c      	orrs	r4, r3
10003588:	3201      	adds	r2, #1
1000358a:	9211      	str	r2, [sp, #68]	; 0x44
1000358c:	e7c2      	b.n	10003514 <_vsnprintf+0x48>
1000358e:	a811      	add	r0, sp, #68	; 0x44
10003590:	f7ff fa26 	bl	100029e0 <_atoi>
10003594:	900a      	str	r0, [sp, #40]	; 0x28
10003596:	e7d1      	b.n	1000353c <_vsnprintf+0x70>
10003598:	9b1c      	ldr	r3, [sp, #112]	; 0x70
1000359a:	1d1a      	adds	r2, r3, #4
1000359c:	921c      	str	r2, [sp, #112]	; 0x70
1000359e:	6818      	ldr	r0, [r3, #0]
100035a0:	2800      	cmp	r0, #0
100035a2:	db04      	blt.n	100035ae <_vsnprintf+0xe2>
100035a4:	900a      	str	r0, [sp, #40]	; 0x28
100035a6:	9b11      	ldr	r3, [sp, #68]	; 0x44
100035a8:	3301      	adds	r3, #1
100035aa:	9311      	str	r3, [sp, #68]	; 0x44
100035ac:	e7c6      	b.n	1000353c <_vsnprintf+0x70>
100035ae:	2302      	movs	r3, #2
100035b0:	431c      	orrs	r4, r3
100035b2:	4243      	negs	r3, r0
100035b4:	930a      	str	r3, [sp, #40]	; 0x28
100035b6:	e7f6      	b.n	100035a6 <_vsnprintf+0xda>
100035b8:	2280      	movs	r2, #128	; 0x80
100035ba:	00d2      	lsls	r2, r2, #3
100035bc:	4314      	orrs	r4, r2
100035be:	1c5a      	adds	r2, r3, #1
100035c0:	9211      	str	r2, [sp, #68]	; 0x44
100035c2:	785a      	ldrb	r2, [r3, #1]
100035c4:	0013      	movs	r3, r2
100035c6:	3b30      	subs	r3, #48	; 0x30
100035c8:	b2db      	uxtb	r3, r3
100035ca:	2b09      	cmp	r3, #9
100035cc:	d904      	bls.n	100035d8 <_vsnprintf+0x10c>
100035ce:	2a2a      	cmp	r2, #42	; 0x2a
100035d0:	d007      	beq.n	100035e2 <_vsnprintf+0x116>
100035d2:	2300      	movs	r3, #0
100035d4:	469a      	mov	sl, r3
100035d6:	e7b7      	b.n	10003548 <_vsnprintf+0x7c>
100035d8:	a811      	add	r0, sp, #68	; 0x44
100035da:	f7ff fa01 	bl	100029e0 <_atoi>
100035de:	4682      	mov	sl, r0
100035e0:	e7b2      	b.n	10003548 <_vsnprintf+0x7c>
100035e2:	9b1c      	ldr	r3, [sp, #112]	; 0x70
100035e4:	1d1a      	adds	r2, r3, #4
100035e6:	921c      	str	r2, [sp, #112]	; 0x70
100035e8:	6818      	ldr	r0, [r3, #0]
100035ea:	2800      	cmp	r0, #0
100035ec:	db04      	blt.n	100035f8 <_vsnprintf+0x12c>
100035ee:	4682      	mov	sl, r0
100035f0:	9b11      	ldr	r3, [sp, #68]	; 0x44
100035f2:	3301      	adds	r3, #1
100035f4:	9311      	str	r3, [sp, #68]	; 0x44
100035f6:	e7a7      	b.n	10003548 <_vsnprintf+0x7c>
100035f8:	2000      	movs	r0, #0
100035fa:	e7f8      	b.n	100035ee <_vsnprintf+0x122>
100035fc:	2380      	movs	r3, #128	; 0x80
100035fe:	005b      	lsls	r3, r3, #1
10003600:	4323      	orrs	r3, r4
10003602:	1c51      	adds	r1, r2, #1
10003604:	9111      	str	r1, [sp, #68]	; 0x44
10003606:	7852      	ldrb	r2, [r2, #1]
10003608:	2a6c      	cmp	r2, #108	; 0x6c
1000360a:	d001      	beq.n	10003610 <_vsnprintf+0x144>
1000360c:	001c      	movs	r4, r3
1000360e:	e018      	b.n	10003642 <_vsnprintf+0x176>
10003610:	23c0      	movs	r3, #192	; 0xc0
10003612:	009b      	lsls	r3, r3, #2
10003614:	431c      	orrs	r4, r3
10003616:	3101      	adds	r1, #1
10003618:	9111      	str	r1, [sp, #68]	; 0x44
1000361a:	e012      	b.n	10003642 <_vsnprintf+0x176>
1000361c:	2380      	movs	r3, #128	; 0x80
1000361e:	4323      	orrs	r3, r4
10003620:	1c51      	adds	r1, r2, #1
10003622:	9111      	str	r1, [sp, #68]	; 0x44
10003624:	7852      	ldrb	r2, [r2, #1]
10003626:	2a68      	cmp	r2, #104	; 0x68
10003628:	d001      	beq.n	1000362e <_vsnprintf+0x162>
1000362a:	001c      	movs	r4, r3
1000362c:	e009      	b.n	10003642 <_vsnprintf+0x176>
1000362e:	23c0      	movs	r3, #192	; 0xc0
10003630:	431c      	orrs	r4, r3
10003632:	3101      	adds	r1, #1
10003634:	9111      	str	r1, [sp, #68]	; 0x44
10003636:	e004      	b.n	10003642 <_vsnprintf+0x176>
10003638:	2380      	movs	r3, #128	; 0x80
1000363a:	005b      	lsls	r3, r3, #1
1000363c:	431c      	orrs	r4, r3
1000363e:	3201      	adds	r2, #1
10003640:	9211      	str	r2, [sp, #68]	; 0x44
10003642:	9b11      	ldr	r3, [sp, #68]	; 0x44
10003644:	7818      	ldrb	r0, [r3, #0]
10003646:	0003      	movs	r3, r0
10003648:	3b25      	subs	r3, #37	; 0x25
1000364a:	b2da      	uxtb	r2, r3
1000364c:	2a53      	cmp	r2, #83	; 0x53
1000364e:	d900      	bls.n	10003652 <_vsnprintf+0x186>
10003650:	e22c      	b.n	10003aac <_vsnprintf+0x5e0>
10003652:	0093      	lsls	r3, r2, #2
10003654:	4a86      	ldr	r2, [pc, #536]	; (10003870 <_vsnprintf+0x3a4>)
10003656:	58d3      	ldr	r3, [r2, r3]
10003658:	469f      	mov	pc, r3
1000365a:	2380      	movs	r3, #128	; 0x80
1000365c:	009b      	lsls	r3, r3, #2
1000365e:	431c      	orrs	r4, r3
10003660:	3201      	adds	r2, #1
10003662:	9211      	str	r2, [sp, #68]	; 0x44
10003664:	e7ed      	b.n	10003642 <_vsnprintf+0x176>
10003666:	2380      	movs	r3, #128	; 0x80
10003668:	005b      	lsls	r3, r3, #1
1000366a:	431c      	orrs	r4, r3
1000366c:	3201      	adds	r2, #1
1000366e:	9211      	str	r2, [sp, #68]	; 0x44
10003670:	e7e7      	b.n	10003642 <_vsnprintf+0x176>
10003672:	2878      	cmp	r0, #120	; 0x78
10003674:	d009      	beq.n	1000368a <_vsnprintf+0x1be>
10003676:	2858      	cmp	r0, #88	; 0x58
10003678:	d038      	beq.n	100036ec <_vsnprintf+0x220>
1000367a:	286f      	cmp	r0, #111	; 0x6f
1000367c:	d038      	beq.n	100036f0 <_vsnprintf+0x224>
1000367e:	2862      	cmp	r0, #98	; 0x62
10003680:	d038      	beq.n	100036f4 <_vsnprintf+0x228>
10003682:	2310      	movs	r3, #16
10003684:	439c      	bics	r4, r3
10003686:	260a      	movs	r6, #10
10003688:	e000      	b.n	1000368c <_vsnprintf+0x1c0>
1000368a:	2610      	movs	r6, #16
1000368c:	2858      	cmp	r0, #88	; 0x58
1000368e:	d033      	beq.n	100036f8 <_vsnprintf+0x22c>
10003690:	2869      	cmp	r0, #105	; 0x69
10003692:	d003      	beq.n	1000369c <_vsnprintf+0x1d0>
10003694:	2864      	cmp	r0, #100	; 0x64
10003696:	d001      	beq.n	1000369c <_vsnprintf+0x1d0>
10003698:	220c      	movs	r2, #12
1000369a:	4394      	bics	r4, r2
1000369c:	0563      	lsls	r3, r4, #21
1000369e:	d501      	bpl.n	100036a4 <_vsnprintf+0x1d8>
100036a0:	2201      	movs	r2, #1
100036a2:	4394      	bics	r4, r2
100036a4:	2869      	cmp	r0, #105	; 0x69
100036a6:	d02a      	beq.n	100036fe <_vsnprintf+0x232>
100036a8:	2864      	cmp	r0, #100	; 0x64
100036aa:	d028      	beq.n	100036fe <_vsnprintf+0x232>
100036ac:	05a3      	lsls	r3, r4, #22
100036ae:	d500      	bpl.n	100036b2 <_vsnprintf+0x1e6>
100036b0:	e09f      	b.n	100037f2 <_vsnprintf+0x326>
100036b2:	05e3      	lsls	r3, r4, #23
100036b4:	d500      	bpl.n	100036b8 <_vsnprintf+0x1ec>
100036b6:	e0b8      	b.n	1000382a <_vsnprintf+0x35e>
100036b8:	0663      	lsls	r3, r4, #25
100036ba:	d400      	bmi.n	100036be <_vsnprintf+0x1f2>
100036bc:	e0ca      	b.n	10003854 <_vsnprintf+0x388>
100036be:	9a1c      	ldr	r2, [sp, #112]	; 0x70
100036c0:	1d11      	adds	r1, r2, #4
100036c2:	911c      	str	r1, [sp, #112]	; 0x70
100036c4:	6811      	ldr	r1, [r2, #0]
100036c6:	22ff      	movs	r2, #255	; 0xff
100036c8:	400a      	ands	r2, r1
100036ca:	9405      	str	r4, [sp, #20]
100036cc:	9b0a      	ldr	r3, [sp, #40]	; 0x28
100036ce:	9304      	str	r3, [sp, #16]
100036d0:	4653      	mov	r3, sl
100036d2:	9303      	str	r3, [sp, #12]
100036d4:	9602      	str	r6, [sp, #8]
100036d6:	2300      	movs	r3, #0
100036d8:	9301      	str	r3, [sp, #4]
100036da:	9200      	str	r2, [sp, #0]
100036dc:	4643      	mov	r3, r8
100036de:	003a      	movs	r2, r7
100036e0:	4659      	mov	r1, fp
100036e2:	0028      	movs	r0, r5
100036e4:	f7ff fa6e 	bl	10002bc4 <_ntoa_long>
100036e8:	0007      	movs	r7, r0
100036ea:	e027      	b.n	1000373c <_vsnprintf+0x270>
100036ec:	2610      	movs	r6, #16
100036ee:	e7cd      	b.n	1000368c <_vsnprintf+0x1c0>
100036f0:	2608      	movs	r6, #8
100036f2:	e7cb      	b.n	1000368c <_vsnprintf+0x1c0>
100036f4:	2602      	movs	r6, #2
100036f6:	e7c9      	b.n	1000368c <_vsnprintf+0x1c0>
100036f8:	2220      	movs	r2, #32
100036fa:	4314      	orrs	r4, r2
100036fc:	e7c8      	b.n	10003690 <_vsnprintf+0x1c4>
100036fe:	05a3      	lsls	r3, r4, #22
10003700:	d420      	bmi.n	10003744 <_vsnprintf+0x278>
10003702:	05e3      	lsls	r3, r4, #23
10003704:	d450      	bmi.n	100037a8 <_vsnprintf+0x2dc>
10003706:	0663      	lsls	r3, r4, #25
10003708:	d566      	bpl.n	100037d8 <_vsnprintf+0x30c>
1000370a:	9a1c      	ldr	r2, [sp, #112]	; 0x70
1000370c:	1d11      	adds	r1, r2, #4
1000370e:	911c      	str	r1, [sp, #112]	; 0x70
10003710:	6811      	ldr	r1, [r2, #0]
10003712:	22ff      	movs	r2, #255	; 0xff
10003714:	400a      	ands	r2, r1
10003716:	17d3      	asrs	r3, r2, #31
10003718:	18d1      	adds	r1, r2, r3
1000371a:	4059      	eors	r1, r3
1000371c:	9405      	str	r4, [sp, #20]
1000371e:	9b0a      	ldr	r3, [sp, #40]	; 0x28
10003720:	9304      	str	r3, [sp, #16]
10003722:	4653      	mov	r3, sl
10003724:	9303      	str	r3, [sp, #12]
10003726:	9602      	str	r6, [sp, #8]
10003728:	0fd2      	lsrs	r2, r2, #31
1000372a:	9201      	str	r2, [sp, #4]
1000372c:	9100      	str	r1, [sp, #0]
1000372e:	4643      	mov	r3, r8
10003730:	003a      	movs	r2, r7
10003732:	4659      	mov	r1, fp
10003734:	0028      	movs	r0, r5
10003736:	f7ff fa45 	bl	10002bc4 <_ntoa_long>
1000373a:	0007      	movs	r7, r0
1000373c:	9b11      	ldr	r3, [sp, #68]	; 0x44
1000373e:	3301      	adds	r3, #1
10003740:	9311      	str	r3, [sp, #68]	; 0x44
10003742:	e6d3      	b.n	100034ec <_vsnprintf+0x20>
10003744:	9b1c      	ldr	r3, [sp, #112]	; 0x70
10003746:	1dda      	adds	r2, r3, #7
10003748:	2107      	movs	r1, #7
1000374a:	438a      	bics	r2, r1
1000374c:	0011      	movs	r1, r2
1000374e:	3108      	adds	r1, #8
10003750:	911c      	str	r1, [sp, #112]	; 0x70
10003752:	6811      	ldr	r1, [r2, #0]
10003754:	6853      	ldr	r3, [r2, #4]
10003756:	469c      	mov	ip, r3
10003758:	17db      	asrs	r3, r3, #31
1000375a:	930c      	str	r3, [sp, #48]	; 0x30
1000375c:	930d      	str	r3, [sp, #52]	; 0x34
1000375e:	9a0c      	ldr	r2, [sp, #48]	; 0x30
10003760:	9b0d      	ldr	r3, [sp, #52]	; 0x34
10003762:	0010      	movs	r0, r2
10003764:	4048      	eors	r0, r1
10003766:	900e      	str	r0, [sp, #56]	; 0x38
10003768:	4662      	mov	r2, ip
1000376a:	4053      	eors	r3, r2
1000376c:	930f      	str	r3, [sp, #60]	; 0x3c
1000376e:	980e      	ldr	r0, [sp, #56]	; 0x38
10003770:	990f      	ldr	r1, [sp, #60]	; 0x3c
10003772:	9a0c      	ldr	r2, [sp, #48]	; 0x30
10003774:	9b0d      	ldr	r3, [sp, #52]	; 0x34
10003776:	1a80      	subs	r0, r0, r2
10003778:	4199      	sbcs	r1, r3
1000377a:	900e      	str	r0, [sp, #56]	; 0x38
1000377c:	910f      	str	r1, [sp, #60]	; 0x3c
1000377e:	9408      	str	r4, [sp, #32]
10003780:	9b0a      	ldr	r3, [sp, #40]	; 0x28
10003782:	9307      	str	r3, [sp, #28]
10003784:	4653      	mov	r3, sl
10003786:	9306      	str	r3, [sp, #24]
10003788:	9604      	str	r6, [sp, #16]
1000378a:	2300      	movs	r3, #0
1000378c:	9305      	str	r3, [sp, #20]
1000378e:	4663      	mov	r3, ip
10003790:	0fda      	lsrs	r2, r3, #31
10003792:	9202      	str	r2, [sp, #8]
10003794:	9000      	str	r0, [sp, #0]
10003796:	9101      	str	r1, [sp, #4]
10003798:	4643      	mov	r3, r8
1000379a:	003a      	movs	r2, r7
1000379c:	4659      	mov	r1, fp
1000379e:	0028      	movs	r0, r5
100037a0:	f7ff fa6e 	bl	10002c80 <_ntoa_long_long>
100037a4:	0007      	movs	r7, r0
100037a6:	e7c9      	b.n	1000373c <_vsnprintf+0x270>
100037a8:	9a1c      	ldr	r2, [sp, #112]	; 0x70
100037aa:	1d11      	adds	r1, r2, #4
100037ac:	911c      	str	r1, [sp, #112]	; 0x70
100037ae:	6812      	ldr	r2, [r2, #0]
100037b0:	17d3      	asrs	r3, r2, #31
100037b2:	18d1      	adds	r1, r2, r3
100037b4:	4059      	eors	r1, r3
100037b6:	9405      	str	r4, [sp, #20]
100037b8:	9b0a      	ldr	r3, [sp, #40]	; 0x28
100037ba:	9304      	str	r3, [sp, #16]
100037bc:	4653      	mov	r3, sl
100037be:	9303      	str	r3, [sp, #12]
100037c0:	9602      	str	r6, [sp, #8]
100037c2:	0fd2      	lsrs	r2, r2, #31
100037c4:	9201      	str	r2, [sp, #4]
100037c6:	9100      	str	r1, [sp, #0]
100037c8:	4643      	mov	r3, r8
100037ca:	003a      	movs	r2, r7
100037cc:	4659      	mov	r1, fp
100037ce:	0028      	movs	r0, r5
100037d0:	f7ff f9f8 	bl	10002bc4 <_ntoa_long>
100037d4:	0007      	movs	r7, r0
100037d6:	e7b1      	b.n	1000373c <_vsnprintf+0x270>
100037d8:	0623      	lsls	r3, r4, #24
100037da:	d505      	bpl.n	100037e8 <_vsnprintf+0x31c>
100037dc:	9a1c      	ldr	r2, [sp, #112]	; 0x70
100037de:	1d11      	adds	r1, r2, #4
100037e0:	911c      	str	r1, [sp, #112]	; 0x70
100037e2:	2300      	movs	r3, #0
100037e4:	5ed2      	ldrsh	r2, [r2, r3]
100037e6:	e796      	b.n	10003716 <_vsnprintf+0x24a>
100037e8:	9a1c      	ldr	r2, [sp, #112]	; 0x70
100037ea:	1d11      	adds	r1, r2, #4
100037ec:	911c      	str	r1, [sp, #112]	; 0x70
100037ee:	6812      	ldr	r2, [r2, #0]
100037f0:	e791      	b.n	10003716 <_vsnprintf+0x24a>
100037f2:	9b1c      	ldr	r3, [sp, #112]	; 0x70
100037f4:	1dda      	adds	r2, r3, #7
100037f6:	2107      	movs	r1, #7
100037f8:	438a      	bics	r2, r1
100037fa:	0011      	movs	r1, r2
100037fc:	3108      	adds	r1, #8
100037fe:	911c      	str	r1, [sp, #112]	; 0x70
10003800:	9408      	str	r4, [sp, #32]
10003802:	9b0a      	ldr	r3, [sp, #40]	; 0x28
10003804:	9307      	str	r3, [sp, #28]
10003806:	4653      	mov	r3, sl
10003808:	9306      	str	r3, [sp, #24]
1000380a:	9604      	str	r6, [sp, #16]
1000380c:	2300      	movs	r3, #0
1000380e:	9305      	str	r3, [sp, #20]
10003810:	9302      	str	r3, [sp, #8]
10003812:	6813      	ldr	r3, [r2, #0]
10003814:	6854      	ldr	r4, [r2, #4]
10003816:	9300      	str	r3, [sp, #0]
10003818:	9401      	str	r4, [sp, #4]
1000381a:	4643      	mov	r3, r8
1000381c:	003a      	movs	r2, r7
1000381e:	4659      	mov	r1, fp
10003820:	0028      	movs	r0, r5
10003822:	f7ff fa2d 	bl	10002c80 <_ntoa_long_long>
10003826:	0007      	movs	r7, r0
10003828:	e788      	b.n	1000373c <_vsnprintf+0x270>
1000382a:	9a1c      	ldr	r2, [sp, #112]	; 0x70
1000382c:	1d11      	adds	r1, r2, #4
1000382e:	911c      	str	r1, [sp, #112]	; 0x70
10003830:	9405      	str	r4, [sp, #20]
10003832:	9b0a      	ldr	r3, [sp, #40]	; 0x28
10003834:	9304      	str	r3, [sp, #16]
10003836:	4653      	mov	r3, sl
10003838:	9303      	str	r3, [sp, #12]
1000383a:	9602      	str	r6, [sp, #8]
1000383c:	2300      	movs	r3, #0
1000383e:	9301      	str	r3, [sp, #4]
10003840:	6813      	ldr	r3, [r2, #0]
10003842:	9300      	str	r3, [sp, #0]
10003844:	4643      	mov	r3, r8
10003846:	003a      	movs	r2, r7
10003848:	4659      	mov	r1, fp
1000384a:	0028      	movs	r0, r5
1000384c:	f7ff f9ba 	bl	10002bc4 <_ntoa_long>
10003850:	0007      	movs	r7, r0
10003852:	e773      	b.n	1000373c <_vsnprintf+0x270>
10003854:	0623      	lsls	r3, r4, #24
10003856:	d50d      	bpl.n	10003874 <_vsnprintf+0x3a8>
10003858:	9a1c      	ldr	r2, [sp, #112]	; 0x70
1000385a:	1d11      	adds	r1, r2, #4
1000385c:	911c      	str	r1, [sp, #112]	; 0x70
1000385e:	6812      	ldr	r2, [r2, #0]
10003860:	0412      	lsls	r2, r2, #16
10003862:	0c12      	lsrs	r2, r2, #16
10003864:	e731      	b.n	100036ca <_vsnprintf+0x1fe>
10003866:	46c0      	nop			; (mov r8, r8)
10003868:	100081ec 	.word	0x100081ec
1000386c:	10008230 	.word	0x10008230
10003870:	1000827c 	.word	0x1000827c
10003874:	9a1c      	ldr	r2, [sp, #112]	; 0x70
10003876:	1d11      	adds	r1, r2, #4
10003878:	911c      	str	r1, [sp, #112]	; 0x70
1000387a:	6812      	ldr	r2, [r2, #0]
1000387c:	e725      	b.n	100036ca <_vsnprintf+0x1fe>
1000387e:	2846      	cmp	r0, #70	; 0x46
10003880:	d01a      	beq.n	100038b8 <_vsnprintf+0x3ec>
10003882:	9b1c      	ldr	r3, [sp, #112]	; 0x70
10003884:	3307      	adds	r3, #7
10003886:	2207      	movs	r2, #7
10003888:	4393      	bics	r3, r2
1000388a:	001a      	movs	r2, r3
1000388c:	3208      	adds	r2, #8
1000388e:	921c      	str	r2, [sp, #112]	; 0x70
10003890:	9404      	str	r4, [sp, #16]
10003892:	9a0a      	ldr	r2, [sp, #40]	; 0x28
10003894:	9203      	str	r2, [sp, #12]
10003896:	4652      	mov	r2, sl
10003898:	9202      	str	r2, [sp, #8]
1000389a:	685c      	ldr	r4, [r3, #4]
1000389c:	681b      	ldr	r3, [r3, #0]
1000389e:	9300      	str	r3, [sp, #0]
100038a0:	9401      	str	r4, [sp, #4]
100038a2:	4643      	mov	r3, r8
100038a4:	003a      	movs	r2, r7
100038a6:	4659      	mov	r1, fp
100038a8:	0028      	movs	r0, r5
100038aa:	f7ff fc65 	bl	10003178 <_ftoa>
100038ae:	0007      	movs	r7, r0
100038b0:	9b11      	ldr	r3, [sp, #68]	; 0x44
100038b2:	3301      	adds	r3, #1
100038b4:	9311      	str	r3, [sp, #68]	; 0x44
100038b6:	e619      	b.n	100034ec <_vsnprintf+0x20>
100038b8:	2320      	movs	r3, #32
100038ba:	431c      	orrs	r4, r3
100038bc:	e7e1      	b.n	10003882 <_vsnprintf+0x3b6>
100038be:	2867      	cmp	r0, #103	; 0x67
100038c0:	d001      	beq.n	100038c6 <_vsnprintf+0x3fa>
100038c2:	2847      	cmp	r0, #71	; 0x47
100038c4:	d102      	bne.n	100038cc <_vsnprintf+0x400>
100038c6:	2380      	movs	r3, #128	; 0x80
100038c8:	011b      	lsls	r3, r3, #4
100038ca:	431c      	orrs	r4, r3
100038cc:	2845      	cmp	r0, #69	; 0x45
100038ce:	d001      	beq.n	100038d4 <_vsnprintf+0x408>
100038d0:	2847      	cmp	r0, #71	; 0x47
100038d2:	d101      	bne.n	100038d8 <_vsnprintf+0x40c>
100038d4:	2320      	movs	r3, #32
100038d6:	431c      	orrs	r4, r3
100038d8:	9b1c      	ldr	r3, [sp, #112]	; 0x70
100038da:	3307      	adds	r3, #7
100038dc:	2207      	movs	r2, #7
100038de:	4393      	bics	r3, r2
100038e0:	001a      	movs	r2, r3
100038e2:	3208      	adds	r2, #8
100038e4:	921c      	str	r2, [sp, #112]	; 0x70
100038e6:	9404      	str	r4, [sp, #16]
100038e8:	9a0a      	ldr	r2, [sp, #40]	; 0x28
100038ea:	9203      	str	r2, [sp, #12]
100038ec:	4652      	mov	r2, sl
100038ee:	9202      	str	r2, [sp, #8]
100038f0:	685c      	ldr	r4, [r3, #4]
100038f2:	681b      	ldr	r3, [r3, #0]
100038f4:	9300      	str	r3, [sp, #0]
100038f6:	9401      	str	r4, [sp, #4]
100038f8:	4643      	mov	r3, r8
100038fa:	003a      	movs	r2, r7
100038fc:	4659      	mov	r1, fp
100038fe:	0028      	movs	r0, r5
10003900:	f7ff fa30 	bl	10002d64 <_etoa>
10003904:	0007      	movs	r7, r0
10003906:	9b11      	ldr	r3, [sp, #68]	; 0x44
10003908:	3301      	adds	r3, #1
1000390a:	9311      	str	r3, [sp, #68]	; 0x44
1000390c:	e5ee      	b.n	100034ec <_vsnprintf+0x20>
1000390e:	2302      	movs	r3, #2
10003910:	001a      	movs	r2, r3
10003912:	4022      	ands	r2, r4
10003914:	4692      	mov	sl, r2
10003916:	4223      	tst	r3, r4
10003918:	d01f      	beq.n	1000395a <_vsnprintf+0x48e>
1000391a:	2401      	movs	r4, #1
1000391c:	9b1c      	ldr	r3, [sp, #112]	; 0x70
1000391e:	1d1a      	adds	r2, r3, #4
10003920:	921c      	str	r2, [sp, #112]	; 0x70
10003922:	1c7a      	adds	r2, r7, #1
10003924:	4691      	mov	r9, r2
10003926:	7818      	ldrb	r0, [r3, #0]
10003928:	4643      	mov	r3, r8
1000392a:	003a      	movs	r2, r7
1000392c:	4659      	mov	r1, fp
1000392e:	47a8      	blx	r5
10003930:	4653      	mov	r3, sl
10003932:	2b00      	cmp	r3, #0
10003934:	d116      	bne.n	10003964 <_vsnprintf+0x498>
10003936:	9b11      	ldr	r3, [sp, #68]	; 0x44
10003938:	3301      	adds	r3, #1
1000393a:	9311      	str	r3, [sp, #68]	; 0x44
1000393c:	464f      	mov	r7, r9
1000393e:	e5d5      	b.n	100034ec <_vsnprintf+0x20>
10003940:	1c56      	adds	r6, r2, #1
10003942:	4643      	mov	r3, r8
10003944:	4659      	mov	r1, fp
10003946:	2020      	movs	r0, #32
10003948:	47b8      	blx	r7
1000394a:	0023      	movs	r3, r4
1000394c:	0032      	movs	r2, r6
1000394e:	1c5c      	adds	r4, r3, #1
10003950:	429d      	cmp	r5, r3
10003952:	d8f5      	bhi.n	10003940 <_vsnprintf+0x474>
10003954:	003d      	movs	r5, r7
10003956:	0017      	movs	r7, r2
10003958:	e7e0      	b.n	1000391c <_vsnprintf+0x450>
1000395a:	2301      	movs	r3, #1
1000395c:	003a      	movs	r2, r7
1000395e:	002f      	movs	r7, r5
10003960:	9d0a      	ldr	r5, [sp, #40]	; 0x28
10003962:	e7f4      	b.n	1000394e <_vsnprintf+0x482>
10003964:	464a      	mov	r2, r9
10003966:	46a9      	mov	r9, r5
10003968:	9d0a      	ldr	r5, [sp, #40]	; 0x28
1000396a:	e006      	b.n	1000397a <_vsnprintf+0x4ae>
1000396c:	1c57      	adds	r7, r2, #1
1000396e:	4643      	mov	r3, r8
10003970:	4659      	mov	r1, fp
10003972:	2020      	movs	r0, #32
10003974:	47c8      	blx	r9
10003976:	0034      	movs	r4, r6
10003978:	003a      	movs	r2, r7
1000397a:	1c66      	adds	r6, r4, #1
1000397c:	42a5      	cmp	r5, r4
1000397e:	d8f5      	bhi.n	1000396c <_vsnprintf+0x4a0>
10003980:	464d      	mov	r5, r9
10003982:	4691      	mov	r9, r2
10003984:	e7d7      	b.n	10003936 <_vsnprintf+0x46a>
10003986:	9b1c      	ldr	r3, [sp, #112]	; 0x70
10003988:	1d1a      	adds	r2, r3, #4
1000398a:	921c      	str	r2, [sp, #112]	; 0x70
1000398c:	681b      	ldr	r3, [r3, #0]
1000398e:	4699      	mov	r9, r3
10003990:	4653      	mov	r3, sl
10003992:	2b00      	cmp	r3, #0
10003994:	d100      	bne.n	10003998 <_vsnprintf+0x4cc>
10003996:	3b01      	subs	r3, #1
10003998:	464e      	mov	r6, r9
1000399a:	e001      	b.n	100039a0 <_vsnprintf+0x4d4>
1000399c:	3601      	adds	r6, #1
1000399e:	0013      	movs	r3, r2
100039a0:	7832      	ldrb	r2, [r6, #0]
100039a2:	2a00      	cmp	r2, #0
100039a4:	d002      	beq.n	100039ac <_vsnprintf+0x4e0>
100039a6:	1e5a      	subs	r2, r3, #1
100039a8:	2b00      	cmp	r3, #0
100039aa:	d1f7      	bne.n	1000399c <_vsnprintf+0x4d0>
100039ac:	464b      	mov	r3, r9
100039ae:	1af2      	subs	r2, r6, r3
100039b0:	9210      	str	r2, [sp, #64]	; 0x40
100039b2:	2380      	movs	r3, #128	; 0x80
100039b4:	00db      	lsls	r3, r3, #3
100039b6:	0026      	movs	r6, r4
100039b8:	401e      	ands	r6, r3
100039ba:	421c      	tst	r4, r3
100039bc:	d003      	beq.n	100039c6 <_vsnprintf+0x4fa>
100039be:	4552      	cmp	r2, sl
100039c0:	d901      	bls.n	100039c6 <_vsnprintf+0x4fa>
100039c2:	4653      	mov	r3, sl
100039c4:	9310      	str	r3, [sp, #64]	; 0x40
100039c6:	2302      	movs	r3, #2
100039c8:	001a      	movs	r2, r3
100039ca:	4022      	ands	r2, r4
100039cc:	920b      	str	r2, [sp, #44]	; 0x2c
100039ce:	4223      	tst	r3, r4
100039d0:	d005      	beq.n	100039de <_vsnprintf+0x512>
100039d2:	003a      	movs	r2, r7
100039d4:	0037      	movs	r7, r6
100039d6:	464c      	mov	r4, r9
100039d8:	46a9      	mov	r9, r5
100039da:	4655      	mov	r5, sl
100039dc:	e020      	b.n	10003a20 <_vsnprintf+0x554>
100039de:	003a      	movs	r2, r7
100039e0:	9b10      	ldr	r3, [sp, #64]	; 0x40
100039e2:	465f      	mov	r7, fp
100039e4:	46b3      	mov	fp, r6
100039e6:	002e      	movs	r6, r5
100039e8:	e006      	b.n	100039f8 <_vsnprintf+0x52c>
100039ea:	1c55      	adds	r5, r2, #1
100039ec:	4643      	mov	r3, r8
100039ee:	0039      	movs	r1, r7
100039f0:	2020      	movs	r0, #32
100039f2:	47b0      	blx	r6
100039f4:	0023      	movs	r3, r4
100039f6:	002a      	movs	r2, r5
100039f8:	1c5c      	adds	r4, r3, #1
100039fa:	990a      	ldr	r1, [sp, #40]	; 0x28
100039fc:	4299      	cmp	r1, r3
100039fe:	d8f4      	bhi.n	100039ea <_vsnprintf+0x51e>
10003a00:	0035      	movs	r5, r6
10003a02:	465e      	mov	r6, fp
10003a04:	46bb      	mov	fp, r7
10003a06:	9410      	str	r4, [sp, #64]	; 0x40
10003a08:	0037      	movs	r7, r6
10003a0a:	464c      	mov	r4, r9
10003a0c:	46a9      	mov	r9, r5
10003a0e:	4655      	mov	r5, sl
10003a10:	e006      	b.n	10003a20 <_vsnprintf+0x554>
10003a12:	001d      	movs	r5, r3
10003a14:	3401      	adds	r4, #1
10003a16:	1c56      	adds	r6, r2, #1
10003a18:	4643      	mov	r3, r8
10003a1a:	4659      	mov	r1, fp
10003a1c:	47c8      	blx	r9
10003a1e:	0032      	movs	r2, r6
10003a20:	7820      	ldrb	r0, [r4, #0]
10003a22:	2800      	cmp	r0, #0
10003a24:	d004      	beq.n	10003a30 <_vsnprintf+0x564>
10003a26:	2f00      	cmp	r7, #0
10003a28:	d0f4      	beq.n	10003a14 <_vsnprintf+0x548>
10003a2a:	1e6b      	subs	r3, r5, #1
10003a2c:	2d00      	cmp	r5, #0
10003a2e:	d1f0      	bne.n	10003a12 <_vsnprintf+0x546>
10003a30:	0017      	movs	r7, r2
10003a32:	464d      	mov	r5, r9
10003a34:	9b0b      	ldr	r3, [sp, #44]	; 0x2c
10003a36:	2b00      	cmp	r3, #0
10003a38:	d103      	bne.n	10003a42 <_vsnprintf+0x576>
10003a3a:	9b11      	ldr	r3, [sp, #68]	; 0x44
10003a3c:	3301      	adds	r3, #1
10003a3e:	9311      	str	r3, [sp, #68]	; 0x44
10003a40:	e554      	b.n	100034ec <_vsnprintf+0x20>
10003a42:	9f0a      	ldr	r7, [sp, #40]	; 0x28
10003a44:	9b10      	ldr	r3, [sp, #64]	; 0x40
10003a46:	e006      	b.n	10003a56 <_vsnprintf+0x58a>
10003a48:	1c56      	adds	r6, r2, #1
10003a4a:	4643      	mov	r3, r8
10003a4c:	4659      	mov	r1, fp
10003a4e:	2020      	movs	r0, #32
10003a50:	47a8      	blx	r5
10003a52:	0023      	movs	r3, r4
10003a54:	0032      	movs	r2, r6
10003a56:	1c5c      	adds	r4, r3, #1
10003a58:	429f      	cmp	r7, r3
10003a5a:	d8f5      	bhi.n	10003a48 <_vsnprintf+0x57c>
10003a5c:	0017      	movs	r7, r2
10003a5e:	e7ec      	b.n	10003a3a <_vsnprintf+0x56e>
10003a60:	2321      	movs	r3, #33	; 0x21
10003a62:	431c      	orrs	r4, r3
10003a64:	9b1c      	ldr	r3, [sp, #112]	; 0x70
10003a66:	1d1a      	adds	r2, r3, #4
10003a68:	921c      	str	r2, [sp, #112]	; 0x70
10003a6a:	681b      	ldr	r3, [r3, #0]
10003a6c:	9300      	str	r3, [sp, #0]
10003a6e:	9405      	str	r4, [sp, #20]
10003a70:	2308      	movs	r3, #8
10003a72:	9304      	str	r3, [sp, #16]
10003a74:	4653      	mov	r3, sl
10003a76:	9303      	str	r3, [sp, #12]
10003a78:	2310      	movs	r3, #16
10003a7a:	9302      	str	r3, [sp, #8]
10003a7c:	2300      	movs	r3, #0
10003a7e:	9301      	str	r3, [sp, #4]
10003a80:	4643      	mov	r3, r8
10003a82:	003a      	movs	r2, r7
10003a84:	4659      	mov	r1, fp
10003a86:	0028      	movs	r0, r5
10003a88:	f7ff f89c 	bl	10002bc4 <_ntoa_long>
10003a8c:	0007      	movs	r7, r0
10003a8e:	9b11      	ldr	r3, [sp, #68]	; 0x44
10003a90:	3301      	adds	r3, #1
10003a92:	9311      	str	r3, [sp, #68]	; 0x44
10003a94:	e52a      	b.n	100034ec <_vsnprintf+0x20>
10003a96:	1c7c      	adds	r4, r7, #1
10003a98:	4643      	mov	r3, r8
10003a9a:	003a      	movs	r2, r7
10003a9c:	4659      	mov	r1, fp
10003a9e:	2025      	movs	r0, #37	; 0x25
10003aa0:	47a8      	blx	r5
10003aa2:	9b11      	ldr	r3, [sp, #68]	; 0x44
10003aa4:	3301      	adds	r3, #1
10003aa6:	9311      	str	r3, [sp, #68]	; 0x44
10003aa8:	0027      	movs	r7, r4
10003aaa:	e51f      	b.n	100034ec <_vsnprintf+0x20>
10003aac:	1c7c      	adds	r4, r7, #1
10003aae:	4643      	mov	r3, r8
10003ab0:	003a      	movs	r2, r7
10003ab2:	4659      	mov	r1, fp
10003ab4:	47a8      	blx	r5
10003ab6:	9b11      	ldr	r3, [sp, #68]	; 0x44
10003ab8:	3301      	adds	r3, #1
10003aba:	9311      	str	r3, [sp, #68]	; 0x44
10003abc:	0027      	movs	r7, r4
10003abe:	e515      	b.n	100034ec <_vsnprintf+0x20>
10003ac0:	4b0a      	ldr	r3, [pc, #40]	; (10003aec <_vsnprintf+0x620>)
10003ac2:	469a      	mov	sl, r3
10003ac4:	e510      	b.n	100034e8 <_vsnprintf+0x1c>
10003ac6:	46aa      	mov	sl, r5
10003ac8:	4547      	cmp	r7, r8
10003aca:	d302      	bcc.n	10003ad2 <_vsnprintf+0x606>
10003acc:	4643      	mov	r3, r8
10003ace:	1e5a      	subs	r2, r3, #1
10003ad0:	e000      	b.n	10003ad4 <_vsnprintf+0x608>
10003ad2:	003a      	movs	r2, r7
10003ad4:	4643      	mov	r3, r8
10003ad6:	4659      	mov	r1, fp
10003ad8:	2000      	movs	r0, #0
10003ada:	47d0      	blx	sl
10003adc:	0038      	movs	r0, r7
10003ade:	b013      	add	sp, #76	; 0x4c
10003ae0:	bcf0      	pop	{r4, r5, r6, r7}
10003ae2:	46bb      	mov	fp, r7
10003ae4:	46b2      	mov	sl, r6
10003ae6:	46a9      	mov	r9, r5
10003ae8:	46a0      	mov	r8, r4
10003aea:	bdf0      	pop	{r4, r5, r6, r7, pc}
10003aec:	100029d1 	.word	0x100029d1

10003af0 <__wrap_snprintf>:
10003af0:	b40c      	push	{r2, r3}
10003af2:	b510      	push	{r4, lr}
10003af4:	b084      	sub	sp, #16
10003af6:	000a      	movs	r2, r1
10003af8:	ac06      	add	r4, sp, #24
10003afa:	cc08      	ldmia	r4!, {r3}
10003afc:	9403      	str	r4, [sp, #12]
10003afe:	9400      	str	r4, [sp, #0]
10003b00:	0001      	movs	r1, r0
10003b02:	4804      	ldr	r0, [pc, #16]	; (10003b14 <__wrap_snprintf+0x24>)
10003b04:	f7ff fce2 	bl	100034cc <_vsnprintf>
10003b08:	b004      	add	sp, #16
10003b0a:	bc10      	pop	{r4}
10003b0c:	bc08      	pop	{r3}
10003b0e:	b002      	add	sp, #8
10003b10:	4718      	bx	r3
10003b12:	46c0      	nop			; (mov r8, r8)
10003b14:	100029c9 	.word	0x100029c9

10003b18 <vfctprintf>:
10003b18:	b500      	push	{lr}
10003b1a:	b085      	sub	sp, #20
10003b1c:	9002      	str	r0, [sp, #8]
10003b1e:	9103      	str	r1, [sp, #12]
10003b20:	2101      	movs	r1, #1
10003b22:	9300      	str	r3, [sp, #0]
10003b24:	0013      	movs	r3, r2
10003b26:	424a      	negs	r2, r1
10003b28:	a902      	add	r1, sp, #8
10003b2a:	4802      	ldr	r0, [pc, #8]	; (10003b34 <vfctprintf+0x1c>)
10003b2c:	f7ff fcce 	bl	100034cc <_vsnprintf>
10003b30:	b005      	add	sp, #20
10003b32:	bd00      	pop	{pc}
10003b34:	100029d3 	.word	0x100029d3

10003b38 <_exit>:
10003b38:	be00      	bkpt	0x0000
10003b3a:	e7fd      	b.n	10003b38 <_exit>

10003b3c <_sbrk>:
10003b3c:	0003      	movs	r3, r0
10003b3e:	4a0a      	ldr	r2, [pc, #40]	; (10003b68 <_sbrk+0x2c>)
10003b40:	6812      	ldr	r2, [r2, #0]
10003b42:	2a00      	cmp	r2, #0
10003b44:	d008      	beq.n	10003b58 <_sbrk+0x1c>
10003b46:	4a08      	ldr	r2, [pc, #32]	; (10003b68 <_sbrk+0x2c>)
10003b48:	6810      	ldr	r0, [r2, #0]
10003b4a:	18c3      	adds	r3, r0, r3
10003b4c:	4a07      	ldr	r2, [pc, #28]	; (10003b6c <_sbrk+0x30>)
10003b4e:	429a      	cmp	r2, r3
10003b50:	d306      	bcc.n	10003b60 <_sbrk+0x24>
10003b52:	4a05      	ldr	r2, [pc, #20]	; (10003b68 <_sbrk+0x2c>)
10003b54:	6013      	str	r3, [r2, #0]
10003b56:	4770      	bx	lr
10003b58:	4a03      	ldr	r2, [pc, #12]	; (10003b68 <_sbrk+0x2c>)
10003b5a:	4905      	ldr	r1, [pc, #20]	; (10003b70 <_sbrk+0x34>)
10003b5c:	6011      	str	r1, [r2, #0]
10003b5e:	e7f2      	b.n	10003b46 <_sbrk+0xa>
10003b60:	2001      	movs	r0, #1
10003b62:	4240      	negs	r0, r0
10003b64:	e7f7      	b.n	10003b56 <_sbrk+0x1a>
10003b66:	46c0      	nop			; (mov r8, r8)
10003b68:	20001fb4 	.word	0x20001fb4
10003b6c:	20040000 	.word	0x20040000
10003b70:	2000267c 	.word	0x2000267c

10003b74 <exit>:
10003b74:	b510      	push	{r4, lr}
10003b76:	f7ff ffdf 	bl	10003b38 <_exit>
	...

10003b7c <__assert_func>:
10003b7c:	b510      	push	{r4, lr}
10003b7e:	b082      	sub	sp, #8
10003b80:	000c      	movs	r4, r1
10003b82:	0019      	movs	r1, r3
10003b84:	2a00      	cmp	r2, #0
10003b86:	d00c      	beq.n	10003ba2 <__assert_func+0x26>
10003b88:	4b08      	ldr	r3, [pc, #32]	; (10003bac <__assert_func+0x30>)
10003b8a:	2a00      	cmp	r2, #0
10003b8c:	d00b      	beq.n	10003ba6 <__assert_func+0x2a>
10003b8e:	9201      	str	r2, [sp, #4]
10003b90:	9300      	str	r3, [sp, #0]
10003b92:	0023      	movs	r3, r4
10003b94:	0002      	movs	r2, r0
10003b96:	4806      	ldr	r0, [pc, #24]	; (10003bb0 <__assert_func+0x34>)
10003b98:	f000 f960 	bl	10003e5c <__wrap_printf>
10003b9c:	2001      	movs	r0, #1
10003b9e:	f7ff ffcb 	bl	10003b38 <_exit>
10003ba2:	4b04      	ldr	r3, [pc, #16]	; (10003bb4 <__assert_func+0x38>)
10003ba4:	e7f1      	b.n	10003b8a <__assert_func+0xe>
10003ba6:	4a03      	ldr	r2, [pc, #12]	; (10003bb4 <__assert_func+0x38>)
10003ba8:	e7f1      	b.n	10003b8e <__assert_func+0x12>
10003baa:	46c0      	nop			; (mov r8, r8)
10003bac:	10008420 	.word	0x10008420
10003bb0:	10008430 	.word	0x10008430
10003bb4:	1000842c 	.word	0x1000842c

10003bb8 <runtime_init>:
10003bb8:	b510      	push	{r4, lr}
10003bba:	f3ef 8305 	mrs	r3, IPSR
10003bbe:	2b00      	cmp	r3, #0
10003bc0:	d000      	beq.n	10003bc4 <runtime_init+0xc>
10003bc2:	be00      	bkpt	0x0000
10003bc4:	f7fd feca 	bl	1000195c <runtime_run_initializers>
10003bc8:	4c03      	ldr	r4, [pc, #12]	; (10003bd8 <runtime_init+0x20>)
10003bca:	e001      	b.n	10003bd0 <runtime_init+0x18>
10003bcc:	cc08      	ldmia	r4!, {r3}
10003bce:	4798      	blx	r3
10003bd0:	4b02      	ldr	r3, [pc, #8]	; (10003bdc <runtime_init+0x24>)
10003bd2:	429c      	cmp	r4, r3
10003bd4:	d3fa      	bcc.n	10003bcc <runtime_init+0x14>
10003bd6:	bd10      	pop	{r4, pc}
10003bd8:	10007974 	.word	0x10007974
10003bdc:	10007980 	.word	0x10007980

10003be0 <stdio_out_chars_no_crlf>:
10003be0:	b510      	push	{r4, lr}
10003be2:	0003      	movs	r3, r0
10003be4:	0008      	movs	r0, r1
10003be6:	0011      	movs	r1, r2
10003be8:	681b      	ldr	r3, [r3, #0]
10003bea:	4798      	blx	r3
10003bec:	bd10      	pop	{r4, pc}
	...

10003bf0 <stdio_out_chars_crlf>:
10003bf0:	b5f8      	push	{r3, r4, r5, r6, r7, lr}
10003bf2:	0007      	movs	r7, r0
10003bf4:	000d      	movs	r5, r1
10003bf6:	0016      	movs	r6, r2
10003bf8:	7d43      	ldrb	r3, [r0, #21]
10003bfa:	2b00      	cmp	r3, #0
10003bfc:	d002      	beq.n	10003c04 <stdio_out_chars_crlf+0x14>
10003bfe:	2400      	movs	r4, #0
10003c00:	2000      	movs	r0, #0
10003c02:	e00c      	b.n	10003c1e <stdio_out_chars_crlf+0x2e>
10003c04:	6803      	ldr	r3, [r0, #0]
10003c06:	0011      	movs	r1, r2
10003c08:	0028      	movs	r0, r5
10003c0a:	4798      	blx	r3
10003c0c:	e02d      	b.n	10003c6a <stdio_out_chars_crlf+0x7a>
10003c0e:	7d3b      	ldrb	r3, [r7, #20]
10003c10:	e010      	b.n	10003c34 <stdio_out_chars_crlf+0x44>
10003c12:	2102      	movs	r1, #2
10003c14:	4815      	ldr	r0, [pc, #84]	; (10003c6c <stdio_out_chars_crlf+0x7c>)
10003c16:	683b      	ldr	r3, [r7, #0]
10003c18:	4798      	blx	r3
10003c1a:	1c60      	adds	r0, r4, #1
10003c1c:	3401      	adds	r4, #1
10003c1e:	42b4      	cmp	r4, r6
10003c20:	da14      	bge.n	10003c4c <stdio_out_chars_crlf+0x5c>
10003c22:	2c00      	cmp	r4, #0
10003c24:	ddf3      	ble.n	10003c0e <stdio_out_chars_crlf+0x1e>
10003c26:	192b      	adds	r3, r5, r4
10003c28:	3b01      	subs	r3, #1
10003c2a:	781b      	ldrb	r3, [r3, #0]
10003c2c:	3b0d      	subs	r3, #13
10003c2e:	425a      	negs	r2, r3
10003c30:	4153      	adcs	r3, r2
10003c32:	b2db      	uxtb	r3, r3
10003c34:	5d2a      	ldrb	r2, [r5, r4]
10003c36:	2a0a      	cmp	r2, #10
10003c38:	d1f0      	bne.n	10003c1c <stdio_out_chars_crlf+0x2c>
10003c3a:	2b00      	cmp	r3, #0
10003c3c:	d1ee      	bne.n	10003c1c <stdio_out_chars_crlf+0x2c>
10003c3e:	42a0      	cmp	r0, r4
10003c40:	dae7      	bge.n	10003c12 <stdio_out_chars_crlf+0x22>
10003c42:	1a21      	subs	r1, r4, r0
10003c44:	1828      	adds	r0, r5, r0
10003c46:	683b      	ldr	r3, [r7, #0]
10003c48:	4798      	blx	r3
10003c4a:	e7e2      	b.n	10003c12 <stdio_out_chars_crlf+0x22>
10003c4c:	42b0      	cmp	r0, r6
10003c4e:	da03      	bge.n	10003c58 <stdio_out_chars_crlf+0x68>
10003c50:	1a31      	subs	r1, r6, r0
10003c52:	1828      	adds	r0, r5, r0
10003c54:	683b      	ldr	r3, [r7, #0]
10003c56:	4798      	blx	r3
10003c58:	2e00      	cmp	r6, #0
10003c5a:	dd06      	ble.n	10003c6a <stdio_out_chars_crlf+0x7a>
10003c5c:	19ad      	adds	r5, r5, r6
10003c5e:	3d01      	subs	r5, #1
10003c60:	782b      	ldrb	r3, [r5, #0]
10003c62:	3b0d      	subs	r3, #13
10003c64:	425a      	negs	r2, r3
10003c66:	4153      	adcs	r3, r2
10003c68:	753b      	strb	r3, [r7, #20]
10003c6a:	bdf8      	pop	{r3, r4, r5, r6, r7, pc}
10003c6c:	10008460 	.word	0x10008460

10003c70 <stdio_stack_buffer_flush>:
10003c70:	b570      	push	{r4, r5, r6, lr}
10003c72:	0005      	movs	r5, r0
10003c74:	6803      	ldr	r3, [r0, #0]
10003c76:	2b00      	cmp	r3, #0
10003c78:	d016      	beq.n	10003ca8 <stdio_stack_buffer_flush+0x38>
10003c7a:	4b0c      	ldr	r3, [pc, #48]	; (10003cac <stdio_stack_buffer_flush+0x3c>)
10003c7c:	681c      	ldr	r4, [r3, #0]
10003c7e:	e005      	b.n	10003c8c <stdio_stack_buffer_flush+0x1c>
10003c80:	0029      	movs	r1, r5
10003c82:	c904      	ldmia	r1!, {r2}
10003c84:	0020      	movs	r0, r4
10003c86:	f7ff ffb3 	bl	10003bf0 <stdio_out_chars_crlf>
10003c8a:	6924      	ldr	r4, [r4, #16]
10003c8c:	2c00      	cmp	r4, #0
10003c8e:	d009      	beq.n	10003ca4 <stdio_stack_buffer_flush+0x34>
10003c90:	6823      	ldr	r3, [r4, #0]
10003c92:	2b00      	cmp	r3, #0
10003c94:	d0f9      	beq.n	10003c8a <stdio_stack_buffer_flush+0x1a>
10003c96:	4b06      	ldr	r3, [pc, #24]	; (10003cb0 <stdio_stack_buffer_flush+0x40>)
10003c98:	681b      	ldr	r3, [r3, #0]
10003c9a:	2b00      	cmp	r3, #0
10003c9c:	d0f0      	beq.n	10003c80 <stdio_stack_buffer_flush+0x10>
10003c9e:	42a3      	cmp	r3, r4
10003ca0:	d1f3      	bne.n	10003c8a <stdio_stack_buffer_flush+0x1a>
10003ca2:	e7ed      	b.n	10003c80 <stdio_stack_buffer_flush+0x10>
10003ca4:	2300      	movs	r3, #0
10003ca6:	602b      	str	r3, [r5, #0]
10003ca8:	bd70      	pop	{r4, r5, r6, pc}
10003caa:	46c0      	nop			; (mov r8, r8)
10003cac:	20001fa4 	.word	0x20001fa4
10003cb0:	20001fb0 	.word	0x20001fb0

10003cb4 <stdio_buffered_printer>:
10003cb4:	b570      	push	{r4, r5, r6, lr}
10003cb6:	0005      	movs	r5, r0
10003cb8:	000c      	movs	r4, r1
10003cba:	680b      	ldr	r3, [r1, #0]
10003cbc:	2b80      	cmp	r3, #128	; 0x80
10003cbe:	d005      	beq.n	10003ccc <stdio_buffered_printer+0x18>
10003cc0:	6821      	ldr	r1, [r4, #0]
10003cc2:	1c4b      	adds	r3, r1, #1
10003cc4:	6023      	str	r3, [r4, #0]
10003cc6:	1864      	adds	r4, r4, r1
10003cc8:	7125      	strb	r5, [r4, #4]
10003cca:	bd70      	pop	{r4, r5, r6, pc}
10003ccc:	0008      	movs	r0, r1
10003cce:	f7ff ffcf 	bl	10003c70 <stdio_stack_buffer_flush>
10003cd2:	e7f5      	b.n	10003cc0 <stdio_buffered_printer+0xc>

10003cd4 <stdout_serialize_begin>:
10003cd4:	b510      	push	{r4, lr}
10003cd6:	f7fd fb83 	bl	100013e0 <time_us_64>
10003cda:	4a07      	ldr	r2, [pc, #28]	; (10003cf8 <stdout_serialize_begin+0x24>)
10003cdc:	2300      	movs	r3, #0
10003cde:	1812      	adds	r2, r2, r0
10003ce0:	414b      	adcs	r3, r1
10003ce2:	2b00      	cmp	r3, #0
10003ce4:	db03      	blt.n	10003cee <stdout_serialize_begin+0x1a>
10003ce6:	4805      	ldr	r0, [pc, #20]	; (10003cfc <stdout_serialize_begin+0x28>)
10003ce8:	f003 fdf6 	bl	100078d8 <__mutex_try_enter_block_until_veneer>
10003cec:	bd10      	pop	{r4, pc}
10003cee:	2201      	movs	r2, #1
10003cf0:	4252      	negs	r2, r2
10003cf2:	4b03      	ldr	r3, [pc, #12]	; (10003d00 <stdout_serialize_begin+0x2c>)
10003cf4:	e7f7      	b.n	10003ce6 <stdout_serialize_begin+0x12>
10003cf6:	46c0      	nop			; (mov r8, r8)
10003cf8:	000f4240 	.word	0x000f4240
10003cfc:	20001538 	.word	0x20001538
10003d00:	7fffffff 	.word	0x7fffffff

10003d04 <stdout_serialize_end>:
10003d04:	b510      	push	{r4, lr}
10003d06:	4802      	ldr	r0, [pc, #8]	; (10003d10 <stdout_serialize_end+0xc>)
10003d08:	f003 fdae 	bl	10007868 <__mutex_exit_veneer>
10003d0c:	bd10      	pop	{r4, pc}
10003d0e:	46c0      	nop			; (mov r8, r8)
10003d10:	20001538 	.word	0x20001538

10003d14 <stdio_put_string>:
10003d14:	b5f0      	push	{r4, r5, r6, r7, lr}
10003d16:	46ce      	mov	lr, r9
10003d18:	4647      	mov	r7, r8
10003d1a:	b580      	push	{r7, lr}
10003d1c:	b083      	sub	sp, #12
10003d1e:	0006      	movs	r6, r0
10003d20:	000d      	movs	r5, r1
10003d22:	4690      	mov	r8, r2
10003d24:	001c      	movs	r4, r3
10003d26:	f7ff ffd5 	bl	10003cd4 <stdout_serialize_begin>
10003d2a:	4681      	mov	r9, r0
10003d2c:	1c6b      	adds	r3, r5, #1
10003d2e:	d005      	beq.n	10003d3c <stdio_put_string+0x28>
10003d30:	2c00      	cmp	r4, #0
10003d32:	d008      	beq.n	10003d46 <stdio_put_string+0x32>
10003d34:	4f18      	ldr	r7, [pc, #96]	; (10003d98 <stdio_put_string+0x84>)
10003d36:	4b19      	ldr	r3, [pc, #100]	; (10003d9c <stdio_put_string+0x88>)
10003d38:	681c      	ldr	r4, [r3, #0]
10003d3a:	e007      	b.n	10003d4c <stdio_put_string+0x38>
10003d3c:	0030      	movs	r0, r6
10003d3e:	f003 fbef 	bl	10007520 <strlen>
10003d42:	0005      	movs	r5, r0
10003d44:	e7f4      	b.n	10003d30 <stdio_put_string+0x1c>
10003d46:	4f16      	ldr	r7, [pc, #88]	; (10003da0 <stdio_put_string+0x8c>)
10003d48:	e7f5      	b.n	10003d36 <stdio_put_string+0x22>
10003d4a:	6924      	ldr	r4, [r4, #16]
10003d4c:	2c00      	cmp	r4, #0
10003d4e:	d017      	beq.n	10003d80 <stdio_put_string+0x6c>
10003d50:	6823      	ldr	r3, [r4, #0]
10003d52:	2b00      	cmp	r3, #0
10003d54:	d0f9      	beq.n	10003d4a <stdio_put_string+0x36>
10003d56:	4b13      	ldr	r3, [pc, #76]	; (10003da4 <stdio_put_string+0x90>)
10003d58:	681b      	ldr	r3, [r3, #0]
10003d5a:	2b00      	cmp	r3, #0
10003d5c:	d001      	beq.n	10003d62 <stdio_put_string+0x4e>
10003d5e:	42a3      	cmp	r3, r4
10003d60:	d1f3      	bne.n	10003d4a <stdio_put_string+0x36>
10003d62:	002a      	movs	r2, r5
10003d64:	0031      	movs	r1, r6
10003d66:	0020      	movs	r0, r4
10003d68:	47b8      	blx	r7
10003d6a:	4643      	mov	r3, r8
10003d6c:	2b00      	cmp	r3, #0
10003d6e:	d0ec      	beq.n	10003d4a <stdio_put_string+0x36>
10003d70:	466b      	mov	r3, sp
10003d72:	1dd9      	adds	r1, r3, #7
10003d74:	230a      	movs	r3, #10
10003d76:	700b      	strb	r3, [r1, #0]
10003d78:	2201      	movs	r2, #1
10003d7a:	0020      	movs	r0, r4
10003d7c:	47b8      	blx	r7
10003d7e:	e7e4      	b.n	10003d4a <stdio_put_string+0x36>
10003d80:	464b      	mov	r3, r9
10003d82:	2b00      	cmp	r3, #0
10003d84:	d105      	bne.n	10003d92 <stdio_put_string+0x7e>
10003d86:	0028      	movs	r0, r5
10003d88:	b003      	add	sp, #12
10003d8a:	bcc0      	pop	{r6, r7}
10003d8c:	46b9      	mov	r9, r7
10003d8e:	46b0      	mov	r8, r6
10003d90:	bdf0      	pop	{r4, r5, r6, r7, pc}
10003d92:	f7ff ffb7 	bl	10003d04 <stdout_serialize_end>
10003d96:	e7f6      	b.n	10003d86 <stdio_put_string+0x72>
10003d98:	10003bf1 	.word	0x10003bf1
10003d9c:	20001fa4 	.word	0x20001fa4
10003da0:	10003be1 	.word	0x10003be1
10003da4:	20001fb0 	.word	0x20001fb0

10003da8 <stdio_set_driver_enabled>:
10003da8:	4a09      	ldr	r2, [pc, #36]	; (10003dd0 <stdio_set_driver_enabled+0x28>)
10003daa:	e001      	b.n	10003db0 <stdio_set_driver_enabled+0x8>
10003dac:	3310      	adds	r3, #16
10003dae:	001a      	movs	r2, r3
10003db0:	6813      	ldr	r3, [r2, #0]
10003db2:	2b00      	cmp	r3, #0
10003db4:	d008      	beq.n	10003dc8 <stdio_set_driver_enabled+0x20>
10003db6:	4283      	cmp	r3, r0
10003db8:	d1f8      	bne.n	10003dac <stdio_set_driver_enabled+0x4>
10003dba:	2900      	cmp	r1, #0
10003dbc:	d107      	bne.n	10003dce <stdio_set_driver_enabled+0x26>
10003dbe:	6903      	ldr	r3, [r0, #16]
10003dc0:	6013      	str	r3, [r2, #0]
10003dc2:	2300      	movs	r3, #0
10003dc4:	6103      	str	r3, [r0, #16]
10003dc6:	e002      	b.n	10003dce <stdio_set_driver_enabled+0x26>
10003dc8:	2900      	cmp	r1, #0
10003dca:	d000      	beq.n	10003dce <stdio_set_driver_enabled+0x26>
10003dcc:	6010      	str	r0, [r2, #0]
10003dce:	4770      	bx	lr
10003dd0:	20001fa4 	.word	0x20001fa4

10003dd4 <stdio_flush>:
10003dd4:	b510      	push	{r4, lr}
10003dd6:	4b06      	ldr	r3, [pc, #24]	; (10003df0 <stdio_flush+0x1c>)
10003dd8:	681c      	ldr	r4, [r3, #0]
10003dda:	e001      	b.n	10003de0 <stdio_flush+0xc>
10003ddc:	4798      	blx	r3
10003dde:	6924      	ldr	r4, [r4, #16]
10003de0:	2c00      	cmp	r4, #0
10003de2:	d003      	beq.n	10003dec <stdio_flush+0x18>
10003de4:	6863      	ldr	r3, [r4, #4]
10003de6:	2b00      	cmp	r3, #0
10003de8:	d1f8      	bne.n	10003ddc <stdio_flush+0x8>
10003dea:	e7f8      	b.n	10003dde <stdio_flush+0xa>
10003dec:	bd10      	pop	{r4, pc}
10003dee:	46c0      	nop			; (mov r8, r8)
10003df0:	20001fa4 	.word	0x20001fa4

10003df4 <stdio_init_all>:
10003df4:	b510      	push	{r4, lr}
10003df6:	f000 f9a3 	bl	10004140 <stdio_usb_init>
10003dfa:	bd10      	pop	{r4, pc}

10003dfc <__wrap_puts>:
10003dfc:	b570      	push	{r4, r5, r6, lr}
10003dfe:	0005      	movs	r5, r0
10003e00:	f003 fb8e 	bl	10007520 <strlen>
10003e04:	0004      	movs	r4, r0
10003e06:	2301      	movs	r3, #1
10003e08:	2201      	movs	r2, #1
10003e0a:	0001      	movs	r1, r0
10003e0c:	0028      	movs	r0, r5
10003e0e:	f7ff ff81 	bl	10003d14 <stdio_put_string>
10003e12:	f7ff ffdf 	bl	10003dd4 <stdio_flush>
10003e16:	0020      	movs	r0, r4
10003e18:	bd70      	pop	{r4, r5, r6, pc}
	...

10003e1c <__wrap_vprintf>:
10003e1c:	b570      	push	{r4, r5, r6, lr}
10003e1e:	b0a2      	sub	sp, #136	; 0x88
10003e20:	0004      	movs	r4, r0
10003e22:	000e      	movs	r6, r1
10003e24:	f7ff ff56 	bl	10003cd4 <stdout_serialize_begin>
10003e28:	0005      	movs	r5, r0
10003e2a:	2300      	movs	r3, #0
10003e2c:	9301      	str	r3, [sp, #4]
10003e2e:	0033      	movs	r3, r6
10003e30:	0022      	movs	r2, r4
10003e32:	a901      	add	r1, sp, #4
10003e34:	4808      	ldr	r0, [pc, #32]	; (10003e58 <__wrap_vprintf+0x3c>)
10003e36:	f7ff fe6f 	bl	10003b18 <vfctprintf>
10003e3a:	0004      	movs	r4, r0
10003e3c:	a801      	add	r0, sp, #4
10003e3e:	f7ff ff17 	bl	10003c70 <stdio_stack_buffer_flush>
10003e42:	f7ff ffc7 	bl	10003dd4 <stdio_flush>
10003e46:	2d00      	cmp	r5, #0
10003e48:	d102      	bne.n	10003e50 <__wrap_vprintf+0x34>
10003e4a:	0020      	movs	r0, r4
10003e4c:	b022      	add	sp, #136	; 0x88
10003e4e:	bd70      	pop	{r4, r5, r6, pc}
10003e50:	f7ff ff58 	bl	10003d04 <stdout_serialize_end>
10003e54:	e7f9      	b.n	10003e4a <__wrap_vprintf+0x2e>
10003e56:	46c0      	nop			; (mov r8, r8)
10003e58:	10003cb5 	.word	0x10003cb5

10003e5c <__wrap_printf>:
10003e5c:	b40f      	push	{r0, r1, r2, r3}
10003e5e:	b500      	push	{lr}
10003e60:	b083      	sub	sp, #12
10003e62:	a904      	add	r1, sp, #16
10003e64:	c901      	ldmia	r1!, {r0}
10003e66:	9101      	str	r1, [sp, #4]
10003e68:	f7ff ffd8 	bl	10003e1c <__wrap_vprintf>
10003e6c:	b003      	add	sp, #12
10003e6e:	bc08      	pop	{r3}
10003e70:	b004      	add	sp, #16
10003e72:	4718      	bx	r3

10003e74 <resetd_init>:
10003e74:	4770      	bx	lr
	...

10003e78 <resetd_reset>:
10003e78:	4b01      	ldr	r3, [pc, #4]	; (10003e80 <resetd_reset+0x8>)
10003e7a:	2200      	movs	r2, #0
10003e7c:	701a      	strb	r2, [r3, #0]
10003e7e:	4770      	bx	lr
10003e80:	20002676 	.word	0x20002676

10003e84 <resetd_open>:
10003e84:	794b      	ldrb	r3, [r1, #5]
10003e86:	2bff      	cmp	r3, #255	; 0xff
10003e88:	d10c      	bne.n	10003ea4 <resetd_open+0x20>
10003e8a:	798b      	ldrb	r3, [r1, #6]
10003e8c:	2b00      	cmp	r3, #0
10003e8e:	d10b      	bne.n	10003ea8 <resetd_open+0x24>
10003e90:	79cb      	ldrb	r3, [r1, #7]
10003e92:	2b01      	cmp	r3, #1
10003e94:	d10a      	bne.n	10003eac <resetd_open+0x28>
10003e96:	2a08      	cmp	r2, #8
10003e98:	d90a      	bls.n	10003eb0 <resetd_open+0x2c>
10003e9a:	788a      	ldrb	r2, [r1, #2]
10003e9c:	4b05      	ldr	r3, [pc, #20]	; (10003eb4 <resetd_open+0x30>)
10003e9e:	701a      	strb	r2, [r3, #0]
10003ea0:	2009      	movs	r0, #9
10003ea2:	e000      	b.n	10003ea6 <resetd_open+0x22>
10003ea4:	2000      	movs	r0, #0
10003ea6:	4770      	bx	lr
10003ea8:	2000      	movs	r0, #0
10003eaa:	e7fc      	b.n	10003ea6 <resetd_open+0x22>
10003eac:	2000      	movs	r0, #0
10003eae:	e7fa      	b.n	10003ea6 <resetd_open+0x22>
10003eb0:	2000      	movs	r0, #0
10003eb2:	e7f8      	b.n	10003ea6 <resetd_open+0x22>
10003eb4:	20002676 	.word	0x20002676

10003eb8 <resetd_xfer_cb>:
10003eb8:	2001      	movs	r0, #1
10003eba:	4770      	bx	lr

10003ebc <resetd_control_xfer_cb>:
10003ebc:	b510      	push	{r4, lr}
10003ebe:	2901      	cmp	r1, #1
10003ec0:	d128      	bne.n	10003f14 <resetd_control_xfer_cb+0x58>
10003ec2:	7911      	ldrb	r1, [r2, #4]
10003ec4:	7953      	ldrb	r3, [r2, #5]
10003ec6:	021b      	lsls	r3, r3, #8
10003ec8:	430b      	orrs	r3, r1
10003eca:	4913      	ldr	r1, [pc, #76]	; (10003f18 <resetd_control_xfer_cb+0x5c>)
10003ecc:	7809      	ldrb	r1, [r1, #0]
10003ece:	428b      	cmp	r3, r1
10003ed0:	d001      	beq.n	10003ed6 <resetd_control_xfer_cb+0x1a>
10003ed2:	2000      	movs	r0, #0
10003ed4:	e01f      	b.n	10003f16 <resetd_control_xfer_cb+0x5a>
10003ed6:	7853      	ldrb	r3, [r2, #1]
10003ed8:	2b01      	cmp	r3, #1
10003eda:	d003      	beq.n	10003ee4 <resetd_control_xfer_cb+0x28>
10003edc:	2b02      	cmp	r3, #2
10003ede:	d012      	beq.n	10003f06 <resetd_control_xfer_cb+0x4a>
10003ee0:	2000      	movs	r0, #0
10003ee2:	e018      	b.n	10003f16 <resetd_control_xfer_cb+0x5a>
10003ee4:	7891      	ldrb	r1, [r2, #2]
10003ee6:	78d3      	ldrb	r3, [r2, #3]
10003ee8:	021b      	lsls	r3, r3, #8
10003eea:	4319      	orrs	r1, r3
10003eec:	05db      	lsls	r3, r3, #23
10003eee:	d507      	bpl.n	10003f00 <resetd_control_xfer_cb+0x44>
10003ef0:	0a48      	lsrs	r0, r1, #9
10003ef2:	0a4a      	lsrs	r2, r1, #9
10003ef4:	2301      	movs	r3, #1
10003ef6:	401a      	ands	r2, r3
10003ef8:	337e      	adds	r3, #126	; 0x7e
10003efa:	4019      	ands	r1, r3
10003efc:	f7fd fcfa 	bl	100018f4 <rom_reset_usb_boot_extra>
10003f00:	2001      	movs	r0, #1
10003f02:	4240      	negs	r0, r0
10003f04:	e7f5      	b.n	10003ef2 <resetd_control_xfer_cb+0x36>
10003f06:	2264      	movs	r2, #100	; 0x64
10003f08:	2100      	movs	r1, #0
10003f0a:	2000      	movs	r0, #0
10003f0c:	f7fd fc9a 	bl	10001844 <watchdog_reboot>
10003f10:	2001      	movs	r0, #1
10003f12:	e000      	b.n	10003f16 <resetd_control_xfer_cb+0x5a>
10003f14:	2001      	movs	r0, #1
10003f16:	bd10      	pop	{r4, pc}
10003f18:	20002676 	.word	0x20002676

10003f1c <tud_descriptor_bos_cb>:
10003f1c:	4800      	ldr	r0, [pc, #0]	; (10003f20 <tud_descriptor_bos_cb+0x4>)
10003f1e:	4770      	bx	lr
10003f20:	10008484 	.word	0x10008484

10003f24 <tud_vendor_control_xfer_cb>:
10003f24:	b510      	push	{r4, lr}
10003f26:	0014      	movs	r4, r2
10003f28:	2901      	cmp	r1, #1
10003f2a:	d110      	bne.n	10003f4e <tud_vendor_control_xfer_cb+0x2a>
10003f2c:	7853      	ldrb	r3, [r2, #1]
10003f2e:	2b01      	cmp	r3, #1
10003f30:	d10f      	bne.n	10003f52 <tud_vendor_control_xfer_cb+0x2e>
10003f32:	7912      	ldrb	r2, [r2, #4]
10003f34:	7963      	ldrb	r3, [r4, #5]
10003f36:	021b      	lsls	r3, r3, #8
10003f38:	4313      	orrs	r3, r2
10003f3a:	2b07      	cmp	r3, #7
10003f3c:	d001      	beq.n	10003f42 <tud_vendor_control_xfer_cb+0x1e>
10003f3e:	2000      	movs	r0, #0
10003f40:	e006      	b.n	10003f50 <tud_vendor_control_xfer_cb+0x2c>
10003f42:	339f      	adds	r3, #159	; 0x9f
10003f44:	4a04      	ldr	r2, [pc, #16]	; (10003f58 <tud_vendor_control_xfer_cb+0x34>)
10003f46:	0021      	movs	r1, r4
10003f48:	f001 fb2a 	bl	100055a0 <tud_control_xfer>
10003f4c:	e000      	b.n	10003f50 <tud_vendor_control_xfer_cb+0x2c>
10003f4e:	2001      	movs	r0, #1
10003f50:	bd10      	pop	{r4, pc}
10003f52:	2000      	movs	r0, #0
10003f54:	e7fc      	b.n	10003f50 <tud_vendor_control_xfer_cb+0x2c>
10003f56:	46c0      	nop			; (mov r8, r8)
10003f58:	100084a8 	.word	0x100084a8

10003f5c <usbd_app_driver_get_cb>:
10003f5c:	2301      	movs	r3, #1
10003f5e:	7003      	strb	r3, [r0, #0]
10003f60:	4800      	ldr	r0, [pc, #0]	; (10003f64 <usbd_app_driver_get_cb+0x8>)
10003f62:	4770      	bx	lr
10003f64:	10008464 	.word	0x10008464

10003f68 <tud_cdc_line_coding_cb>:
10003f68:	b510      	push	{r4, lr}
10003f6a:	780b      	ldrb	r3, [r1, #0]
10003f6c:	7848      	ldrb	r0, [r1, #1]
10003f6e:	0200      	lsls	r0, r0, #8
10003f70:	4318      	orrs	r0, r3
10003f72:	788a      	ldrb	r2, [r1, #2]
10003f74:	0412      	lsls	r2, r2, #16
10003f76:	4310      	orrs	r0, r2
10003f78:	78cb      	ldrb	r3, [r1, #3]
10003f7a:	061b      	lsls	r3, r3, #24
10003f7c:	4303      	orrs	r3, r0
10003f7e:	2296      	movs	r2, #150	; 0x96
10003f80:	00d2      	lsls	r2, r2, #3
10003f82:	4293      	cmp	r3, r2
10003f84:	d000      	beq.n	10003f88 <tud_cdc_line_coding_cb+0x20>
10003f86:	bd10      	pop	{r4, pc}
10003f88:	2001      	movs	r0, #1
10003f8a:	2200      	movs	r2, #0
10003f8c:	0011      	movs	r1, r2
10003f8e:	4240      	negs	r0, r0
10003f90:	f7fd fcb0 	bl	100018f4 <rom_reset_usb_boot_extra>

10003f94 <stdio_usb_set_chars_available_callback>:
10003f94:	4b02      	ldr	r3, [pc, #8]	; (10003fa0 <stdio_usb_set_chars_available_callback+0xc>)
10003f96:	6018      	str	r0, [r3, #0]
10003f98:	4b02      	ldr	r3, [pc, #8]	; (10003fa4 <stdio_usb_set_chars_available_callback+0x10>)
10003f9a:	6019      	str	r1, [r3, #0]
10003f9c:	4770      	bx	lr
10003f9e:	46c0      	nop			; (mov r8, r8)
10003fa0:	20001f28 	.word	0x20001f28
10003fa4:	20001f2c 	.word	0x20001f2c

10003fa8 <stdio_usb_out_flush>:
10003fa8:	b510      	push	{r4, lr}
10003faa:	f7fd fa19 	bl	100013e0 <time_us_64>
10003fae:	4a0e      	ldr	r2, [pc, #56]	; (10003fe8 <stdio_usb_out_flush+0x40>)
10003fb0:	2300      	movs	r3, #0
10003fb2:	1812      	adds	r2, r2, r0
10003fb4:	414b      	adcs	r3, r1
10003fb6:	2b00      	cmp	r3, #0
10003fb8:	db12      	blt.n	10003fe0 <stdio_usb_out_flush+0x38>
10003fba:	480c      	ldr	r0, [pc, #48]	; (10003fec <stdio_usb_out_flush+0x44>)
10003fbc:	f003 fc8c 	bl	100078d8 <__mutex_try_enter_block_until_veneer>
10003fc0:	2800      	cmp	r0, #0
10003fc2:	d00c      	beq.n	10003fde <stdio_usb_out_flush+0x36>
10003fc4:	2001      	movs	r0, #1
10003fc6:	2100      	movs	r1, #0
10003fc8:	4240      	negs	r0, r0
10003fca:	f001 f9b1 	bl	10005330 <tud_task_ext>
10003fce:	2000      	movs	r0, #0
10003fd0:	f001 fc56 	bl	10005880 <tud_cdc_n_write_flush>
10003fd4:	2800      	cmp	r0, #0
10003fd6:	d1f5      	bne.n	10003fc4 <stdio_usb_out_flush+0x1c>
10003fd8:	4804      	ldr	r0, [pc, #16]	; (10003fec <stdio_usb_out_flush+0x44>)
10003fda:	f003 fc45 	bl	10007868 <__mutex_exit_veneer>
10003fde:	bd10      	pop	{r4, pc}
10003fe0:	2201      	movs	r2, #1
10003fe2:	4252      	negs	r2, r2
10003fe4:	4b02      	ldr	r3, [pc, #8]	; (10003ff0 <stdio_usb_out_flush+0x48>)
10003fe6:	e7e8      	b.n	10003fba <stdio_usb_out_flush+0x12>
10003fe8:	000f4240 	.word	0x000f4240
10003fec:	20002654 	.word	0x20002654
10003ff0:	7fffffff 	.word	0x7fffffff

10003ff4 <usb_irq>:
10003ff4:	b510      	push	{r4, lr}
10003ff6:	4b02      	ldr	r3, [pc, #8]	; (10004000 <usb_irq+0xc>)
10003ff8:	7818      	ldrb	r0, [r3, #0]
10003ffa:	f7fc fb8f 	bl	1000071c <irq_set_pending>
10003ffe:	bd10      	pop	{r4, pc}
10004000:	20002677 	.word	0x20002677

10004004 <low_priority_worker_irq>:
10004004:	b510      	push	{r4, lr}
10004006:	b084      	sub	sp, #16
10004008:	2100      	movs	r1, #0
1000400a:	482b      	ldr	r0, [pc, #172]	; (100040b8 <low_priority_worker_irq+0xb4>)
1000400c:	f003 fc44 	bl	10007898 <__mutex_try_enter_veneer>
10004010:	2800      	cmp	r0, #0
10004012:	d121      	bne.n	10004058 <low_priority_worker_irq+0x54>
10004014:	4b29      	ldr	r3, [pc, #164]	; (100040bc <low_priority_worker_irq+0xb8>)
10004016:	681b      	ldr	r3, [r3, #0]
10004018:	2b00      	cmp	r3, #0
1000401a:	d01b      	beq.n	10004054 <low_priority_worker_irq+0x50>
1000401c:	4b27      	ldr	r3, [pc, #156]	; (100040bc <low_priority_worker_irq+0xb8>)
1000401e:	6819      	ldr	r1, [r3, #0]
10004020:	f3ef 8210 	mrs	r2, PRIMASK
10004024:	b672      	cpsid	i
10004026:	680b      	ldr	r3, [r1, #0]
10004028:	2b00      	cmp	r3, #0
1000402a:	d0fc      	beq.n	10004026 <low_priority_worker_irq+0x22>
1000402c:	f3bf 8f5f 	dmb	sy
10004030:	4922      	ldr	r1, [pc, #136]	; (100040bc <low_priority_worker_irq+0xb8>)
10004032:	604a      	str	r2, [r1, #4]
10004034:	4822      	ldr	r0, [pc, #136]	; (100040c0 <low_priority_worker_irq+0xbc>)
10004036:	7803      	ldrb	r3, [r0, #0]
10004038:	2401      	movs	r4, #1
1000403a:	4063      	eors	r3, r4
1000403c:	b2db      	uxtb	r3, r3
1000403e:	2401      	movs	r4, #1
10004040:	7004      	strb	r4, [r0, #0]
10004042:	6809      	ldr	r1, [r1, #0]
10004044:	f3bf 8f5f 	dmb	sy
10004048:	2000      	movs	r0, #0
1000404a:	6008      	str	r0, [r1, #0]
1000404c:	f382 8810 	msr	PRIMASK, r2
10004050:	2b00      	cmp	r3, #0
10004052:	d117      	bne.n	10004084 <low_priority_worker_irq+0x80>
10004054:	b004      	add	sp, #16
10004056:	bd10      	pop	{r4, pc}
10004058:	2001      	movs	r0, #1
1000405a:	2100      	movs	r1, #0
1000405c:	4240      	negs	r0, r0
1000405e:	f001 f967 	bl	10005330 <tud_task_ext>
10004062:	2000      	movs	r0, #0
10004064:	f001 fbe4 	bl	10005830 <tud_cdc_n_available>
10004068:	0004      	movs	r4, r0
1000406a:	4813      	ldr	r0, [pc, #76]	; (100040b8 <low_priority_worker_irq+0xb4>)
1000406c:	f003 fbfc 	bl	10007868 <__mutex_exit_veneer>
10004070:	2c00      	cmp	r4, #0
10004072:	d0ef      	beq.n	10004054 <low_priority_worker_irq+0x50>
10004074:	4b13      	ldr	r3, [pc, #76]	; (100040c4 <low_priority_worker_irq+0xc0>)
10004076:	681b      	ldr	r3, [r3, #0]
10004078:	2b00      	cmp	r3, #0
1000407a:	d0eb      	beq.n	10004054 <low_priority_worker_irq+0x50>
1000407c:	4a12      	ldr	r2, [pc, #72]	; (100040c8 <low_priority_worker_irq+0xc4>)
1000407e:	6810      	ldr	r0, [r2, #0]
10004080:	4798      	blx	r3
10004082:	e7e7      	b.n	10004054 <low_priority_worker_irq+0x50>
10004084:	f7fc ff7c 	bl	10000f80 <alarm_pool_get_default>
10004088:	0004      	movs	r4, r0
1000408a:	f7fd f9a9 	bl	100013e0 <time_us_64>
1000408e:	22fa      	movs	r2, #250	; 0xfa
10004090:	0092      	lsls	r2, r2, #2
10004092:	2300      	movs	r3, #0
10004094:	1812      	adds	r2, r2, r0
10004096:	414b      	adcs	r3, r1
10004098:	2b00      	cmp	r3, #0
1000409a:	db09      	blt.n	100040b0 <low_priority_worker_irq+0xac>
1000409c:	2101      	movs	r1, #1
1000409e:	9102      	str	r1, [sp, #8]
100040a0:	2100      	movs	r1, #0
100040a2:	9101      	str	r1, [sp, #4]
100040a4:	4909      	ldr	r1, [pc, #36]	; (100040cc <low_priority_worker_irq+0xc8>)
100040a6:	9100      	str	r1, [sp, #0]
100040a8:	0020      	movs	r0, r4
100040aa:	f7fc ffd7 	bl	1000105c <alarm_pool_add_alarm_at>
100040ae:	e7d1      	b.n	10004054 <low_priority_worker_irq+0x50>
100040b0:	2201      	movs	r2, #1
100040b2:	4252      	negs	r2, r2
100040b4:	4b06      	ldr	r3, [pc, #24]	; (100040d0 <low_priority_worker_irq+0xcc>)
100040b6:	e7f1      	b.n	1000409c <low_priority_worker_irq+0x98>
100040b8:	20002654 	.word	0x20002654
100040bc:	200023c8 	.word	0x200023c8
100040c0:	20002678 	.word	0x20002678
100040c4:	20001f28 	.word	0x20001f28
100040c8:	20001f2c 	.word	0x20001f2c
100040cc:	100040d5 	.word	0x100040d5
100040d0:	7fffffff 	.word	0x7fffffff

100040d4 <timer_task>:
100040d4:	b570      	push	{r4, r5, r6, lr}
100040d6:	4b17      	ldr	r3, [pc, #92]	; (10004134 <timer_task+0x60>)
100040d8:	681b      	ldr	r3, [r3, #0]
100040da:	2b00      	cmp	r3, #0
100040dc:	d021      	beq.n	10004122 <timer_task+0x4e>
100040de:	4b15      	ldr	r3, [pc, #84]	; (10004134 <timer_task+0x60>)
100040e0:	6819      	ldr	r1, [r3, #0]
100040e2:	f3ef 8310 	mrs	r3, PRIMASK
100040e6:	b672      	cpsid	i
100040e8:	680a      	ldr	r2, [r1, #0]
100040ea:	2a00      	cmp	r2, #0
100040ec:	d0fc      	beq.n	100040e8 <timer_task+0x14>
100040ee:	f3bf 8f5f 	dmb	sy
100040f2:	4910      	ldr	r1, [pc, #64]	; (10004134 <timer_task+0x60>)
100040f4:	604b      	str	r3, [r1, #4]
100040f6:	2200      	movs	r2, #0
100040f8:	480f      	ldr	r0, [pc, #60]	; (10004138 <timer_task+0x64>)
100040fa:	7002      	strb	r2, [r0, #0]
100040fc:	6809      	ldr	r1, [r1, #0]
100040fe:	f3bf 8f5f 	dmb	sy
10004102:	600a      	str	r2, [r1, #0]
10004104:	f383 8810 	msr	PRIMASK, r3
10004108:	2400      	movs	r4, #0
1000410a:	2500      	movs	r5, #0
1000410c:	4b0b      	ldr	r3, [pc, #44]	; (1000413c <timer_task+0x68>)
1000410e:	7818      	ldrb	r0, [r3, #0]
10004110:	f7fc fae0 	bl	100006d4 <irq_is_enabled>
10004114:	2800      	cmp	r0, #0
10004116:	d108      	bne.n	1000412a <timer_task+0x56>
10004118:	2400      	movs	r4, #0
1000411a:	2500      	movs	r5, #0
1000411c:	0020      	movs	r0, r4
1000411e:	0029      	movs	r1, r5
10004120:	bd70      	pop	{r4, r5, r6, pc}
10004122:	24fa      	movs	r4, #250	; 0xfa
10004124:	00a4      	lsls	r4, r4, #2
10004126:	2500      	movs	r5, #0
10004128:	e7f0      	b.n	1000410c <timer_task+0x38>
1000412a:	4b04      	ldr	r3, [pc, #16]	; (1000413c <timer_task+0x68>)
1000412c:	7818      	ldrb	r0, [r3, #0]
1000412e:	f7fc faf5 	bl	1000071c <irq_set_pending>
10004132:	e7f3      	b.n	1000411c <timer_task+0x48>
10004134:	200023c8 	.word	0x200023c8
10004138:	20002678 	.word	0x20002678
1000413c:	20002677 	.word	0x20002677

10004140 <stdio_usb_init>:
10004140:	b510      	push	{r4, lr}
10004142:	b084      	sub	sp, #16
10004144:	23d0      	movs	r3, #208	; 0xd0
10004146:	061b      	lsls	r3, r3, #24
10004148:	681c      	ldr	r4, [r3, #0]
1000414a:	f7fc ff19 	bl	10000f80 <alarm_pool_get_default>
1000414e:	f7fc ffdf 	bl	10001110 <alarm_pool_core_num>
10004152:	42a0      	cmp	r0, r4
10004154:	d12c      	bne.n	100041b0 <stdio_usb_init+0x70>
10004156:	4b2d      	ldr	r3, [pc, #180]	; (1000420c <stdio_usb_init+0xcc>)
10004158:	781b      	ldrb	r3, [r3, #0]
1000415a:	f002 f871 	bl	10006240 <tusb_init>
1000415e:	4b2c      	ldr	r3, [pc, #176]	; (10004210 <stdio_usb_init+0xd0>)
10004160:	681b      	ldr	r3, [r3, #0]
10004162:	2b00      	cmp	r3, #0
10004164:	d02a      	beq.n	100041bc <stdio_usb_init+0x7c>
10004166:	2001      	movs	r0, #1
10004168:	f7fc fcba 	bl	10000ae0 <user_irq_claim_unused>
1000416c:	b2c0      	uxtb	r0, r0
1000416e:	4c29      	ldr	r4, [pc, #164]	; (10004214 <stdio_usb_init+0xd4>)
10004170:	7020      	strb	r0, [r4, #0]
10004172:	4929      	ldr	r1, [pc, #164]	; (10004218 <stdio_usb_init+0xd8>)
10004174:	f7fc faf4 	bl	10000760 <irq_set_exclusive_handler>
10004178:	7820      	ldrb	r0, [r4, #0]
1000417a:	2101      	movs	r1, #1
1000417c:	f7fc fac4 	bl	10000708 <irq_set_enabled>
10004180:	2005      	movs	r0, #5
10004182:	f7fc fadb 	bl	1000073c <irq_has_shared_handler>
10004186:	1e04      	subs	r4, r0, #0
10004188:	d01c      	beq.n	100041c4 <stdio_usb_init+0x84>
1000418a:	2001      	movs	r0, #1
1000418c:	f7fc fa36 	bl	100005fc <spin_lock_claim_unused>
10004190:	0001      	movs	r1, r0
10004192:	4822      	ldr	r0, [pc, #136]	; (1000421c <stdio_usb_init+0xdc>)
10004194:	f7fc fd02 	bl	10000b9c <critical_section_init_with_lock_num>
10004198:	2200      	movs	r2, #0
1000419a:	4921      	ldr	r1, [pc, #132]	; (10004220 <stdio_usb_init+0xe0>)
1000419c:	2005      	movs	r0, #5
1000419e:	f7fc fb09 	bl	100007b4 <irq_add_shared_handler>
100041a2:	2101      	movs	r1, #1
100041a4:	481f      	ldr	r0, [pc, #124]	; (10004224 <stdio_usb_init+0xe4>)
100041a6:	f7ff fdff 	bl	10003da8 <stdio_set_driver_enabled>
100041aa:	0020      	movs	r0, r4
100041ac:	b004      	add	sp, #16
100041ae:	bd10      	pop	{r4, pc}
100041b0:	4b1d      	ldr	r3, [pc, #116]	; (10004228 <stdio_usb_init+0xe8>)
100041b2:	4a1e      	ldr	r2, [pc, #120]	; (1000422c <stdio_usb_init+0xec>)
100041b4:	21c1      	movs	r1, #193	; 0xc1
100041b6:	481e      	ldr	r0, [pc, #120]	; (10004230 <stdio_usb_init+0xf0>)
100041b8:	f7ff fce0 	bl	10003b7c <__assert_func>
100041bc:	4814      	ldr	r0, [pc, #80]	; (10004210 <stdio_usb_init+0xd0>)
100041be:	f7fc fcab 	bl	10000b18 <mutex_init>
100041c2:	e7d0      	b.n	10004166 <stdio_usb_init+0x26>
100041c4:	2208      	movs	r2, #8
100041c6:	2100      	movs	r1, #0
100041c8:	4814      	ldr	r0, [pc, #80]	; (1000421c <stdio_usb_init+0xdc>)
100041ca:	f7fe fbed 	bl	100029a8 <__wrap_memset>
100041ce:	f7fc fed7 	bl	10000f80 <alarm_pool_get_default>
100041d2:	0004      	movs	r4, r0
100041d4:	f7fd f904 	bl	100013e0 <time_us_64>
100041d8:	22fa      	movs	r2, #250	; 0xfa
100041da:	0092      	lsls	r2, r2, #2
100041dc:	2300      	movs	r3, #0
100041de:	1812      	adds	r2, r2, r0
100041e0:	414b      	adcs	r3, r1
100041e2:	2b00      	cmp	r3, #0
100041e4:	db0d      	blt.n	10004202 <stdio_usb_init+0xc2>
100041e6:	2101      	movs	r1, #1
100041e8:	9102      	str	r1, [sp, #8]
100041ea:	2100      	movs	r1, #0
100041ec:	9101      	str	r1, [sp, #4]
100041ee:	4911      	ldr	r1, [pc, #68]	; (10004234 <stdio_usb_init+0xf4>)
100041f0:	9100      	str	r1, [sp, #0]
100041f2:	0020      	movs	r0, r4
100041f4:	f7fc ff32 	bl	1000105c <alarm_pool_add_alarm_at>
100041f8:	43c0      	mvns	r0, r0
100041fa:	0fc4      	lsrs	r4, r0, #31
100041fc:	2800      	cmp	r0, #0
100041fe:	dad4      	bge.n	100041aa <stdio_usb_init+0x6a>
10004200:	e7cf      	b.n	100041a2 <stdio_usb_init+0x62>
10004202:	2201      	movs	r2, #1
10004204:	4252      	negs	r2, r2
10004206:	4b0c      	ldr	r3, [pc, #48]	; (10004238 <stdio_usb_init+0xf8>)
10004208:	e7ed      	b.n	100041e6 <stdio_usb_init+0xa6>
1000420a:	46c0      	nop			; (mov r8, r8)
1000420c:	10008d84 	.word	0x10008d84
10004210:	20002654 	.word	0x20002654
10004214:	20002677 	.word	0x20002677
10004218:	10004005 	.word	0x10004005
1000421c:	200023c8 	.word	0x200023c8
10004220:	10003ff5 	.word	0x10003ff5
10004224:	20000cc0 	.word	0x20000cc0
10004228:	10008550 	.word	0x10008550
1000422c:	100085b4 	.word	0x100085b4
10004230:	10008558 	.word	0x10008558
10004234:	100040d5 	.word	0x100040d5
10004238:	7fffffff 	.word	0x7fffffff

1000423c <stdio_usb_connected>:
1000423c:	b510      	push	{r4, lr}
1000423e:	2000      	movs	r0, #0
10004240:	f001 fad4 	bl	100057ec <tud_cdc_n_connected>
10004244:	bd10      	pop	{r4, pc}
	...

10004248 <stdio_usb_in_chars>:
10004248:	b570      	push	{r4, r5, r6, lr}
1000424a:	0005      	movs	r5, r0
1000424c:	000c      	movs	r4, r1
1000424e:	f7ff fff5 	bl	1000423c <stdio_usb_connected>
10004252:	2800      	cmp	r0, #0
10004254:	d034      	beq.n	100042c0 <stdio_usb_in_chars+0x78>
10004256:	2000      	movs	r0, #0
10004258:	f001 faea 	bl	10005830 <tud_cdc_n_available>
1000425c:	2800      	cmp	r0, #0
1000425e:	d032      	beq.n	100042c6 <stdio_usb_in_chars+0x7e>
10004260:	f7fd f8be 	bl	100013e0 <time_us_64>
10004264:	4a1b      	ldr	r2, [pc, #108]	; (100042d4 <stdio_usb_in_chars+0x8c>)
10004266:	2300      	movs	r3, #0
10004268:	1812      	adds	r2, r2, r0
1000426a:	414b      	adcs	r3, r1
1000426c:	2b00      	cmp	r3, #0
1000426e:	db19      	blt.n	100042a4 <stdio_usb_in_chars+0x5c>
10004270:	4819      	ldr	r0, [pc, #100]	; (100042d8 <stdio_usb_in_chars+0x90>)
10004272:	f003 fb31 	bl	100078d8 <__mutex_try_enter_block_until_veneer>
10004276:	2800      	cmp	r0, #0
10004278:	d028      	beq.n	100042cc <stdio_usb_in_chars+0x84>
1000427a:	f7ff ffdf 	bl	1000423c <stdio_usb_connected>
1000427e:	2800      	cmp	r0, #0
10004280:	d004      	beq.n	1000428c <stdio_usb_in_chars+0x44>
10004282:	2000      	movs	r0, #0
10004284:	f001 fad4 	bl	10005830 <tud_cdc_n_available>
10004288:	2800      	cmp	r0, #0
1000428a:	d10f      	bne.n	100042ac <stdio_usb_in_chars+0x64>
1000428c:	2001      	movs	r0, #1
1000428e:	2100      	movs	r1, #0
10004290:	4240      	negs	r0, r0
10004292:	f001 f84d 	bl	10005330 <tud_task_ext>
10004296:	2403      	movs	r4, #3
10004298:	4264      	negs	r4, r4
1000429a:	480f      	ldr	r0, [pc, #60]	; (100042d8 <stdio_usb_in_chars+0x90>)
1000429c:	f003 fae4 	bl	10007868 <__mutex_exit_veneer>
100042a0:	0020      	movs	r0, r4
100042a2:	bd70      	pop	{r4, r5, r6, pc}
100042a4:	2201      	movs	r2, #1
100042a6:	4252      	negs	r2, r2
100042a8:	4b0c      	ldr	r3, [pc, #48]	; (100042dc <stdio_usb_in_chars+0x94>)
100042aa:	e7e1      	b.n	10004270 <stdio_usb_in_chars+0x28>
100042ac:	0022      	movs	r2, r4
100042ae:	0029      	movs	r1, r5
100042b0:	2000      	movs	r0, #0
100042b2:	f001 fac9 	bl	10005848 <tud_cdc_n_read>
100042b6:	1e04      	subs	r4, r0, #0
100042b8:	d1ef      	bne.n	1000429a <stdio_usb_in_chars+0x52>
100042ba:	2403      	movs	r4, #3
100042bc:	4264      	negs	r4, r4
100042be:	e7ec      	b.n	1000429a <stdio_usb_in_chars+0x52>
100042c0:	2403      	movs	r4, #3
100042c2:	4264      	negs	r4, r4
100042c4:	e7ec      	b.n	100042a0 <stdio_usb_in_chars+0x58>
100042c6:	2403      	movs	r4, #3
100042c8:	4264      	negs	r4, r4
100042ca:	e7e9      	b.n	100042a0 <stdio_usb_in_chars+0x58>
100042cc:	2403      	movs	r4, #3
100042ce:	4264      	negs	r4, r4
100042d0:	e7e6      	b.n	100042a0 <stdio_usb_in_chars+0x58>
100042d2:	46c0      	nop			; (mov r8, r8)
100042d4:	000f4240 	.word	0x000f4240
100042d8:	20002654 	.word	0x20002654
100042dc:	7fffffff 	.word	0x7fffffff

100042e0 <stdio_usb_out_chars>:
100042e0:	b5f0      	push	{r4, r5, r6, r7, lr}
100042e2:	46c6      	mov	lr, r8
100042e4:	b500      	push	{lr}
100042e6:	4680      	mov	r8, r0
100042e8:	000c      	movs	r4, r1
100042ea:	f7fd f879 	bl	100013e0 <time_us_64>
100042ee:	4a31      	ldr	r2, [pc, #196]	; (100043b4 <stdio_usb_out_chars+0xd4>)
100042f0:	2300      	movs	r3, #0
100042f2:	1812      	adds	r2, r2, r0
100042f4:	414b      	adcs	r3, r1
100042f6:	2b00      	cmp	r3, #0
100042f8:	db07      	blt.n	1000430a <stdio_usb_out_chars+0x2a>
100042fa:	482f      	ldr	r0, [pc, #188]	; (100043b8 <stdio_usb_out_chars+0xd8>)
100042fc:	f003 faec 	bl	100078d8 <__mutex_try_enter_block_until_veneer>
10004300:	2800      	cmp	r0, #0
10004302:	d106      	bne.n	10004312 <stdio_usb_out_chars+0x32>
10004304:	bc80      	pop	{r7}
10004306:	46b8      	mov	r8, r7
10004308:	bdf0      	pop	{r4, r5, r6, r7, pc}
1000430a:	2201      	movs	r2, #1
1000430c:	4252      	negs	r2, r2
1000430e:	4b2b      	ldr	r3, [pc, #172]	; (100043bc <stdio_usb_out_chars+0xdc>)
10004310:	e7f3      	b.n	100042fa <stdio_usb_out_chars+0x1a>
10004312:	f7ff ff93 	bl	1000423c <stdio_usb_connected>
10004316:	2800      	cmp	r0, #0
10004318:	d149      	bne.n	100043ae <stdio_usb_out_chars+0xce>
1000431a:	4b29      	ldr	r3, [pc, #164]	; (100043c0 <stdio_usb_out_chars+0xe0>)
1000431c:	2000      	movs	r0, #0
1000431e:	2100      	movs	r1, #0
10004320:	6018      	str	r0, [r3, #0]
10004322:	6059      	str	r1, [r3, #4]
10004324:	4824      	ldr	r0, [pc, #144]	; (100043b8 <stdio_usb_out_chars+0xd8>)
10004326:	f003 fa9f 	bl	10007868 <__mutex_exit_veneer>
1000432a:	e7eb      	b.n	10004304 <stdio_usb_out_chars+0x24>
1000432c:	2001      	movs	r0, #1
1000432e:	2100      	movs	r1, #0
10004330:	4240      	negs	r0, r0
10004332:	f000 fffd 	bl	10005330 <tud_task_ext>
10004336:	2000      	movs	r0, #0
10004338:	f001 faa2 	bl	10005880 <tud_cdc_n_write_flush>
1000433c:	f7ff ff7e 	bl	1000423c <stdio_usb_connected>
10004340:	2800      	cmp	r0, #0
10004342:	d0ef      	beq.n	10004324 <stdio_usb_out_chars+0x44>
10004344:	2000      	movs	r0, #0
10004346:	f001 fb25 	bl	10005994 <tud_cdc_n_write_available>
1000434a:	2800      	cmp	r0, #0
1000434c:	d020      	beq.n	10004390 <stdio_usb_out_chars+0xb0>
1000434e:	42a5      	cmp	r5, r4
10004350:	dae8      	bge.n	10004324 <stdio_usb_out_chars+0x44>
10004352:	1b66      	subs	r6, r4, r5
10004354:	2000      	movs	r0, #0
10004356:	f001 fb1d 	bl	10005994 <tud_cdc_n_write_available>
1000435a:	0002      	movs	r2, r0
1000435c:	4286      	cmp	r6, r0
1000435e:	dc00      	bgt.n	10004362 <stdio_usb_out_chars+0x82>
10004360:	0032      	movs	r2, r6
10004362:	2a00      	cmp	r2, #0
10004364:	d0e2      	beq.n	1000432c <stdio_usb_out_chars+0x4c>
10004366:	4643      	mov	r3, r8
10004368:	1959      	adds	r1, r3, r5
1000436a:	2000      	movs	r0, #0
1000436c:	f001 faee 	bl	1000594c <tud_cdc_n_write>
10004370:	0006      	movs	r6, r0
10004372:	2001      	movs	r0, #1
10004374:	2100      	movs	r1, #0
10004376:	4240      	negs	r0, r0
10004378:	f000 ffda 	bl	10005330 <tud_task_ext>
1000437c:	2000      	movs	r0, #0
1000437e:	f001 fa7f 	bl	10005880 <tud_cdc_n_write_flush>
10004382:	19ad      	adds	r5, r5, r6
10004384:	f7fd f82c 	bl	100013e0 <time_us_64>
10004388:	4b0d      	ldr	r3, [pc, #52]	; (100043c0 <stdio_usb_out_chars+0xe0>)
1000438a:	6018      	str	r0, [r3, #0]
1000438c:	6059      	str	r1, [r3, #4]
1000438e:	e7de      	b.n	1000434e <stdio_usb_out_chars+0x6e>
10004390:	f7fd f826 	bl	100013e0 <time_us_64>
10004394:	4b0a      	ldr	r3, [pc, #40]	; (100043c0 <stdio_usb_out_chars+0xe0>)
10004396:	681e      	ldr	r6, [r3, #0]
10004398:	685f      	ldr	r7, [r3, #4]
1000439a:	4a0a      	ldr	r2, [pc, #40]	; (100043c4 <stdio_usb_out_chars+0xe4>)
1000439c:	2300      	movs	r3, #0
1000439e:	1992      	adds	r2, r2, r6
100043a0:	417b      	adcs	r3, r7
100043a2:	4299      	cmp	r1, r3
100043a4:	d8be      	bhi.n	10004324 <stdio_usb_out_chars+0x44>
100043a6:	d1d2      	bne.n	1000434e <stdio_usb_out_chars+0x6e>
100043a8:	4290      	cmp	r0, r2
100043aa:	d9d0      	bls.n	1000434e <stdio_usb_out_chars+0x6e>
100043ac:	e7ba      	b.n	10004324 <stdio_usb_out_chars+0x44>
100043ae:	2500      	movs	r5, #0
100043b0:	e7cd      	b.n	1000434e <stdio_usb_out_chars+0x6e>
100043b2:	46c0      	nop			; (mov r8, r8)
100043b4:	000f4240 	.word	0x000f4240
100043b8:	20002654 	.word	0x20002654
100043bc:	7fffffff 	.word	0x7fffffff
100043c0:	200016c0 	.word	0x200016c0
100043c4:	0007a120 	.word	0x0007a120

100043c8 <tud_descriptor_device_cb>:
100043c8:	4800      	ldr	r0, [pc, #0]	; (100043cc <tud_descriptor_device_cb+0x4>)
100043ca:	4770      	bx	lr
100043cc:	10008644 	.word	0x10008644

100043d0 <tud_descriptor_configuration_cb>:
100043d0:	4800      	ldr	r0, [pc, #0]	; (100043d4 <tud_descriptor_configuration_cb+0x4>)
100043d2:	4770      	bx	lr
100043d4:	100085f0 	.word	0x100085f0

100043d8 <tud_descriptor_string_cb>:
100043d8:	b510      	push	{r4, lr}
100043da:	0004      	movs	r4, r0
100043dc:	4b15      	ldr	r3, [pc, #84]	; (10004434 <tud_descriptor_string_cb+0x5c>)
100043de:	781b      	ldrb	r3, [r3, #0]
100043e0:	2b00      	cmp	r3, #0
100043e2:	d00e      	beq.n	10004402 <tud_descriptor_string_cb+0x2a>
100043e4:	2c00      	cmp	r4, #0
100043e6:	d111      	bne.n	1000440c <tud_descriptor_string_cb+0x34>
100043e8:	4b13      	ldr	r3, [pc, #76]	; (10004438 <tud_descriptor_string_cb+0x60>)
100043ea:	4a14      	ldr	r2, [pc, #80]	; (1000443c <tud_descriptor_string_cb+0x64>)
100043ec:	805a      	strh	r2, [r3, #2]
100043ee:	2301      	movs	r3, #1
100043f0:	3301      	adds	r3, #1
100043f2:	005b      	lsls	r3, r3, #1
100043f4:	b21b      	sxth	r3, r3
100043f6:	22c0      	movs	r2, #192	; 0xc0
100043f8:	0092      	lsls	r2, r2, #2
100043fa:	4313      	orrs	r3, r2
100043fc:	480e      	ldr	r0, [pc, #56]	; (10004438 <tud_descriptor_string_cb+0x60>)
100043fe:	8003      	strh	r3, [r0, #0]
10004400:	bd10      	pop	{r4, pc}
10004402:	2111      	movs	r1, #17
10004404:	480b      	ldr	r0, [pc, #44]	; (10004434 <tud_descriptor_string_cb+0x5c>)
10004406:	f000 f825 	bl	10004454 <pico_get_unique_board_id_string>
1000440a:	e7eb      	b.n	100043e4 <tud_descriptor_string_cb+0xc>
1000440c:	2c05      	cmp	r4, #5
1000440e:	d80e      	bhi.n	1000442e <tud_descriptor_string_cb+0x56>
10004410:	00a4      	lsls	r4, r4, #2
10004412:	4b0b      	ldr	r3, [pc, #44]	; (10004440 <tud_descriptor_string_cb+0x68>)
10004414:	58e4      	ldr	r4, [r4, r3]
10004416:	2300      	movs	r3, #0
10004418:	2b12      	cmp	r3, #18
1000441a:	d8e9      	bhi.n	100043f0 <tud_descriptor_string_cb+0x18>
1000441c:	5ce2      	ldrb	r2, [r4, r3]
1000441e:	2a00      	cmp	r2, #0
10004420:	d0e6      	beq.n	100043f0 <tud_descriptor_string_cb+0x18>
10004422:	3301      	adds	r3, #1
10004424:	0059      	lsls	r1, r3, #1
10004426:	4804      	ldr	r0, [pc, #16]	; (10004438 <tud_descriptor_string_cb+0x60>)
10004428:	5242      	strh	r2, [r0, r1]
1000442a:	b2db      	uxtb	r3, r3
1000442c:	e7f4      	b.n	10004418 <tud_descriptor_string_cb+0x40>
1000442e:	2000      	movs	r0, #0
10004430:	e7e6      	b.n	10004400 <tud_descriptor_string_cb+0x28>
10004432:	46c0      	nop			; (mov r8, r8)
10004434:	20002660 	.word	0x20002660
10004438:	20001f7c 	.word	0x20001f7c
1000443c:	00000409 	.word	0x00000409
10004440:	10008658 	.word	0x10008658

10004444 <_retrieve_unique_id_on_boot>:
10004444:	b510      	push	{r4, lr}
10004446:	4802      	ldr	r0, [pc, #8]	; (10004450 <_retrieve_unique_id_on_boot+0xc>)
10004448:	f000 f834 	bl	100044b4 <flash_get_unique_id>
1000444c:	bd10      	pop	{r4, pc}
1000444e:	46c0      	nop			; (mov r8, r8)
10004450:	20002444 	.word	0x20002444

10004454 <pico_get_unique_board_id_string>:
10004454:	b510      	push	{r4, lr}
10004456:	2900      	cmp	r1, #0
10004458:	d001      	beq.n	1000445e <pico_get_unique_board_id_string+0xa>
1000445a:	2300      	movs	r3, #0
1000445c:	e00a      	b.n	10004474 <pico_get_unique_board_id_string+0x20>
1000445e:	4b11      	ldr	r3, [pc, #68]	; (100044a4 <pico_get_unique_board_id_string+0x50>)
10004460:	4a11      	ldr	r2, [pc, #68]	; (100044a8 <pico_get_unique_board_id_string+0x54>)
10004462:	3135      	adds	r1, #53	; 0x35
10004464:	4811      	ldr	r0, [pc, #68]	; (100044ac <pico_get_unique_board_id_string+0x58>)
10004466:	f7ff fb89 	bl	10003b7c <__assert_func>
1000446a:	2400      	movs	r4, #0
1000446c:	e00d      	b.n	1000448a <pico_get_unique_board_id_string+0x36>
1000446e:	3237      	adds	r2, #55	; 0x37
10004470:	54c2      	strb	r2, [r0, r3]
10004472:	3301      	adds	r3, #1
10004474:	1e4a      	subs	r2, r1, #1
10004476:	429a      	cmp	r2, r3
10004478:	d90f      	bls.n	1000449a <pico_get_unique_board_id_string+0x46>
1000447a:	2b0f      	cmp	r3, #15
1000447c:	d80d      	bhi.n	1000449a <pico_get_unique_board_id_string+0x46>
1000447e:	085a      	lsrs	r2, r3, #1
10004480:	4c0b      	ldr	r4, [pc, #44]	; (100044b0 <pico_get_unique_board_id_string+0x5c>)
10004482:	5ca2      	ldrb	r2, [r4, r2]
10004484:	07dc      	lsls	r4, r3, #31
10004486:	d4f0      	bmi.n	1000446a <pico_get_unique_board_id_string+0x16>
10004488:	2404      	movs	r4, #4
1000448a:	4122      	asrs	r2, r4
1000448c:	0014      	movs	r4, r2
1000448e:	220f      	movs	r2, #15
10004490:	4022      	ands	r2, r4
10004492:	2a09      	cmp	r2, #9
10004494:	dceb      	bgt.n	1000446e <pico_get_unique_board_id_string+0x1a>
10004496:	3230      	adds	r2, #48	; 0x30
10004498:	e7ea      	b.n	10004470 <pico_get_unique_board_id_string+0x1c>
1000449a:	18c0      	adds	r0, r0, r3
1000449c:	2300      	movs	r3, #0
1000449e:	7003      	strb	r3, [r0, #0]
100044a0:	bd10      	pop	{r4, pc}
100044a2:	46c0      	nop			; (mov r8, r8)
100044a4:	10008670 	.word	0x10008670
100044a8:	100086b4 	.word	0x100086b4
100044ac:	10008678 	.word	0x10008678
100044b0:	20002444 	.word	0x20002444

100044b4 <flash_get_unique_id>:
100044b4:	b570      	push	{r4, r5, r6, lr}
100044b6:	b088      	sub	sp, #32
100044b8:	0004      	movs	r4, r0
100044ba:	ad04      	add	r5, sp, #16
100044bc:	2600      	movs	r6, #0
100044be:	9604      	str	r6, [sp, #16]
100044c0:	2209      	movs	r2, #9
100044c2:	2100      	movs	r1, #0
100044c4:	a805      	add	r0, sp, #20
100044c6:	f7fe fa6f 	bl	100029a8 <__wrap_memset>
100044ca:	9600      	str	r6, [sp, #0]
100044cc:	2209      	movs	r2, #9
100044ce:	2100      	movs	r1, #0
100044d0:	a801      	add	r0, sp, #4
100044d2:	f7fe fa69 	bl	100029a8 <__wrap_memset>
100044d6:	234b      	movs	r3, #75	; 0x4b
100044d8:	702b      	strb	r3, [r5, #0]
100044da:	220d      	movs	r2, #13
100044dc:	4669      	mov	r1, sp
100044de:	0028      	movs	r0, r5
100044e0:	f003 f9ba 	bl	10007858 <__flash_do_cmd_veneer>
100044e4:	2300      	movs	r3, #0
100044e6:	e004      	b.n	100044f2 <flash_get_unique_id+0x3e>
100044e8:	1d5a      	adds	r2, r3, #5
100044ea:	4669      	mov	r1, sp
100044ec:	5c8a      	ldrb	r2, [r1, r2]
100044ee:	54e2      	strb	r2, [r4, r3]
100044f0:	3301      	adds	r3, #1
100044f2:	2b07      	cmp	r3, #7
100044f4:	ddf8      	ble.n	100044e8 <flash_get_unique_id+0x34>
100044f6:	b008      	add	sp, #32
100044f8:	bd70      	pop	{r4, r5, r6, pc}
	...

100044fc <_hw_endpoint_alloc>:
100044fc:	b510      	push	{r4, lr}
100044fe:	8b03      	ldrh	r3, [r0, #24]
10004500:	333f      	adds	r3, #63	; 0x3f
10004502:	223f      	movs	r2, #63	; 0x3f
10004504:	4393      	bics	r3, r2
10004506:	2902      	cmp	r1, #2
10004508:	d015      	beq.n	10004536 <_hw_endpoint_alloc+0x3a>
1000450a:	4c12      	ldr	r4, [pc, #72]	; (10004554 <_hw_endpoint_alloc+0x58>)
1000450c:	6822      	ldr	r2, [r4, #0]
1000450e:	60c2      	str	r2, [r0, #12]
10004510:	18d3      	adds	r3, r2, r3
10004512:	6023      	str	r3, [r4, #0]
10004514:	069c      	lsls	r4, r3, #26
10004516:	d110      	bne.n	1000453a <_hw_endpoint_alloc+0x3e>
10004518:	4c0f      	ldr	r4, [pc, #60]	; (10004558 <_hw_endpoint_alloc+0x5c>)
1000451a:	4062      	eors	r2, r4
1000451c:	4063      	eors	r3, r4
1000451e:	2480      	movs	r4, #128	; 0x80
10004520:	0164      	lsls	r4, r4, #5
10004522:	42a3      	cmp	r3, r4
10004524:	d80f      	bhi.n	10004546 <_hw_endpoint_alloc+0x4a>
10004526:	0689      	lsls	r1, r1, #26
10004528:	4311      	orrs	r1, r2
1000452a:	2380      	movs	r3, #128	; 0x80
1000452c:	061b      	lsls	r3, r3, #24
1000452e:	4319      	orrs	r1, r3
10004530:	6843      	ldr	r3, [r0, #4]
10004532:	6019      	str	r1, [r3, #0]
10004534:	bd10      	pop	{r4, pc}
10004536:	005b      	lsls	r3, r3, #1
10004538:	e7e7      	b.n	1000450a <_hw_endpoint_alloc+0xe>
1000453a:	4b08      	ldr	r3, [pc, #32]	; (1000455c <_hw_endpoint_alloc+0x60>)
1000453c:	4a08      	ldr	r2, [pc, #32]	; (10004560 <_hw_endpoint_alloc+0x64>)
1000453e:	2151      	movs	r1, #81	; 0x51
10004540:	4808      	ldr	r0, [pc, #32]	; (10004564 <_hw_endpoint_alloc+0x68>)
10004542:	f7ff fb1b 	bl	10003b7c <__assert_func>
10004546:	4b08      	ldr	r3, [pc, #32]	; (10004568 <_hw_endpoint_alloc+0x6c>)
10004548:	4a05      	ldr	r2, [pc, #20]	; (10004560 <_hw_endpoint_alloc+0x64>)
1000454a:	2153      	movs	r1, #83	; 0x53
1000454c:	4805      	ldr	r0, [pc, #20]	; (10004564 <_hw_endpoint_alloc+0x68>)
1000454e:	f7ff fb15 	bl	10003b7c <__assert_func>
10004552:	46c0      	nop			; (mov r8, r8)
10004554:	200023c4 	.word	0x200023c4
10004558:	50100000 	.word	0x50100000
1000455c:	1000886c 	.word	0x1000886c
10004560:	1000897c 	.word	0x1000897c
10004564:	1000889c 	.word	0x1000889c
10004568:	100088e8 	.word	0x100088e8

1000456c <hw_endpoint_init>:
1000456c:	b570      	push	{r4, r5, r6, lr}
1000456e:	0004      	movs	r4, r0
10004570:	237f      	movs	r3, #127	; 0x7f
10004572:	4003      	ands	r3, r0
10004574:	09c5      	lsrs	r5, r0, #7
10004576:	0058      	lsls	r0, r3, #1
10004578:	1940      	adds	r0, r0, r5
1000457a:	0140      	lsls	r0, r0, #5
1000457c:	4e26      	ldr	r6, [pc, #152]	; (10004618 <hw_endpoint_init+0xac>)
1000457e:	1980      	adds	r0, r0, r6
10004580:	7084      	strb	r4, [r0, #2]
10004582:	426c      	negs	r4, r5
10004584:	416c      	adcs	r4, r5
10004586:	7044      	strb	r4, [r0, #1]
10004588:	2400      	movs	r4, #0
1000458a:	70c4      	strb	r4, [r0, #3]
1000458c:	8301      	strh	r1, [r0, #24]
1000458e:	76c2      	strb	r2, [r0, #27]
10004590:	2d01      	cmp	r5, #1
10004592:	d01d      	beq.n	100045d0 <hw_endpoint_init+0x64>
10004594:	00de      	lsls	r6, r3, #3
10004596:	4921      	ldr	r1, [pc, #132]	; (1000461c <hw_endpoint_init+0xb0>)
10004598:	468c      	mov	ip, r1
1000459a:	4466      	add	r6, ip
1000459c:	0059      	lsls	r1, r3, #1
1000459e:	1949      	adds	r1, r1, r5
100045a0:	0149      	lsls	r1, r1, #5
100045a2:	4c1d      	ldr	r4, [pc, #116]	; (10004618 <hw_endpoint_init+0xac>)
100045a4:	1861      	adds	r1, r4, r1
100045a6:	608e      	str	r6, [r1, #8]
100045a8:	005c      	lsls	r4, r3, #1
100045aa:	1964      	adds	r4, r4, r5
100045ac:	0164      	lsls	r4, r4, #5
100045ae:	491a      	ldr	r1, [pc, #104]	; (10004618 <hw_endpoint_init+0xac>)
100045b0:	190c      	adds	r4, r1, r4
100045b2:	68a1      	ldr	r1, [r4, #8]
100045b4:	2400      	movs	r4, #0
100045b6:	600c      	str	r4, [r1, #0]
100045b8:	2b00      	cmp	r3, #0
100045ba:	d10f      	bne.n	100045dc <hw_endpoint_init+0x70>
100045bc:	005b      	lsls	r3, r3, #1
100045be:	195b      	adds	r3, r3, r5
100045c0:	015b      	lsls	r3, r3, #5
100045c2:	4d15      	ldr	r5, [pc, #84]	; (10004618 <hw_endpoint_init+0xac>)
100045c4:	18eb      	adds	r3, r5, r3
100045c6:	2200      	movs	r2, #0
100045c8:	605a      	str	r2, [r3, #4]
100045ca:	4a15      	ldr	r2, [pc, #84]	; (10004620 <hw_endpoint_init+0xb4>)
100045cc:	60da      	str	r2, [r3, #12]
100045ce:	bd70      	pop	{r4, r5, r6, pc}
100045d0:	00de      	lsls	r6, r3, #3
100045d2:	4914      	ldr	r1, [pc, #80]	; (10004624 <hw_endpoint_init+0xb8>)
100045d4:	468c      	mov	ip, r1
100045d6:	4466      	add	r6, ip
100045d8:	6086      	str	r6, [r0, #8]
100045da:	e7e5      	b.n	100045a8 <hw_endpoint_init+0x3c>
100045dc:	2d01      	cmp	r5, #1
100045de:	d00e      	beq.n	100045fe <hw_endpoint_init+0x92>
100045e0:	1e59      	subs	r1, r3, #1
100045e2:	00c9      	lsls	r1, r1, #3
100045e4:	4c10      	ldr	r4, [pc, #64]	; (10004628 <hw_endpoint_init+0xbc>)
100045e6:	46a4      	mov	ip, r4
100045e8:	4461      	add	r1, ip
100045ea:	005b      	lsls	r3, r3, #1
100045ec:	195b      	adds	r3, r3, r5
100045ee:	015b      	lsls	r3, r3, #5
100045f0:	4c09      	ldr	r4, [pc, #36]	; (10004618 <hw_endpoint_init+0xac>)
100045f2:	18e3      	adds	r3, r4, r3
100045f4:	6059      	str	r1, [r3, #4]
100045f6:	0011      	movs	r1, r2
100045f8:	f7ff ff80 	bl	100044fc <_hw_endpoint_alloc>
100045fc:	e7e7      	b.n	100045ce <hw_endpoint_init+0x62>
100045fe:	1e59      	subs	r1, r3, #1
10004600:	00c9      	lsls	r1, r1, #3
10004602:	4c0a      	ldr	r4, [pc, #40]	; (1000462c <hw_endpoint_init+0xc0>)
10004604:	46a4      	mov	ip, r4
10004606:	4461      	add	r1, ip
10004608:	005b      	lsls	r3, r3, #1
1000460a:	195b      	adds	r3, r3, r5
1000460c:	015b      	lsls	r3, r3, #5
1000460e:	4d02      	ldr	r5, [pc, #8]	; (10004618 <hw_endpoint_init+0xac>)
10004610:	18eb      	adds	r3, r5, r3
10004612:	6059      	str	r1, [r3, #4]
10004614:	e7ef      	b.n	100045f6 <hw_endpoint_init+0x8a>
10004616:	46c0      	nop			; (mov r8, r8)
10004618:	20001fb8 	.word	0x20001fb8
1000461c:	50100084 	.word	0x50100084
10004620:	50100100 	.word	0x50100100
10004624:	50100080 	.word	0x50100080
10004628:	5010000c 	.word	0x5010000c
1000462c:	50100008 	.word	0x50100008

10004630 <hw_endpoint_xfer>:
10004630:	b510      	push	{r4, lr}
10004632:	0004      	movs	r4, r0
10004634:	207f      	movs	r0, #127	; 0x7f
10004636:	4020      	ands	r0, r4
10004638:	09e4      	lsrs	r4, r4, #7
1000463a:	0040      	lsls	r0, r0, #1
1000463c:	1900      	adds	r0, r0, r4
1000463e:	0140      	lsls	r0, r0, #5
10004640:	4b02      	ldr	r3, [pc, #8]	; (1000464c <hw_endpoint_xfer+0x1c>)
10004642:	18c0      	adds	r0, r0, r3
10004644:	f000 f932 	bl	100048ac <hw_endpoint_xfer_start>
10004648:	bd10      	pop	{r4, pc}
1000464a:	46c0      	nop			; (mov r8, r8)
1000464c:	20001fb8 	.word	0x20001fb8

10004650 <dcd_int_enable>:
10004650:	b510      	push	{r4, lr}
10004652:	2800      	cmp	r0, #0
10004654:	d104      	bne.n	10004660 <dcd_int_enable+0x10>
10004656:	2101      	movs	r1, #1
10004658:	2005      	movs	r0, #5
1000465a:	f7fc f855 	bl	10000708 <irq_set_enabled>
1000465e:	bd10      	pop	{r4, pc}
10004660:	21d4      	movs	r1, #212	; 0xd4
10004662:	4b03      	ldr	r3, [pc, #12]	; (10004670 <dcd_int_enable+0x20>)
10004664:	4a03      	ldr	r2, [pc, #12]	; (10004674 <dcd_int_enable+0x24>)
10004666:	0049      	lsls	r1, r1, #1
10004668:	4803      	ldr	r0, [pc, #12]	; (10004678 <dcd_int_enable+0x28>)
1000466a:	f7ff fa87 	bl	10003b7c <__assert_func>
1000466e:	46c0      	nop			; (mov r8, r8)
10004670:	10008930 	.word	0x10008930
10004674:	1000896c 	.word	0x1000896c
10004678:	1000889c 	.word	0x1000889c

1000467c <dcd_set_address>:
1000467c:	b510      	push	{r4, lr}
1000467e:	2800      	cmp	r0, #0
10004680:	d105      	bne.n	1000468e <dcd_set_address+0x12>
10004682:	2200      	movs	r2, #0
10004684:	2100      	movs	r1, #0
10004686:	2080      	movs	r0, #128	; 0x80
10004688:	f7ff ffd2 	bl	10004630 <hw_endpoint_xfer>
1000468c:	bd10      	pop	{r4, pc}
1000468e:	21d9      	movs	r1, #217	; 0xd9
10004690:	4b02      	ldr	r3, [pc, #8]	; (1000469c <dcd_set_address+0x20>)
10004692:	4a03      	ldr	r2, [pc, #12]	; (100046a0 <dcd_set_address+0x24>)
10004694:	0049      	lsls	r1, r1, #1
10004696:	4803      	ldr	r0, [pc, #12]	; (100046a4 <dcd_set_address+0x28>)
10004698:	f7ff fa70 	bl	10003b7c <__assert_func>
1000469c:	10008930 	.word	0x10008930
100046a0:	1000895c 	.word	0x1000895c
100046a4:	1000889c 	.word	0x1000889c

100046a8 <dcd_connect>:
100046a8:	4b02      	ldr	r3, [pc, #8]	; (100046b4 <dcd_connect+0xc>)
100046aa:	2280      	movs	r2, #128	; 0x80
100046ac:	0252      	lsls	r2, r2, #9
100046ae:	64da      	str	r2, [r3, #76]	; 0x4c
100046b0:	4770      	bx	lr
100046b2:	46c0      	nop			; (mov r8, r8)
100046b4:	50112000 	.word	0x50112000

100046b8 <dcd_init>:
100046b8:	b570      	push	{r4, r5, r6, lr}
100046ba:	1e04      	subs	r4, r0, #0
100046bc:	d126      	bne.n	1000470c <dcd_init+0x54>
100046be:	f000 f8d3 	bl	10004868 <rp2040_usb_init>
100046c2:	4d16      	ldr	r5, [pc, #88]	; (1000471c <dcd_init+0x64>)
100046c4:	230c      	movs	r3, #12
100046c6:	67ab      	str	r3, [r5, #120]	; 0x78
100046c8:	22ff      	movs	r2, #255	; 0xff
100046ca:	4915      	ldr	r1, [pc, #84]	; (10004720 <dcd_init+0x68>)
100046cc:	2005      	movs	r0, #5
100046ce:	f7fc f871 	bl	100007b4 <irq_add_shared_handler>
100046d2:	2240      	movs	r2, #64	; 0x40
100046d4:	2100      	movs	r1, #0
100046d6:	4813      	ldr	r0, [pc, #76]	; (10004724 <dcd_init+0x6c>)
100046d8:	f7fe f966 	bl	100029a8 <__wrap_memset>
100046dc:	2200      	movs	r2, #0
100046de:	2140      	movs	r1, #64	; 0x40
100046e0:	2000      	movs	r0, #0
100046e2:	f7ff ff43 	bl	1000456c <hw_endpoint_init>
100046e6:	2200      	movs	r2, #0
100046e8:	2140      	movs	r1, #64	; 0x40
100046ea:	2080      	movs	r0, #128	; 0x80
100046ec:	f7ff ff3e 	bl	1000456c <hw_endpoint_init>
100046f0:	f003 f8ea 	bl	100078c8 <__reset_non_control_endpoints_veneer>
100046f4:	2301      	movs	r3, #1
100046f6:	642b      	str	r3, [r5, #64]	; 0x40
100046f8:	2380      	movs	r3, #128	; 0x80
100046fa:	059b      	lsls	r3, r3, #22
100046fc:	64eb      	str	r3, [r5, #76]	; 0x4c
100046fe:	2390      	movs	r3, #144	; 0x90
10004700:	4a09      	ldr	r2, [pc, #36]	; (10004728 <dcd_init+0x70>)
10004702:	50ea      	str	r2, [r5, r3]
10004704:	0020      	movs	r0, r4
10004706:	f7ff ffcf 	bl	100046a8 <dcd_connect>
1000470a:	bd70      	pop	{r4, r5, r6, pc}
1000470c:	2176      	movs	r1, #118	; 0x76
1000470e:	4b07      	ldr	r3, [pc, #28]	; (1000472c <dcd_init+0x74>)
10004710:	4a07      	ldr	r2, [pc, #28]	; (10004730 <dcd_init+0x78>)
10004712:	31ff      	adds	r1, #255	; 0xff
10004714:	4807      	ldr	r0, [pc, #28]	; (10004734 <dcd_init+0x7c>)
10004716:	f7ff fa31 	bl	10003b7c <__assert_func>
1000471a:	46c0      	nop			; (mov r8, r8)
1000471c:	50110000 	.word	0x50110000
10004720:	20000475 	.word	0x20000475
10004724:	20001fb8 	.word	0x20001fb8
10004728:	0001d010 	.word	0x0001d010
1000472c:	10008930 	.word	0x10008930
10004730:	10008990 	.word	0x10008990
10004734:	1000889c 	.word	0x1000889c

10004738 <dcd_sof_enable>:
10004738:	4b04      	ldr	r3, [pc, #16]	; (1000474c <dcd_sof_enable+0x14>)
1000473a:	7019      	strb	r1, [r3, #0]
1000473c:	2900      	cmp	r1, #0
1000473e:	d004      	beq.n	1000474a <dcd_sof_enable+0x12>
10004740:	4a03      	ldr	r2, [pc, #12]	; (10004750 <dcd_sof_enable+0x18>)
10004742:	2390      	movs	r3, #144	; 0x90
10004744:	2180      	movs	r1, #128	; 0x80
10004746:	0289      	lsls	r1, r1, #10
10004748:	50d1      	str	r1, [r2, r3]
1000474a:	4770      	bx	lr
1000474c:	20002672 	.word	0x20002672
10004750:	50112000 	.word	0x50112000

10004754 <dcd_edpt0_status_complete>:
10004754:	780b      	ldrb	r3, [r1, #0]
10004756:	065b      	lsls	r3, r3, #25
10004758:	d102      	bne.n	10004760 <dcd_edpt0_status_complete+0xc>
1000475a:	784b      	ldrb	r3, [r1, #1]
1000475c:	2b05      	cmp	r3, #5
1000475e:	d000      	beq.n	10004762 <dcd_edpt0_status_complete+0xe>
10004760:	4770      	bx	lr
10004762:	788a      	ldrb	r2, [r1, #2]
10004764:	4b01      	ldr	r3, [pc, #4]	; (1000476c <dcd_edpt0_status_complete+0x18>)
10004766:	601a      	str	r2, [r3, #0]
10004768:	e7fa      	b.n	10004760 <dcd_edpt0_status_complete+0xc>
1000476a:	46c0      	nop			; (mov r8, r8)
1000476c:	50110000 	.word	0x50110000

10004770 <dcd_edpt_open>:
10004770:	b510      	push	{r4, lr}
10004772:	000c      	movs	r4, r1
10004774:	2800      	cmp	r0, #0
10004776:	d10d      	bne.n	10004794 <dcd_edpt_open+0x24>
10004778:	7909      	ldrb	r1, [r1, #4]
1000477a:	7963      	ldrb	r3, [r4, #5]
1000477c:	021b      	lsls	r3, r3, #8
1000477e:	430b      	orrs	r3, r1
10004780:	055b      	lsls	r3, r3, #21
10004782:	0d59      	lsrs	r1, r3, #21
10004784:	78e2      	ldrb	r2, [r4, #3]
10004786:	0792      	lsls	r2, r2, #30
10004788:	0f92      	lsrs	r2, r2, #30
1000478a:	78a0      	ldrb	r0, [r4, #2]
1000478c:	f7ff feee 	bl	1000456c <hw_endpoint_init>
10004790:	2001      	movs	r0, #1
10004792:	bd10      	pop	{r4, pc}
10004794:	21f0      	movs	r1, #240	; 0xf0
10004796:	4b03      	ldr	r3, [pc, #12]	; (100047a4 <dcd_edpt_open+0x34>)
10004798:	4a03      	ldr	r2, [pc, #12]	; (100047a8 <dcd_edpt_open+0x38>)
1000479a:	31ff      	adds	r1, #255	; 0xff
1000479c:	4803      	ldr	r0, [pc, #12]	; (100047ac <dcd_edpt_open+0x3c>)
1000479e:	f7ff f9ed 	bl	10003b7c <__assert_func>
100047a2:	46c0      	nop			; (mov r8, r8)
100047a4:	10008930 	.word	0x10008930
100047a8:	1000894c 	.word	0x1000894c
100047ac:	1000889c 	.word	0x1000889c

100047b0 <dcd_edpt_close_all>:
100047b0:	b510      	push	{r4, lr}
100047b2:	f003 f889 	bl	100078c8 <__reset_non_control_endpoints_veneer>
100047b6:	bd10      	pop	{r4, pc}

100047b8 <dcd_edpt_xfer>:
100047b8:	b510      	push	{r4, lr}
100047ba:	0004      	movs	r4, r0
100047bc:	0008      	movs	r0, r1
100047be:	0011      	movs	r1, r2
100047c0:	001a      	movs	r2, r3
100047c2:	2c00      	cmp	r4, #0
100047c4:	d103      	bne.n	100047ce <dcd_edpt_xfer+0x16>
100047c6:	f7ff ff33 	bl	10004630 <hw_endpoint_xfer>
100047ca:	2001      	movs	r0, #1
100047cc:	bd10      	pop	{r4, pc}
100047ce:	21fe      	movs	r1, #254	; 0xfe
100047d0:	4b02      	ldr	r3, [pc, #8]	; (100047dc <dcd_edpt_xfer+0x24>)
100047d2:	4a03      	ldr	r2, [pc, #12]	; (100047e0 <dcd_edpt_xfer+0x28>)
100047d4:	0049      	lsls	r1, r1, #1
100047d6:	4803      	ldr	r0, [pc, #12]	; (100047e4 <dcd_edpt_xfer+0x2c>)
100047d8:	f7ff f9d0 	bl	10003b7c <__assert_func>
100047dc:	10008930 	.word	0x10008930
100047e0:	1000893c 	.word	0x1000893c
100047e4:	1000889c 	.word	0x1000889c

100047e8 <dcd_edpt_stall>:
100047e8:	b510      	push	{r4, lr}
100047ea:	227f      	movs	r2, #127	; 0x7f
100047ec:	0013      	movs	r3, r2
100047ee:	400b      	ands	r3, r1
100047f0:	420a      	tst	r2, r1
100047f2:	d105      	bne.n	10004800 <dcd_edpt_stall+0x18>
100047f4:	09ca      	lsrs	r2, r1, #7
100047f6:	2a01      	cmp	r2, #1
100047f8:	d00e      	beq.n	10004818 <dcd_edpt_stall+0x30>
100047fa:	2002      	movs	r0, #2
100047fc:	4a07      	ldr	r2, [pc, #28]	; (1000481c <dcd_edpt_stall+0x34>)
100047fe:	6690      	str	r0, [r2, #104]	; 0x68
10004800:	09c9      	lsrs	r1, r1, #7
10004802:	0058      	lsls	r0, r3, #1
10004804:	1840      	adds	r0, r0, r1
10004806:	0140      	lsls	r0, r0, #5
10004808:	4905      	ldr	r1, [pc, #20]	; (10004820 <dcd_edpt_stall+0x38>)
1000480a:	1840      	adds	r0, r0, r1
1000480c:	2280      	movs	r2, #128	; 0x80
1000480e:	0112      	lsls	r2, r2, #4
10004810:	2100      	movs	r1, #0
10004812:	f003 f879 	bl	10007908 <___hw_endpoint_buffer_control_update32_veneer>
10004816:	bd10      	pop	{r4, pc}
10004818:	2001      	movs	r0, #1
1000481a:	e7ef      	b.n	100047fc <dcd_edpt_stall+0x14>
1000481c:	50112000 	.word	0x50112000
10004820:	20001fb8 	.word	0x20001fb8

10004824 <dcd_edpt_clear_stall>:
10004824:	b510      	push	{r4, lr}
10004826:	227f      	movs	r2, #127	; 0x7f
10004828:	0010      	movs	r0, r2
1000482a:	4008      	ands	r0, r1
1000482c:	420a      	tst	r2, r1
1000482e:	d100      	bne.n	10004832 <dcd_edpt_clear_stall+0xe>
10004830:	bd10      	pop	{r4, pc}
10004832:	09c9      	lsrs	r1, r1, #7
10004834:	0040      	lsls	r0, r0, #1
10004836:	1840      	adds	r0, r0, r1
10004838:	0140      	lsls	r0, r0, #5
1000483a:	4904      	ldr	r1, [pc, #16]	; (1000484c <dcd_edpt_clear_stall+0x28>)
1000483c:	1840      	adds	r0, r0, r1
1000483e:	2300      	movs	r3, #0
10004840:	70c3      	strb	r3, [r0, #3]
10004842:	2200      	movs	r2, #0
10004844:	4902      	ldr	r1, [pc, #8]	; (10004850 <dcd_edpt_clear_stall+0x2c>)
10004846:	f003 f85f 	bl	10007908 <___hw_endpoint_buffer_control_update32_veneer>
1000484a:	e7f1      	b.n	10004830 <dcd_edpt_clear_stall+0xc>
1000484c:	20001fb8 	.word	0x20001fb8
10004850:	fffff7ff 	.word	0xfffff7ff

10004854 <unaligned_memcpy>:
10004854:	e004      	b.n	10004860 <unaligned_memcpy+0xc>
10004856:	780a      	ldrb	r2, [r1, #0]
10004858:	7002      	strb	r2, [r0, #0]
1000485a:	3101      	adds	r1, #1
1000485c:	3001      	adds	r0, #1
1000485e:	001a      	movs	r2, r3
10004860:	1e53      	subs	r3, r2, #1
10004862:	2a00      	cmp	r2, #0
10004864:	d1f7      	bne.n	10004856 <unaligned_memcpy+0x2>
10004866:	4770      	bx	lr

10004868 <rp2040_usb_init>:
10004868:	b510      	push	{r4, lr}
1000486a:	2380      	movs	r3, #128	; 0x80
1000486c:	045b      	lsls	r3, r3, #17
1000486e:	4a0a      	ldr	r2, [pc, #40]	; (10004898 <rp2040_usb_init+0x30>)
10004870:	6013      	str	r3, [r2, #0]
10004872:	4a0a      	ldr	r2, [pc, #40]	; (1000489c <rp2040_usb_init+0x34>)
10004874:	6013      	str	r3, [r2, #0]
10004876:	4b0a      	ldr	r3, [pc, #40]	; (100048a0 <rp2040_usb_init+0x38>)
10004878:	681a      	ldr	r2, [r3, #0]
1000487a:	2380      	movs	r3, #128	; 0x80
1000487c:	045b      	lsls	r3, r3, #17
1000487e:	4393      	bics	r3, r2
10004880:	d1f9      	bne.n	10004876 <rp2040_usb_init+0xe>
10004882:	2280      	movs	r2, #128	; 0x80
10004884:	0152      	lsls	r2, r2, #5
10004886:	2100      	movs	r1, #0
10004888:	4806      	ldr	r0, [pc, #24]	; (100048a4 <rp2040_usb_init+0x3c>)
1000488a:	f7fe f88d 	bl	100029a8 <__wrap_memset>
1000488e:	4b06      	ldr	r3, [pc, #24]	; (100048a8 <rp2040_usb_init+0x40>)
10004890:	2209      	movs	r2, #9
10004892:	675a      	str	r2, [r3, #116]	; 0x74
10004894:	bd10      	pop	{r4, pc}
10004896:	46c0      	nop			; (mov r8, r8)
10004898:	4000e000 	.word	0x4000e000
1000489c:	4000f000 	.word	0x4000f000
100048a0:	4000c008 	.word	0x4000c008
100048a4:	50100000 	.word	0x50100000
100048a8:	50110000 	.word	0x50110000

100048ac <hw_endpoint_xfer_start>:
100048ac:	b570      	push	{r4, r5, r6, lr}
100048ae:	0004      	movs	r4, r0
100048b0:	000d      	movs	r5, r1
100048b2:	0016      	movs	r6, r2
100048b4:	7e83      	ldrb	r3, [r0, #26]
100048b6:	2b00      	cmp	r3, #0
100048b8:	d117      	bne.n	100048ea <hw_endpoint_xfer_start+0x3e>
100048ba:	82a6      	strh	r6, [r4, #20]
100048bc:	2300      	movs	r3, #0
100048be:	82e3      	strh	r3, [r4, #22]
100048c0:	3301      	adds	r3, #1
100048c2:	76a3      	strb	r3, [r4, #26]
100048c4:	6125      	str	r5, [r4, #16]
100048c6:	0020      	movs	r0, r4
100048c8:	f003 f826 	bl	10007918 <__e15_is_bulkin_ep_veneer>
100048cc:	2800      	cmp	r0, #0
100048ce:	d004      	beq.n	100048da <hw_endpoint_xfer_start+0x2e>
100048d0:	4a0c      	ldr	r2, [pc, #48]	; (10004904 <hw_endpoint_xfer_start+0x58>)
100048d2:	2390      	movs	r3, #144	; 0x90
100048d4:	2180      	movs	r1, #128	; 0x80
100048d6:	0289      	lsls	r1, r1, #10
100048d8:	50d1      	str	r1, [r2, r3]
100048da:	0020      	movs	r0, r4
100048dc:	f003 f824 	bl	10007928 <__e15_is_critical_frame_period_veneer>
100048e0:	2800      	cmp	r0, #0
100048e2:	d00a      	beq.n	100048fa <hw_endpoint_xfer_start+0x4e>
100048e4:	2301      	movs	r3, #1
100048e6:	7723      	strb	r3, [r4, #28]
100048e8:	bd70      	pop	{r4, r5, r6, pc}
100048ea:	7881      	ldrb	r1, [r0, #2]
100048ec:	4806      	ldr	r0, [pc, #24]	; (10004908 <hw_endpoint_xfer_start+0x5c>)
100048ee:	f7ff fab5 	bl	10003e5c <__wrap_printf>
100048f2:	0020      	movs	r0, r4
100048f4:	f003 f800 	bl	100078f8 <__hw_endpoint_reset_transfer_veneer>
100048f8:	e7df      	b.n	100048ba <hw_endpoint_xfer_start+0xe>
100048fa:	0020      	movs	r0, r4
100048fc:	f002 fff4 	bl	100078e8 <__hw_endpoint_start_next_buffer_veneer>
10004900:	e7f2      	b.n	100048e8 <hw_endpoint_xfer_start+0x3c>
10004902:	46c0      	nop			; (mov r8, r8)
10004904:	50112000 	.word	0x50112000
10004908:	10008a70 	.word	0x10008a70

1000490c <configuration_reset>:
1000490c:	b570      	push	{r4, r5, r6, lr}
1000490e:	0005      	movs	r5, r0
10004910:	2400      	movs	r4, #0
10004912:	e00a      	b.n	1000492a <configuration_reset+0x1e>
10004914:	1ad2      	subs	r2, r2, r3
10004916:	0152      	lsls	r2, r2, #5
10004918:	4b16      	ldr	r3, [pc, #88]	; (10004974 <configuration_reset+0x68>)
1000491a:	189b      	adds	r3, r3, r2
1000491c:	2b00      	cmp	r3, #0
1000491e:	d011      	beq.n	10004944 <configuration_reset+0x38>
10004920:	68db      	ldr	r3, [r3, #12]
10004922:	0028      	movs	r0, r5
10004924:	4798      	blx	r3
10004926:	3401      	adds	r4, #1
10004928:	b2e4      	uxtb	r4, r4
1000492a:	4b13      	ldr	r3, [pc, #76]	; (10004978 <configuration_reset+0x6c>)
1000492c:	781b      	ldrb	r3, [r3, #0]
1000492e:	1c59      	adds	r1, r3, #1
10004930:	0022      	movs	r2, r4
10004932:	42a1      	cmp	r1, r4
10004934:	db0c      	blt.n	10004950 <configuration_reset+0x44>
10004936:	42a3      	cmp	r3, r4
10004938:	d9ec      	bls.n	10004914 <configuration_reset+0x8>
1000493a:	4b10      	ldr	r3, [pc, #64]	; (1000497c <configuration_reset+0x70>)
1000493c:	681b      	ldr	r3, [r3, #0]
1000493e:	0162      	lsls	r2, r4, #5
10004940:	189b      	adds	r3, r3, r2
10004942:	e7eb      	b.n	1000491c <configuration_reset+0x10>
10004944:	4a0e      	ldr	r2, [pc, #56]	; (10004980 <configuration_reset+0x74>)
10004946:	490f      	ldr	r1, [pc, #60]	; (10004984 <configuration_reset+0x78>)
10004948:	480f      	ldr	r0, [pc, #60]	; (10004988 <configuration_reset+0x7c>)
1000494a:	f7ff fa87 	bl	10003e5c <__wrap_printf>
1000494e:	e010      	b.n	10004972 <configuration_reset+0x66>
10004950:	4c0e      	ldr	r4, [pc, #56]	; (1000498c <configuration_reset+0x80>)
10004952:	2254      	movs	r2, #84	; 0x54
10004954:	2100      	movs	r1, #0
10004956:	0020      	movs	r0, r4
10004958:	f7fe f826 	bl	100029a8 <__wrap_memset>
1000495c:	1d20      	adds	r0, r4, #4
1000495e:	2210      	movs	r2, #16
10004960:	21ff      	movs	r1, #255	; 0xff
10004962:	f7fe f821 	bl	100029a8 <__wrap_memset>
10004966:	0020      	movs	r0, r4
10004968:	3014      	adds	r0, #20
1000496a:	2220      	movs	r2, #32
1000496c:	21ff      	movs	r1, #255	; 0xff
1000496e:	f7fe f81b 	bl	100029a8 <__wrap_memset>
10004972:	bd70      	pop	{r4, r5, r6, pc}
10004974:	10008c2c 	.word	0x10008c2c
10004978:	20002671 	.word	0x20002671
1000497c:	20001714 	.word	0x20001714
10004980:	00000216 	.word	0x00000216
10004984:	10008c08 	.word	0x10008c08
10004988:	10008ab8 	.word	0x10008ab8
1000498c:	20001a40 	.word	0x20001a40

10004990 <usbd_reset>:
10004990:	b510      	push	{r4, lr}
10004992:	f7ff ffbb 	bl	1000490c <configuration_reset>
10004996:	f000 fe57 	bl	10005648 <usbd_control_reset>
1000499a:	bd10      	pop	{r4, pc}

1000499c <invoke_class_control>:
1000499c:	b570      	push	{r4, r5, r6, lr}
1000499e:	0005      	movs	r5, r0
100049a0:	000c      	movs	r4, r1
100049a2:	0016      	movs	r6, r2
100049a4:	6948      	ldr	r0, [r1, #20]
100049a6:	f000 fe59 	bl	1000565c <usbd_control_set_complete_callback>
100049aa:	6963      	ldr	r3, [r4, #20]
100049ac:	0032      	movs	r2, r6
100049ae:	2101      	movs	r1, #1
100049b0:	0028      	movs	r0, r5
100049b2:	4798      	blx	r3
100049b4:	bd70      	pop	{r4, r5, r6, pc}
	...

100049b8 <process_set_config>:
100049b8:	b5f0      	push	{r4, r5, r6, r7, lr}
100049ba:	46de      	mov	lr, fp
100049bc:	4657      	mov	r7, sl
100049be:	464e      	mov	r6, r9
100049c0:	4645      	mov	r5, r8
100049c2:	b5e0      	push	{r5, r6, r7, lr}
100049c4:	b083      	sub	sp, #12
100049c6:	4682      	mov	sl, r0
100049c8:	3901      	subs	r1, #1
100049ca:	b2c8      	uxtb	r0, r1
100049cc:	f7ff fd00 	bl	100043d0 <tud_descriptor_configuration_cb>
100049d0:	2800      	cmp	r0, #0
100049d2:	d003      	beq.n	100049dc <process_set_config+0x24>
100049d4:	7843      	ldrb	r3, [r0, #1]
100049d6:	9301      	str	r3, [sp, #4]
100049d8:	2b02      	cmp	r3, #2
100049da:	d00c      	beq.n	100049f6 <process_set_config+0x3e>
100049dc:	4a51      	ldr	r2, [pc, #324]	; (10004b24 <process_set_config+0x16c>)
100049de:	4952      	ldr	r1, [pc, #328]	; (10004b28 <process_set_config+0x170>)
100049e0:	4852      	ldr	r0, [pc, #328]	; (10004b2c <process_set_config+0x174>)
100049e2:	f7ff fa3b 	bl	10003e5c <__wrap_printf>
100049e6:	2000      	movs	r0, #0
100049e8:	b003      	add	sp, #12
100049ea:	bcf0      	pop	{r4, r5, r6, r7}
100049ec:	46bb      	mov	fp, r7
100049ee:	46b2      	mov	sl, r6
100049f0:	46a9      	mov	r9, r5
100049f2:	46a0      	mov	r8, r4
100049f4:	bdf0      	pop	{r4, r5, r6, r7, pc}
100049f6:	79c5      	ldrb	r5, [r0, #7]
100049f8:	116a      	asrs	r2, r5, #5
100049fa:	2301      	movs	r3, #1
100049fc:	494c      	ldr	r1, [pc, #304]	; (10004b30 <process_set_config+0x178>)
100049fe:	401a      	ands	r2, r3
10004a00:	0114      	lsls	r4, r2, #4
10004a02:	780a      	ldrb	r2, [r1, #0]
10004a04:	2610      	movs	r6, #16
10004a06:	43b2      	bics	r2, r6
10004a08:	4322      	orrs	r2, r4
10004a0a:	700a      	strb	r2, [r1, #0]
10004a0c:	11ad      	asrs	r5, r5, #6
10004a0e:	402b      	ands	r3, r5
10004a10:	015b      	lsls	r3, r3, #5
10004a12:	b2d2      	uxtb	r2, r2
10004a14:	2420      	movs	r4, #32
10004a16:	43a2      	bics	r2, r4
10004a18:	4313      	orrs	r3, r2
10004a1a:	700b      	strb	r3, [r1, #0]
10004a1c:	0006      	movs	r6, r0
10004a1e:	3609      	adds	r6, #9
10004a20:	7882      	ldrb	r2, [r0, #2]
10004a22:	78c3      	ldrb	r3, [r0, #3]
10004a24:	021b      	lsls	r3, r3, #8
10004a26:	4313      	orrs	r3, r2
10004a28:	4683      	mov	fp, r0
10004a2a:	449b      	add	fp, r3
10004a2c:	455e      	cmp	r6, fp
10004a2e:	d277      	bcs.n	10004b20 <process_set_config+0x168>
10004a30:	7873      	ldrb	r3, [r6, #1]
10004a32:	2b0b      	cmp	r3, #11
10004a34:	d00a      	beq.n	10004a4c <process_set_config+0x94>
10004a36:	2301      	movs	r3, #1
10004a38:	4699      	mov	r9, r3
10004a3a:	7873      	ldrb	r3, [r6, #1]
10004a3c:	2b04      	cmp	r3, #4
10004a3e:	d10a      	bne.n	10004a56 <process_set_config+0x9e>
10004a40:	465b      	mov	r3, fp
10004a42:	1b9b      	subs	r3, r3, r6
10004a44:	b29b      	uxth	r3, r3
10004a46:	4698      	mov	r8, r3
10004a48:	2400      	movs	r4, #0
10004a4a:	e03d      	b.n	10004ac8 <process_set_config+0x110>
10004a4c:	78f3      	ldrb	r3, [r6, #3]
10004a4e:	4699      	mov	r9, r3
10004a50:	7833      	ldrb	r3, [r6, #0]
10004a52:	18f6      	adds	r6, r6, r3
10004a54:	e7f1      	b.n	10004a3a <process_set_config+0x82>
10004a56:	4a37      	ldr	r2, [pc, #220]	; (10004b34 <process_set_config+0x17c>)
10004a58:	4933      	ldr	r1, [pc, #204]	; (10004b28 <process_set_config+0x170>)
10004a5a:	4834      	ldr	r0, [pc, #208]	; (10004b2c <process_set_config+0x174>)
10004a5c:	f7ff f9fe 	bl	10003e5c <__wrap_printf>
10004a60:	2000      	movs	r0, #0
10004a62:	e7c1      	b.n	100049e8 <process_set_config+0x30>
10004a64:	1b7d      	subs	r5, r7, r5
10004a66:	016d      	lsls	r5, r5, #5
10004a68:	4b33      	ldr	r3, [pc, #204]	; (10004b38 <process_set_config+0x180>)
10004a6a:	195d      	adds	r5, r3, r5
10004a6c:	e038      	b.n	10004ae0 <process_set_config+0x128>
10004a6e:	4a33      	ldr	r2, [pc, #204]	; (10004b3c <process_set_config+0x184>)
10004a70:	492d      	ldr	r1, [pc, #180]	; (10004b28 <process_set_config+0x170>)
10004a72:	482e      	ldr	r0, [pc, #184]	; (10004b2c <process_set_config+0x174>)
10004a74:	f7ff f9f2 	bl	10003e5c <__wrap_printf>
10004a78:	2000      	movs	r0, #0
10004a7a:	e7b5      	b.n	100049e8 <process_set_config+0x30>
10004a7c:	692a      	ldr	r2, [r5, #16]
10004a7e:	4b30      	ldr	r3, [pc, #192]	; (10004b40 <process_set_config+0x188>)
10004a80:	429a      	cmp	r2, r3
10004a82:	d13c      	bne.n	10004afe <process_set_config+0x146>
10004a84:	9b01      	ldr	r3, [sp, #4]
10004a86:	4699      	mov	r9, r3
10004a88:	e039      	b.n	10004afe <process_set_config+0x146>
10004a8a:	4a2e      	ldr	r2, [pc, #184]	; (10004b44 <process_set_config+0x18c>)
10004a8c:	4926      	ldr	r1, [pc, #152]	; (10004b28 <process_set_config+0x170>)
10004a8e:	4827      	ldr	r0, [pc, #156]	; (10004b2c <process_set_config+0x174>)
10004a90:	f7ff f9e4 	bl	10003e5c <__wrap_printf>
10004a94:	2000      	movs	r0, #0
10004a96:	e7a7      	b.n	100049e8 <process_set_config+0x30>
10004a98:	4825      	ldr	r0, [pc, #148]	; (10004b30 <process_set_config+0x178>)
10004a9a:	0023      	movs	r3, r4
10004a9c:	9c00      	ldr	r4, [sp, #0]
10004a9e:	0022      	movs	r2, r4
10004aa0:	0031      	movs	r1, r6
10004aa2:	3014      	adds	r0, #20
10004aa4:	f001 fc7a 	bl	1000639c <tu_edpt_bind_driver>
10004aa8:	46a4      	mov	ip, r4
10004aaa:	4466      	add	r6, ip
10004aac:	4b26      	ldr	r3, [pc, #152]	; (10004b48 <process_set_config+0x190>)
10004aae:	781b      	ldrb	r3, [r3, #0]
10004ab0:	3301      	adds	r3, #1
10004ab2:	429f      	cmp	r7, r3
10004ab4:	ddba      	ble.n	10004a2c <process_set_config+0x74>
10004ab6:	4a25      	ldr	r2, [pc, #148]	; (10004b4c <process_set_config+0x194>)
10004ab8:	491b      	ldr	r1, [pc, #108]	; (10004b28 <process_set_config+0x170>)
10004aba:	481c      	ldr	r0, [pc, #112]	; (10004b2c <process_set_config+0x174>)
10004abc:	f7ff f9ce 	bl	10003e5c <__wrap_printf>
10004ac0:	2000      	movs	r0, #0
10004ac2:	e791      	b.n	100049e8 <process_set_config+0x30>
10004ac4:	3401      	adds	r4, #1
10004ac6:	b2e4      	uxtb	r4, r4
10004ac8:	4b1f      	ldr	r3, [pc, #124]	; (10004b48 <process_set_config+0x190>)
10004aca:	781d      	ldrb	r5, [r3, #0]
10004acc:	1c6b      	adds	r3, r5, #1
10004ace:	0027      	movs	r7, r4
10004ad0:	42a3      	cmp	r3, r4
10004ad2:	dbeb      	blt.n	10004aac <process_set_config+0xf4>
10004ad4:	42a5      	cmp	r5, r4
10004ad6:	d9c5      	bls.n	10004a64 <process_set_config+0xac>
10004ad8:	4b1d      	ldr	r3, [pc, #116]	; (10004b50 <process_set_config+0x198>)
10004ada:	681d      	ldr	r5, [r3, #0]
10004adc:	0163      	lsls	r3, r4, #5
10004ade:	18ed      	adds	r5, r5, r3
10004ae0:	2d00      	cmp	r5, #0
10004ae2:	d0c4      	beq.n	10004a6e <process_set_config+0xb6>
10004ae4:	4642      	mov	r2, r8
10004ae6:	0031      	movs	r1, r6
10004ae8:	4650      	mov	r0, sl
10004aea:	692b      	ldr	r3, [r5, #16]
10004aec:	4798      	blx	r3
10004aee:	9000      	str	r0, [sp, #0]
10004af0:	2808      	cmp	r0, #8
10004af2:	d9e7      	bls.n	10004ac4 <process_set_config+0x10c>
10004af4:	4580      	cmp	r8, r0
10004af6:	d3e5      	bcc.n	10004ac4 <process_set_config+0x10c>
10004af8:	464b      	mov	r3, r9
10004afa:	2b01      	cmp	r3, #1
10004afc:	d0be      	beq.n	10004a7c <process_set_config+0xc4>
10004afe:	2100      	movs	r1, #0
10004b00:	4589      	cmp	r9, r1
10004b02:	d9c9      	bls.n	10004a98 <process_set_config+0xe0>
10004b04:	78b3      	ldrb	r3, [r6, #2]
10004b06:	185b      	adds	r3, r3, r1
10004b08:	b2db      	uxtb	r3, r3
10004b0a:	4a09      	ldr	r2, [pc, #36]	; (10004b30 <process_set_config+0x178>)
10004b0c:	18d2      	adds	r2, r2, r3
10004b0e:	7912      	ldrb	r2, [r2, #4]
10004b10:	2aff      	cmp	r2, #255	; 0xff
10004b12:	d1ba      	bne.n	10004a8a <process_set_config+0xd2>
10004b14:	4a06      	ldr	r2, [pc, #24]	; (10004b30 <process_set_config+0x178>)
10004b16:	18d3      	adds	r3, r2, r3
10004b18:	711c      	strb	r4, [r3, #4]
10004b1a:	3101      	adds	r1, #1
10004b1c:	b2c9      	uxtb	r1, r1
10004b1e:	e7ef      	b.n	10004b00 <process_set_config+0x148>
10004b20:	2001      	movs	r0, #1
10004b22:	e761      	b.n	100049e8 <process_set_config+0x30>
10004b24:	000003c7 	.word	0x000003c7
10004b28:	10008bdc 	.word	0x10008bdc
10004b2c:	10008ab8 	.word	0x10008ab8
10004b30:	20001a40 	.word	0x20001a40
10004b34:	000003e2 	.word	0x000003e2
10004b38:	10008c2c 	.word	0x10008c2c
10004b3c:	000003eb 	.word	0x000003eb
10004b40:	10005b39 	.word	0x10005b39
10004b44:	0000040a 	.word	0x0000040a
10004b48:	20002671 	.word	0x20002671
10004b4c:	00000419 	.word	0x00000419
10004b50:	20001714 	.word	0x20001714

10004b54 <tud_event_hook_cb>:
10004b54:	4770      	bx	lr

10004b56 <tud_sof_cb>:
10004b56:	4770      	bx	lr

10004b58 <tud_descriptor_device_qualifier_cb>:
10004b58:	2000      	movs	r0, #0
10004b5a:	4770      	bx	lr

10004b5c <tud_descriptor_other_speed_configuration_cb>:
10004b5c:	2000      	movs	r0, #0
10004b5e:	4770      	bx	lr

10004b60 <process_get_descriptor>:
10004b60:	b570      	push	{r4, r5, r6, lr}
10004b62:	0005      	movs	r5, r0
10004b64:	000c      	movs	r4, r1
10004b66:	78cb      	ldrb	r3, [r1, #3]
10004b68:	7888      	ldrb	r0, [r1, #2]
10004b6a:	2b0f      	cmp	r3, #15
10004b6c:	d853      	bhi.n	10004c16 <process_get_descriptor+0xb6>
10004b6e:	009a      	lsls	r2, r3, #2
10004b70:	492e      	ldr	r1, [pc, #184]	; (10004c2c <process_get_descriptor+0xcc>)
10004b72:	588a      	ldr	r2, [r1, r2]
10004b74:	4697      	mov	pc, r2
10004b76:	f7ff fc27 	bl	100043c8 <tud_descriptor_device_cb>
10004b7a:	1e02      	subs	r2, r0, #0
10004b7c:	d005      	beq.n	10004b8a <process_get_descriptor+0x2a>
10004b7e:	2312      	movs	r3, #18
10004b80:	0021      	movs	r1, r4
10004b82:	0028      	movs	r0, r5
10004b84:	f000 fd0c 	bl	100055a0 <tud_control_xfer>
10004b88:	e046      	b.n	10004c18 <process_get_descriptor+0xb8>
10004b8a:	4a29      	ldr	r2, [pc, #164]	; (10004c30 <process_get_descriptor+0xd0>)
10004b8c:	4929      	ldr	r1, [pc, #164]	; (10004c34 <process_get_descriptor+0xd4>)
10004b8e:	482a      	ldr	r0, [pc, #168]	; (10004c38 <process_get_descriptor+0xd8>)
10004b90:	f7ff f964 	bl	10003e5c <__wrap_printf>
10004b94:	2000      	movs	r0, #0
10004b96:	e03f      	b.n	10004c18 <process_get_descriptor+0xb8>
10004b98:	f7ff f9c0 	bl	10003f1c <tud_descriptor_bos_cb>
10004b9c:	1e02      	subs	r2, r0, #0
10004b9e:	d03c      	beq.n	10004c1a <process_get_descriptor+0xba>
10004ba0:	7881      	ldrb	r1, [r0, #2]
10004ba2:	78c3      	ldrb	r3, [r0, #3]
10004ba4:	021b      	lsls	r3, r3, #8
10004ba6:	430b      	orrs	r3, r1
10004ba8:	0021      	movs	r1, r4
10004baa:	0028      	movs	r0, r5
10004bac:	f000 fcf8 	bl	100055a0 <tud_control_xfer>
10004bb0:	e032      	b.n	10004c18 <process_get_descriptor+0xb8>
10004bb2:	2b02      	cmp	r3, #2
10004bb4:	d00c      	beq.n	10004bd0 <process_get_descriptor+0x70>
10004bb6:	f7ff ffd1 	bl	10004b5c <tud_descriptor_other_speed_configuration_cb>
10004bba:	1e02      	subs	r2, r0, #0
10004bbc:	d02f      	beq.n	10004c1e <process_get_descriptor+0xbe>
10004bbe:	7891      	ldrb	r1, [r2, #2]
10004bc0:	78d3      	ldrb	r3, [r2, #3]
10004bc2:	021b      	lsls	r3, r3, #8
10004bc4:	430b      	orrs	r3, r1
10004bc6:	0021      	movs	r1, r4
10004bc8:	0028      	movs	r0, r5
10004bca:	f000 fce9 	bl	100055a0 <tud_control_xfer>
10004bce:	e023      	b.n	10004c18 <process_get_descriptor+0xb8>
10004bd0:	f7ff fbfe 	bl	100043d0 <tud_descriptor_configuration_cb>
10004bd4:	1e02      	subs	r2, r0, #0
10004bd6:	d1f2      	bne.n	10004bbe <process_get_descriptor+0x5e>
10004bd8:	4a18      	ldr	r2, [pc, #96]	; (10004c3c <process_get_descriptor+0xdc>)
10004bda:	4916      	ldr	r1, [pc, #88]	; (10004c34 <process_get_descriptor+0xd4>)
10004bdc:	4816      	ldr	r0, [pc, #88]	; (10004c38 <process_get_descriptor+0xd8>)
10004bde:	f7ff f93d 	bl	10003e5c <__wrap_printf>
10004be2:	2000      	movs	r0, #0
10004be4:	e018      	b.n	10004c18 <process_get_descriptor+0xb8>
10004be6:	7923      	ldrb	r3, [r4, #4]
10004be8:	7961      	ldrb	r1, [r4, #5]
10004bea:	0209      	lsls	r1, r1, #8
10004bec:	4319      	orrs	r1, r3
10004bee:	f7ff fbf3 	bl	100043d8 <tud_descriptor_string_cb>
10004bf2:	1e02      	subs	r2, r0, #0
10004bf4:	d015      	beq.n	10004c22 <process_get_descriptor+0xc2>
10004bf6:	7803      	ldrb	r3, [r0, #0]
10004bf8:	0021      	movs	r1, r4
10004bfa:	0028      	movs	r0, r5
10004bfc:	f000 fcd0 	bl	100055a0 <tud_control_xfer>
10004c00:	e00a      	b.n	10004c18 <process_get_descriptor+0xb8>
10004c02:	f7ff ffa9 	bl	10004b58 <tud_descriptor_device_qualifier_cb>
10004c06:	1e02      	subs	r2, r0, #0
10004c08:	d00d      	beq.n	10004c26 <process_get_descriptor+0xc6>
10004c0a:	7803      	ldrb	r3, [r0, #0]
10004c0c:	0021      	movs	r1, r4
10004c0e:	0028      	movs	r0, r5
10004c10:	f000 fcc6 	bl	100055a0 <tud_control_xfer>
10004c14:	e000      	b.n	10004c18 <process_get_descriptor+0xb8>
10004c16:	2000      	movs	r0, #0
10004c18:	bd70      	pop	{r4, r5, r6, pc}
10004c1a:	2000      	movs	r0, #0
10004c1c:	e7fc      	b.n	10004c18 <process_get_descriptor+0xb8>
10004c1e:	2000      	movs	r0, #0
10004c20:	e7fa      	b.n	10004c18 <process_get_descriptor+0xb8>
10004c22:	2000      	movs	r0, #0
10004c24:	e7f8      	b.n	10004c18 <process_get_descriptor+0xb8>
10004c26:	2000      	movs	r0, #0
10004c28:	e7f6      	b.n	10004c18 <process_get_descriptor+0xb8>
10004c2a:	46c0      	nop			; (mov r8, r8)
10004c2c:	10008ad0 	.word	0x10008ad0
10004c30:	0000042b 	.word	0x0000042b
10004c34:	10008bc4 	.word	0x10008bc4
10004c38:	10008ab8 	.word	0x10008ab8
10004c3c:	00000452 	.word	0x00000452

10004c40 <tud_mount_cb>:
10004c40:	4770      	bx	lr

10004c42 <tud_umount_cb>:
10004c42:	4770      	bx	lr

10004c44 <tud_suspend_cb>:
10004c44:	4770      	bx	lr

10004c46 <tud_resume_cb>:
10004c46:	4770      	bx	lr

10004c48 <tud_mounted>:
10004c48:	4b02      	ldr	r3, [pc, #8]	; (10004c54 <tud_mounted+0xc>)
10004c4a:	7858      	ldrb	r0, [r3, #1]
10004c4c:	1e43      	subs	r3, r0, #1
10004c4e:	4198      	sbcs	r0, r3
10004c50:	b2c0      	uxtb	r0, r0
10004c52:	4770      	bx	lr
10004c54:	20001a40 	.word	0x20001a40

10004c58 <tud_suspended>:
10004c58:	4b02      	ldr	r3, [pc, #8]	; (10004c64 <tud_suspended+0xc>)
10004c5a:	7818      	ldrb	r0, [r3, #0]
10004c5c:	0740      	lsls	r0, r0, #29
10004c5e:	0fc0      	lsrs	r0, r0, #31
10004c60:	4770      	bx	lr
10004c62:	46c0      	nop			; (mov r8, r8)
10004c64:	20001a40 	.word	0x20001a40

10004c68 <tud_inited>:
10004c68:	4b03      	ldr	r3, [pc, #12]	; (10004c78 <tud_inited+0x10>)
10004c6a:	7818      	ldrb	r0, [r3, #0]
10004c6c:	38ff      	subs	r0, #255	; 0xff
10004c6e:	1e43      	subs	r3, r0, #1
10004c70:	4198      	sbcs	r0, r3
10004c72:	b2c0      	uxtb	r0, r0
10004c74:	4770      	bx	lr
10004c76:	46c0      	nop			; (mov r8, r8)
10004c78:	20000cf4 	.word	0x20000cf4

10004c7c <tud_init>:
10004c7c:	b570      	push	{r4, r5, r6, lr}
10004c7e:	0005      	movs	r5, r0
10004c80:	f7ff fff2 	bl	10004c68 <tud_inited>
10004c84:	1e06      	subs	r6, r0, #0
10004c86:	d001      	beq.n	10004c8c <tud_init+0x10>
10004c88:	0030      	movs	r0, r6
10004c8a:	bd70      	pop	{r4, r5, r6, pc}
10004c8c:	2254      	movs	r2, #84	; 0x54
10004c8e:	2100      	movs	r1, #0
10004c90:	4824      	ldr	r0, [pc, #144]	; (10004d24 <tud_init+0xa8>)
10004c92:	f7fd fe89 	bl	100029a8 <__wrap_memset>
10004c96:	4b24      	ldr	r3, [pc, #144]	; (10004d28 <tud_init+0xac>)
10004c98:	2200      	movs	r2, #0
10004c9a:	701a      	strb	r2, [r3, #0]
10004c9c:	4c23      	ldr	r4, [pc, #140]	; (10004d2c <tud_init+0xb0>)
10004c9e:	0020      	movs	r0, r4
10004ca0:	f7fb ff3a 	bl	10000b18 <mutex_init>
10004ca4:	4b22      	ldr	r3, [pc, #136]	; (10004d30 <tud_init+0xb4>)
10004ca6:	601c      	str	r4, [r3, #0]
10004ca8:	4c22      	ldr	r4, [pc, #136]	; (10004d34 <tud_init+0xb8>)
10004caa:	0020      	movs	r0, r4
10004cac:	3014      	adds	r0, #20
10004cae:	f7fb ff7f 	bl	10000bb0 <critical_section_init>
10004cb2:	0020      	movs	r0, r4
10004cb4:	f001 ff0e 	bl	10006ad4 <tu_fifo_clear>
10004cb8:	4b1f      	ldr	r3, [pc, #124]	; (10004d38 <tud_init+0xbc>)
10004cba:	601c      	str	r4, [r3, #0]
10004cbc:	4b1f      	ldr	r3, [pc, #124]	; (10004d3c <tud_init+0xc0>)
10004cbe:	2b00      	cmp	r3, #0
10004cc0:	d004      	beq.n	10004ccc <tud_init+0x50>
10004cc2:	481f      	ldr	r0, [pc, #124]	; (10004d40 <tud_init+0xc4>)
10004cc4:	f7ff f94a 	bl	10003f5c <usbd_app_driver_get_cb>
10004cc8:	4b1e      	ldr	r3, [pc, #120]	; (10004d44 <tud_init+0xc8>)
10004cca:	6018      	str	r0, [r3, #0]
10004ccc:	2400      	movs	r4, #0
10004cce:	e00b      	b.n	10004ce8 <tud_init+0x6c>
10004cd0:	1ad2      	subs	r2, r2, r3
10004cd2:	0152      	lsls	r2, r2, #5
10004cd4:	4b1c      	ldr	r3, [pc, #112]	; (10004d48 <tud_init+0xcc>)
10004cd6:	189b      	adds	r3, r3, r2
10004cd8:	2b00      	cmp	r3, #0
10004cda:	d012      	beq.n	10004d02 <tud_init+0x86>
10004cdc:	685b      	ldr	r3, [r3, #4]
10004cde:	2b00      	cmp	r3, #0
10004ce0:	d00f      	beq.n	10004d02 <tud_init+0x86>
10004ce2:	4798      	blx	r3
10004ce4:	3401      	adds	r4, #1
10004ce6:	b2e4      	uxtb	r4, r4
10004ce8:	4b15      	ldr	r3, [pc, #84]	; (10004d40 <tud_init+0xc4>)
10004cea:	781b      	ldrb	r3, [r3, #0]
10004cec:	1c59      	adds	r1, r3, #1
10004cee:	0022      	movs	r2, r4
10004cf0:	42a1      	cmp	r1, r4
10004cf2:	db0d      	blt.n	10004d10 <tud_init+0x94>
10004cf4:	42a3      	cmp	r3, r4
10004cf6:	d9eb      	bls.n	10004cd0 <tud_init+0x54>
10004cf8:	4b12      	ldr	r3, [pc, #72]	; (10004d44 <tud_init+0xc8>)
10004cfa:	681b      	ldr	r3, [r3, #0]
10004cfc:	0162      	lsls	r2, r4, #5
10004cfe:	189b      	adds	r3, r3, r2
10004d00:	e7ea      	b.n	10004cd8 <tud_init+0x5c>
10004d02:	22f1      	movs	r2, #241	; 0xf1
10004d04:	0052      	lsls	r2, r2, #1
10004d06:	4911      	ldr	r1, [pc, #68]	; (10004d4c <tud_init+0xd0>)
10004d08:	4811      	ldr	r0, [pc, #68]	; (10004d50 <tud_init+0xd4>)
10004d0a:	f7ff f8a7 	bl	10003e5c <__wrap_printf>
10004d0e:	e7bb      	b.n	10004c88 <tud_init+0xc>
10004d10:	4b10      	ldr	r3, [pc, #64]	; (10004d54 <tud_init+0xd8>)
10004d12:	701d      	strb	r5, [r3, #0]
10004d14:	0028      	movs	r0, r5
10004d16:	f7ff fccf 	bl	100046b8 <dcd_init>
10004d1a:	0028      	movs	r0, r5
10004d1c:	f7ff fc98 	bl	10004650 <dcd_int_enable>
10004d20:	2601      	movs	r6, #1
10004d22:	e7b1      	b.n	10004c88 <tud_init+0xc>
10004d24:	20001a40 	.word	0x20001a40
10004d28:	20002673 	.word	0x20002673
10004d2c:	200019f8 	.word	0x200019f8
10004d30:	20001a94 	.word	0x20001a94
10004d34:	20000cd8 	.word	0x20000cd8
10004d38:	20001a98 	.word	0x20001a98
10004d3c:	10003f5d 	.word	0x10003f5d
10004d40:	20002671 	.word	0x20002671
10004d44:	20001714 	.word	0x20001714
10004d48:	10008c2c 	.word	0x10008c2c
10004d4c:	10008b88 	.word	0x10008b88
10004d50:	10008ab8 	.word	0x10008ab8
10004d54:	20000cf4 	.word	0x20000cf4

10004d58 <usbd_edpt_open>:
10004d58:	b570      	push	{r4, r5, r6, lr}
10004d5a:	000d      	movs	r5, r1
10004d5c:	4b10      	ldr	r3, [pc, #64]	; (10004da0 <usbd_edpt_open+0x48>)
10004d5e:	781e      	ldrb	r6, [r3, #0]
10004d60:	788b      	ldrb	r3, [r1, #2]
10004d62:	2270      	movs	r2, #112	; 0x70
10004d64:	421a      	tst	r2, r3
10004d66:	d10d      	bne.n	10004d84 <usbd_edpt_open+0x2c>
10004d68:	4b0e      	ldr	r3, [pc, #56]	; (10004da4 <usbd_edpt_open+0x4c>)
10004d6a:	7899      	ldrb	r1, [r3, #2]
10004d6c:	0028      	movs	r0, r5
10004d6e:	f001 fabf 	bl	100062f0 <tu_edpt_validate>
10004d72:	1e04      	subs	r4, r0, #0
10004d74:	d00d      	beq.n	10004d92 <usbd_edpt_open+0x3a>
10004d76:	0029      	movs	r1, r5
10004d78:	0030      	movs	r0, r6
10004d7a:	f7ff fcf9 	bl	10004770 <dcd_edpt_open>
10004d7e:	0004      	movs	r4, r0
10004d80:	0020      	movs	r0, r4
10004d82:	bd70      	pop	{r4, r5, r6, pc}
10004d84:	4a08      	ldr	r2, [pc, #32]	; (10004da8 <usbd_edpt_open+0x50>)
10004d86:	4909      	ldr	r1, [pc, #36]	; (10004dac <usbd_edpt_open+0x54>)
10004d88:	4809      	ldr	r0, [pc, #36]	; (10004db0 <usbd_edpt_open+0x58>)
10004d8a:	f7ff f867 	bl	10003e5c <__wrap_printf>
10004d8e:	2400      	movs	r4, #0
10004d90:	e7f6      	b.n	10004d80 <usbd_edpt_open+0x28>
10004d92:	4a08      	ldr	r2, [pc, #32]	; (10004db4 <usbd_edpt_open+0x5c>)
10004d94:	4905      	ldr	r1, [pc, #20]	; (10004dac <usbd_edpt_open+0x54>)
10004d96:	4806      	ldr	r0, [pc, #24]	; (10004db0 <usbd_edpt_open+0x58>)
10004d98:	f7ff f860 	bl	10003e5c <__wrap_printf>
10004d9c:	e7f0      	b.n	10004d80 <usbd_edpt_open+0x28>
10004d9e:	46c0      	nop			; (mov r8, r8)
10004da0:	20000cf4 	.word	0x20000cf4
10004da4:	20001a40 	.word	0x20001a40
10004da8:	000004fc 	.word	0x000004fc
10004dac:	10008b94 	.word	0x10008b94
10004db0:	10008ab8 	.word	0x10008ab8
10004db4:	000004fd 	.word	0x000004fd

10004db8 <usbd_open_edpt_pair>:
10004db8:	b5f0      	push	{r4, r5, r6, r7, lr}
10004dba:	46d6      	mov	lr, sl
10004dbc:	464f      	mov	r7, r9
10004dbe:	4646      	mov	r6, r8
10004dc0:	b5c0      	push	{r6, r7, lr}
10004dc2:	4681      	mov	r9, r0
10004dc4:	000c      	movs	r4, r1
10004dc6:	0017      	movs	r7, r2
10004dc8:	4698      	mov	r8, r3
10004dca:	9b08      	ldr	r3, [sp, #32]
10004dcc:	469a      	mov	sl, r3
10004dce:	2500      	movs	r5, #0
10004dd0:	e017      	b.n	10004e02 <usbd_open_edpt_pair+0x4a>
10004dd2:	229b      	movs	r2, #155	; 0x9b
10004dd4:	00d2      	lsls	r2, r2, #3
10004dd6:	4917      	ldr	r1, [pc, #92]	; (10004e34 <usbd_open_edpt_pair+0x7c>)
10004dd8:	4817      	ldr	r0, [pc, #92]	; (10004e38 <usbd_open_edpt_pair+0x80>)
10004dda:	f7ff f83f 	bl	10003e5c <__wrap_printf>
10004dde:	2600      	movs	r6, #0
10004de0:	0030      	movs	r0, r6
10004de2:	bce0      	pop	{r5, r6, r7}
10004de4:	46ba      	mov	sl, r7
10004de6:	46b1      	mov	r9, r6
10004de8:	46a8      	mov	r8, r5
10004dea:	bdf0      	pop	{r4, r5, r6, r7, pc}
10004dec:	4a13      	ldr	r2, [pc, #76]	; (10004e3c <usbd_open_edpt_pair+0x84>)
10004dee:	4911      	ldr	r1, [pc, #68]	; (10004e34 <usbd_open_edpt_pair+0x7c>)
10004df0:	4811      	ldr	r0, [pc, #68]	; (10004e38 <usbd_open_edpt_pair+0x80>)
10004df2:	f7ff f833 	bl	10003e5c <__wrap_printf>
10004df6:	e7f3      	b.n	10004de0 <usbd_open_edpt_pair+0x28>
10004df8:	9a09      	ldr	r2, [sp, #36]	; 0x24
10004dfa:	7013      	strb	r3, [r2, #0]
10004dfc:	7823      	ldrb	r3, [r4, #0]
10004dfe:	18e4      	adds	r4, r4, r3
10004e00:	3501      	adds	r5, #1
10004e02:	42af      	cmp	r7, r5
10004e04:	dd14      	ble.n	10004e30 <usbd_open_edpt_pair+0x78>
10004e06:	7863      	ldrb	r3, [r4, #1]
10004e08:	2b05      	cmp	r3, #5
10004e0a:	d1e2      	bne.n	10004dd2 <usbd_open_edpt_pair+0x1a>
10004e0c:	78e1      	ldrb	r1, [r4, #3]
10004e0e:	0789      	lsls	r1, r1, #30
10004e10:	0f89      	lsrs	r1, r1, #30
10004e12:	4541      	cmp	r1, r8
10004e14:	d1dd      	bne.n	10004dd2 <usbd_open_edpt_pair+0x1a>
10004e16:	0021      	movs	r1, r4
10004e18:	4648      	mov	r0, r9
10004e1a:	f7ff ff9d 	bl	10004d58 <usbd_edpt_open>
10004e1e:	1e06      	subs	r6, r0, #0
10004e20:	d0e4      	beq.n	10004dec <usbd_open_edpt_pair+0x34>
10004e22:	78a3      	ldrb	r3, [r4, #2]
10004e24:	09da      	lsrs	r2, r3, #7
10004e26:	2a01      	cmp	r2, #1
10004e28:	d0e6      	beq.n	10004df8 <usbd_open_edpt_pair+0x40>
10004e2a:	4652      	mov	r2, sl
10004e2c:	7013      	strb	r3, [r2, #0]
10004e2e:	e7e5      	b.n	10004dfc <usbd_open_edpt_pair+0x44>
10004e30:	2601      	movs	r6, #1
10004e32:	e7d5      	b.n	10004de0 <usbd_open_edpt_pair+0x28>
10004e34:	10008ba4 	.word	0x10008ba4
10004e38:	10008ab8 	.word	0x10008ab8
10004e3c:	000004d9 	.word	0x000004d9

10004e40 <usbd_edpt_claim>:
10004e40:	b510      	push	{r4, lr}
10004e42:	207f      	movs	r0, #127	; 0x7f
10004e44:	4008      	ands	r0, r1
10004e46:	09c9      	lsrs	r1, r1, #7
10004e48:	0040      	lsls	r0, r0, #1
10004e4a:	1840      	adds	r0, r0, r1
10004e4c:	3030      	adds	r0, #48	; 0x30
10004e4e:	4904      	ldr	r1, [pc, #16]	; (10004e60 <usbd_edpt_claim+0x20>)
10004e50:	1808      	adds	r0, r1, r0
10004e52:	3004      	adds	r0, #4
10004e54:	4b03      	ldr	r3, [pc, #12]	; (10004e64 <usbd_edpt_claim+0x24>)
10004e56:	6819      	ldr	r1, [r3, #0]
10004e58:	f001 fa04 	bl	10006264 <tu_edpt_claim>
10004e5c:	bd10      	pop	{r4, pc}
10004e5e:	46c0      	nop			; (mov r8, r8)
10004e60:	20001a40 	.word	0x20001a40
10004e64:	20001a94 	.word	0x20001a94

10004e68 <usbd_edpt_release>:
10004e68:	b510      	push	{r4, lr}
10004e6a:	207f      	movs	r0, #127	; 0x7f
10004e6c:	4008      	ands	r0, r1
10004e6e:	09c9      	lsrs	r1, r1, #7
10004e70:	0040      	lsls	r0, r0, #1
10004e72:	1840      	adds	r0, r0, r1
10004e74:	3030      	adds	r0, #48	; 0x30
10004e76:	4904      	ldr	r1, [pc, #16]	; (10004e88 <usbd_edpt_release+0x20>)
10004e78:	1808      	adds	r0, r1, r0
10004e7a:	3004      	adds	r0, #4
10004e7c:	4b03      	ldr	r3, [pc, #12]	; (10004e8c <usbd_edpt_release+0x24>)
10004e7e:	6819      	ldr	r1, [r3, #0]
10004e80:	f001 fa18 	bl	100062b4 <tu_edpt_release>
10004e84:	bd10      	pop	{r4, pc}
10004e86:	46c0      	nop			; (mov r8, r8)
10004e88:	20001a40 	.word	0x20001a40
10004e8c:	20001a94 	.word	0x20001a94

10004e90 <usbd_edpt_xfer>:
10004e90:	b5f0      	push	{r4, r5, r6, r7, lr}
10004e92:	46c6      	mov	lr, r8
10004e94:	b500      	push	{lr}
10004e96:	b082      	sub	sp, #8
10004e98:	9301      	str	r3, [sp, #4]
10004e9a:	481a      	ldr	r0, [pc, #104]	; (10004f04 <usbd_edpt_xfer+0x74>)
10004e9c:	7800      	ldrb	r0, [r0, #0]
10004e9e:	257f      	movs	r5, #127	; 0x7f
10004ea0:	400d      	ands	r5, r1
10004ea2:	09ce      	lsrs	r6, r1, #7
10004ea4:	006f      	lsls	r7, r5, #1
10004ea6:	4c18      	ldr	r4, [pc, #96]	; (10004f08 <usbd_edpt_xfer+0x78>)
10004ea8:	19e4      	adds	r4, r4, r7
10004eaa:	19a4      	adds	r4, r4, r6
10004eac:	3430      	adds	r4, #48	; 0x30
10004eae:	7924      	ldrb	r4, [r4, #4]
10004eb0:	07e4      	lsls	r4, r4, #31
10004eb2:	d41d      	bmi.n	10004ef0 <usbd_edpt_xfer+0x60>
10004eb4:	006f      	lsls	r7, r5, #1
10004eb6:	4c14      	ldr	r4, [pc, #80]	; (10004f08 <usbd_edpt_xfer+0x78>)
10004eb8:	19e4      	adds	r4, r4, r7
10004eba:	19a4      	adds	r4, r4, r6
10004ebc:	3430      	adds	r4, #48	; 0x30
10004ebe:	7923      	ldrb	r3, [r4, #4]
10004ec0:	2701      	movs	r7, #1
10004ec2:	46bc      	mov	ip, r7
10004ec4:	4667      	mov	r7, ip
10004ec6:	433b      	orrs	r3, r7
10004ec8:	7123      	strb	r3, [r4, #4]
10004eca:	9b01      	ldr	r3, [sp, #4]
10004ecc:	f7ff fc74 	bl	100047b8 <dcd_edpt_xfer>
10004ed0:	2800      	cmp	r0, #0
10004ed2:	d113      	bne.n	10004efc <usbd_edpt_xfer+0x6c>
10004ed4:	006d      	lsls	r5, r5, #1
10004ed6:	4b0c      	ldr	r3, [pc, #48]	; (10004f08 <usbd_edpt_xfer+0x78>)
10004ed8:	195d      	adds	r5, r3, r5
10004eda:	19ae      	adds	r6, r5, r6
10004edc:	3630      	adds	r6, #48	; 0x30
10004ede:	7933      	ldrb	r3, [r6, #4]
10004ee0:	2201      	movs	r2, #1
10004ee2:	4393      	bics	r3, r2
10004ee4:	7133      	strb	r3, [r6, #4]
10004ee6:	7933      	ldrb	r3, [r6, #4]
10004ee8:	3203      	adds	r2, #3
10004eea:	4393      	bics	r3, r2
10004eec:	7133      	strb	r3, [r6, #4]
10004eee:	e005      	b.n	10004efc <usbd_edpt_xfer+0x6c>
10004ef0:	4a06      	ldr	r2, [pc, #24]	; (10004f0c <usbd_edpt_xfer+0x7c>)
10004ef2:	4907      	ldr	r1, [pc, #28]	; (10004f10 <usbd_edpt_xfer+0x80>)
10004ef4:	4807      	ldr	r0, [pc, #28]	; (10004f14 <usbd_edpt_xfer+0x84>)
10004ef6:	f7fe ffb1 	bl	10003e5c <__wrap_printf>
10004efa:	2000      	movs	r0, #0
10004efc:	b002      	add	sp, #8
10004efe:	bc80      	pop	{r7}
10004f00:	46b8      	mov	r8, r7
10004f02:	bdf0      	pop	{r4, r5, r6, r7, pc}
10004f04:	20000cf4 	.word	0x20000cf4
10004f08:	20001a40 	.word	0x20001a40
10004f0c:	0000052a 	.word	0x0000052a
10004f10:	10008b78 	.word	0x10008b78
10004f14:	10008ab8 	.word	0x10008ab8

10004f18 <usbd_edpt_stall>:
10004f18:	b570      	push	{r4, r5, r6, lr}
10004f1a:	4b0a      	ldr	r3, [pc, #40]	; (10004f44 <usbd_edpt_stall+0x2c>)
10004f1c:	7818      	ldrb	r0, [r3, #0]
10004f1e:	247f      	movs	r4, #127	; 0x7f
10004f20:	400c      	ands	r4, r1
10004f22:	09cd      	lsrs	r5, r1, #7
10004f24:	f7ff fc60 	bl	100047e8 <dcd_edpt_stall>
10004f28:	0064      	lsls	r4, r4, #1
10004f2a:	4b07      	ldr	r3, [pc, #28]	; (10004f48 <usbd_edpt_stall+0x30>)
10004f2c:	191b      	adds	r3, r3, r4
10004f2e:	195b      	adds	r3, r3, r5
10004f30:	3330      	adds	r3, #48	; 0x30
10004f32:	791a      	ldrb	r2, [r3, #4]
10004f34:	2102      	movs	r1, #2
10004f36:	430a      	orrs	r2, r1
10004f38:	711a      	strb	r2, [r3, #4]
10004f3a:	791a      	ldrb	r2, [r3, #4]
10004f3c:	2101      	movs	r1, #1
10004f3e:	430a      	orrs	r2, r1
10004f40:	711a      	strb	r2, [r3, #4]
10004f42:	bd70      	pop	{r4, r5, r6, pc}
10004f44:	20000cf4 	.word	0x20000cf4
10004f48:	20001a40 	.word	0x20001a40

10004f4c <usbd_edpt_clear_stall>:
10004f4c:	b570      	push	{r4, r5, r6, lr}
10004f4e:	4b0a      	ldr	r3, [pc, #40]	; (10004f78 <usbd_edpt_clear_stall+0x2c>)
10004f50:	7818      	ldrb	r0, [r3, #0]
10004f52:	247f      	movs	r4, #127	; 0x7f
10004f54:	400c      	ands	r4, r1
10004f56:	09cd      	lsrs	r5, r1, #7
10004f58:	f7ff fc64 	bl	10004824 <dcd_edpt_clear_stall>
10004f5c:	0064      	lsls	r4, r4, #1
10004f5e:	4b07      	ldr	r3, [pc, #28]	; (10004f7c <usbd_edpt_clear_stall+0x30>)
10004f60:	191b      	adds	r3, r3, r4
10004f62:	195b      	adds	r3, r3, r5
10004f64:	3330      	adds	r3, #48	; 0x30
10004f66:	791a      	ldrb	r2, [r3, #4]
10004f68:	2102      	movs	r1, #2
10004f6a:	438a      	bics	r2, r1
10004f6c:	711a      	strb	r2, [r3, #4]
10004f6e:	791a      	ldrb	r2, [r3, #4]
10004f70:	3901      	subs	r1, #1
10004f72:	438a      	bics	r2, r1
10004f74:	711a      	strb	r2, [r3, #4]
10004f76:	bd70      	pop	{r4, r5, r6, pc}
10004f78:	20000cf4 	.word	0x20000cf4
10004f7c:	20001a40 	.word	0x20001a40

10004f80 <usbd_edpt_stalled>:
10004f80:	227f      	movs	r2, #127	; 0x7f
10004f82:	400a      	ands	r2, r1
10004f84:	09cb      	lsrs	r3, r1, #7
10004f86:	0052      	lsls	r2, r2, #1
10004f88:	4903      	ldr	r1, [pc, #12]	; (10004f98 <usbd_edpt_stalled+0x18>)
10004f8a:	1889      	adds	r1, r1, r2
10004f8c:	18c9      	adds	r1, r1, r3
10004f8e:	3130      	adds	r1, #48	; 0x30
10004f90:	7908      	ldrb	r0, [r1, #4]
10004f92:	0780      	lsls	r0, r0, #30
10004f94:	0fc0      	lsrs	r0, r0, #31
10004f96:	4770      	bx	lr
10004f98:	20001a40 	.word	0x20001a40

10004f9c <process_control_request>:
10004f9c:	b5f0      	push	{r4, r5, r6, r7, lr}
10004f9e:	46c6      	mov	lr, r8
10004fa0:	b500      	push	{lr}
10004fa2:	b082      	sub	sp, #8
10004fa4:	0004      	movs	r4, r0
10004fa6:	000d      	movs	r5, r1
10004fa8:	2000      	movs	r0, #0
10004faa:	f000 fb57 	bl	1000565c <usbd_control_set_complete_callback>
10004fae:	782b      	ldrb	r3, [r5, #0]
10004fb0:	2260      	movs	r2, #96	; 0x60
10004fb2:	401a      	ands	r2, r3
10004fb4:	2a60      	cmp	r2, #96	; 0x60
10004fb6:	d012      	beq.n	10004fde <process_control_request+0x42>
10004fb8:	2a40      	cmp	r2, #64	; 0x40
10004fba:	d017      	beq.n	10004fec <process_control_request+0x50>
10004fbc:	782b      	ldrb	r3, [r5, #0]
10004fbe:	06db      	lsls	r3, r3, #27
10004fc0:	0edb      	lsrs	r3, r3, #27
10004fc2:	2b01      	cmp	r3, #1
10004fc4:	d100      	bne.n	10004fc8 <process_control_request+0x2c>
10004fc6:	e0da      	b.n	1000517e <process_control_request+0x1e2>
10004fc8:	2b02      	cmp	r3, #2
10004fca:	d100      	bne.n	10004fce <process_control_request+0x32>
10004fcc:	e11a      	b.n	10005204 <process_control_request+0x268>
10004fce:	2b00      	cmp	r3, #0
10004fd0:	d016      	beq.n	10005000 <process_control_request+0x64>
10004fd2:	2600      	movs	r6, #0
10004fd4:	0030      	movs	r0, r6
10004fd6:	b002      	add	sp, #8
10004fd8:	bc80      	pop	{r7}
10004fda:	46b8      	mov	r8, r7
10004fdc:	bdf0      	pop	{r4, r5, r6, r7, pc}
10004fde:	4ac9      	ldr	r2, [pc, #804]	; (10005304 <process_control_request+0x368>)
10004fe0:	49c9      	ldr	r1, [pc, #804]	; (10005308 <process_control_request+0x36c>)
10004fe2:	48ca      	ldr	r0, [pc, #808]	; (1000530c <process_control_request+0x370>)
10004fe4:	f7fe ff3a 	bl	10003e5c <__wrap_printf>
10004fe8:	2600      	movs	r6, #0
10004fea:	e7f3      	b.n	10004fd4 <process_control_request+0x38>
10004fec:	48c8      	ldr	r0, [pc, #800]	; (10005310 <process_control_request+0x374>)
10004fee:	f000 fb35 	bl	1000565c <usbd_control_set_complete_callback>
10004ff2:	002a      	movs	r2, r5
10004ff4:	2101      	movs	r1, #1
10004ff6:	0020      	movs	r0, r4
10004ff8:	f7fe ff94 	bl	10003f24 <tud_vendor_control_xfer_cb>
10004ffc:	0006      	movs	r6, r0
10004ffe:	e7e9      	b.n	10004fd4 <process_control_request+0x38>
10005000:	2a20      	cmp	r2, #32
10005002:	d00a      	beq.n	1000501a <process_control_request+0x7e>
10005004:	2a00      	cmp	r2, #0
10005006:	d000      	beq.n	1000500a <process_control_request+0x6e>
10005008:	e16e      	b.n	100052e8 <process_control_request+0x34c>
1000500a:	786b      	ldrb	r3, [r5, #1]
1000500c:	2b09      	cmp	r3, #9
1000500e:	d900      	bls.n	10005012 <process_control_request+0x76>
10005010:	e16c      	b.n	100052ec <process_control_request+0x350>
10005012:	009b      	lsls	r3, r3, #2
10005014:	4abf      	ldr	r2, [pc, #764]	; (10005314 <process_control_request+0x378>)
10005016:	58d3      	ldr	r3, [r2, r3]
10005018:	469f      	mov	pc, r3
1000501a:	792b      	ldrb	r3, [r5, #4]
1000501c:	2b0f      	cmp	r3, #15
1000501e:	d900      	bls.n	10005022 <process_control_request+0x86>
10005020:	e15c      	b.n	100052dc <process_control_request+0x340>
10005022:	4abd      	ldr	r2, [pc, #756]	; (10005318 <process_control_request+0x37c>)
10005024:	18d3      	adds	r3, r2, r3
10005026:	791b      	ldrb	r3, [r3, #4]
10005028:	4abc      	ldr	r2, [pc, #752]	; (1000531c <process_control_request+0x380>)
1000502a:	7811      	ldrb	r1, [r2, #0]
1000502c:	428b      	cmp	r3, r1
1000502e:	d20c      	bcs.n	1000504a <process_control_request+0xae>
10005030:	4abb      	ldr	r2, [pc, #748]	; (10005320 <process_control_request+0x384>)
10005032:	6812      	ldr	r2, [r2, #0]
10005034:	0159      	lsls	r1, r3, #5
10005036:	1851      	adds	r1, r2, r1
10005038:	2900      	cmp	r1, #0
1000503a:	d100      	bne.n	1000503e <process_control_request+0xa2>
1000503c:	e152      	b.n	100052e4 <process_control_request+0x348>
1000503e:	002a      	movs	r2, r5
10005040:	0020      	movs	r0, r4
10005042:	f7ff fcab 	bl	1000499c <invoke_class_control>
10005046:	0006      	movs	r6, r0
10005048:	e7c4      	b.n	10004fd4 <process_control_request+0x38>
1000504a:	1c4a      	adds	r2, r1, #1
1000504c:	429a      	cmp	r2, r3
1000504e:	da00      	bge.n	10005052 <process_control_request+0xb6>
10005050:	e146      	b.n	100052e0 <process_control_request+0x344>
10005052:	1a59      	subs	r1, r3, r1
10005054:	0149      	lsls	r1, r1, #5
10005056:	4bb3      	ldr	r3, [pc, #716]	; (10005324 <process_control_request+0x388>)
10005058:	1859      	adds	r1, r3, r1
1000505a:	e7ed      	b.n	10005038 <process_control_request+0x9c>
1000505c:	0028      	movs	r0, r5
1000505e:	f000 fb03 	bl	10005668 <usbd_control_set_request>
10005062:	78a9      	ldrb	r1, [r5, #2]
10005064:	0020      	movs	r0, r4
10005066:	f7ff fb09 	bl	1000467c <dcd_set_address>
1000506a:	4aab      	ldr	r2, [pc, #684]	; (10005318 <process_control_request+0x37c>)
1000506c:	7813      	ldrb	r3, [r2, #0]
1000506e:	2102      	movs	r1, #2
10005070:	430b      	orrs	r3, r1
10005072:	7013      	strb	r3, [r2, #0]
10005074:	2601      	movs	r6, #1
10005076:	e7ad      	b.n	10004fd4 <process_control_request+0x38>
10005078:	4ba7      	ldr	r3, [pc, #668]	; (10005318 <process_control_request+0x37c>)
1000507a:	785b      	ldrb	r3, [r3, #1]
1000507c:	466a      	mov	r2, sp
1000507e:	3206      	adds	r2, #6
10005080:	7013      	strb	r3, [r2, #0]
10005082:	2301      	movs	r3, #1
10005084:	0029      	movs	r1, r5
10005086:	0020      	movs	r0, r4
10005088:	f000 fa8a 	bl	100055a0 <tud_control_xfer>
1000508c:	2601      	movs	r6, #1
1000508e:	e7a1      	b.n	10004fd4 <process_control_request+0x38>
10005090:	78ae      	ldrb	r6, [r5, #2]
10005092:	4ba1      	ldr	r3, [pc, #644]	; (10005318 <process_control_request+0x37c>)
10005094:	785b      	ldrb	r3, [r3, #1]
10005096:	b2db      	uxtb	r3, r3
10005098:	42b3      	cmp	r3, r6
1000509a:	d02b      	beq.n	100050f4 <process_control_request+0x158>
1000509c:	4b9e      	ldr	r3, [pc, #632]	; (10005318 <process_control_request+0x37c>)
1000509e:	785b      	ldrb	r3, [r3, #1]
100050a0:	2b00      	cmp	r3, #0
100050a2:	d10c      	bne.n	100050be <process_control_request+0x122>
100050a4:	4b9c      	ldr	r3, [pc, #624]	; (10005318 <process_control_request+0x37c>)
100050a6:	705e      	strb	r6, [r3, #1]
100050a8:	2e00      	cmp	r6, #0
100050aa:	d021      	beq.n	100050f0 <process_control_request+0x154>
100050ac:	0031      	movs	r1, r6
100050ae:	0020      	movs	r0, r4
100050b0:	f7ff fc82 	bl	100049b8 <process_set_config>
100050b4:	1e06      	subs	r6, r0, #0
100050b6:	d012      	beq.n	100050de <process_control_request+0x142>
100050b8:	f7ff fdc2 	bl	10004c40 <tud_mount_cb>
100050bc:	e01a      	b.n	100050f4 <process_control_request+0x158>
100050be:	2100      	movs	r1, #0
100050c0:	0020      	movs	r0, r4
100050c2:	f7ff fb39 	bl	10004738 <dcd_sof_enable>
100050c6:	0020      	movs	r0, r4
100050c8:	f7ff fb72 	bl	100047b0 <dcd_edpt_close_all>
100050cc:	4f92      	ldr	r7, [pc, #584]	; (10005318 <process_control_request+0x37c>)
100050ce:	78bb      	ldrb	r3, [r7, #2]
100050d0:	4698      	mov	r8, r3
100050d2:	0020      	movs	r0, r4
100050d4:	f7ff fc1a 	bl	1000490c <configuration_reset>
100050d8:	4643      	mov	r3, r8
100050da:	70bb      	strb	r3, [r7, #2]
100050dc:	e7e2      	b.n	100050a4 <process_control_request+0x108>
100050de:	4a92      	ldr	r2, [pc, #584]	; (10005328 <process_control_request+0x38c>)
100050e0:	4989      	ldr	r1, [pc, #548]	; (10005308 <process_control_request+0x36c>)
100050e2:	488a      	ldr	r0, [pc, #552]	; (1000530c <process_control_request+0x370>)
100050e4:	f7fe feba 	bl	10003e5c <__wrap_printf>
100050e8:	4b8b      	ldr	r3, [pc, #556]	; (10005318 <process_control_request+0x37c>)
100050ea:	2200      	movs	r2, #0
100050ec:	705a      	strb	r2, [r3, #1]
100050ee:	e771      	b.n	10004fd4 <process_control_request+0x38>
100050f0:	f7ff fda7 	bl	10004c42 <tud_umount_cb>
100050f4:	0029      	movs	r1, r5
100050f6:	0020      	movs	r0, r4
100050f8:	f000 fa36 	bl	10005568 <tud_control_status>
100050fc:	2601      	movs	r6, #1
100050fe:	e769      	b.n	10004fd4 <process_control_request+0x38>
10005100:	0029      	movs	r1, r5
10005102:	0020      	movs	r0, r4
10005104:	f7ff fd2c 	bl	10004b60 <process_get_descriptor>
10005108:	0006      	movs	r6, r0
1000510a:	e763      	b.n	10004fd4 <process_control_request+0x38>
1000510c:	78a9      	ldrb	r1, [r5, #2]
1000510e:	78eb      	ldrb	r3, [r5, #3]
10005110:	021b      	lsls	r3, r3, #8
10005112:	430b      	orrs	r3, r1
10005114:	2b01      	cmp	r3, #1
10005116:	d001      	beq.n	1000511c <process_control_request+0x180>
10005118:	2600      	movs	r6, #0
1000511a:	e75b      	b.n	10004fd4 <process_control_request+0x38>
1000511c:	4a7e      	ldr	r2, [pc, #504]	; (10005318 <process_control_request+0x37c>)
1000511e:	7813      	ldrb	r3, [r2, #0]
10005120:	2108      	movs	r1, #8
10005122:	430b      	orrs	r3, r1
10005124:	7013      	strb	r3, [r2, #0]
10005126:	0029      	movs	r1, r5
10005128:	0020      	movs	r0, r4
1000512a:	f000 fa1d 	bl	10005568 <tud_control_status>
1000512e:	2601      	movs	r6, #1
10005130:	e750      	b.n	10004fd4 <process_control_request+0x38>
10005132:	78a9      	ldrb	r1, [r5, #2]
10005134:	78eb      	ldrb	r3, [r5, #3]
10005136:	021b      	lsls	r3, r3, #8
10005138:	430b      	orrs	r3, r1
1000513a:	2b01      	cmp	r3, #1
1000513c:	d001      	beq.n	10005142 <process_control_request+0x1a6>
1000513e:	2600      	movs	r6, #0
10005140:	e748      	b.n	10004fd4 <process_control_request+0x38>
10005142:	4a75      	ldr	r2, [pc, #468]	; (10005318 <process_control_request+0x37c>)
10005144:	7813      	ldrb	r3, [r2, #0]
10005146:	2108      	movs	r1, #8
10005148:	438b      	bics	r3, r1
1000514a:	7013      	strb	r3, [r2, #0]
1000514c:	0029      	movs	r1, r5
1000514e:	0020      	movs	r0, r4
10005150:	f000 fa0a 	bl	10005568 <tud_control_status>
10005154:	2601      	movs	r6, #1
10005156:	e73d      	b.n	10004fd4 <process_control_request+0x38>
10005158:	4b6f      	ldr	r3, [pc, #444]	; (10005318 <process_control_request+0x37c>)
1000515a:	781a      	ldrb	r2, [r3, #0]
1000515c:	0951      	lsrs	r1, r2, #5
1000515e:	0892      	lsrs	r2, r2, #2
10005160:	2301      	movs	r3, #1
10005162:	400b      	ands	r3, r1
10005164:	2102      	movs	r1, #2
10005166:	400a      	ands	r2, r1
10005168:	4313      	orrs	r3, r2
1000516a:	466a      	mov	r2, sp
1000516c:	3206      	adds	r2, #6
1000516e:	8013      	strh	r3, [r2, #0]
10005170:	2302      	movs	r3, #2
10005172:	0029      	movs	r1, r5
10005174:	0020      	movs	r0, r4
10005176:	f000 fa13 	bl	100055a0 <tud_control_xfer>
1000517a:	2601      	movs	r6, #1
1000517c:	e72a      	b.n	10004fd4 <process_control_request+0x38>
1000517e:	792b      	ldrb	r3, [r5, #4]
10005180:	2b0f      	cmp	r3, #15
10005182:	d900      	bls.n	10005186 <process_control_request+0x1ea>
10005184:	e0b4      	b.n	100052f0 <process_control_request+0x354>
10005186:	4a64      	ldr	r2, [pc, #400]	; (10005318 <process_control_request+0x37c>)
10005188:	18d3      	adds	r3, r2, r3
1000518a:	791b      	ldrb	r3, [r3, #4]
1000518c:	4a63      	ldr	r2, [pc, #396]	; (1000531c <process_control_request+0x380>)
1000518e:	7811      	ldrb	r1, [r2, #0]
10005190:	428b      	cmp	r3, r1
10005192:	d223      	bcs.n	100051dc <process_control_request+0x240>
10005194:	4a62      	ldr	r2, [pc, #392]	; (10005320 <process_control_request+0x384>)
10005196:	6812      	ldr	r2, [r2, #0]
10005198:	0159      	lsls	r1, r3, #5
1000519a:	1851      	adds	r1, r2, r1
1000519c:	2900      	cmp	r1, #0
1000519e:	d100      	bne.n	100051a2 <process_control_request+0x206>
100051a0:	e0aa      	b.n	100052f8 <process_control_request+0x35c>
100051a2:	002a      	movs	r2, r5
100051a4:	0020      	movs	r0, r4
100051a6:	f7ff fbf9 	bl	1000499c <invoke_class_control>
100051aa:	1e06      	subs	r6, r0, #0
100051ac:	d000      	beq.n	100051b0 <process_control_request+0x214>
100051ae:	e711      	b.n	10004fd4 <process_control_request+0x38>
100051b0:	782b      	ldrb	r3, [r5, #0]
100051b2:	2260      	movs	r2, #96	; 0x60
100051b4:	421a      	tst	r2, r3
100051b6:	d000      	beq.n	100051ba <process_control_request+0x21e>
100051b8:	e70c      	b.n	10004fd4 <process_control_request+0x38>
100051ba:	786b      	ldrb	r3, [r5, #1]
100051bc:	3b0a      	subs	r3, #10
100051be:	2b01      	cmp	r3, #1
100051c0:	d900      	bls.n	100051c4 <process_control_request+0x228>
100051c2:	e707      	b.n	10004fd4 <process_control_request+0x38>
100051c4:	2000      	movs	r0, #0
100051c6:	f000 fa49 	bl	1000565c <usbd_control_set_complete_callback>
100051ca:	786b      	ldrb	r3, [r5, #1]
100051cc:	2b0a      	cmp	r3, #10
100051ce:	d00e      	beq.n	100051ee <process_control_request+0x252>
100051d0:	0029      	movs	r1, r5
100051d2:	0020      	movs	r0, r4
100051d4:	f000 f9c8 	bl	10005568 <tud_control_status>
100051d8:	2601      	movs	r6, #1
100051da:	e6fb      	b.n	10004fd4 <process_control_request+0x38>
100051dc:	1c4a      	adds	r2, r1, #1
100051de:	429a      	cmp	r2, r3
100051e0:	da00      	bge.n	100051e4 <process_control_request+0x248>
100051e2:	e087      	b.n	100052f4 <process_control_request+0x358>
100051e4:	1a59      	subs	r1, r3, r1
100051e6:	0149      	lsls	r1, r1, #5
100051e8:	4b4e      	ldr	r3, [pc, #312]	; (10005324 <process_control_request+0x388>)
100051ea:	1859      	adds	r1, r3, r1
100051ec:	e7d6      	b.n	1000519c <process_control_request+0x200>
100051ee:	466b      	mov	r3, sp
100051f0:	1d9a      	adds	r2, r3, #6
100051f2:	2300      	movs	r3, #0
100051f4:	7013      	strb	r3, [r2, #0]
100051f6:	3301      	adds	r3, #1
100051f8:	0029      	movs	r1, r5
100051fa:	0020      	movs	r0, r4
100051fc:	f000 f9d0 	bl	100055a0 <tud_control_xfer>
10005200:	3601      	adds	r6, #1
10005202:	e6e7      	b.n	10004fd4 <process_control_request+0x38>
10005204:	7929      	ldrb	r1, [r5, #4]
10005206:	237f      	movs	r3, #127	; 0x7f
10005208:	400b      	ands	r3, r1
1000520a:	09ce      	lsrs	r6, r1, #7
1000520c:	2070      	movs	r0, #112	; 0x70
1000520e:	4208      	tst	r0, r1
10005210:	d117      	bne.n	10005242 <process_control_request+0x2a6>
10005212:	005b      	lsls	r3, r3, #1
10005214:	4840      	ldr	r0, [pc, #256]	; (10005318 <process_control_request+0x37c>)
10005216:	18c3      	adds	r3, r0, r3
10005218:	199b      	adds	r3, r3, r6
1000521a:	7d1b      	ldrb	r3, [r3, #20]
1000521c:	483f      	ldr	r0, [pc, #252]	; (1000531c <process_control_request+0x380>)
1000521e:	7800      	ldrb	r0, [r0, #0]
10005220:	4283      	cmp	r3, r0
10005222:	d215      	bcs.n	10005250 <process_control_request+0x2b4>
10005224:	483e      	ldr	r0, [pc, #248]	; (10005320 <process_control_request+0x384>)
10005226:	6806      	ldr	r6, [r0, #0]
10005228:	015b      	lsls	r3, r3, #5
1000522a:	18f6      	adds	r6, r6, r3
1000522c:	2a00      	cmp	r2, #0
1000522e:	d019      	beq.n	10005264 <process_control_request+0x2c8>
10005230:	2e00      	cmp	r6, #0
10005232:	d063      	beq.n	100052fc <process_control_request+0x360>
10005234:	002a      	movs	r2, r5
10005236:	0031      	movs	r1, r6
10005238:	0020      	movs	r0, r4
1000523a:	f7ff fbaf 	bl	1000499c <invoke_class_control>
1000523e:	0006      	movs	r6, r0
10005240:	e6c8      	b.n	10004fd4 <process_control_request+0x38>
10005242:	4a3a      	ldr	r2, [pc, #232]	; (1000532c <process_control_request+0x390>)
10005244:	4930      	ldr	r1, [pc, #192]	; (10005308 <process_control_request+0x36c>)
10005246:	4831      	ldr	r0, [pc, #196]	; (1000530c <process_control_request+0x370>)
10005248:	f7fe fe08 	bl	10003e5c <__wrap_printf>
1000524c:	2600      	movs	r6, #0
1000524e:	e6c1      	b.n	10004fd4 <process_control_request+0x38>
10005250:	1c46      	adds	r6, r0, #1
10005252:	429e      	cmp	r6, r3
10005254:	db04      	blt.n	10005260 <process_control_request+0x2c4>
10005256:	1a1b      	subs	r3, r3, r0
10005258:	015b      	lsls	r3, r3, #5
1000525a:	4e32      	ldr	r6, [pc, #200]	; (10005324 <process_control_request+0x388>)
1000525c:	18f6      	adds	r6, r6, r3
1000525e:	e7e5      	b.n	1000522c <process_control_request+0x290>
10005260:	2600      	movs	r6, #0
10005262:	e7e3      	b.n	1000522c <process_control_request+0x290>
10005264:	786a      	ldrb	r2, [r5, #1]
10005266:	2a01      	cmp	r2, #1
10005268:	d012      	beq.n	10005290 <process_control_request+0x2f4>
1000526a:	2a03      	cmp	r2, #3
1000526c:	d010      	beq.n	10005290 <process_control_request+0x2f4>
1000526e:	2a00      	cmp	r2, #0
10005270:	d001      	beq.n	10005276 <process_control_request+0x2da>
10005272:	2600      	movs	r6, #0
10005274:	e6ae      	b.n	10004fd4 <process_control_request+0x38>
10005276:	0020      	movs	r0, r4
10005278:	f7ff fe82 	bl	10004f80 <usbd_edpt_stalled>
1000527c:	466b      	mov	r3, sp
1000527e:	1d9a      	adds	r2, r3, #6
10005280:	8010      	strh	r0, [r2, #0]
10005282:	2302      	movs	r3, #2
10005284:	0029      	movs	r1, r5
10005286:	0020      	movs	r0, r4
10005288:	f000 f98a 	bl	100055a0 <tud_control_xfer>
1000528c:	2601      	movs	r6, #1
1000528e:	e6a1      	b.n	10004fd4 <process_control_request+0x38>
10005290:	78a8      	ldrb	r0, [r5, #2]
10005292:	78eb      	ldrb	r3, [r5, #3]
10005294:	021b      	lsls	r3, r3, #8
10005296:	4303      	orrs	r3, r0
10005298:	d104      	bne.n	100052a4 <process_control_request+0x308>
1000529a:	2a01      	cmp	r2, #1
1000529c:	d01a      	beq.n	100052d4 <process_control_request+0x338>
1000529e:	0020      	movs	r0, r4
100052a0:	f7ff fe3a 	bl	10004f18 <usbd_edpt_stall>
100052a4:	2e00      	cmp	r6, #0
100052a6:	d02b      	beq.n	10005300 <process_control_request+0x364>
100052a8:	002a      	movs	r2, r5
100052aa:	0031      	movs	r1, r6
100052ac:	0020      	movs	r0, r4
100052ae:	f7ff fb75 	bl	1000499c <invoke_class_control>
100052b2:	2000      	movs	r0, #0
100052b4:	f000 f9d2 	bl	1000565c <usbd_control_set_complete_callback>
100052b8:	4a17      	ldr	r2, [pc, #92]	; (10005318 <process_control_request+0x37c>)
100052ba:	2335      	movs	r3, #53	; 0x35
100052bc:	5cd3      	ldrb	r3, [r2, r3]
100052be:	07db      	lsls	r3, r3, #31
100052c0:	0fde      	lsrs	r6, r3, #31
100052c2:	2b00      	cmp	r3, #0
100052c4:	d000      	beq.n	100052c8 <process_control_request+0x32c>
100052c6:	e685      	b.n	10004fd4 <process_control_request+0x38>
100052c8:	0029      	movs	r1, r5
100052ca:	0020      	movs	r0, r4
100052cc:	f000 f94c 	bl	10005568 <tud_control_status>
100052d0:	2601      	movs	r6, #1
100052d2:	e67f      	b.n	10004fd4 <process_control_request+0x38>
100052d4:	0020      	movs	r0, r4
100052d6:	f7ff fe39 	bl	10004f4c <usbd_edpt_clear_stall>
100052da:	e7e3      	b.n	100052a4 <process_control_request+0x308>
100052dc:	2600      	movs	r6, #0
100052de:	e679      	b.n	10004fd4 <process_control_request+0x38>
100052e0:	2600      	movs	r6, #0
100052e2:	e677      	b.n	10004fd4 <process_control_request+0x38>
100052e4:	2600      	movs	r6, #0
100052e6:	e675      	b.n	10004fd4 <process_control_request+0x38>
100052e8:	2600      	movs	r6, #0
100052ea:	e673      	b.n	10004fd4 <process_control_request+0x38>
100052ec:	2600      	movs	r6, #0
100052ee:	e671      	b.n	10004fd4 <process_control_request+0x38>
100052f0:	2600      	movs	r6, #0
100052f2:	e66f      	b.n	10004fd4 <process_control_request+0x38>
100052f4:	2600      	movs	r6, #0
100052f6:	e66d      	b.n	10004fd4 <process_control_request+0x38>
100052f8:	2600      	movs	r6, #0
100052fa:	e66b      	b.n	10004fd4 <process_control_request+0x38>
100052fc:	2600      	movs	r6, #0
100052fe:	e669      	b.n	10004fd4 <process_control_request+0x38>
10005300:	2601      	movs	r6, #1
10005302:	e667      	b.n	10004fd4 <process_control_request+0x38>
10005304:	000002c5 	.word	0x000002c5
10005308:	10008bf0 	.word	0x10008bf0
1000530c:	10008ab8 	.word	0x10008ab8
10005310:	10003f25 	.word	0x10003f25
10005314:	10008b2c 	.word	0x10008b2c
10005318:	20001a40 	.word	0x20001a40
1000531c:	20002671 	.word	0x20002671
10005320:	20001714 	.word	0x20001714
10005324:	10008c2c 	.word	0x10008c2c
10005328:	00000315 	.word	0x00000315
1000532c:	00000386 	.word	0x00000386

10005330 <tud_task_ext>:
10005330:	b530      	push	{r4, r5, lr}
10005332:	b085      	sub	sp, #20
10005334:	f7ff fc98 	bl	10004c68 <tud_inited>
10005338:	2800      	cmp	r0, #0
1000533a:	d108      	bne.n	1000534e <tud_task_ext+0x1e>
1000533c:	b005      	add	sp, #20
1000533e:	bd30      	pop	{r4, r5, pc}
10005340:	ac01      	add	r4, sp, #4
10005342:	7820      	ldrb	r0, [r4, #0]
10005344:	f7ff fb24 	bl	10004990 <usbd_reset>
10005348:	7922      	ldrb	r2, [r4, #4]
1000534a:	4b64      	ldr	r3, [pc, #400]	; (100054dc <tud_task_ext+0x1ac>)
1000534c:	709a      	strb	r2, [r3, #2]
1000534e:	4b64      	ldr	r3, [pc, #400]	; (100054e0 <tud_task_ext+0x1b0>)
10005350:	681c      	ldr	r4, [r3, #0]
10005352:	0021      	movs	r1, r4
10005354:	3114      	adds	r1, #20
10005356:	6962      	ldr	r2, [r4, #20]
10005358:	f3ef 8010 	mrs	r0, PRIMASK
1000535c:	b672      	cpsid	i
1000535e:	6813      	ldr	r3, [r2, #0]
10005360:	2b00      	cmp	r3, #0
10005362:	d0fc      	beq.n	1000535e <tud_task_ext+0x2e>
10005364:	f3bf 8f5f 	dmb	sy
10005368:	6048      	str	r0, [r1, #4]
1000536a:	a901      	add	r1, sp, #4
1000536c:	0020      	movs	r0, r4
1000536e:	f001 fb54 	bl	10006a1a <tu_fifo_read>
10005372:	6962      	ldr	r2, [r4, #20]
10005374:	69a3      	ldr	r3, [r4, #24]
10005376:	f3bf 8f5f 	dmb	sy
1000537a:	2100      	movs	r1, #0
1000537c:	6011      	str	r1, [r2, #0]
1000537e:	f383 8810 	msr	PRIMASK, r3
10005382:	2800      	cmp	r0, #0
10005384:	d0da      	beq.n	1000533c <tud_task_ext+0xc>
10005386:	ab01      	add	r3, sp, #4
10005388:	785b      	ldrb	r3, [r3, #1]
1000538a:	2b08      	cmp	r3, #8
1000538c:	d8df      	bhi.n	1000534e <tud_task_ext+0x1e>
1000538e:	009b      	lsls	r3, r3, #2
10005390:	4a54      	ldr	r2, [pc, #336]	; (100054e4 <tud_task_ext+0x1b4>)
10005392:	58d3      	ldr	r3, [r2, r3]
10005394:	469f      	mov	pc, r3
10005396:	ab01      	add	r3, sp, #4
10005398:	7818      	ldrb	r0, [r3, #0]
1000539a:	f7ff faf9 	bl	10004990 <usbd_reset>
1000539e:	f7ff fc50 	bl	10004c42 <tud_umount_cb>
100053a2:	e7d4      	b.n	1000534e <tud_task_ext+0x1e>
100053a4:	4b50      	ldr	r3, [pc, #320]	; (100054e8 <tud_task_ext+0x1b8>)
100053a6:	781b      	ldrb	r3, [r3, #0]
100053a8:	2b00      	cmp	r3, #0
100053aa:	d02d      	beq.n	10005408 <tud_task_ext+0xd8>
100053ac:	4a4e      	ldr	r2, [pc, #312]	; (100054e8 <tud_task_ext+0x1b8>)
100053ae:	7813      	ldrb	r3, [r2, #0]
100053b0:	3b01      	subs	r3, #1
100053b2:	b2db      	uxtb	r3, r3
100053b4:	7013      	strb	r3, [r2, #0]
100053b6:	7813      	ldrb	r3, [r2, #0]
100053b8:	2b00      	cmp	r3, #0
100053ba:	d1c8      	bne.n	1000534e <tud_task_ext+0x1e>
100053bc:	4b47      	ldr	r3, [pc, #284]	; (100054dc <tud_task_ext+0x1ac>)
100053be:	781a      	ldrb	r2, [r3, #0]
100053c0:	2401      	movs	r4, #1
100053c2:	2101      	movs	r1, #1
100053c4:	430a      	orrs	r2, r1
100053c6:	701a      	strb	r2, [r3, #0]
100053c8:	2234      	movs	r2, #52	; 0x34
100053ca:	5c99      	ldrb	r1, [r3, r2]
100053cc:	43a1      	bics	r1, r4
100053ce:	5499      	strb	r1, [r3, r2]
100053d0:	5c99      	ldrb	r1, [r3, r2]
100053d2:	2004      	movs	r0, #4
100053d4:	4381      	bics	r1, r0
100053d6:	5499      	strb	r1, [r3, r2]
100053d8:	3201      	adds	r2, #1
100053da:	5c99      	ldrb	r1, [r3, r2]
100053dc:	43a1      	bics	r1, r4
100053de:	5499      	strb	r1, [r3, r2]
100053e0:	5c99      	ldrb	r1, [r3, r2]
100053e2:	4381      	bics	r1, r0
100053e4:	5499      	strb	r1, [r3, r2]
100053e6:	ab01      	add	r3, sp, #4
100053e8:	7818      	ldrb	r0, [r3, #0]
100053ea:	a902      	add	r1, sp, #8
100053ec:	f7ff fdd6 	bl	10004f9c <process_control_request>
100053f0:	2800      	cmp	r0, #0
100053f2:	d1ac      	bne.n	1000534e <tud_task_ext+0x1e>
100053f4:	ac01      	add	r4, sp, #4
100053f6:	7820      	ldrb	r0, [r4, #0]
100053f8:	2100      	movs	r1, #0
100053fa:	f7ff f9f5 	bl	100047e8 <dcd_edpt_stall>
100053fe:	7820      	ldrb	r0, [r4, #0]
10005400:	2180      	movs	r1, #128	; 0x80
10005402:	f7ff f9f1 	bl	100047e8 <dcd_edpt_stall>
10005406:	e7a2      	b.n	1000534e <tud_task_ext+0x1e>
10005408:	4a38      	ldr	r2, [pc, #224]	; (100054ec <tud_task_ext+0x1bc>)
1000540a:	4939      	ldr	r1, [pc, #228]	; (100054f0 <tud_task_ext+0x1c0>)
1000540c:	4839      	ldr	r0, [pc, #228]	; (100054f4 <tud_task_ext+0x1c4>)
1000540e:	f7fe fd25 	bl	10003e5c <__wrap_printf>
10005412:	e793      	b.n	1000533c <tud_task_ext+0xc>
10005414:	ab01      	add	r3, sp, #4
10005416:	7919      	ldrb	r1, [r3, #4]
10005418:	227f      	movs	r2, #127	; 0x7f
1000541a:	400a      	ands	r2, r1
1000541c:	09cc      	lsrs	r4, r1, #7
1000541e:	0050      	lsls	r0, r2, #1
10005420:	4b2e      	ldr	r3, [pc, #184]	; (100054dc <tud_task_ext+0x1ac>)
10005422:	181b      	adds	r3, r3, r0
10005424:	191b      	adds	r3, r3, r4
10005426:	3330      	adds	r3, #48	; 0x30
10005428:	7918      	ldrb	r0, [r3, #4]
1000542a:	2501      	movs	r5, #1
1000542c:	43a8      	bics	r0, r5
1000542e:	7118      	strb	r0, [r3, #4]
10005430:	7918      	ldrb	r0, [r3, #4]
10005432:	3503      	adds	r5, #3
10005434:	43a8      	bics	r0, r5
10005436:	7118      	strb	r0, [r3, #4]
10005438:	2a00      	cmp	r2, #0
1000543a:	d015      	beq.n	10005468 <tud_task_ext+0x138>
1000543c:	0052      	lsls	r2, r2, #1
1000543e:	4b27      	ldr	r3, [pc, #156]	; (100054dc <tud_task_ext+0x1ac>)
10005440:	189a      	adds	r2, r3, r2
10005442:	1912      	adds	r2, r2, r4
10005444:	7d13      	ldrb	r3, [r2, #20]
10005446:	4a2c      	ldr	r2, [pc, #176]	; (100054f8 <tud_task_ext+0x1c8>)
10005448:	7812      	ldrb	r2, [r2, #0]
1000544a:	4293      	cmp	r3, r2
1000544c:	d213      	bcs.n	10005476 <tud_task_ext+0x146>
1000544e:	4a2b      	ldr	r2, [pc, #172]	; (100054fc <tud_task_ext+0x1cc>)
10005450:	6812      	ldr	r2, [r2, #0]
10005452:	015b      	lsls	r3, r3, #5
10005454:	18d3      	adds	r3, r2, r3
10005456:	2b00      	cmp	r3, #0
10005458:	d015      	beq.n	10005486 <tud_task_ext+0x156>
1000545a:	699c      	ldr	r4, [r3, #24]
1000545c:	a801      	add	r0, sp, #4
1000545e:	7942      	ldrb	r2, [r0, #5]
10005460:	9b03      	ldr	r3, [sp, #12]
10005462:	7800      	ldrb	r0, [r0, #0]
10005464:	47a0      	blx	r4
10005466:	e772      	b.n	1000534e <tud_task_ext+0x1e>
10005468:	a801      	add	r0, sp, #4
1000546a:	7942      	ldrb	r2, [r0, #5]
1000546c:	9b03      	ldr	r3, [sp, #12]
1000546e:	7800      	ldrb	r0, [r0, #0]
10005470:	f000 f908 	bl	10005684 <usbd_control_xfer_cb>
10005474:	e76b      	b.n	1000534e <tud_task_ext+0x1e>
10005476:	1c50      	adds	r0, r2, #1
10005478:	4298      	cmp	r0, r3
1000547a:	db04      	blt.n	10005486 <tud_task_ext+0x156>
1000547c:	1a9b      	subs	r3, r3, r2
1000547e:	015b      	lsls	r3, r3, #5
10005480:	4a1f      	ldr	r2, [pc, #124]	; (10005500 <tud_task_ext+0x1d0>)
10005482:	18d3      	adds	r3, r2, r3
10005484:	e7e7      	b.n	10005456 <tud_task_ext+0x126>
10005486:	4a1f      	ldr	r2, [pc, #124]	; (10005504 <tud_task_ext+0x1d4>)
10005488:	4919      	ldr	r1, [pc, #100]	; (100054f0 <tud_task_ext+0x1c0>)
1000548a:	481a      	ldr	r0, [pc, #104]	; (100054f4 <tud_task_ext+0x1c4>)
1000548c:	f7fe fce6 	bl	10003e5c <__wrap_printf>
10005490:	e754      	b.n	1000533c <tud_task_ext+0xc>
10005492:	4b12      	ldr	r3, [pc, #72]	; (100054dc <tud_task_ext+0x1ac>)
10005494:	781b      	ldrb	r3, [r3, #0]
10005496:	07db      	lsls	r3, r3, #31
10005498:	d400      	bmi.n	1000549c <tud_task_ext+0x16c>
1000549a:	e758      	b.n	1000534e <tud_task_ext+0x1e>
1000549c:	4b0f      	ldr	r3, [pc, #60]	; (100054dc <tud_task_ext+0x1ac>)
1000549e:	7818      	ldrb	r0, [r3, #0]
100054a0:	0700      	lsls	r0, r0, #28
100054a2:	0fc0      	lsrs	r0, r0, #31
100054a4:	f7ff fbce 	bl	10004c44 <tud_suspend_cb>
100054a8:	e751      	b.n	1000534e <tud_task_ext+0x1e>
100054aa:	4b0c      	ldr	r3, [pc, #48]	; (100054dc <tud_task_ext+0x1ac>)
100054ac:	781b      	ldrb	r3, [r3, #0]
100054ae:	07db      	lsls	r3, r3, #31
100054b0:	d400      	bmi.n	100054b4 <tud_task_ext+0x184>
100054b2:	e74c      	b.n	1000534e <tud_task_ext+0x1e>
100054b4:	f7ff fbc7 	bl	10004c46 <tud_resume_cb>
100054b8:	e749      	b.n	1000534e <tud_task_ext+0x1e>
100054ba:	9b02      	ldr	r3, [sp, #8]
100054bc:	2b00      	cmp	r3, #0
100054be:	d100      	bne.n	100054c2 <tud_task_ext+0x192>
100054c0:	e745      	b.n	1000534e <tud_task_ext+0x1e>
100054c2:	9803      	ldr	r0, [sp, #12]
100054c4:	4798      	blx	r3
100054c6:	e742      	b.n	1000534e <tud_task_ext+0x1e>
100054c8:	4b04      	ldr	r3, [pc, #16]	; (100054dc <tud_task_ext+0x1ac>)
100054ca:	78db      	ldrb	r3, [r3, #3]
100054cc:	07db      	lsls	r3, r3, #31
100054ce:	d400      	bmi.n	100054d2 <tud_task_ext+0x1a2>
100054d0:	e73d      	b.n	1000534e <tud_task_ext+0x1e>
100054d2:	9802      	ldr	r0, [sp, #8]
100054d4:	f7ff fb3f 	bl	10004b56 <tud_sof_cb>
100054d8:	e739      	b.n	1000534e <tud_task_ext+0x1e>
100054da:	46c0      	nop			; (mov r8, r8)
100054dc:	20001a40 	.word	0x20001a40
100054e0:	20001a98 	.word	0x20001a98
100054e4:	10008b54 	.word	0x10008b54
100054e8:	20002673 	.word	0x20002673
100054ec:	00000256 	.word	0x00000256
100054f0:	10008c1c 	.word	0x10008c1c
100054f4:	10008ab8 	.word	0x10008ab8
100054f8:	20002671 	.word	0x20002671
100054fc:	20001714 	.word	0x20001714
10005500:	10008c2c 	.word	0x10008c2c
10005504:	00000281 	.word	0x00000281

10005508 <_data_stage_xact>:
10005508:	b5f8      	push	{r3, r4, r5, r6, r7, lr}
1000550a:	0005      	movs	r5, r0
1000550c:	4b14      	ldr	r3, [pc, #80]	; (10005560 <_data_stage_xact+0x58>)
1000550e:	899f      	ldrh	r7, [r3, #12]
10005510:	89de      	ldrh	r6, [r3, #14]
10005512:	1bbb      	subs	r3, r7, r6
10005514:	b29b      	uxth	r3, r3
10005516:	1c1c      	adds	r4, r3, #0
10005518:	2b40      	cmp	r3, #64	; 0x40
1000551a:	d900      	bls.n	1000551e <_data_stage_xact+0x16>
1000551c:	2440      	movs	r4, #64	; 0x40
1000551e:	b2a4      	uxth	r4, r4
10005520:	4b0f      	ldr	r3, [pc, #60]	; (10005560 <_data_stage_xact+0x58>)
10005522:	781b      	ldrb	r3, [r3, #0]
10005524:	b25b      	sxtb	r3, r3
10005526:	2b00      	cmp	r3, #0
10005528:	db08      	blt.n	1000553c <_data_stage_xact+0x34>
1000552a:	2100      	movs	r1, #0
1000552c:	42b7      	cmp	r7, r6
1000552e:	d013      	beq.n	10005558 <_data_stage_xact+0x50>
10005530:	4a0c      	ldr	r2, [pc, #48]	; (10005564 <_data_stage_xact+0x5c>)
10005532:	0023      	movs	r3, r4
10005534:	0028      	movs	r0, r5
10005536:	f7ff fcab 	bl	10004e90 <usbd_edpt_xfer>
1000553a:	bdf8      	pop	{r3, r4, r5, r6, r7, pc}
1000553c:	42b7      	cmp	r7, r6
1000553e:	d009      	beq.n	10005554 <_data_stage_xact+0x4c>
10005540:	4b07      	ldr	r3, [pc, #28]	; (10005560 <_data_stage_xact+0x58>)
10005542:	6899      	ldr	r1, [r3, #8]
10005544:	2c40      	cmp	r4, #64	; 0x40
10005546:	d809      	bhi.n	1000555c <_data_stage_xact+0x54>
10005548:	0022      	movs	r2, r4
1000554a:	4806      	ldr	r0, [pc, #24]	; (10005564 <_data_stage_xact+0x5c>)
1000554c:	f7fd fa32 	bl	100029b4 <__wrap___aeabi_memcpy>
10005550:	2180      	movs	r1, #128	; 0x80
10005552:	e7eb      	b.n	1000552c <_data_stage_xact+0x24>
10005554:	2180      	movs	r1, #128	; 0x80
10005556:	e7e9      	b.n	1000552c <_data_stage_xact+0x24>
10005558:	2200      	movs	r2, #0
1000555a:	e7ea      	b.n	10005532 <_data_stage_xact+0x2a>
1000555c:	2000      	movs	r0, #0
1000555e:	e7ec      	b.n	1000553a <_data_stage_xact+0x32>
10005560:	200019e4 	.word	0x200019e4
10005564:	20001a00 	.word	0x20001a00

10005568 <tud_control_status>:
10005568:	b570      	push	{r4, r5, r6, lr}
1000556a:	0006      	movs	r6, r0
1000556c:	000c      	movs	r4, r1
1000556e:	4d0b      	ldr	r5, [pc, #44]	; (1000559c <tud_control_status+0x34>)
10005570:	2208      	movs	r2, #8
10005572:	0028      	movs	r0, r5
10005574:	f7fd fa1e 	bl	100029b4 <__wrap___aeabi_memcpy>
10005578:	2300      	movs	r3, #0
1000557a:	60ab      	str	r3, [r5, #8]
1000557c:	81eb      	strh	r3, [r5, #14]
1000557e:	81ab      	strh	r3, [r5, #12]
10005580:	2300      	movs	r3, #0
10005582:	56e3      	ldrsb	r3, [r4, r3]
10005584:	2b00      	cmp	r3, #0
10005586:	db06      	blt.n	10005596 <tud_control_status+0x2e>
10005588:	2180      	movs	r1, #128	; 0x80
1000558a:	2300      	movs	r3, #0
1000558c:	2200      	movs	r2, #0
1000558e:	0030      	movs	r0, r6
10005590:	f7ff fc7e 	bl	10004e90 <usbd_edpt_xfer>
10005594:	bd70      	pop	{r4, r5, r6, pc}
10005596:	2100      	movs	r1, #0
10005598:	e7f7      	b.n	1000558a <tud_control_status+0x22>
1000559a:	46c0      	nop			; (mov r8, r8)
1000559c:	200019e4 	.word	0x200019e4

100055a0 <tud_control_xfer>:
100055a0:	b5f0      	push	{r4, r5, r6, r7, lr}
100055a2:	46c6      	mov	lr, r8
100055a4:	b500      	push	{lr}
100055a6:	4680      	mov	r8, r0
100055a8:	000c      	movs	r4, r1
100055aa:	0016      	movs	r6, r2
100055ac:	001d      	movs	r5, r3
100055ae:	4f23      	ldr	r7, [pc, #140]	; (1000563c <tud_control_xfer+0x9c>)
100055b0:	2208      	movs	r2, #8
100055b2:	0038      	movs	r0, r7
100055b4:	f7fd f9fe 	bl	100029b4 <__wrap___aeabi_memcpy>
100055b8:	60be      	str	r6, [r7, #8]
100055ba:	2300      	movs	r3, #0
100055bc:	81fb      	strh	r3, [r7, #14]
100055be:	79a3      	ldrb	r3, [r4, #6]
100055c0:	79e1      	ldrb	r1, [r4, #7]
100055c2:	0209      	lsls	r1, r1, #8
100055c4:	4319      	orrs	r1, r3
100055c6:	1c0b      	adds	r3, r1, #0
100055c8:	42a9      	cmp	r1, r5
100055ca:	d900      	bls.n	100055ce <tud_control_xfer+0x2e>
100055cc:	1c2b      	adds	r3, r5, #0
100055ce:	b299      	uxth	r1, r3
100055d0:	4a1a      	ldr	r2, [pc, #104]	; (1000563c <tud_control_xfer+0x9c>)
100055d2:	8193      	strh	r3, [r2, #12]
100055d4:	79a2      	ldrb	r2, [r4, #6]
100055d6:	79e3      	ldrb	r3, [r4, #7]
100055d8:	021b      	lsls	r3, r3, #8
100055da:	4313      	orrs	r3, r2
100055dc:	d019      	beq.n	10005612 <tud_control_xfer+0x72>
100055de:	2900      	cmp	r1, #0
100055e0:	d001      	beq.n	100055e6 <tud_control_xfer+0x46>
100055e2:	2e00      	cmp	r6, #0
100055e4:	d008      	beq.n	100055f8 <tud_control_xfer+0x58>
100055e6:	4640      	mov	r0, r8
100055e8:	f7ff ff8e 	bl	10005508 <_data_stage_xact>
100055ec:	1e04      	subs	r4, r0, #0
100055ee:	d00a      	beq.n	10005606 <tud_control_xfer+0x66>
100055f0:	0020      	movs	r0, r4
100055f2:	bc80      	pop	{r7}
100055f4:	46b8      	mov	r8, r7
100055f6:	bdf0      	pop	{r4, r5, r6, r7, pc}
100055f8:	2277      	movs	r2, #119	; 0x77
100055fa:	4911      	ldr	r1, [pc, #68]	; (10005640 <tud_control_xfer+0xa0>)
100055fc:	4811      	ldr	r0, [pc, #68]	; (10005644 <tud_control_xfer+0xa4>)
100055fe:	f7fe fc2d 	bl	10003e5c <__wrap_printf>
10005602:	2400      	movs	r4, #0
10005604:	e7f4      	b.n	100055f0 <tud_control_xfer+0x50>
10005606:	227d      	movs	r2, #125	; 0x7d
10005608:	490d      	ldr	r1, [pc, #52]	; (10005640 <tud_control_xfer+0xa0>)
1000560a:	480e      	ldr	r0, [pc, #56]	; (10005644 <tud_control_xfer+0xa4>)
1000560c:	f7fe fc26 	bl	10003e5c <__wrap_printf>
10005610:	e7ee      	b.n	100055f0 <tud_control_xfer+0x50>
10005612:	2300      	movs	r3, #0
10005614:	56e3      	ldrsb	r3, [r4, r3]
10005616:	2b00      	cmp	r3, #0
10005618:	db0d      	blt.n	10005636 <tud_control_xfer+0x96>
1000561a:	2180      	movs	r1, #128	; 0x80
1000561c:	2300      	movs	r3, #0
1000561e:	2200      	movs	r2, #0
10005620:	4640      	mov	r0, r8
10005622:	f7ff fc35 	bl	10004e90 <usbd_edpt_xfer>
10005626:	1e04      	subs	r4, r0, #0
10005628:	d1e2      	bne.n	100055f0 <tud_control_xfer+0x50>
1000562a:	2280      	movs	r2, #128	; 0x80
1000562c:	4904      	ldr	r1, [pc, #16]	; (10005640 <tud_control_xfer+0xa0>)
1000562e:	4805      	ldr	r0, [pc, #20]	; (10005644 <tud_control_xfer+0xa4>)
10005630:	f7fe fc14 	bl	10003e5c <__wrap_printf>
10005634:	e7dc      	b.n	100055f0 <tud_control_xfer+0x50>
10005636:	2100      	movs	r1, #0
10005638:	e7f0      	b.n	1000561c <tud_control_xfer+0x7c>
1000563a:	46c0      	nop			; (mov r8, r8)
1000563c:	200019e4 	.word	0x200019e4
10005640:	10008c84 	.word	0x10008c84
10005644:	10008ab8 	.word	0x10008ab8

10005648 <usbd_control_reset>:
10005648:	b510      	push	{r4, lr}
1000564a:	2214      	movs	r2, #20
1000564c:	2100      	movs	r1, #0
1000564e:	4802      	ldr	r0, [pc, #8]	; (10005658 <usbd_control_reset+0x10>)
10005650:	f7fd f9aa 	bl	100029a8 <__wrap_memset>
10005654:	bd10      	pop	{r4, pc}
10005656:	46c0      	nop			; (mov r8, r8)
10005658:	200019e4 	.word	0x200019e4

1000565c <usbd_control_set_complete_callback>:
1000565c:	4b01      	ldr	r3, [pc, #4]	; (10005664 <usbd_control_set_complete_callback+0x8>)
1000565e:	6118      	str	r0, [r3, #16]
10005660:	4770      	bx	lr
10005662:	46c0      	nop			; (mov r8, r8)
10005664:	200019e4 	.word	0x200019e4

10005668 <usbd_control_set_request>:
10005668:	b510      	push	{r4, lr}
1000566a:	0001      	movs	r1, r0
1000566c:	4c04      	ldr	r4, [pc, #16]	; (10005680 <usbd_control_set_request+0x18>)
1000566e:	2208      	movs	r2, #8
10005670:	0020      	movs	r0, r4
10005672:	f7fd f99f 	bl	100029b4 <__wrap___aeabi_memcpy>
10005676:	2300      	movs	r3, #0
10005678:	60a3      	str	r3, [r4, #8]
1000567a:	81e3      	strh	r3, [r4, #14]
1000567c:	81a3      	strh	r3, [r4, #12]
1000567e:	bd10      	pop	{r4, pc}
10005680:	200019e4 	.word	0x200019e4

10005684 <usbd_control_xfer_cb>:
10005684:	b570      	push	{r4, r5, r6, lr}
10005686:	0005      	movs	r5, r0
10005688:	001c      	movs	r4, r3
1000568a:	09c9      	lsrs	r1, r1, #7
1000568c:	4b36      	ldr	r3, [pc, #216]	; (10005768 <usbd_control_xfer_cb+0xe4>)
1000568e:	781b      	ldrb	r3, [r3, #0]
10005690:	09db      	lsrs	r3, r3, #7
10005692:	428b      	cmp	r3, r1
10005694:	d016      	beq.n	100056c4 <usbd_control_xfer_cb+0x40>
10005696:	2c00      	cmp	r4, #0
10005698:	d007      	beq.n	100056aa <usbd_control_xfer_cb+0x26>
1000569a:	22a7      	movs	r2, #167	; 0xa7
1000569c:	4933      	ldr	r1, [pc, #204]	; (1000576c <usbd_control_xfer_cb+0xe8>)
1000569e:	4834      	ldr	r0, [pc, #208]	; (10005770 <usbd_control_xfer_cb+0xec>)
100056a0:	f7fe fbdc 	bl	10003e5c <__wrap_printf>
100056a4:	2400      	movs	r4, #0
100056a6:	0020      	movs	r0, r4
100056a8:	bd70      	pop	{r4, r5, r6, pc}
100056aa:	4c2f      	ldr	r4, [pc, #188]	; (10005768 <usbd_control_xfer_cb+0xe4>)
100056ac:	0021      	movs	r1, r4
100056ae:	f7ff f851 	bl	10004754 <dcd_edpt0_status_complete>
100056b2:	6923      	ldr	r3, [r4, #16]
100056b4:	2b00      	cmp	r3, #0
100056b6:	d003      	beq.n	100056c0 <usbd_control_xfer_cb+0x3c>
100056b8:	4a2b      	ldr	r2, [pc, #172]	; (10005768 <usbd_control_xfer_cb+0xe4>)
100056ba:	2103      	movs	r1, #3
100056bc:	0028      	movs	r0, r5
100056be:	4798      	blx	r3
100056c0:	2401      	movs	r4, #1
100056c2:	e7f0      	b.n	100056a6 <usbd_control_xfer_cb+0x22>
100056c4:	4b28      	ldr	r3, [pc, #160]	; (10005768 <usbd_control_xfer_cb+0xe4>)
100056c6:	781b      	ldrb	r3, [r3, #0]
100056c8:	b25b      	sxtb	r3, r3
100056ca:	2b00      	cmp	r3, #0
100056cc:	db07      	blt.n	100056de <usbd_control_xfer_cb+0x5a>
100056ce:	4b26      	ldr	r3, [pc, #152]	; (10005768 <usbd_control_xfer_cb+0xe4>)
100056d0:	6898      	ldr	r0, [r3, #8]
100056d2:	2800      	cmp	r0, #0
100056d4:	d045      	beq.n	10005762 <usbd_control_xfer_cb+0xde>
100056d6:	0022      	movs	r2, r4
100056d8:	4926      	ldr	r1, [pc, #152]	; (10005774 <usbd_control_xfer_cb+0xf0>)
100056da:	f7fd f96b 	bl	100029b4 <__wrap___aeabi_memcpy>
100056de:	b2a2      	uxth	r2, r4
100056e0:	4921      	ldr	r1, [pc, #132]	; (10005768 <usbd_control_xfer_cb+0xe4>)
100056e2:	89cb      	ldrh	r3, [r1, #14]
100056e4:	18d3      	adds	r3, r2, r3
100056e6:	b29b      	uxth	r3, r3
100056e8:	81cb      	strh	r3, [r1, #14]
100056ea:	688a      	ldr	r2, [r1, #8]
100056ec:	1912      	adds	r2, r2, r4
100056ee:	608a      	str	r2, [r1, #8]
100056f0:	88ca      	ldrh	r2, [r1, #6]
100056f2:	4293      	cmp	r3, r2
100056f4:	d001      	beq.n	100056fa <usbd_control_xfer_cb+0x76>
100056f6:	2c3f      	cmp	r4, #63	; 0x3f
100056f8:	d828      	bhi.n	1000574c <usbd_control_xfer_cb+0xc8>
100056fa:	4b1b      	ldr	r3, [pc, #108]	; (10005768 <usbd_control_xfer_cb+0xe4>)
100056fc:	691b      	ldr	r3, [r3, #16]
100056fe:	2b00      	cmp	r3, #0
10005700:	d005      	beq.n	1000570e <usbd_control_xfer_cb+0x8a>
10005702:	4a19      	ldr	r2, [pc, #100]	; (10005768 <usbd_control_xfer_cb+0xe4>)
10005704:	2102      	movs	r1, #2
10005706:	0028      	movs	r0, r5
10005708:	4798      	blx	r3
1000570a:	2800      	cmp	r0, #0
1000570c:	d014      	beq.n	10005738 <usbd_control_xfer_cb+0xb4>
1000570e:	4b16      	ldr	r3, [pc, #88]	; (10005768 <usbd_control_xfer_cb+0xe4>)
10005710:	781b      	ldrb	r3, [r3, #0]
10005712:	b25b      	sxtb	r3, r3
10005714:	2b00      	cmp	r3, #0
10005716:	db0d      	blt.n	10005734 <usbd_control_xfer_cb+0xb0>
10005718:	2180      	movs	r1, #128	; 0x80
1000571a:	2300      	movs	r3, #0
1000571c:	2200      	movs	r2, #0
1000571e:	0028      	movs	r0, r5
10005720:	f7ff fbb6 	bl	10004e90 <usbd_edpt_xfer>
10005724:	1e04      	subs	r4, r0, #0
10005726:	d1be      	bne.n	100056a6 <usbd_control_xfer_cb+0x22>
10005728:	22d0      	movs	r2, #208	; 0xd0
1000572a:	4910      	ldr	r1, [pc, #64]	; (1000576c <usbd_control_xfer_cb+0xe8>)
1000572c:	4810      	ldr	r0, [pc, #64]	; (10005770 <usbd_control_xfer_cb+0xec>)
1000572e:	f7fe fb95 	bl	10003e5c <__wrap_printf>
10005732:	e7b8      	b.n	100056a6 <usbd_control_xfer_cb+0x22>
10005734:	2100      	movs	r1, #0
10005736:	e7f0      	b.n	1000571a <usbd_control_xfer_cb+0x96>
10005738:	2100      	movs	r1, #0
1000573a:	0028      	movs	r0, r5
1000573c:	f7ff f854 	bl	100047e8 <dcd_edpt_stall>
10005740:	2180      	movs	r1, #128	; 0x80
10005742:	0028      	movs	r0, r5
10005744:	f7ff f850 	bl	100047e8 <dcd_edpt_stall>
10005748:	2401      	movs	r4, #1
1000574a:	e7ac      	b.n	100056a6 <usbd_control_xfer_cb+0x22>
1000574c:	0028      	movs	r0, r5
1000574e:	f7ff fedb 	bl	10005508 <_data_stage_xact>
10005752:	1e04      	subs	r4, r0, #0
10005754:	d1a7      	bne.n	100056a6 <usbd_control_xfer_cb+0x22>
10005756:	22d8      	movs	r2, #216	; 0xd8
10005758:	4904      	ldr	r1, [pc, #16]	; (1000576c <usbd_control_xfer_cb+0xe8>)
1000575a:	4805      	ldr	r0, [pc, #20]	; (10005770 <usbd_control_xfer_cb+0xec>)
1000575c:	f7fe fb7e 	bl	10003e5c <__wrap_printf>
10005760:	e7a1      	b.n	100056a6 <usbd_control_xfer_cb+0x22>
10005762:	2400      	movs	r4, #0
10005764:	e79f      	b.n	100056a6 <usbd_control_xfer_cb+0x22>
10005766:	46c0      	nop			; (mov r8, r8)
10005768:	200019e4 	.word	0x200019e4
1000576c:	10008c6c 	.word	0x10008c6c
10005770:	10008ab8 	.word	0x10008ab8
10005774:	20001a00 	.word	0x20001a00

10005778 <_prep_out_transaction>:
10005778:	b570      	push	{r4, r5, r6, lr}
1000577a:	0004      	movs	r4, r0
1000577c:	f7ff fa64 	bl	10004c48 <tud_mounted>
10005780:	2800      	cmp	r0, #0
10005782:	d107      	bne.n	10005794 <_prep_out_transaction+0x1c>
10005784:	2000      	movs	r0, #0
10005786:	2800      	cmp	r0, #0
10005788:	d003      	beq.n	10005792 <_prep_out_transaction+0x1a>
1000578a:	78e3      	ldrb	r3, [r4, #3]
1000578c:	2b00      	cmp	r3, #0
1000578e:	d109      	bne.n	100057a4 <_prep_out_transaction+0x2c>
10005790:	2000      	movs	r0, #0
10005792:	bd70      	pop	{r4, r5, r6, pc}
10005794:	f7ff fa60 	bl	10004c58 <tud_suspended>
10005798:	2800      	cmp	r0, #0
1000579a:	d101      	bne.n	100057a0 <_prep_out_transaction+0x28>
1000579c:	3001      	adds	r0, #1
1000579e:	e7f2      	b.n	10005786 <_prep_out_transaction+0xe>
100057a0:	2000      	movs	r0, #0
100057a2:	e7f0      	b.n	10005786 <_prep_out_transaction+0xe>
100057a4:	0025      	movs	r5, r4
100057a6:	3510      	adds	r5, #16
100057a8:	0028      	movs	r0, r5
100057aa:	f001 f920 	bl	100069ee <tu_fifo_remaining>
100057ae:	283f      	cmp	r0, #63	; 0x3f
100057b0:	d801      	bhi.n	100057b6 <_prep_out_transaction+0x3e>
100057b2:	2000      	movs	r0, #0
100057b4:	e7ed      	b.n	10005792 <_prep_out_transaction+0x1a>
100057b6:	78e1      	ldrb	r1, [r4, #3]
100057b8:	2000      	movs	r0, #0
100057ba:	f7ff fb41 	bl	10004e40 <usbd_edpt_claim>
100057be:	2800      	cmp	r0, #0
100057c0:	d0e7      	beq.n	10005792 <_prep_out_transaction+0x1a>
100057c2:	0028      	movs	r0, r5
100057c4:	f001 f913 	bl	100069ee <tu_fifo_remaining>
100057c8:	283f      	cmp	r0, #63	; 0x3f
100057ca:	d908      	bls.n	100057de <_prep_out_transaction+0x66>
100057cc:	2392      	movs	r3, #146	; 0x92
100057ce:	009b      	lsls	r3, r3, #2
100057d0:	18e2      	adds	r2, r4, r3
100057d2:	78e1      	ldrb	r1, [r4, #3]
100057d4:	2340      	movs	r3, #64	; 0x40
100057d6:	2000      	movs	r0, #0
100057d8:	f7ff fb5a 	bl	10004e90 <usbd_edpt_xfer>
100057dc:	e7d9      	b.n	10005792 <_prep_out_transaction+0x1a>
100057de:	78e1      	ldrb	r1, [r4, #3]
100057e0:	2000      	movs	r0, #0
100057e2:	f7ff fb41 	bl	10004e68 <usbd_edpt_release>
100057e6:	2000      	movs	r0, #0
100057e8:	e7d3      	b.n	10005792 <_prep_out_transaction+0x1a>
	...

100057ec <tud_cdc_n_connected>:
100057ec:	b510      	push	{r4, lr}
100057ee:	0004      	movs	r4, r0
100057f0:	f7ff fa2a 	bl	10004c48 <tud_mounted>
100057f4:	2800      	cmp	r0, #0
100057f6:	d10c      	bne.n	10005812 <tud_cdc_n_connected+0x26>
100057f8:	2200      	movs	r2, #0
100057fa:	2a00      	cmp	r2, #0
100057fc:	d011      	beq.n	10005822 <tud_cdc_n_connected+0x36>
100057fe:	23b2      	movs	r3, #178	; 0xb2
10005800:	009b      	lsls	r3, r3, #2
10005802:	4363      	muls	r3, r4
10005804:	4809      	ldr	r0, [pc, #36]	; (1000582c <tud_cdc_n_connected+0x40>)
10005806:	18c0      	adds	r0, r0, r3
10005808:	7903      	ldrb	r3, [r0, #4]
1000580a:	07db      	lsls	r3, r3, #31
1000580c:	d50b      	bpl.n	10005826 <tud_cdc_n_connected+0x3a>
1000580e:	2001      	movs	r0, #1
10005810:	e008      	b.n	10005824 <tud_cdc_n_connected+0x38>
10005812:	f7ff fa21 	bl	10004c58 <tud_suspended>
10005816:	2800      	cmp	r0, #0
10005818:	d101      	bne.n	1000581e <tud_cdc_n_connected+0x32>
1000581a:	2201      	movs	r2, #1
1000581c:	e7ed      	b.n	100057fa <tud_cdc_n_connected+0xe>
1000581e:	2200      	movs	r2, #0
10005820:	e7eb      	b.n	100057fa <tud_cdc_n_connected+0xe>
10005822:	2000      	movs	r0, #0
10005824:	bd10      	pop	{r4, pc}
10005826:	2000      	movs	r0, #0
10005828:	e7fc      	b.n	10005824 <tud_cdc_n_connected+0x38>
1000582a:	46c0      	nop			; (mov r8, r8)
1000582c:	2000171c 	.word	0x2000171c

10005830 <tud_cdc_n_available>:
10005830:	b510      	push	{r4, lr}
10005832:	23b2      	movs	r3, #178	; 0xb2
10005834:	009b      	lsls	r3, r3, #2
10005836:	4358      	muls	r0, r3
10005838:	3010      	adds	r0, #16
1000583a:	4b02      	ldr	r3, [pc, #8]	; (10005844 <tud_cdc_n_available+0x14>)
1000583c:	18c0      	adds	r0, r0, r3
1000583e:	f001 f8a5 	bl	1000698c <tu_fifo_count>
10005842:	bd10      	pop	{r4, pc}
10005844:	2000171c 	.word	0x2000171c

10005848 <tud_cdc_n_read>:
10005848:	b570      	push	{r4, r5, r6, lr}
1000584a:	23b2      	movs	r3, #178	; 0xb2
1000584c:	009b      	lsls	r3, r3, #2
1000584e:	4358      	muls	r0, r3
10005850:	4b08      	ldr	r3, [pc, #32]	; (10005874 <tud_cdc_n_read+0x2c>)
10005852:	18c5      	adds	r5, r0, r3
10005854:	3010      	adds	r0, #16
10005856:	18c0      	adds	r0, r0, r3
10005858:	4b07      	ldr	r3, [pc, #28]	; (10005878 <tud_cdc_n_read+0x30>)
1000585a:	429a      	cmp	r2, r3
1000585c:	d808      	bhi.n	10005870 <tud_cdc_n_read+0x28>
1000585e:	b292      	uxth	r2, r2
10005860:	f001 f8fc 	bl	10006a5c <tu_fifo_read_n>
10005864:	0004      	movs	r4, r0
10005866:	0028      	movs	r0, r5
10005868:	f7ff ff86 	bl	10005778 <_prep_out_transaction>
1000586c:	0020      	movs	r0, r4
1000586e:	bd70      	pop	{r4, r5, r6, pc}
10005870:	4a02      	ldr	r2, [pc, #8]	; (1000587c <tud_cdc_n_read+0x34>)
10005872:	e7f5      	b.n	10005860 <tud_cdc_n_read+0x18>
10005874:	2000171c 	.word	0x2000171c
10005878:	0000fffe 	.word	0x0000fffe
1000587c:	0000ffff 	.word	0x0000ffff

10005880 <tud_cdc_n_write_flush>:
10005880:	b570      	push	{r4, r5, r6, lr}
10005882:	0005      	movs	r5, r0
10005884:	f7ff f9e0 	bl	10004c48 <tud_mounted>
10005888:	2800      	cmp	r0, #0
1000588a:	d104      	bne.n	10005896 <tud_cdc_n_write_flush+0x16>
1000588c:	2300      	movs	r3, #0
1000588e:	2b00      	cmp	r3, #0
10005890:	d109      	bne.n	100058a6 <tud_cdc_n_write_flush+0x26>
10005892:	2000      	movs	r0, #0
10005894:	bd70      	pop	{r4, r5, r6, pc}
10005896:	f7ff f9df 	bl	10004c58 <tud_suspended>
1000589a:	2800      	cmp	r0, #0
1000589c:	d101      	bne.n	100058a2 <tud_cdc_n_write_flush+0x22>
1000589e:	2301      	movs	r3, #1
100058a0:	e7f5      	b.n	1000588e <tud_cdc_n_write_flush+0xe>
100058a2:	2300      	movs	r3, #0
100058a4:	e7f3      	b.n	1000588e <tud_cdc_n_write_flush+0xe>
100058a6:	24b2      	movs	r4, #178	; 0xb2
100058a8:	00a4      	lsls	r4, r4, #2
100058aa:	436c      	muls	r4, r5
100058ac:	3420      	adds	r4, #32
100058ae:	4b24      	ldr	r3, [pc, #144]	; (10005940 <tud_cdc_n_write_flush+0xc0>)
100058b0:	18e4      	adds	r4, r4, r3
100058b2:	3404      	adds	r4, #4
100058b4:	0020      	movs	r0, r4
100058b6:	f001 f869 	bl	1000698c <tu_fifo_count>
100058ba:	2800      	cmp	r0, #0
100058bc:	d101      	bne.n	100058c2 <tud_cdc_n_write_flush+0x42>
100058be:	2000      	movs	r0, #0
100058c0:	e7e8      	b.n	10005894 <tud_cdc_n_write_flush+0x14>
100058c2:	22b2      	movs	r2, #178	; 0xb2
100058c4:	0092      	lsls	r2, r2, #2
100058c6:	436a      	muls	r2, r5
100058c8:	4b1d      	ldr	r3, [pc, #116]	; (10005940 <tud_cdc_n_write_flush+0xc0>)
100058ca:	189b      	adds	r3, r3, r2
100058cc:	7899      	ldrb	r1, [r3, #2]
100058ce:	2000      	movs	r0, #0
100058d0:	f7ff fab6 	bl	10004e40 <usbd_edpt_claim>
100058d4:	2800      	cmp	r0, #0
100058d6:	d101      	bne.n	100058dc <tud_cdc_n_write_flush+0x5c>
100058d8:	2000      	movs	r0, #0
100058da:	e7db      	b.n	10005894 <tud_cdc_n_write_flush+0x14>
100058dc:	26b2      	movs	r6, #178	; 0xb2
100058de:	00b6      	lsls	r6, r6, #2
100058e0:	436e      	muls	r6, r5
100058e2:	23a2      	movs	r3, #162	; 0xa2
100058e4:	009b      	lsls	r3, r3, #2
100058e6:	469c      	mov	ip, r3
100058e8:	4466      	add	r6, ip
100058ea:	4b15      	ldr	r3, [pc, #84]	; (10005940 <tud_cdc_n_write_flush+0xc0>)
100058ec:	18f6      	adds	r6, r6, r3
100058ee:	2240      	movs	r2, #64	; 0x40
100058f0:	0031      	movs	r1, r6
100058f2:	0020      	movs	r0, r4
100058f4:	f001 f8b2 	bl	10006a5c <tu_fifo_read_n>
100058f8:	1e04      	subs	r4, r0, #0
100058fa:	d015      	beq.n	10005928 <tud_cdc_n_write_flush+0xa8>
100058fc:	20b2      	movs	r0, #178	; 0xb2
100058fe:	0080      	lsls	r0, r0, #2
10005900:	4368      	muls	r0, r5
10005902:	4d0f      	ldr	r5, [pc, #60]	; (10005940 <tud_cdc_n_write_flush+0xc0>)
10005904:	182d      	adds	r5, r5, r0
10005906:	78a9      	ldrb	r1, [r5, #2]
10005908:	0023      	movs	r3, r4
1000590a:	0032      	movs	r2, r6
1000590c:	2000      	movs	r0, #0
1000590e:	f7ff fabf 	bl	10004e90 <usbd_edpt_xfer>
10005912:	2800      	cmp	r0, #0
10005914:	d001      	beq.n	1000591a <tud_cdc_n_write_flush+0x9a>
10005916:	0020      	movs	r0, r4
10005918:	e7bc      	b.n	10005894 <tud_cdc_n_write_flush+0x14>
1000591a:	22cd      	movs	r2, #205	; 0xcd
1000591c:	4909      	ldr	r1, [pc, #36]	; (10005944 <tud_cdc_n_write_flush+0xc4>)
1000591e:	480a      	ldr	r0, [pc, #40]	; (10005948 <tud_cdc_n_write_flush+0xc8>)
10005920:	f7fe fa9c 	bl	10003e5c <__wrap_printf>
10005924:	2000      	movs	r0, #0
10005926:	e7b5      	b.n	10005894 <tud_cdc_n_write_flush+0x14>
10005928:	20b2      	movs	r0, #178	; 0xb2
1000592a:	0080      	lsls	r0, r0, #2
1000592c:	4368      	muls	r0, r5
1000592e:	4d04      	ldr	r5, [pc, #16]	; (10005940 <tud_cdc_n_write_flush+0xc0>)
10005930:	182d      	adds	r5, r5, r0
10005932:	78a9      	ldrb	r1, [r5, #2]
10005934:	2000      	movs	r0, #0
10005936:	f7ff fa97 	bl	10004e68 <usbd_edpt_release>
1000593a:	2000      	movs	r0, #0
1000593c:	e7aa      	b.n	10005894 <tud_cdc_n_write_flush+0x14>
1000593e:	46c0      	nop			; (mov r8, r8)
10005940:	2000171c 	.word	0x2000171c
10005944:	10008cb4 	.word	0x10008cb4
10005948:	10008ab8 	.word	0x10008ab8

1000594c <tud_cdc_n_write>:
1000594c:	b570      	push	{r4, r5, r6, lr}
1000594e:	0005      	movs	r5, r0
10005950:	24b2      	movs	r4, #178	; 0xb2
10005952:	00a4      	lsls	r4, r4, #2
10005954:	4344      	muls	r4, r0
10005956:	3420      	adds	r4, #32
10005958:	4b0b      	ldr	r3, [pc, #44]	; (10005988 <tud_cdc_n_write+0x3c>)
1000595a:	18e4      	adds	r4, r4, r3
1000595c:	3404      	adds	r4, #4
1000595e:	4b0b      	ldr	r3, [pc, #44]	; (1000598c <tud_cdc_n_write+0x40>)
10005960:	429a      	cmp	r2, r3
10005962:	d80b      	bhi.n	1000597c <tud_cdc_n_write+0x30>
10005964:	b292      	uxth	r2, r2
10005966:	0020      	movs	r0, r4
10005968:	f001 f8af 	bl	10006aca <tu_fifo_write_n>
1000596c:	0006      	movs	r6, r0
1000596e:	0020      	movs	r0, r4
10005970:	f001 f80c 	bl	1000698c <tu_fifo_count>
10005974:	283f      	cmp	r0, #63	; 0x3f
10005976:	d803      	bhi.n	10005980 <tud_cdc_n_write+0x34>
10005978:	0030      	movs	r0, r6
1000597a:	bd70      	pop	{r4, r5, r6, pc}
1000597c:	4a04      	ldr	r2, [pc, #16]	; (10005990 <tud_cdc_n_write+0x44>)
1000597e:	e7f2      	b.n	10005966 <tud_cdc_n_write+0x1a>
10005980:	0028      	movs	r0, r5
10005982:	f7ff ff7d 	bl	10005880 <tud_cdc_n_write_flush>
10005986:	e7f7      	b.n	10005978 <tud_cdc_n_write+0x2c>
10005988:	2000171c 	.word	0x2000171c
1000598c:	0000fffe 	.word	0x0000fffe
10005990:	0000ffff 	.word	0x0000ffff

10005994 <tud_cdc_n_write_available>:
10005994:	b510      	push	{r4, lr}
10005996:	23b2      	movs	r3, #178	; 0xb2
10005998:	009b      	lsls	r3, r3, #2
1000599a:	4358      	muls	r0, r3
1000599c:	3020      	adds	r0, #32
1000599e:	4b03      	ldr	r3, [pc, #12]	; (100059ac <tud_cdc_n_write_available+0x18>)
100059a0:	18c0      	adds	r0, r0, r3
100059a2:	3004      	adds	r0, #4
100059a4:	f001 f823 	bl	100069ee <tu_fifo_remaining>
100059a8:	bd10      	pop	{r4, pc}
100059aa:	46c0      	nop			; (mov r8, r8)
100059ac:	2000171c 	.word	0x2000171c

100059b0 <cdcd_init>:
100059b0:	b5f0      	push	{r4, r5, r6, r7, lr}
100059b2:	46ce      	mov	lr, r9
100059b4:	4647      	mov	r7, r8
100059b6:	b580      	push	{r7, lr}
100059b8:	b083      	sub	sp, #12
100059ba:	22b2      	movs	r2, #178	; 0xb2
100059bc:	0092      	lsls	r2, r2, #2
100059be:	2100      	movs	r1, #0
100059c0:	4829      	ldr	r0, [pc, #164]	; (10005a68 <cdcd_init+0xb8>)
100059c2:	f7fc fff1 	bl	100029a8 <__wrap_memset>
100059c6:	4b29      	ldr	r3, [pc, #164]	; (10005a6c <cdcd_init+0xbc>)
100059c8:	2200      	movs	r2, #0
100059ca:	701a      	strb	r2, [r3, #0]
100059cc:	2600      	movs	r6, #0
100059ce:	2e00      	cmp	r6, #0
100059d0:	d004      	beq.n	100059dc <cdcd_init+0x2c>
100059d2:	b003      	add	sp, #12
100059d4:	bcc0      	pop	{r6, r7}
100059d6:	46b9      	mov	r9, r7
100059d8:	46b0      	mov	r8, r6
100059da:	bdf0      	pop	{r4, r5, r6, r7, pc}
100059dc:	4f22      	ldr	r7, [pc, #136]	; (10005a68 <cdcd_init+0xb8>)
100059de:	24b2      	movs	r4, #178	; 0xb2
100059e0:	00a4      	lsls	r4, r4, #2
100059e2:	4374      	muls	r4, r6
100059e4:	193d      	adds	r5, r7, r4
100059e6:	23ff      	movs	r3, #255	; 0xff
100059e8:	716b      	strb	r3, [r5, #5]
100059ea:	23e1      	movs	r3, #225	; 0xe1
100059ec:	025b      	lsls	r3, r3, #9
100059ee:	60ab      	str	r3, [r5, #8]
100059f0:	2300      	movs	r3, #0
100059f2:	4698      	mov	r8, r3
100059f4:	732b      	strb	r3, [r5, #12]
100059f6:	736b      	strb	r3, [r5, #13]
100059f8:	3308      	adds	r3, #8
100059fa:	73ab      	strb	r3, [r5, #14]
100059fc:	0021      	movs	r1, r4
100059fe:	3138      	adds	r1, #56	; 0x38
10005a00:	19c9      	adds	r1, r1, r7
10005a02:	33f8      	adds	r3, #248	; 0xf8
10005a04:	4699      	mov	r9, r3
10005a06:	0020      	movs	r0, r4
10005a08:	3010      	adds	r0, #16
10005a0a:	19c0      	adds	r0, r0, r7
10005a0c:	4643      	mov	r3, r8
10005a0e:	9300      	str	r3, [sp, #0]
10005a10:	3301      	adds	r3, #1
10005a12:	464a      	mov	r2, r9
10005a14:	f000 ff7c 	bl	10006910 <tu_fifo_config>
10005a18:	0021      	movs	r1, r4
10005a1a:	3139      	adds	r1, #57	; 0x39
10005a1c:	31ff      	adds	r1, #255	; 0xff
10005a1e:	19c9      	adds	r1, r1, r7
10005a20:	0020      	movs	r0, r4
10005a22:	3020      	adds	r0, #32
10005a24:	19c0      	adds	r0, r0, r7
10005a26:	3004      	adds	r0, #4
10005a28:	2301      	movs	r3, #1
10005a2a:	9300      	str	r3, [sp, #0]
10005a2c:	464a      	mov	r2, r9
10005a2e:	f000 ff6f 	bl	10006910 <tu_fifo_config>
10005a32:	238e      	movs	r3, #142	; 0x8e
10005a34:	009b      	lsls	r3, r3, #2
10005a36:	18e3      	adds	r3, r4, r3
10005a38:	4699      	mov	r9, r3
10005a3a:	44b9      	add	r9, r7
10005a3c:	4648      	mov	r0, r9
10005a3e:	f7fb f86b 	bl	10000b18 <mutex_init>
10005a42:	2390      	movs	r3, #144	; 0x90
10005a44:	009b      	lsls	r3, r3, #2
10005a46:	469c      	mov	ip, r3
10005a48:	4464      	add	r4, ip
10005a4a:	19e4      	adds	r4, r4, r7
10005a4c:	0020      	movs	r0, r4
10005a4e:	f7fb f863 	bl	10000b18 <mutex_init>
10005a52:	4643      	mov	r3, r8
10005a54:	61eb      	str	r3, [r5, #28]
10005a56:	464b      	mov	r3, r9
10005a58:	622b      	str	r3, [r5, #32]
10005a5a:	632c      	str	r4, [r5, #48]	; 0x30
10005a5c:	4643      	mov	r3, r8
10005a5e:	636b      	str	r3, [r5, #52]	; 0x34
10005a60:	3601      	adds	r6, #1
10005a62:	b2f6      	uxtb	r6, r6
10005a64:	e7b3      	b.n	100059ce <cdcd_init+0x1e>
10005a66:	46c0      	nop			; (mov r8, r8)
10005a68:	2000171c 	.word	0x2000171c
10005a6c:	20001718 	.word	0x20001718

10005a70 <cdcd_deinit>:
10005a70:	b510      	push	{r4, lr}
10005a72:	2300      	movs	r3, #0
10005a74:	2b00      	cmp	r3, #0
10005a76:	d001      	beq.n	10005a7c <cdcd_deinit+0xc>
10005a78:	2001      	movs	r0, #1
10005a7a:	bd10      	pop	{r4, pc}
10005a7c:	0018      	movs	r0, r3
10005a7e:	21b2      	movs	r1, #178	; 0xb2
10005a80:	0089      	lsls	r1, r1, #2
10005a82:	4359      	muls	r1, r3
10005a84:	4a0d      	ldr	r2, [pc, #52]	; (10005abc <cdcd_deinit+0x4c>)
10005a86:	1852      	adds	r2, r2, r1
10005a88:	6a11      	ldr	r1, [r2, #32]
10005a8a:	6b14      	ldr	r4, [r2, #48]	; 0x30
10005a8c:	2900      	cmp	r1, #0
10005a8e:	d007      	beq.n	10005aa0 <cdcd_deinit+0x30>
10005a90:	22b2      	movs	r2, #178	; 0xb2
10005a92:	0092      	lsls	r2, r2, #2
10005a94:	435a      	muls	r2, r3
10005a96:	4909      	ldr	r1, [pc, #36]	; (10005abc <cdcd_deinit+0x4c>)
10005a98:	1889      	adds	r1, r1, r2
10005a9a:	2200      	movs	r2, #0
10005a9c:	61ca      	str	r2, [r1, #28]
10005a9e:	620a      	str	r2, [r1, #32]
10005aa0:	2c00      	cmp	r4, #0
10005aa2:	d007      	beq.n	10005ab4 <cdcd_deinit+0x44>
10005aa4:	22b2      	movs	r2, #178	; 0xb2
10005aa6:	0092      	lsls	r2, r2, #2
10005aa8:	4350      	muls	r0, r2
10005aaa:	4a04      	ldr	r2, [pc, #16]	; (10005abc <cdcd_deinit+0x4c>)
10005aac:	1812      	adds	r2, r2, r0
10005aae:	2100      	movs	r1, #0
10005ab0:	6311      	str	r1, [r2, #48]	; 0x30
10005ab2:	6351      	str	r1, [r2, #52]	; 0x34
10005ab4:	3301      	adds	r3, #1
10005ab6:	b2db      	uxtb	r3, r3
10005ab8:	e7dc      	b.n	10005a74 <cdcd_deinit+0x4>
10005aba:	46c0      	nop			; (mov r8, r8)
10005abc:	2000171c 	.word	0x2000171c

10005ac0 <cdcd_reset>:
10005ac0:	b570      	push	{r4, r5, r6, lr}
10005ac2:	2400      	movs	r4, #0
10005ac4:	2c00      	cmp	r4, #0
10005ac6:	d000      	beq.n	10005aca <cdcd_reset+0xa>
10005ac8:	bd70      	pop	{r4, r5, r6, pc}
10005aca:	0025      	movs	r5, r4
10005acc:	20b2      	movs	r0, #178	; 0xb2
10005ace:	0080      	lsls	r0, r0, #2
10005ad0:	4360      	muls	r0, r4
10005ad2:	4b17      	ldr	r3, [pc, #92]	; (10005b30 <cdcd_reset+0x70>)
10005ad4:	18c0      	adds	r0, r0, r3
10005ad6:	2205      	movs	r2, #5
10005ad8:	2100      	movs	r1, #0
10005ada:	f7fc ff65 	bl	100029a8 <__wrap_memset>
10005ade:	4b15      	ldr	r3, [pc, #84]	; (10005b34 <cdcd_reset+0x74>)
10005ae0:	781b      	ldrb	r3, [r3, #0]
10005ae2:	07db      	lsls	r3, r3, #31
10005ae4:	d510      	bpl.n	10005b08 <cdcd_reset+0x48>
10005ae6:	4b13      	ldr	r3, [pc, #76]	; (10005b34 <cdcd_reset+0x74>)
10005ae8:	781b      	ldrb	r3, [r3, #0]
10005aea:	079b      	lsls	r3, r3, #30
10005aec:	d515      	bpl.n	10005b1a <cdcd_reset+0x5a>
10005aee:	20b2      	movs	r0, #178	; 0xb2
10005af0:	0080      	lsls	r0, r0, #2
10005af2:	4368      	muls	r0, r5
10005af4:	3020      	adds	r0, #32
10005af6:	4b0e      	ldr	r3, [pc, #56]	; (10005b30 <cdcd_reset+0x70>)
10005af8:	18c0      	adds	r0, r0, r3
10005afa:	3004      	adds	r0, #4
10005afc:	2101      	movs	r1, #1
10005afe:	f001 f808 	bl	10006b12 <tu_fifo_set_overwritable>
10005b02:	3401      	adds	r4, #1
10005b04:	b2e4      	uxtb	r4, r4
10005b06:	e7dd      	b.n	10005ac4 <cdcd_reset+0x4>
10005b08:	20b2      	movs	r0, #178	; 0xb2
10005b0a:	0080      	lsls	r0, r0, #2
10005b0c:	4360      	muls	r0, r4
10005b0e:	3010      	adds	r0, #16
10005b10:	4b07      	ldr	r3, [pc, #28]	; (10005b30 <cdcd_reset+0x70>)
10005b12:	18c0      	adds	r0, r0, r3
10005b14:	f000 ffde 	bl	10006ad4 <tu_fifo_clear>
10005b18:	e7e5      	b.n	10005ae6 <cdcd_reset+0x26>
10005b1a:	20b2      	movs	r0, #178	; 0xb2
10005b1c:	0080      	lsls	r0, r0, #2
10005b1e:	4368      	muls	r0, r5
10005b20:	3020      	adds	r0, #32
10005b22:	4b03      	ldr	r3, [pc, #12]	; (10005b30 <cdcd_reset+0x70>)
10005b24:	18c0      	adds	r0, r0, r3
10005b26:	3004      	adds	r0, #4
10005b28:	f000 ffd4 	bl	10006ad4 <tu_fifo_clear>
10005b2c:	e7df      	b.n	10005aee <cdcd_reset+0x2e>
10005b2e:	46c0      	nop			; (mov r8, r8)
10005b30:	2000171c 	.word	0x2000171c
10005b34:	20001718 	.word	0x20001718

10005b38 <cdcd_open>:
10005b38:	b5f0      	push	{r4, r5, r6, r7, lr}
10005b3a:	b083      	sub	sp, #12
10005b3c:	0006      	movs	r6, r0
10005b3e:	794b      	ldrb	r3, [r1, #5]
10005b40:	2b02      	cmp	r3, #2
10005b42:	d168      	bne.n	10005c16 <cdcd_open+0xde>
10005b44:	798b      	ldrb	r3, [r1, #6]
10005b46:	2b02      	cmp	r3, #2
10005b48:	d169      	bne.n	10005c1e <cdcd_open+0xe6>
10005b4a:	2300      	movs	r3, #0
10005b4c:	2b00      	cmp	r3, #0
10005b4e:	d008      	beq.n	10005b62 <cdcd_open+0x2a>
10005b50:	2700      	movs	r7, #0
10005b52:	2f00      	cmp	r7, #0
10005b54:	d013      	beq.n	10005b7e <cdcd_open+0x46>
10005b56:	788b      	ldrb	r3, [r1, #2]
10005b58:	703b      	strb	r3, [r7, #0]
10005b5a:	780c      	ldrb	r4, [r1, #0]
10005b5c:	190c      	adds	r4, r1, r4
10005b5e:	2509      	movs	r5, #9
10005b60:	e019      	b.n	10005b96 <cdcd_open+0x5e>
10005b62:	24b2      	movs	r4, #178	; 0xb2
10005b64:	00a4      	lsls	r4, r4, #2
10005b66:	435c      	muls	r4, r3
10005b68:	482e      	ldr	r0, [pc, #184]	; (10005c24 <cdcd_open+0xec>)
10005b6a:	1900      	adds	r0, r0, r4
10005b6c:	7880      	ldrb	r0, [r0, #2]
10005b6e:	2800      	cmp	r0, #0
10005b70:	d002      	beq.n	10005b78 <cdcd_open+0x40>
10005b72:	3301      	adds	r3, #1
10005b74:	b2db      	uxtb	r3, r3
10005b76:	e7e9      	b.n	10005b4c <cdcd_open+0x14>
10005b78:	4f2a      	ldr	r7, [pc, #168]	; (10005c24 <cdcd_open+0xec>)
10005b7a:	19e7      	adds	r7, r4, r7
10005b7c:	e7e9      	b.n	10005b52 <cdcd_open+0x1a>
10005b7e:	229a      	movs	r2, #154	; 0x9a
10005b80:	0052      	lsls	r2, r2, #1
10005b82:	4929      	ldr	r1, [pc, #164]	; (10005c28 <cdcd_open+0xf0>)
10005b84:	4829      	ldr	r0, [pc, #164]	; (10005c2c <cdcd_open+0xf4>)
10005b86:	f7fe f969 	bl	10003e5c <__wrap_printf>
10005b8a:	2500      	movs	r5, #0
10005b8c:	e044      	b.n	10005c18 <cdcd_open+0xe0>
10005b8e:	7821      	ldrb	r1, [r4, #0]
10005b90:	194d      	adds	r5, r1, r5
10005b92:	b2ad      	uxth	r5, r5
10005b94:	1864      	adds	r4, r4, r1
10005b96:	7863      	ldrb	r3, [r4, #1]
10005b98:	2b24      	cmp	r3, #36	; 0x24
10005b9a:	d101      	bne.n	10005ba0 <cdcd_open+0x68>
10005b9c:	4295      	cmp	r5, r2
10005b9e:	d9f6      	bls.n	10005b8e <cdcd_open+0x56>
10005ba0:	2b05      	cmp	r3, #5
10005ba2:	d009      	beq.n	10005bb8 <cdcd_open+0x80>
10005ba4:	7863      	ldrb	r3, [r4, #1]
10005ba6:	2b04      	cmp	r3, #4
10005ba8:	d102      	bne.n	10005bb0 <cdcd_open+0x78>
10005baa:	7963      	ldrb	r3, [r4, #5]
10005bac:	2b0a      	cmp	r3, #10
10005bae:	d018      	beq.n	10005be2 <cdcd_open+0xaa>
10005bb0:	0038      	movs	r0, r7
10005bb2:	f7ff fde1 	bl	10005778 <_prep_out_transaction>
10005bb6:	e02f      	b.n	10005c18 <cdcd_open+0xe0>
10005bb8:	0021      	movs	r1, r4
10005bba:	0030      	movs	r0, r6
10005bbc:	f7ff f8cc 	bl	10004d58 <usbd_edpt_open>
10005bc0:	2800      	cmp	r0, #0
10005bc2:	d006      	beq.n	10005bd2 <cdcd_open+0x9a>
10005bc4:	78a3      	ldrb	r3, [r4, #2]
10005bc6:	707b      	strb	r3, [r7, #1]
10005bc8:	7822      	ldrb	r2, [r4, #0]
10005bca:	1955      	adds	r5, r2, r5
10005bcc:	b2ad      	uxth	r5, r5
10005bce:	18a4      	adds	r4, r4, r2
10005bd0:	e7e8      	b.n	10005ba4 <cdcd_open+0x6c>
10005bd2:	22a3      	movs	r2, #163	; 0xa3
10005bd4:	0052      	lsls	r2, r2, #1
10005bd6:	4914      	ldr	r1, [pc, #80]	; (10005c28 <cdcd_open+0xf0>)
10005bd8:	4814      	ldr	r0, [pc, #80]	; (10005c2c <cdcd_open+0xf4>)
10005bda:	f7fe f93f 	bl	10003e5c <__wrap_printf>
10005bde:	2500      	movs	r5, #0
10005be0:	e01a      	b.n	10005c18 <cdcd_open+0xe0>
10005be2:	7821      	ldrb	r1, [r4, #0]
10005be4:	194d      	adds	r5, r1, r5
10005be6:	b2ad      	uxth	r5, r5
10005be8:	1861      	adds	r1, r4, r1
10005bea:	1cbb      	adds	r3, r7, #2
10005bec:	9301      	str	r3, [sp, #4]
10005bee:	1cfb      	adds	r3, r7, #3
10005bf0:	9300      	str	r3, [sp, #0]
10005bf2:	2302      	movs	r3, #2
10005bf4:	2202      	movs	r2, #2
10005bf6:	0030      	movs	r0, r6
10005bf8:	f7ff f8de 	bl	10004db8 <usbd_open_edpt_pair>
10005bfc:	2800      	cmp	r0, #0
10005bfe:	d002      	beq.n	10005c06 <cdcd_open+0xce>
10005c00:	350e      	adds	r5, #14
10005c02:	b2ad      	uxth	r5, r5
10005c04:	e7d4      	b.n	10005bb0 <cdcd_open+0x78>
10005c06:	2256      	movs	r2, #86	; 0x56
10005c08:	32ff      	adds	r2, #255	; 0xff
10005c0a:	4907      	ldr	r1, [pc, #28]	; (10005c28 <cdcd_open+0xf0>)
10005c0c:	4807      	ldr	r0, [pc, #28]	; (10005c2c <cdcd_open+0xf4>)
10005c0e:	f7fe f925 	bl	10003e5c <__wrap_printf>
10005c12:	2500      	movs	r5, #0
10005c14:	e000      	b.n	10005c18 <cdcd_open+0xe0>
10005c16:	2500      	movs	r5, #0
10005c18:	0028      	movs	r0, r5
10005c1a:	b003      	add	sp, #12
10005c1c:	bdf0      	pop	{r4, r5, r6, r7, pc}
10005c1e:	2500      	movs	r5, #0
10005c20:	e7fa      	b.n	10005c18 <cdcd_open+0xe0>
10005c22:	46c0      	nop			; (mov r8, r8)
10005c24:	2000171c 	.word	0x2000171c
10005c28:	10008ca8 	.word	0x10008ca8
10005c2c:	10008ab8 	.word	0x10008ab8

10005c30 <cdcd_control_xfer_cb>:
10005c30:	b5f8      	push	{r3, r4, r5, r6, r7, lr}
10005c32:	0014      	movs	r4, r2
10005c34:	7812      	ldrb	r2, [r2, #0]
10005c36:	2360      	movs	r3, #96	; 0x60
10005c38:	4013      	ands	r3, r2
10005c3a:	2b20      	cmp	r3, #32
10005c3c:	d000      	beq.n	10005c40 <cdcd_control_xfer_cb+0x10>
10005c3e:	e080      	b.n	10005d42 <cdcd_control_xfer_cb+0x112>
10005c40:	4a45      	ldr	r2, [pc, #276]	; (10005d58 <cdcd_control_xfer_cb+0x128>)
10005c42:	2500      	movs	r5, #0
10005c44:	2d00      	cmp	r5, #0
10005c46:	d000      	beq.n	10005c4a <cdcd_control_xfer_cb+0x1a>
10005c48:	e07d      	b.n	10005d46 <cdcd_control_xfer_cb+0x116>
10005c4a:	7816      	ldrb	r6, [r2, #0]
10005c4c:	7927      	ldrb	r7, [r4, #4]
10005c4e:	7963      	ldrb	r3, [r4, #5]
10005c50:	021b      	lsls	r3, r3, #8
10005c52:	433b      	orrs	r3, r7
10005c54:	429e      	cmp	r6, r3
10005c56:	d006      	beq.n	10005c66 <cdcd_control_xfer_cb+0x36>
10005c58:	3501      	adds	r5, #1
10005c5a:	b2ed      	uxtb	r5, r5
10005c5c:	23b2      	movs	r3, #178	; 0xb2
10005c5e:	009b      	lsls	r3, r3, #2
10005c60:	469c      	mov	ip, r3
10005c62:	4462      	add	r2, ip
10005c64:	e7ee      	b.n	10005c44 <cdcd_control_xfer_cb+0x14>
10005c66:	7863      	ldrb	r3, [r4, #1]
10005c68:	2b22      	cmp	r3, #34	; 0x22
10005c6a:	d032      	beq.n	10005cd2 <cdcd_control_xfer_cb+0xa2>
10005c6c:	d809      	bhi.n	10005c82 <cdcd_control_xfer_cb+0x52>
10005c6e:	2b20      	cmp	r3, #32
10005c70:	d011      	beq.n	10005c96 <cdcd_control_xfer_cb+0x66>
10005c72:	2b21      	cmp	r3, #33	; 0x21
10005c74:	d103      	bne.n	10005c7e <cdcd_control_xfer_cb+0x4e>
10005c76:	2901      	cmp	r1, #1
10005c78:	d024      	beq.n	10005cc4 <cdcd_control_xfer_cb+0x94>
10005c7a:	2001      	movs	r0, #1
10005c7c:	e062      	b.n	10005d44 <cdcd_control_xfer_cb+0x114>
10005c7e:	2000      	movs	r0, #0
10005c80:	e060      	b.n	10005d44 <cdcd_control_xfer_cb+0x114>
10005c82:	2b23      	cmp	r3, #35	; 0x23
10005c84:	d105      	bne.n	10005c92 <cdcd_control_xfer_cb+0x62>
10005c86:	2901      	cmp	r1, #1
10005c88:	d04a      	beq.n	10005d20 <cdcd_control_xfer_cb+0xf0>
10005c8a:	2903      	cmp	r1, #3
10005c8c:	d04d      	beq.n	10005d2a <cdcd_control_xfer_cb+0xfa>
10005c8e:	2001      	movs	r0, #1
10005c90:	e058      	b.n	10005d44 <cdcd_control_xfer_cb+0x114>
10005c92:	2000      	movs	r0, #0
10005c94:	e056      	b.n	10005d44 <cdcd_control_xfer_cb+0x114>
10005c96:	2901      	cmp	r1, #1
10005c98:	d003      	beq.n	10005ca2 <cdcd_control_xfer_cb+0x72>
10005c9a:	2903      	cmp	r1, #3
10005c9c:	d008      	beq.n	10005cb0 <cdcd_control_xfer_cb+0x80>
10005c9e:	2001      	movs	r0, #1
10005ca0:	e050      	b.n	10005d44 <cdcd_control_xfer_cb+0x114>
10005ca2:	3208      	adds	r2, #8
10005ca4:	2307      	movs	r3, #7
10005ca6:	0021      	movs	r1, r4
10005ca8:	f7ff fc7a 	bl	100055a0 <tud_control_xfer>
10005cac:	2001      	movs	r0, #1
10005cae:	e049      	b.n	10005d44 <cdcd_control_xfer_cb+0x114>
10005cb0:	4b2a      	ldr	r3, [pc, #168]	; (10005d5c <cdcd_control_xfer_cb+0x12c>)
10005cb2:	2b00      	cmp	r3, #0
10005cb4:	d049      	beq.n	10005d4a <cdcd_control_xfer_cb+0x11a>
10005cb6:	3208      	adds	r2, #8
10005cb8:	0011      	movs	r1, r2
10005cba:	0028      	movs	r0, r5
10005cbc:	f7fe f954 	bl	10003f68 <tud_cdc_line_coding_cb>
10005cc0:	2001      	movs	r0, #1
10005cc2:	e03f      	b.n	10005d44 <cdcd_control_xfer_cb+0x114>
10005cc4:	3208      	adds	r2, #8
10005cc6:	2307      	movs	r3, #7
10005cc8:	0021      	movs	r1, r4
10005cca:	f7ff fc69 	bl	100055a0 <tud_control_xfer>
10005cce:	2001      	movs	r0, #1
10005cd0:	e038      	b.n	10005d44 <cdcd_control_xfer_cb+0x114>
10005cd2:	2901      	cmp	r1, #1
10005cd4:	d003      	beq.n	10005cde <cdcd_control_xfer_cb+0xae>
10005cd6:	2903      	cmp	r1, #3
10005cd8:	d006      	beq.n	10005ce8 <cdcd_control_xfer_cb+0xb8>
10005cda:	2001      	movs	r0, #1
10005cdc:	e032      	b.n	10005d44 <cdcd_control_xfer_cb+0x114>
10005cde:	0021      	movs	r1, r4
10005ce0:	f7ff fc42 	bl	10005568 <tud_control_status>
10005ce4:	2001      	movs	r0, #1
10005ce6:	e02d      	b.n	10005d44 <cdcd_control_xfer_cb+0x114>
10005ce8:	78a1      	ldrb	r1, [r4, #2]
10005cea:	78e3      	ldrb	r3, [r4, #3]
10005cec:	021b      	lsls	r3, r3, #8
10005cee:	430b      	orrs	r3, r1
10005cf0:	2001      	movs	r0, #1
10005cf2:	0019      	movs	r1, r3
10005cf4:	4001      	ands	r1, r0
10005cf6:	000e      	movs	r6, r1
10005cf8:	085c      	lsrs	r4, r3, #1
10005cfa:	4004      	ands	r4, r0
10005cfc:	7113      	strb	r3, [r2, #4]
10005cfe:	424b      	negs	r3, r1
10005d00:	4159      	adcs	r1, r3
10005d02:	b2c9      	uxtb	r1, r1
10005d04:	3224      	adds	r2, #36	; 0x24
10005d06:	0010      	movs	r0, r2
10005d08:	f000 ff03 	bl	10006b12 <tu_fifo_set_overwritable>
10005d0c:	4b14      	ldr	r3, [pc, #80]	; (10005d60 <cdcd_control_xfer_cb+0x130>)
10005d0e:	2b00      	cmp	r3, #0
10005d10:	d01d      	beq.n	10005d4e <cdcd_control_xfer_cb+0x11e>
10005d12:	0022      	movs	r2, r4
10005d14:	0031      	movs	r1, r6
10005d16:	0028      	movs	r0, r5
10005d18:	e000      	b.n	10005d1c <cdcd_control_xfer_cb+0xec>
10005d1a:	bf00      	nop
10005d1c:	2001      	movs	r0, #1
10005d1e:	e011      	b.n	10005d44 <cdcd_control_xfer_cb+0x114>
10005d20:	0021      	movs	r1, r4
10005d22:	f7ff fc21 	bl	10005568 <tud_control_status>
10005d26:	2001      	movs	r0, #1
10005d28:	e00c      	b.n	10005d44 <cdcd_control_xfer_cb+0x114>
10005d2a:	4b0e      	ldr	r3, [pc, #56]	; (10005d64 <cdcd_control_xfer_cb+0x134>)
10005d2c:	2b00      	cmp	r3, #0
10005d2e:	d010      	beq.n	10005d52 <cdcd_control_xfer_cb+0x122>
10005d30:	78a3      	ldrb	r3, [r4, #2]
10005d32:	78e1      	ldrb	r1, [r4, #3]
10005d34:	0209      	lsls	r1, r1, #8
10005d36:	4319      	orrs	r1, r3
10005d38:	0028      	movs	r0, r5
10005d3a:	e000      	b.n	10005d3e <cdcd_control_xfer_cb+0x10e>
10005d3c:	bf00      	nop
10005d3e:	2001      	movs	r0, #1
10005d40:	e000      	b.n	10005d44 <cdcd_control_xfer_cb+0x114>
10005d42:	2000      	movs	r0, #0
10005d44:	bdf8      	pop	{r3, r4, r5, r6, r7, pc}
10005d46:	2000      	movs	r0, #0
10005d48:	e7fc      	b.n	10005d44 <cdcd_control_xfer_cb+0x114>
10005d4a:	2001      	movs	r0, #1
10005d4c:	e7fa      	b.n	10005d44 <cdcd_control_xfer_cb+0x114>
10005d4e:	2001      	movs	r0, #1
10005d50:	e7f8      	b.n	10005d44 <cdcd_control_xfer_cb+0x114>
10005d52:	2001      	movs	r0, #1
10005d54:	e7f6      	b.n	10005d44 <cdcd_control_xfer_cb+0x114>
10005d56:	46c0      	nop			; (mov r8, r8)
10005d58:	2000171c 	.word	0x2000171c
10005d5c:	10003f69 	.word	0x10003f69
	...

10005d68 <cdcd_xfer_cb>:
10005d68:	b5f0      	push	{r4, r5, r6, r7, lr}
10005d6a:	46d6      	mov	lr, sl
10005d6c:	b500      	push	{lr}
10005d6e:	b082      	sub	sp, #8
10005d70:	9001      	str	r0, [sp, #4]
10005d72:	000f      	movs	r7, r1
10005d74:	9300      	str	r3, [sp, #0]
10005d76:	2400      	movs	r4, #0
10005d78:	2c00      	cmp	r4, #0
10005d7a:	d00d      	beq.n	10005d98 <cdcd_xfer_cb+0x30>
10005d7c:	2c00      	cmp	r4, #0
10005d7e:	d119      	bne.n	10005db4 <cdcd_xfer_cb+0x4c>
10005d80:	78eb      	ldrb	r3, [r5, #3]
10005d82:	42bb      	cmp	r3, r7
10005d84:	d01e      	beq.n	10005dc4 <cdcd_xfer_cb+0x5c>
10005d86:	78ab      	ldrb	r3, [r5, #2]
10005d88:	42bb      	cmp	r3, r7
10005d8a:	d055      	beq.n	10005e38 <cdcd_xfer_cb+0xd0>
10005d8c:	2401      	movs	r4, #1
10005d8e:	0020      	movs	r0, r4
10005d90:	b002      	add	sp, #8
10005d92:	bc80      	pop	{r7}
10005d94:	46ba      	mov	sl, r7
10005d96:	bdf0      	pop	{r4, r5, r6, r7, pc}
10005d98:	25b2      	movs	r5, #178	; 0xb2
10005d9a:	00ad      	lsls	r5, r5, #2
10005d9c:	4365      	muls	r5, r4
10005d9e:	4b3d      	ldr	r3, [pc, #244]	; (10005e94 <cdcd_xfer_cb+0x12c>)
10005da0:	18ed      	adds	r5, r5, r3
10005da2:	78eb      	ldrb	r3, [r5, #3]
10005da4:	42bb      	cmp	r3, r7
10005da6:	d0e9      	beq.n	10005d7c <cdcd_xfer_cb+0x14>
10005da8:	78ab      	ldrb	r3, [r5, #2]
10005daa:	42bb      	cmp	r3, r7
10005dac:	d0e6      	beq.n	10005d7c <cdcd_xfer_cb+0x14>
10005dae:	3401      	adds	r4, #1
10005db0:	b2e4      	uxtb	r4, r4
10005db2:	e7e1      	b.n	10005d78 <cdcd_xfer_cb+0x10>
10005db4:	22b6      	movs	r2, #182	; 0xb6
10005db6:	32ff      	adds	r2, #255	; 0xff
10005db8:	4937      	ldr	r1, [pc, #220]	; (10005e98 <cdcd_xfer_cb+0x130>)
10005dba:	4838      	ldr	r0, [pc, #224]	; (10005e9c <cdcd_xfer_cb+0x134>)
10005dbc:	f7fe f84e 	bl	10003e5c <__wrap_printf>
10005dc0:	2400      	movs	r4, #0
10005dc2:	e7e4      	b.n	10005d8e <cdcd_xfer_cb+0x26>
10005dc4:	2310      	movs	r3, #16
10005dc6:	469a      	mov	sl, r3
10005dc8:	44aa      	add	sl, r5
10005dca:	2392      	movs	r3, #146	; 0x92
10005dcc:	009b      	lsls	r3, r3, #2
10005dce:	18e9      	adds	r1, r5, r3
10005dd0:	466b      	mov	r3, sp
10005dd2:	881a      	ldrh	r2, [r3, #0]
10005dd4:	4650      	mov	r0, sl
10005dd6:	f000 fe78 	bl	10006aca <tu_fifo_write_n>
10005dda:	4b31      	ldr	r3, [pc, #196]	; (10005ea0 <cdcd_xfer_cb+0x138>)
10005ddc:	2b00      	cmp	r3, #0
10005dde:	d01b      	beq.n	10005e18 <cdcd_xfer_cb+0xb0>
10005de0:	796b      	ldrb	r3, [r5, #5]
10005de2:	2bff      	cmp	r3, #255	; 0xff
10005de4:	d018      	beq.n	10005e18 <cdcd_xfer_cb+0xb0>
10005de6:	2600      	movs	r6, #0
10005de8:	e000      	b.n	10005dec <cdcd_xfer_cb+0x84>
10005dea:	3601      	adds	r6, #1
10005dec:	9b00      	ldr	r3, [sp, #0]
10005dee:	429e      	cmp	r6, r3
10005df0:	d212      	bcs.n	10005e18 <cdcd_xfer_cb+0xb0>
10005df2:	796a      	ldrb	r2, [r5, #5]
10005df4:	19ab      	adds	r3, r5, r6
10005df6:	2192      	movs	r1, #146	; 0x92
10005df8:	0089      	lsls	r1, r1, #2
10005dfa:	468c      	mov	ip, r1
10005dfc:	4463      	add	r3, ip
10005dfe:	781b      	ldrb	r3, [r3, #0]
10005e00:	429a      	cmp	r2, r3
10005e02:	d1f2      	bne.n	10005dea <cdcd_xfer_cb+0x82>
10005e04:	4650      	mov	r0, sl
10005e06:	f000 fdd6 	bl	100069b6 <tu_fifo_empty>
10005e0a:	2800      	cmp	r0, #0
10005e0c:	d1ed      	bne.n	10005dea <cdcd_xfer_cb+0x82>
10005e0e:	7969      	ldrb	r1, [r5, #5]
10005e10:	0020      	movs	r0, r4
10005e12:	e000      	b.n	10005e16 <cdcd_xfer_cb+0xae>
10005e14:	bf00      	nop
10005e16:	e7e8      	b.n	10005dea <cdcd_xfer_cb+0x82>
10005e18:	4b22      	ldr	r3, [pc, #136]	; (10005ea4 <cdcd_xfer_cb+0x13c>)
10005e1a:	2b00      	cmp	r3, #0
10005e1c:	d004      	beq.n	10005e28 <cdcd_xfer_cb+0xc0>
10005e1e:	4650      	mov	r0, sl
10005e20:	f000 fdc9 	bl	100069b6 <tu_fifo_empty>
10005e24:	2800      	cmp	r0, #0
10005e26:	d003      	beq.n	10005e30 <cdcd_xfer_cb+0xc8>
10005e28:	0028      	movs	r0, r5
10005e2a:	f7ff fca5 	bl	10005778 <_prep_out_transaction>
10005e2e:	e7aa      	b.n	10005d86 <cdcd_xfer_cb+0x1e>
10005e30:	0020      	movs	r0, r4
10005e32:	e000      	b.n	10005e36 <cdcd_xfer_cb+0xce>
10005e34:	bf00      	nop
10005e36:	e7f7      	b.n	10005e28 <cdcd_xfer_cb+0xc0>
10005e38:	4b1b      	ldr	r3, [pc, #108]	; (10005ea8 <cdcd_xfer_cb+0x140>)
10005e3a:	2b00      	cmp	r3, #0
10005e3c:	d002      	beq.n	10005e44 <cdcd_xfer_cb+0xdc>
10005e3e:	0020      	movs	r0, r4
10005e40:	e000      	b.n	10005e44 <cdcd_xfer_cb+0xdc>
10005e42:	bf00      	nop
10005e44:	0020      	movs	r0, r4
10005e46:	f7ff fd1b 	bl	10005880 <tud_cdc_n_write_flush>
10005e4a:	2800      	cmp	r0, #0
10005e4c:	d001      	beq.n	10005e52 <cdcd_xfer_cb+0xea>
10005e4e:	2401      	movs	r4, #1
10005e50:	e79d      	b.n	10005d8e <cdcd_xfer_cb+0x26>
10005e52:	0028      	movs	r0, r5
10005e54:	3024      	adds	r0, #36	; 0x24
10005e56:	f000 fd99 	bl	1000698c <tu_fifo_count>
10005e5a:	2800      	cmp	r0, #0
10005e5c:	d115      	bne.n	10005e8a <cdcd_xfer_cb+0x122>
10005e5e:	9b00      	ldr	r3, [sp, #0]
10005e60:	2b00      	cmp	r3, #0
10005e62:	d014      	beq.n	10005e8e <cdcd_xfer_cb+0x126>
10005e64:	069b      	lsls	r3, r3, #26
10005e66:	d001      	beq.n	10005e6c <cdcd_xfer_cb+0x104>
10005e68:	2401      	movs	r4, #1
10005e6a:	e790      	b.n	10005d8e <cdcd_xfer_cb+0x26>
10005e6c:	78a9      	ldrb	r1, [r5, #2]
10005e6e:	9801      	ldr	r0, [sp, #4]
10005e70:	f7fe ffe6 	bl	10004e40 <usbd_edpt_claim>
10005e74:	1e04      	subs	r4, r0, #0
10005e76:	d101      	bne.n	10005e7c <cdcd_xfer_cb+0x114>
10005e78:	2401      	movs	r4, #1
10005e7a:	e788      	b.n	10005d8e <cdcd_xfer_cb+0x26>
10005e7c:	78a9      	ldrb	r1, [r5, #2]
10005e7e:	2300      	movs	r3, #0
10005e80:	2200      	movs	r2, #0
10005e82:	9801      	ldr	r0, [sp, #4]
10005e84:	f7ff f804 	bl	10004e90 <usbd_edpt_xfer>
10005e88:	e781      	b.n	10005d8e <cdcd_xfer_cb+0x26>
10005e8a:	2401      	movs	r4, #1
10005e8c:	e77f      	b.n	10005d8e <cdcd_xfer_cb+0x26>
10005e8e:	2401      	movs	r4, #1
10005e90:	e77d      	b.n	10005d8e <cdcd_xfer_cb+0x26>
10005e92:	46c0      	nop			; (mov r8, r8)
10005e94:	2000171c 	.word	0x2000171c
10005e98:	10008c98 	.word	0x10008c98
10005e9c:	10008ab8 	.word	0x10008ab8
	...

10005eac <tud_vendor_n_mounted>:
10005eac:	2800      	cmp	r0, #0
10005eae:	d115      	bne.n	10005edc <tud_vendor_n_mounted+0x30>
10005eb0:	22b3      	movs	r2, #179	; 0xb3
10005eb2:	0092      	lsls	r2, r2, #2
10005eb4:	4342      	muls	r2, r0
10005eb6:	4b0a      	ldr	r3, [pc, #40]	; (10005ee0 <tud_vendor_n_mounted+0x34>)
10005eb8:	189b      	adds	r3, r3, r2
10005eba:	33aa      	adds	r3, #170	; 0xaa
10005ebc:	33ff      	adds	r3, #255	; 0xff
10005ebe:	781b      	ldrb	r3, [r3, #0]
10005ec0:	2b00      	cmp	r3, #0
10005ec2:	d107      	bne.n	10005ed4 <tud_vendor_n_mounted+0x28>
10005ec4:	4806      	ldr	r0, [pc, #24]	; (10005ee0 <tud_vendor_n_mounted+0x34>)
10005ec6:	1880      	adds	r0, r0, r2
10005ec8:	3085      	adds	r0, #133	; 0x85
10005eca:	7803      	ldrb	r3, [r0, #0]
10005ecc:	2b00      	cmp	r3, #0
10005ece:	d003      	beq.n	10005ed8 <tud_vendor_n_mounted+0x2c>
10005ed0:	2001      	movs	r0, #1
10005ed2:	e004      	b.n	10005ede <tud_vendor_n_mounted+0x32>
10005ed4:	2001      	movs	r0, #1
10005ed6:	e002      	b.n	10005ede <tud_vendor_n_mounted+0x32>
10005ed8:	2000      	movs	r0, #0
10005eda:	e000      	b.n	10005ede <tud_vendor_n_mounted+0x32>
10005edc:	2000      	movs	r0, #0
10005ede:	4770      	bx	lr
10005ee0:	20001b5c 	.word	0x20001b5c

10005ee4 <tud_vendor_n_write_flush>:
10005ee4:	b510      	push	{r4, lr}
10005ee6:	2800      	cmp	r0, #0
10005ee8:	d001      	beq.n	10005eee <tud_vendor_n_write_flush+0xa>
10005eea:	2000      	movs	r0, #0
10005eec:	bd10      	pop	{r4, pc}
10005eee:	21b3      	movs	r1, #179	; 0xb3
10005ef0:	0089      	lsls	r1, r1, #2
10005ef2:	4341      	muls	r1, r0
10005ef4:	3180      	adds	r1, #128	; 0x80
10005ef6:	4803      	ldr	r0, [pc, #12]	; (10005f04 <tud_vendor_n_write_flush+0x20>)
10005ef8:	1809      	adds	r1, r1, r0
10005efa:	3104      	adds	r1, #4
10005efc:	2000      	movs	r0, #0
10005efe:	f000 fad7 	bl	100064b0 <tu_edpt_stream_write_xfer>
10005f02:	e7f3      	b.n	10005eec <tud_vendor_n_write_flush+0x8>
10005f04:	20001b5c 	.word	0x20001b5c

10005f08 <vendord_init>:
10005f08:	b5f0      	push	{r4, r5, r6, r7, lr}
10005f0a:	46c6      	mov	lr, r8
10005f0c:	b500      	push	{lr}
10005f0e:	b084      	sub	sp, #16
10005f10:	22b3      	movs	r2, #179	; 0xb3
10005f12:	0092      	lsls	r2, r2, #2
10005f14:	2100      	movs	r1, #0
10005f16:	481f      	ldr	r0, [pc, #124]	; (10005f94 <vendord_init+0x8c>)
10005f18:	f7fc fd46 	bl	100029a8 <__wrap_memset>
10005f1c:	2500      	movs	r5, #0
10005f1e:	2d00      	cmp	r5, #0
10005f20:	d003      	beq.n	10005f2a <vendord_init+0x22>
10005f22:	b004      	add	sp, #16
10005f24:	bc80      	pop	{r7}
10005f26:	46b8      	mov	r8, r7
10005f28:	bdf0      	pop	{r4, r5, r6, r7, pc}
10005f2a:	24b3      	movs	r4, #179	; 0xb3
10005f2c:	00a4      	lsls	r4, r4, #2
10005f2e:	436c      	muls	r4, r5
10005f30:	0023      	movs	r3, r4
10005f32:	33c9      	adds	r3, #201	; 0xc9
10005f34:	33ff      	adds	r3, #255	; 0xff
10005f36:	4e17      	ldr	r6, [pc, #92]	; (10005f94 <vendord_init+0x8c>)
10005f38:	199b      	adds	r3, r3, r6
10005f3a:	3304      	adds	r3, #4
10005f3c:	19a2      	adds	r2, r4, r6
10005f3e:	3204      	adds	r2, #4
10005f40:	0020      	movs	r0, r4
10005f42:	30a9      	adds	r0, #169	; 0xa9
10005f44:	30ff      	adds	r0, #255	; 0xff
10005f46:	1980      	adds	r0, r0, r6
10005f48:	2140      	movs	r1, #64	; 0x40
10005f4a:	4688      	mov	r8, r1
10005f4c:	9103      	str	r1, [sp, #12]
10005f4e:	9202      	str	r2, [sp, #8]
10005f50:	2780      	movs	r7, #128	; 0x80
10005f52:	007f      	lsls	r7, r7, #1
10005f54:	9701      	str	r7, [sp, #4]
10005f56:	9300      	str	r3, [sp, #0]
10005f58:	2300      	movs	r3, #0
10005f5a:	2200      	movs	r2, #0
10005f5c:	2100      	movs	r1, #0
10005f5e:	f000 fa30 	bl	100063c2 <tu_edpt_stream_init>
10005f62:	0023      	movs	r3, r4
10005f64:	33a0      	adds	r3, #160	; 0xa0
10005f66:	199b      	adds	r3, r3, r6
10005f68:	3308      	adds	r3, #8
10005f6a:	0022      	movs	r2, r4
10005f6c:	3240      	adds	r2, #64	; 0x40
10005f6e:	1992      	adds	r2, r2, r6
10005f70:	3204      	adds	r2, #4
10005f72:	0020      	movs	r0, r4
10005f74:	3080      	adds	r0, #128	; 0x80
10005f76:	1980      	adds	r0, r0, r6
10005f78:	3004      	adds	r0, #4
10005f7a:	4641      	mov	r1, r8
10005f7c:	9103      	str	r1, [sp, #12]
10005f7e:	9202      	str	r2, [sp, #8]
10005f80:	9701      	str	r7, [sp, #4]
10005f82:	9300      	str	r3, [sp, #0]
10005f84:	2300      	movs	r3, #0
10005f86:	2201      	movs	r2, #1
10005f88:	2100      	movs	r1, #0
10005f8a:	f000 fa1a 	bl	100063c2 <tu_edpt_stream_init>
10005f8e:	3501      	adds	r5, #1
10005f90:	b2ed      	uxtb	r5, r5
10005f92:	e7c4      	b.n	10005f1e <vendord_init+0x16>
10005f94:	20001b5c 	.word	0x20001b5c

10005f98 <vendord_deinit>:
10005f98:	b570      	push	{r4, r5, r6, lr}
10005f9a:	2500      	movs	r5, #0
10005f9c:	2d00      	cmp	r5, #0
10005f9e:	d001      	beq.n	10005fa4 <vendord_deinit+0xc>
10005fa0:	2001      	movs	r0, #1
10005fa2:	bd70      	pop	{r4, r5, r6, pc}
10005fa4:	24b3      	movs	r4, #179	; 0xb3
10005fa6:	00a4      	lsls	r4, r4, #2
10005fa8:	436c      	muls	r4, r5
10005faa:	0020      	movs	r0, r4
10005fac:	30a9      	adds	r0, #169	; 0xa9
10005fae:	30ff      	adds	r0, #255	; 0xff
10005fb0:	4e06      	ldr	r6, [pc, #24]	; (10005fcc <vendord_deinit+0x34>)
10005fb2:	1980      	adds	r0, r0, r6
10005fb4:	f000 fa39 	bl	1000642a <tu_edpt_stream_deinit>
10005fb8:	0020      	movs	r0, r4
10005fba:	3080      	adds	r0, #128	; 0x80
10005fbc:	1980      	adds	r0, r0, r6
10005fbe:	3004      	adds	r0, #4
10005fc0:	f000 fa33 	bl	1000642a <tu_edpt_stream_deinit>
10005fc4:	3501      	adds	r5, #1
10005fc6:	b2ed      	uxtb	r5, r5
10005fc8:	e7e8      	b.n	10005f9c <vendord_deinit+0x4>
10005fca:	46c0      	nop			; (mov r8, r8)
10005fcc:	20001b5c 	.word	0x20001b5c

10005fd0 <vendord_reset>:
10005fd0:	b570      	push	{r4, r5, r6, lr}
10005fd2:	2500      	movs	r5, #0
10005fd4:	2d00      	cmp	r5, #0
10005fd6:	d000      	beq.n	10005fda <vendord_reset+0xa>
10005fd8:	bd70      	pop	{r4, r5, r6, pc}
10005fda:	24b3      	movs	r4, #179	; 0xb3
10005fdc:	00a4      	lsls	r4, r4, #2
10005fde:	436c      	muls	r4, r5
10005fe0:	4e09      	ldr	r6, [pc, #36]	; (10006008 <vendord_reset+0x38>)
10005fe2:	19a3      	adds	r3, r4, r6
10005fe4:	2200      	movs	r2, #0
10005fe6:	701a      	strb	r2, [r3, #0]
10005fe8:	0020      	movs	r0, r4
10005fea:	30b1      	adds	r0, #177	; 0xb1
10005fec:	30ff      	adds	r0, #255	; 0xff
10005fee:	1980      	adds	r0, r0, r6
10005ff0:	f000 fd70 	bl	10006ad4 <tu_fifo_clear>
10005ff4:	0020      	movs	r0, r4
10005ff6:	3088      	adds	r0, #136	; 0x88
10005ff8:	1980      	adds	r0, r0, r6
10005ffa:	3004      	adds	r0, #4
10005ffc:	f000 fd6a 	bl	10006ad4 <tu_fifo_clear>
10006000:	3501      	adds	r5, #1
10006002:	b2ed      	uxtb	r5, r5
10006004:	e7e6      	b.n	10005fd4 <vendord_reset+0x4>
10006006:	46c0      	nop			; (mov r8, r8)
10006008:	20001b5c 	.word	0x20001b5c

1000600c <vendord_open>:
1000600c:	b5f0      	push	{r4, r5, r6, r7, lr}
1000600e:	46d6      	mov	lr, sl
10006010:	464f      	mov	r7, r9
10006012:	4646      	mov	r6, r8
10006014:	b5c0      	push	{r6, r7, lr}
10006016:	4682      	mov	sl, r0
10006018:	4689      	mov	r9, r1
1000601a:	794b      	ldrb	r3, [r1, #5]
1000601c:	2bff      	cmp	r3, #255	; 0xff
1000601e:	d000      	beq.n	10006022 <vendord_open+0x16>
10006020:	e09e      	b.n	10006160 <vendord_open+0x154>
10006022:	780c      	ldrb	r4, [r1, #0]
10006024:	444c      	add	r4, r9
10006026:	18a5      	adds	r5, r4, r2
10006028:	2600      	movs	r6, #0
1000602a:	2e00      	cmp	r6, #0
1000602c:	d009      	beq.n	10006042 <vendord_open+0x36>
1000602e:	2600      	movs	r6, #0
10006030:	2e00      	cmp	r6, #0
10006032:	d100      	bne.n	10006036 <vendord_open+0x2a>
10006034:	e09a      	b.n	1000616c <vendord_open+0x160>
10006036:	464b      	mov	r3, r9
10006038:	789b      	ldrb	r3, [r3, #2]
1000603a:	7033      	strb	r3, [r6, #0]
1000603c:	2300      	movs	r3, #0
1000603e:	4698      	mov	r8, r3
10006040:	e049      	b.n	100060d6 <vendord_open+0xca>
10006042:	0030      	movs	r0, r6
10006044:	f7ff ff32 	bl	10005eac <tud_vendor_n_mounted>
10006048:	2800      	cmp	r0, #0
1000604a:	d002      	beq.n	10006052 <vendord_open+0x46>
1000604c:	3601      	adds	r6, #1
1000604e:	b2f6      	uxtb	r6, r6
10006050:	e7eb      	b.n	1000602a <vendord_open+0x1e>
10006052:	23b3      	movs	r3, #179	; 0xb3
10006054:	009b      	lsls	r3, r3, #2
10006056:	435e      	muls	r6, r3
10006058:	4b45      	ldr	r3, [pc, #276]	; (10006170 <vendord_open+0x164>)
1000605a:	18f6      	adds	r6, r6, r3
1000605c:	e7e8      	b.n	10006030 <vendord_open+0x24>
1000605e:	7823      	ldrb	r3, [r4, #0]
10006060:	18e4      	adds	r4, r4, r3
10006062:	7863      	ldrb	r3, [r4, #1]
10006064:	2b05      	cmp	r3, #5
10006066:	d001      	beq.n	1000606c <vendord_open+0x60>
10006068:	42ac      	cmp	r4, r5
1000606a:	d3f8      	bcc.n	1000605e <vendord_open+0x52>
1000606c:	42ac      	cmp	r4, r5
1000606e:	d236      	bcs.n	100060de <vendord_open+0xd2>
10006070:	0021      	movs	r1, r4
10006072:	4650      	mov	r0, sl
10006074:	f7fe fe70 	bl	10004d58 <usbd_edpt_open>
10006078:	2800      	cmp	r0, #0
1000607a:	d034      	beq.n	100060e6 <vendord_open+0xda>
1000607c:	4643      	mov	r3, r8
1000607e:	3301      	adds	r3, #1
10006080:	b2db      	uxtb	r3, r3
10006082:	4698      	mov	r8, r3
10006084:	78a3      	ldrb	r3, [r4, #2]
10006086:	09db      	lsrs	r3, r3, #7
10006088:	2b01      	cmp	r3, #1
1000608a:	d033      	beq.n	100060f4 <vendord_open+0xe8>
1000608c:	0037      	movs	r7, r6
1000608e:	37a9      	adds	r7, #169	; 0xa9
10006090:	37ff      	adds	r7, #255	; 0xff
10006092:	0030      	movs	r0, r6
10006094:	30b1      	adds	r0, #177	; 0xb1
10006096:	30ff      	adds	r0, #255	; 0xff
10006098:	f000 fd1c 	bl	10006ad4 <tu_fifo_clear>
1000609c:	78a1      	ldrb	r1, [r4, #2]
1000609e:	22d4      	movs	r2, #212	; 0xd4
100060a0:	0052      	lsls	r2, r2, #1
100060a2:	7079      	strb	r1, [r7, #1]
100060a4:	7920      	ldrb	r0, [r4, #4]
100060a6:	7963      	ldrb	r3, [r4, #5]
100060a8:	021b      	lsls	r3, r3, #8
100060aa:	4303      	orrs	r3, r0
100060ac:	055b      	lsls	r3, r3, #21
100060ae:	0d5b      	lsrs	r3, r3, #21
100060b0:	4930      	ldr	r1, [pc, #192]	; (10006174 <vendord_open+0x168>)
100060b2:	468c      	mov	ip, r1
100060b4:	4463      	add	r3, ip
100060b6:	4259      	negs	r1, r3
100060b8:	414b      	adcs	r3, r1
100060ba:	005b      	lsls	r3, r3, #1
100060bc:	5cb1      	ldrb	r1, [r6, r2]
100060be:	2002      	movs	r0, #2
100060c0:	4381      	bics	r1, r0
100060c2:	430b      	orrs	r3, r1
100060c4:	54b3      	strb	r3, [r6, r2]
100060c6:	0039      	movs	r1, r7
100060c8:	4650      	mov	r0, sl
100060ca:	f000 fa33 	bl	10006534 <tu_edpt_stream_read_xfer>
100060ce:	2800      	cmp	r0, #0
100060d0:	d03f      	beq.n	10006152 <vendord_open+0x146>
100060d2:	7823      	ldrb	r3, [r4, #0]
100060d4:	18e4      	adds	r4, r4, r3
100060d6:	464b      	mov	r3, r9
100060d8:	791b      	ldrb	r3, [r3, #4]
100060da:	4543      	cmp	r3, r8
100060dc:	d8c1      	bhi.n	10006062 <vendord_open+0x56>
100060de:	464b      	mov	r3, r9
100060e0:	1ae0      	subs	r0, r4, r3
100060e2:	b280      	uxth	r0, r0
100060e4:	e03d      	b.n	10006162 <vendord_open+0x156>
100060e6:	22da      	movs	r2, #218	; 0xda
100060e8:	4923      	ldr	r1, [pc, #140]	; (10006178 <vendord_open+0x16c>)
100060ea:	4824      	ldr	r0, [pc, #144]	; (1000617c <vendord_open+0x170>)
100060ec:	f7fd feb6 	bl	10003e5c <__wrap_printf>
100060f0:	2000      	movs	r0, #0
100060f2:	e036      	b.n	10006162 <vendord_open+0x156>
100060f4:	0037      	movs	r7, r6
100060f6:	3784      	adds	r7, #132	; 0x84
100060f8:	0030      	movs	r0, r6
100060fa:	308c      	adds	r0, #140	; 0x8c
100060fc:	f000 fcea 	bl	10006ad4 <tu_fifo_clear>
10006100:	78a3      	ldrb	r3, [r4, #2]
10006102:	2284      	movs	r2, #132	; 0x84
10006104:	707b      	strb	r3, [r7, #1]
10006106:	7920      	ldrb	r0, [r4, #4]
10006108:	7963      	ldrb	r3, [r4, #5]
1000610a:	021b      	lsls	r3, r3, #8
1000610c:	4303      	orrs	r3, r0
1000610e:	055b      	lsls	r3, r3, #21
10006110:	0d5b      	lsrs	r3, r3, #21
10006112:	4918      	ldr	r1, [pc, #96]	; (10006174 <vendord_open+0x168>)
10006114:	468c      	mov	ip, r1
10006116:	4463      	add	r3, ip
10006118:	4259      	negs	r1, r3
1000611a:	414b      	adcs	r3, r1
1000611c:	005b      	lsls	r3, r3, #1
1000611e:	5cb1      	ldrb	r1, [r6, r2]
10006120:	2002      	movs	r0, #2
10006122:	4381      	bics	r1, r0
10006124:	430b      	orrs	r3, r1
10006126:	54b3      	strb	r3, [r6, r2]
10006128:	4811      	ldr	r0, [pc, #68]	; (10006170 <vendord_open+0x164>)
1000612a:	1a30      	subs	r0, r6, r0
1000612c:	1082      	asrs	r2, r0, #2
1000612e:	0053      	lsls	r3, r2, #1
10006130:	189b      	adds	r3, r3, r2
10006132:	0259      	lsls	r1, r3, #9
10006134:	185b      	adds	r3, r3, r1
10006136:	0298      	lsls	r0, r3, #10
10006138:	1818      	adds	r0, r3, r0
1000613a:	0080      	lsls	r0, r0, #2
1000613c:	1880      	adds	r0, r0, r2
1000613e:	0040      	lsls	r0, r0, #1
10006140:	1880      	adds	r0, r0, r2
10006142:	0103      	lsls	r3, r0, #4
10006144:	18c0      	adds	r0, r0, r3
10006146:	0103      	lsls	r3, r0, #4
10006148:	18c0      	adds	r0, r0, r3
1000614a:	b2c0      	uxtb	r0, r0
1000614c:	f7ff feca 	bl	10005ee4 <tud_vendor_n_write_flush>
10006150:	e7bf      	b.n	100060d2 <vendord_open+0xc6>
10006152:	22e2      	movs	r2, #226	; 0xe2
10006154:	4908      	ldr	r1, [pc, #32]	; (10006178 <vendord_open+0x16c>)
10006156:	4809      	ldr	r0, [pc, #36]	; (1000617c <vendord_open+0x170>)
10006158:	f7fd fe80 	bl	10003e5c <__wrap_printf>
1000615c:	2000      	movs	r0, #0
1000615e:	e000      	b.n	10006162 <vendord_open+0x156>
10006160:	2000      	movs	r0, #0
10006162:	bce0      	pop	{r5, r6, r7}
10006164:	46ba      	mov	sl, r7
10006166:	46b1      	mov	r9, r6
10006168:	46a8      	mov	r8, r5
1000616a:	bdf0      	pop	{r4, r5, r6, r7, pc}
1000616c:	2000      	movs	r0, #0
1000616e:	e7f8      	b.n	10006162 <vendord_open+0x156>
10006170:	20001b5c 	.word	0x20001b5c
10006174:	fffffe00 	.word	0xfffffe00
10006178:	10008ccc 	.word	0x10008ccc
1000617c:	10008ab8 	.word	0x10008ab8

10006180 <vendord_xfer_cb>:
10006180:	b5f8      	push	{r3, r4, r5, r6, r7, lr}
10006182:	0006      	movs	r6, r0
10006184:	001d      	movs	r5, r3
10006186:	4f2b      	ldr	r7, [pc, #172]	; (10006234 <vendord_xfer_cb+0xb4>)
10006188:	2400      	movs	r4, #0
1000618a:	2c00      	cmp	r4, #0
1000618c:	d150      	bne.n	10006230 <vendord_xfer_cb+0xb0>
1000618e:	23aa      	movs	r3, #170	; 0xaa
10006190:	33ff      	adds	r3, #255	; 0xff
10006192:	5cfb      	ldrb	r3, [r7, r3]
10006194:	428b      	cmp	r3, r1
10006196:	d00a      	beq.n	100061ae <vendord_xfer_cb+0x2e>
10006198:	2285      	movs	r2, #133	; 0x85
1000619a:	5cba      	ldrb	r2, [r7, r2]
1000619c:	428a      	cmp	r2, r1
1000619e:	d006      	beq.n	100061ae <vendord_xfer_cb+0x2e>
100061a0:	3401      	adds	r4, #1
100061a2:	b2e4      	uxtb	r4, r4
100061a4:	23b3      	movs	r3, #179	; 0xb3
100061a6:	009b      	lsls	r3, r3, #2
100061a8:	469c      	mov	ip, r3
100061aa:	4467      	add	r7, ip
100061ac:	e7ed      	b.n	1000618a <vendord_xfer_cb+0xa>
100061ae:	428b      	cmp	r3, r1
100061b0:	d005      	beq.n	100061be <vendord_xfer_cb+0x3e>
100061b2:	2385      	movs	r3, #133	; 0x85
100061b4:	5cfb      	ldrb	r3, [r7, r3]
100061b6:	428b      	cmp	r3, r1
100061b8:	d022      	beq.n	10006200 <vendord_xfer_cb+0x80>
100061ba:	2001      	movs	r0, #1
100061bc:	e039      	b.n	10006232 <vendord_xfer_cb+0xb2>
100061be:	003b      	movs	r3, r7
100061c0:	33b1      	adds	r3, #177	; 0xb1
100061c2:	33ff      	adds	r3, #255	; 0xff
100061c4:	889b      	ldrh	r3, [r3, #4]
100061c6:	2b00      	cmp	r3, #0
100061c8:	d10f      	bne.n	100061ea <vendord_xfer_cb+0x6a>
100061ca:	4b1b      	ldr	r3, [pc, #108]	; (10006238 <vendord_xfer_cb+0xb8>)
100061cc:	2b00      	cmp	r3, #0
100061ce:	d004      	beq.n	100061da <vendord_xfer_cb+0x5a>
100061d0:	1d39      	adds	r1, r7, #4
100061d2:	b2aa      	uxth	r2, r5
100061d4:	0020      	movs	r0, r4
100061d6:	e000      	b.n	100061da <vendord_xfer_cb+0x5a>
100061d8:	bf00      	nop
100061da:	0039      	movs	r1, r7
100061dc:	31a9      	adds	r1, #169	; 0xa9
100061de:	31ff      	adds	r1, #255	; 0xff
100061e0:	0030      	movs	r0, r6
100061e2:	f000 f9a7 	bl	10006534 <tu_edpt_stream_read_xfer>
100061e6:	2001      	movs	r0, #1
100061e8:	e023      	b.n	10006232 <vendord_xfer_cb+0xb2>
100061ea:	003b      	movs	r3, r7
100061ec:	33a9      	adds	r3, #169	; 0xa9
100061ee:	33ff      	adds	r3, #255	; 0xff
100061f0:	6859      	ldr	r1, [r3, #4]
100061f2:	b2aa      	uxth	r2, r5
100061f4:	0038      	movs	r0, r7
100061f6:	30b1      	adds	r0, #177	; 0xb1
100061f8:	30ff      	adds	r0, #255	; 0xff
100061fa:	f000 fc66 	bl	10006aca <tu_fifo_write_n>
100061fe:	e7e4      	b.n	100061ca <vendord_xfer_cb+0x4a>
10006200:	4b0e      	ldr	r3, [pc, #56]	; (1000623c <vendord_xfer_cb+0xbc>)
10006202:	2b00      	cmp	r3, #0
10006204:	d004      	beq.n	10006210 <vendord_xfer_cb+0x90>
10006206:	0429      	lsls	r1, r5, #16
10006208:	0c09      	lsrs	r1, r1, #16
1000620a:	0020      	movs	r0, r4
1000620c:	e000      	b.n	10006210 <vendord_xfer_cb+0x90>
1000620e:	bf00      	nop
10006210:	3784      	adds	r7, #132	; 0x84
10006212:	0039      	movs	r1, r7
10006214:	0030      	movs	r0, r6
10006216:	f000 f94b 	bl	100064b0 <tu_edpt_stream_write_xfer>
1000621a:	2800      	cmp	r0, #0
1000621c:	d001      	beq.n	10006222 <vendord_xfer_cb+0xa2>
1000621e:	2001      	movs	r0, #1
10006220:	e007      	b.n	10006232 <vendord_xfer_cb+0xb2>
10006222:	002a      	movs	r2, r5
10006224:	0039      	movs	r1, r7
10006226:	0030      	movs	r0, r6
10006228:	f000 f902 	bl	10006430 <tu_edpt_stream_write_zlp_if_needed>
1000622c:	2001      	movs	r0, #1
1000622e:	e000      	b.n	10006232 <vendord_xfer_cb+0xb2>
10006230:	2000      	movs	r0, #0
10006232:	bdf8      	pop	{r3, r4, r5, r6, r7, pc}
10006234:	20001b5c 	.word	0x20001b5c
	...

10006240 <tusb_init>:
10006240:	b510      	push	{r4, lr}
10006242:	2000      	movs	r0, #0
10006244:	f7fe fd1a 	bl	10004c7c <tud_init>
10006248:	1e04      	subs	r4, r0, #0
1000624a:	d001      	beq.n	10006250 <tusb_init+0x10>
1000624c:	0020      	movs	r0, r4
1000624e:	bd10      	pop	{r4, pc}
10006250:	2231      	movs	r2, #49	; 0x31
10006252:	4902      	ldr	r1, [pc, #8]	; (1000625c <tusb_init+0x1c>)
10006254:	4802      	ldr	r0, [pc, #8]	; (10006260 <tusb_init+0x20>)
10006256:	f7fd fe01 	bl	10003e5c <__wrap_printf>
1000625a:	e7f7      	b.n	1000624c <tusb_init+0xc>
1000625c:	10008d4c 	.word	0x10008d4c
10006260:	10008ab8 	.word	0x10008ab8

10006264 <tu_edpt_claim>:
10006264:	b570      	push	{r4, r5, r6, lr}
10006266:	0004      	movs	r4, r0
10006268:	000d      	movs	r5, r1
1000626a:	7803      	ldrb	r3, [r0, #0]
1000626c:	07db      	lsls	r3, r3, #31
1000626e:	0fde      	lsrs	r6, r3, #31
10006270:	2b00      	cmp	r3, #0
10006272:	d11c      	bne.n	100062ae <tu_edpt_claim+0x4a>
10006274:	7803      	ldrb	r3, [r0, #0]
10006276:	075b      	lsls	r3, r3, #29
10006278:	d41a      	bmi.n	100062b0 <tu_edpt_claim+0x4c>
1000627a:	2101      	movs	r1, #1
1000627c:	4249      	negs	r1, r1
1000627e:	0028      	movs	r0, r5
10006280:	f001 fb12 	bl	100078a8 <__mutex_enter_timeout_ms_veneer>
10006284:	7823      	ldrb	r3, [r4, #0]
10006286:	07db      	lsls	r3, r3, #31
10006288:	d404      	bmi.n	10006294 <tu_edpt_claim+0x30>
1000628a:	7823      	ldrb	r3, [r4, #0]
1000628c:	075b      	lsls	r3, r3, #29
1000628e:	d50c      	bpl.n	100062aa <tu_edpt_claim+0x46>
10006290:	2600      	movs	r6, #0
10006292:	e000      	b.n	10006296 <tu_edpt_claim+0x32>
10006294:	2600      	movs	r6, #0
10006296:	2e00      	cmp	r6, #0
10006298:	d003      	beq.n	100062a2 <tu_edpt_claim+0x3e>
1000629a:	7823      	ldrb	r3, [r4, #0]
1000629c:	2204      	movs	r2, #4
1000629e:	4313      	orrs	r3, r2
100062a0:	7023      	strb	r3, [r4, #0]
100062a2:	0028      	movs	r0, r5
100062a4:	f001 fae0 	bl	10007868 <__mutex_exit_veneer>
100062a8:	e002      	b.n	100062b0 <tu_edpt_claim+0x4c>
100062aa:	2601      	movs	r6, #1
100062ac:	e7f3      	b.n	10006296 <tu_edpt_claim+0x32>
100062ae:	2600      	movs	r6, #0
100062b0:	0030      	movs	r0, r6
100062b2:	bd70      	pop	{r4, r5, r6, pc}

100062b4 <tu_edpt_release>:
100062b4:	b570      	push	{r4, r5, r6, lr}
100062b6:	0004      	movs	r4, r0
100062b8:	000e      	movs	r6, r1
100062ba:	2101      	movs	r1, #1
100062bc:	4249      	negs	r1, r1
100062be:	0030      	movs	r0, r6
100062c0:	f001 faf2 	bl	100078a8 <__mutex_enter_timeout_ms_veneer>
100062c4:	7823      	ldrb	r3, [r4, #0]
100062c6:	075b      	lsls	r3, r3, #29
100062c8:	d40b      	bmi.n	100062e2 <tu_edpt_release+0x2e>
100062ca:	2500      	movs	r5, #0
100062cc:	2d00      	cmp	r5, #0
100062ce:	d003      	beq.n	100062d8 <tu_edpt_release+0x24>
100062d0:	7823      	ldrb	r3, [r4, #0]
100062d2:	2204      	movs	r2, #4
100062d4:	4393      	bics	r3, r2
100062d6:	7023      	strb	r3, [r4, #0]
100062d8:	0030      	movs	r0, r6
100062da:	f001 fac5 	bl	10007868 <__mutex_exit_veneer>
100062de:	0028      	movs	r0, r5
100062e0:	bd70      	pop	{r4, r5, r6, pc}
100062e2:	7823      	ldrb	r3, [r4, #0]
100062e4:	07db      	lsls	r3, r3, #31
100062e6:	d501      	bpl.n	100062ec <tu_edpt_release+0x38>
100062e8:	2500      	movs	r5, #0
100062ea:	e7ef      	b.n	100062cc <tu_edpt_release+0x18>
100062ec:	2501      	movs	r5, #1
100062ee:	e7ed      	b.n	100062cc <tu_edpt_release+0x18>

100062f0 <tu_edpt_validate>:
100062f0:	b510      	push	{r4, lr}
100062f2:	7904      	ldrb	r4, [r0, #4]
100062f4:	7943      	ldrb	r3, [r0, #5]
100062f6:	021b      	lsls	r3, r3, #8
100062f8:	4323      	orrs	r3, r4
100062fa:	055b      	lsls	r3, r3, #21
100062fc:	0d5b      	lsrs	r3, r3, #21
100062fe:	78c2      	ldrb	r2, [r0, #3]
10006300:	0792      	lsls	r2, r2, #30
10006302:	0f92      	lsrs	r2, r2, #30
10006304:	2a02      	cmp	r2, #2
10006306:	d016      	beq.n	10006336 <tu_edpt_validate+0x46>
10006308:	2a03      	cmp	r2, #3
1000630a:	d02f      	beq.n	1000636c <tu_edpt_validate+0x7c>
1000630c:	2a01      	cmp	r2, #1
1000630e:	d001      	beq.n	10006314 <tu_edpt_validate+0x24>
10006310:	2000      	movs	r0, #0
10006312:	bd10      	pop	{r4, pc}
10006314:	2902      	cmp	r1, #2
10006316:	d004      	beq.n	10006322 <tu_edpt_validate+0x32>
10006318:	4a1d      	ldr	r2, [pc, #116]	; (10006390 <tu_edpt_validate+0xa0>)
1000631a:	429a      	cmp	r2, r3
1000631c:	d304      	bcc.n	10006328 <tu_edpt_validate+0x38>
1000631e:	2001      	movs	r0, #1
10006320:	e7f7      	b.n	10006312 <tu_edpt_validate+0x22>
10006322:	2280      	movs	r2, #128	; 0x80
10006324:	00d2      	lsls	r2, r2, #3
10006326:	e7f8      	b.n	1000631a <tu_edpt_validate+0x2a>
10006328:	2290      	movs	r2, #144	; 0x90
1000632a:	491a      	ldr	r1, [pc, #104]	; (10006394 <tu_edpt_validate+0xa4>)
1000632c:	481a      	ldr	r0, [pc, #104]	; (10006398 <tu_edpt_validate+0xa8>)
1000632e:	f7fd fd95 	bl	10003e5c <__wrap_printf>
10006332:	2000      	movs	r0, #0
10006334:	e7ed      	b.n	10006312 <tu_edpt_validate+0x22>
10006336:	2902      	cmp	r1, #2
10006338:	d003      	beq.n	10006342 <tu_edpt_validate+0x52>
1000633a:	2b40      	cmp	r3, #64	; 0x40
1000633c:	d80f      	bhi.n	1000635e <tu_edpt_validate+0x6e>
1000633e:	2001      	movs	r0, #1
10006340:	e7e7      	b.n	10006312 <tu_edpt_validate+0x22>
10006342:	2280      	movs	r2, #128	; 0x80
10006344:	0092      	lsls	r2, r2, #2
10006346:	4293      	cmp	r3, r2
10006348:	d101      	bne.n	1000634e <tu_edpt_validate+0x5e>
1000634a:	2001      	movs	r0, #1
1000634c:	e7e1      	b.n	10006312 <tu_edpt_validate+0x22>
1000634e:	3a6a      	subs	r2, #106	; 0x6a
10006350:	3aff      	subs	r2, #255	; 0xff
10006352:	4910      	ldr	r1, [pc, #64]	; (10006394 <tu_edpt_validate+0xa4>)
10006354:	4810      	ldr	r0, [pc, #64]	; (10006398 <tu_edpt_validate+0xa8>)
10006356:	f7fd fd81 	bl	10003e5c <__wrap_printf>
1000635a:	2000      	movs	r0, #0
1000635c:	e7d9      	b.n	10006312 <tu_edpt_validate+0x22>
1000635e:	229a      	movs	r2, #154	; 0x9a
10006360:	490c      	ldr	r1, [pc, #48]	; (10006394 <tu_edpt_validate+0xa4>)
10006362:	480d      	ldr	r0, [pc, #52]	; (10006398 <tu_edpt_validate+0xa8>)
10006364:	f7fd fd7a 	bl	10003e5c <__wrap_printf>
10006368:	2000      	movs	r0, #0
1000636a:	e7d2      	b.n	10006312 <tu_edpt_validate+0x22>
1000636c:	2902      	cmp	r1, #2
1000636e:	d004      	beq.n	1000637a <tu_edpt_validate+0x8a>
10006370:	2240      	movs	r2, #64	; 0x40
10006372:	429a      	cmp	r2, r3
10006374:	d304      	bcc.n	10006380 <tu_edpt_validate+0x90>
10006376:	2001      	movs	r0, #1
10006378:	e7cb      	b.n	10006312 <tu_edpt_validate+0x22>
1000637a:	2280      	movs	r2, #128	; 0x80
1000637c:	00d2      	lsls	r2, r2, #3
1000637e:	e7f8      	b.n	10006372 <tu_edpt_validate+0x82>
10006380:	22a0      	movs	r2, #160	; 0xa0
10006382:	4904      	ldr	r1, [pc, #16]	; (10006394 <tu_edpt_validate+0xa4>)
10006384:	4804      	ldr	r0, [pc, #16]	; (10006398 <tu_edpt_validate+0xa8>)
10006386:	f7fd fd69 	bl	10003e5c <__wrap_printf>
1000638a:	2000      	movs	r0, #0
1000638c:	e7c1      	b.n	10006312 <tu_edpt_validate+0x22>
1000638e:	46c0      	nop			; (mov r8, r8)
10006390:	000003ff 	.word	0x000003ff
10006394:	10008d38 	.word	0x10008d38
10006398:	10008ab8 	.word	0x10008ab8

1000639c <tu_edpt_bind_driver>:
1000639c:	b530      	push	{r4, r5, lr}
1000639e:	188a      	adds	r2, r1, r2
100063a0:	e001      	b.n	100063a6 <tu_edpt_bind_driver+0xa>
100063a2:	780c      	ldrb	r4, [r1, #0]
100063a4:	1909      	adds	r1, r1, r4
100063a6:	4291      	cmp	r1, r2
100063a8:	d20a      	bcs.n	100063c0 <tu_edpt_bind_driver+0x24>
100063aa:	784c      	ldrb	r4, [r1, #1]
100063ac:	2c05      	cmp	r4, #5
100063ae:	d1f8      	bne.n	100063a2 <tu_edpt_bind_driver+0x6>
100063b0:	788d      	ldrb	r5, [r1, #2]
100063b2:	347a      	adds	r4, #122	; 0x7a
100063b4:	402c      	ands	r4, r5
100063b6:	0064      	lsls	r4, r4, #1
100063b8:	1904      	adds	r4, r0, r4
100063ba:	09ed      	lsrs	r5, r5, #7
100063bc:	5563      	strb	r3, [r4, r5]
100063be:	e7f0      	b.n	100063a2 <tu_edpt_bind_driver+0x6>
100063c0:	bd30      	pop	{r4, r5, pc}

100063c2 <tu_edpt_stream_init>:
100063c2:	b5f0      	push	{r4, r5, r6, r7, lr}
100063c4:	b085      	sub	sp, #20
100063c6:	0004      	movs	r4, r0
100063c8:	9203      	str	r2, [sp, #12]
100063ca:	aa0a      	add	r2, sp, #40	; 0x28
100063cc:	ca40      	ldmia	r2!, {r6}
100063ce:	8817      	ldrh	r7, [r2, #0]
100063d0:	aa0d      	add	r2, sp, #52	; 0x34
100063d2:	8815      	ldrh	r5, [r2, #0]
100063d4:	2201      	movs	r2, #1
100063d6:	400a      	ands	r2, r1
100063d8:	7801      	ldrb	r1, [r0, #0]
100063da:	2001      	movs	r0, #1
100063dc:	4381      	bics	r1, r0
100063de:	4311      	orrs	r1, r2
100063e0:	7021      	strb	r1, [r4, #0]
100063e2:	0020      	movs	r0, r4
100063e4:	3008      	adds	r0, #8
100063e6:	9300      	str	r3, [sp, #0]
100063e8:	2301      	movs	r3, #1
100063ea:	003a      	movs	r2, r7
100063ec:	0031      	movs	r1, r6
100063ee:	f000 fa8f 	bl	10006910 <tu_fifo_config>
100063f2:	2e00      	cmp	r6, #0
100063f4:	d001      	beq.n	100063fa <tu_edpt_stream_init+0x38>
100063f6:	2f00      	cmp	r7, #0
100063f8:	d105      	bne.n	10006406 <tu_edpt_stream_init+0x44>
100063fa:	9b0c      	ldr	r3, [sp, #48]	; 0x30
100063fc:	6063      	str	r3, [r4, #4]
100063fe:	8065      	strh	r5, [r4, #2]
10006400:	2001      	movs	r0, #1
10006402:	b005      	add	sp, #20
10006404:	bdf0      	pop	{r4, r5, r6, r7, pc}
10006406:	0026      	movs	r6, r4
10006408:	361c      	adds	r6, #28
1000640a:	0030      	movs	r0, r6
1000640c:	f7fa fb84 	bl	10000b18 <mutex_init>
10006410:	9b03      	ldr	r3, [sp, #12]
10006412:	2b00      	cmp	r3, #0
10006414:	d007      	beq.n	10006426 <tu_edpt_stream_init+0x64>
10006416:	0033      	movs	r3, r6
10006418:	9a03      	ldr	r2, [sp, #12]
1000641a:	2a00      	cmp	r2, #0
1000641c:	d000      	beq.n	10006420 <tu_edpt_stream_init+0x5e>
1000641e:	2600      	movs	r6, #0
10006420:	6163      	str	r3, [r4, #20]
10006422:	61a6      	str	r6, [r4, #24]
10006424:	e7e9      	b.n	100063fa <tu_edpt_stream_init+0x38>
10006426:	2300      	movs	r3, #0
10006428:	e7f6      	b.n	10006418 <tu_edpt_stream_init+0x56>

1000642a <tu_edpt_stream_deinit>:
1000642a:	2001      	movs	r0, #1
1000642c:	4770      	bx	lr
	...

10006430 <tu_edpt_stream_write_zlp_if_needed>:
10006430:	b5f8      	push	{r3, r4, r5, r6, r7, lr}
10006432:	0006      	movs	r6, r0
10006434:	000c      	movs	r4, r1
10006436:	0015      	movs	r5, r2
10006438:	780b      	ldrb	r3, [r1, #0]
1000643a:	079b      	lsls	r3, r3, #30
1000643c:	d511      	bpl.n	10006462 <tu_edpt_stream_write_zlp_if_needed+0x32>
1000643e:	2780      	movs	r7, #128	; 0x80
10006440:	00bf      	lsls	r7, r7, #2
10006442:	0020      	movs	r0, r4
10006444:	3008      	adds	r0, #8
10006446:	f000 faa1 	bl	1000698c <tu_fifo_count>
1000644a:	2800      	cmp	r0, #0
1000644c:	d125      	bne.n	1000649a <tu_edpt_stream_write_zlp_if_needed+0x6a>
1000644e:	2d00      	cmp	r5, #0
10006450:	d025      	beq.n	1000649e <tu_edpt_stream_write_zlp_if_needed+0x6e>
10006452:	3f01      	subs	r7, #1
10006454:	423d      	tst	r5, r7
10006456:	d124      	bne.n	100064a2 <tu_edpt_stream_write_zlp_if_needed+0x72>
10006458:	7823      	ldrb	r3, [r4, #0]
1000645a:	07db      	lsls	r3, r3, #31
1000645c:	d503      	bpl.n	10006466 <tu_edpt_stream_write_zlp_if_needed+0x36>
1000645e:	2000      	movs	r0, #0
10006460:	e01c      	b.n	1000649c <tu_edpt_stream_write_zlp_if_needed+0x6c>
10006462:	2740      	movs	r7, #64	; 0x40
10006464:	e7ed      	b.n	10006442 <tu_edpt_stream_write_zlp_if_needed+0x12>
10006466:	7861      	ldrb	r1, [r4, #1]
10006468:	0030      	movs	r0, r6
1000646a:	f7fe fce9 	bl	10004e40 <usbd_edpt_claim>
1000646e:	2800      	cmp	r0, #0
10006470:	d0f5      	beq.n	1000645e <tu_edpt_stream_write_zlp_if_needed+0x2e>
10006472:	7823      	ldrb	r3, [r4, #0]
10006474:	07db      	lsls	r3, r3, #31
10006476:	d507      	bpl.n	10006488 <tu_edpt_stream_write_zlp_if_needed+0x58>
10006478:	2226      	movs	r2, #38	; 0x26
1000647a:	32ff      	adds	r2, #255	; 0xff
1000647c:	490a      	ldr	r1, [pc, #40]	; (100064a8 <tu_edpt_stream_write_zlp_if_needed+0x78>)
1000647e:	480b      	ldr	r0, [pc, #44]	; (100064ac <tu_edpt_stream_write_zlp_if_needed+0x7c>)
10006480:	f7fd fcec 	bl	10003e5c <__wrap_printf>
10006484:	2000      	movs	r0, #0
10006486:	e009      	b.n	1000649c <tu_edpt_stream_write_zlp_if_needed+0x6c>
10006488:	7861      	ldrb	r1, [r4, #1]
1000648a:	2300      	movs	r3, #0
1000648c:	2200      	movs	r2, #0
1000648e:	0030      	movs	r0, r6
10006490:	f7fe fcfe 	bl	10004e90 <usbd_edpt_xfer>
10006494:	2800      	cmp	r0, #0
10006496:	d101      	bne.n	1000649c <tu_edpt_stream_write_zlp_if_needed+0x6c>
10006498:	e7ee      	b.n	10006478 <tu_edpt_stream_write_zlp_if_needed+0x48>
1000649a:	2000      	movs	r0, #0
1000649c:	bdf8      	pop	{r3, r4, r5, r6, r7, pc}
1000649e:	2000      	movs	r0, #0
100064a0:	e7fc      	b.n	1000649c <tu_edpt_stream_write_zlp_if_needed+0x6c>
100064a2:	2000      	movs	r0, #0
100064a4:	e7fa      	b.n	1000649c <tu_edpt_stream_write_zlp_if_needed+0x6c>
100064a6:	46c0      	nop			; (mov r8, r8)
100064a8:	10008d14 	.word	0x10008d14
100064ac:	10008ab8 	.word	0x10008ab8

100064b0 <tu_edpt_stream_write_xfer>:
100064b0:	b570      	push	{r4, r5, r6, lr}
100064b2:	0005      	movs	r5, r0
100064b4:	000c      	movs	r4, r1
100064b6:	000e      	movs	r6, r1
100064b8:	3608      	adds	r6, #8
100064ba:	0030      	movs	r0, r6
100064bc:	f000 fa66 	bl	1000698c <tu_fifo_count>
100064c0:	2800      	cmp	r0, #0
100064c2:	d030      	beq.n	10006526 <tu_edpt_stream_write_xfer+0x76>
100064c4:	7823      	ldrb	r3, [r4, #0]
100064c6:	07db      	lsls	r3, r3, #31
100064c8:	d501      	bpl.n	100064ce <tu_edpt_stream_write_xfer+0x1e>
100064ca:	2000      	movs	r0, #0
100064cc:	bd70      	pop	{r4, r5, r6, pc}
100064ce:	7861      	ldrb	r1, [r4, #1]
100064d0:	0028      	movs	r0, r5
100064d2:	f7fe fcb5 	bl	10004e40 <usbd_edpt_claim>
100064d6:	2800      	cmp	r0, #0
100064d8:	d0f7      	beq.n	100064ca <tu_edpt_stream_write_xfer+0x1a>
100064da:	8862      	ldrh	r2, [r4, #2]
100064dc:	6861      	ldr	r1, [r4, #4]
100064de:	0030      	movs	r0, r6
100064e0:	f000 fabc 	bl	10006a5c <tu_fifo_read_n>
100064e4:	1e06      	subs	r6, r0, #0
100064e6:	d014      	beq.n	10006512 <tu_edpt_stream_write_xfer+0x62>
100064e8:	7823      	ldrb	r3, [r4, #0]
100064ea:	07db      	lsls	r3, r3, #31
100064ec:	d507      	bpl.n	100064fe <tu_edpt_stream_write_xfer+0x4e>
100064ee:	2234      	movs	r2, #52	; 0x34
100064f0:	32ff      	adds	r2, #255	; 0xff
100064f2:	490e      	ldr	r1, [pc, #56]	; (1000652c <tu_edpt_stream_write_xfer+0x7c>)
100064f4:	480e      	ldr	r0, [pc, #56]	; (10006530 <tu_edpt_stream_write_xfer+0x80>)
100064f6:	f7fd fcb1 	bl	10003e5c <__wrap_printf>
100064fa:	2000      	movs	r0, #0
100064fc:	e7e6      	b.n	100064cc <tu_edpt_stream_write_xfer+0x1c>
100064fe:	6862      	ldr	r2, [r4, #4]
10006500:	7861      	ldrb	r1, [r4, #1]
10006502:	0003      	movs	r3, r0
10006504:	0028      	movs	r0, r5
10006506:	f7fe fcc3 	bl	10004e90 <usbd_edpt_xfer>
1000650a:	2800      	cmp	r0, #0
1000650c:	d0ef      	beq.n	100064ee <tu_edpt_stream_write_xfer+0x3e>
1000650e:	0030      	movs	r0, r6
10006510:	e7dc      	b.n	100064cc <tu_edpt_stream_write_xfer+0x1c>
10006512:	7823      	ldrb	r3, [r4, #0]
10006514:	07db      	lsls	r3, r3, #31
10006516:	d501      	bpl.n	1000651c <tu_edpt_stream_write_xfer+0x6c>
10006518:	2000      	movs	r0, #0
1000651a:	e7d7      	b.n	100064cc <tu_edpt_stream_write_xfer+0x1c>
1000651c:	7861      	ldrb	r1, [r4, #1]
1000651e:	0028      	movs	r0, r5
10006520:	f7fe fca2 	bl	10004e68 <usbd_edpt_release>
10006524:	e7f8      	b.n	10006518 <tu_edpt_stream_write_xfer+0x68>
10006526:	2000      	movs	r0, #0
10006528:	e7d0      	b.n	100064cc <tu_edpt_stream_write_xfer+0x1c>
1000652a:	46c0      	nop			; (mov r8, r8)
1000652c:	10008cf8 	.word	0x10008cf8
10006530:	10008ab8 	.word	0x10008ab8

10006534 <tu_edpt_stream_read_xfer>:
10006534:	b5f8      	push	{r3, r4, r5, r6, r7, lr}
10006536:	0005      	movs	r5, r0
10006538:	000c      	movs	r4, r1
1000653a:	898b      	ldrh	r3, [r1, #12]
1000653c:	2b00      	cmp	r3, #0
1000653e:	d122      	bne.n	10006586 <tu_edpt_stream_read_xfer+0x52>
10006540:	780b      	ldrb	r3, [r1, #0]
10006542:	07db      	lsls	r3, r3, #31
10006544:	d501      	bpl.n	1000654a <tu_edpt_stream_read_xfer+0x16>
10006546:	2000      	movs	r0, #0
10006548:	bdf8      	pop	{r3, r4, r5, r6, r7, pc}
1000654a:	7849      	ldrb	r1, [r1, #1]
1000654c:	f7fe fc78 	bl	10004e40 <usbd_edpt_claim>
10006550:	2800      	cmp	r0, #0
10006552:	d0f8      	beq.n	10006546 <tu_edpt_stream_read_xfer+0x12>
10006554:	8863      	ldrh	r3, [r4, #2]
10006556:	7822      	ldrb	r2, [r4, #0]
10006558:	07d2      	lsls	r2, r2, #31
1000655a:	d507      	bpl.n	1000656c <tu_edpt_stream_read_xfer+0x38>
1000655c:	226e      	movs	r2, #110	; 0x6e
1000655e:	32ff      	adds	r2, #255	; 0xff
10006560:	492f      	ldr	r1, [pc, #188]	; (10006620 <tu_edpt_stream_read_xfer+0xec>)
10006562:	4830      	ldr	r0, [pc, #192]	; (10006624 <tu_edpt_stream_read_xfer+0xf0>)
10006564:	f7fd fc7a 	bl	10003e5c <__wrap_printf>
10006568:	2000      	movs	r0, #0
1000656a:	e7ed      	b.n	10006548 <tu_edpt_stream_read_xfer+0x14>
1000656c:	7861      	ldrb	r1, [r4, #1]
1000656e:	2b00      	cmp	r3, #0
10006570:	d007      	beq.n	10006582 <tu_edpt_stream_read_xfer+0x4e>
10006572:	6862      	ldr	r2, [r4, #4]
10006574:	0028      	movs	r0, r5
10006576:	f7fe fc8b 	bl	10004e90 <usbd_edpt_xfer>
1000657a:	2800      	cmp	r0, #0
1000657c:	d0ee      	beq.n	1000655c <tu_edpt_stream_read_xfer+0x28>
1000657e:	8860      	ldrh	r0, [r4, #2]
10006580:	e7e2      	b.n	10006548 <tu_edpt_stream_read_xfer+0x14>
10006582:	2200      	movs	r2, #0
10006584:	e7f6      	b.n	10006574 <tu_edpt_stream_read_xfer+0x40>
10006586:	780b      	ldrb	r3, [r1, #0]
10006588:	079b      	lsls	r3, r3, #30
1000658a:	d50d      	bpl.n	100065a8 <tu_edpt_stream_read_xfer+0x74>
1000658c:	2680      	movs	r6, #128	; 0x80
1000658e:	00b6      	lsls	r6, r6, #2
10006590:	0027      	movs	r7, r4
10006592:	3708      	adds	r7, #8
10006594:	0038      	movs	r0, r7
10006596:	f000 fa2a 	bl	100069ee <tu_fifo_remaining>
1000659a:	4286      	cmp	r6, r0
1000659c:	d83d      	bhi.n	1000661a <tu_edpt_stream_read_xfer+0xe6>
1000659e:	7823      	ldrb	r3, [r4, #0]
100065a0:	07db      	lsls	r3, r3, #31
100065a2:	d503      	bpl.n	100065ac <tu_edpt_stream_read_xfer+0x78>
100065a4:	2000      	movs	r0, #0
100065a6:	e7cf      	b.n	10006548 <tu_edpt_stream_read_xfer+0x14>
100065a8:	2640      	movs	r6, #64	; 0x40
100065aa:	e7f1      	b.n	10006590 <tu_edpt_stream_read_xfer+0x5c>
100065ac:	7861      	ldrb	r1, [r4, #1]
100065ae:	0028      	movs	r0, r5
100065b0:	f7fe fc46 	bl	10004e40 <usbd_edpt_claim>
100065b4:	2800      	cmp	r0, #0
100065b6:	d0f5      	beq.n	100065a4 <tu_edpt_stream_read_xfer+0x70>
100065b8:	0038      	movs	r0, r7
100065ba:	f000 fa18 	bl	100069ee <tu_fifo_remaining>
100065be:	4286      	cmp	r6, r0
100065c0:	d821      	bhi.n	10006606 <tu_edpt_stream_read_xfer+0xd2>
100065c2:	4276      	negs	r6, r6
100065c4:	4006      	ands	r6, r0
100065c6:	b2b6      	uxth	r6, r6
100065c8:	8863      	ldrh	r3, [r4, #2]
100065ca:	1c18      	adds	r0, r3, #0
100065cc:	42b3      	cmp	r3, r6
100065ce:	d900      	bls.n	100065d2 <tu_edpt_stream_read_xfer+0x9e>
100065d0:	1c30      	adds	r0, r6, #0
100065d2:	b286      	uxth	r6, r0
100065d4:	7823      	ldrb	r3, [r4, #0]
100065d6:	07db      	lsls	r3, r3, #31
100065d8:	d507      	bpl.n	100065ea <tu_edpt_stream_read_xfer+0xb6>
100065da:	22c1      	movs	r2, #193	; 0xc1
100065dc:	0052      	lsls	r2, r2, #1
100065de:	4910      	ldr	r1, [pc, #64]	; (10006620 <tu_edpt_stream_read_xfer+0xec>)
100065e0:	4810      	ldr	r0, [pc, #64]	; (10006624 <tu_edpt_stream_read_xfer+0xf0>)
100065e2:	f7fd fc3b 	bl	10003e5c <__wrap_printf>
100065e6:	2000      	movs	r0, #0
100065e8:	e7ae      	b.n	10006548 <tu_edpt_stream_read_xfer+0x14>
100065ea:	7861      	ldrb	r1, [r4, #1]
100065ec:	2e00      	cmp	r6, #0
100065ee:	d008      	beq.n	10006602 <tu_edpt_stream_read_xfer+0xce>
100065f0:	6862      	ldr	r2, [r4, #4]
100065f2:	0033      	movs	r3, r6
100065f4:	0028      	movs	r0, r5
100065f6:	f7fe fc4b 	bl	10004e90 <usbd_edpt_xfer>
100065fa:	2800      	cmp	r0, #0
100065fc:	d0ed      	beq.n	100065da <tu_edpt_stream_read_xfer+0xa6>
100065fe:	0030      	movs	r0, r6
10006600:	e7a2      	b.n	10006548 <tu_edpt_stream_read_xfer+0x14>
10006602:	2200      	movs	r2, #0
10006604:	e7f5      	b.n	100065f2 <tu_edpt_stream_read_xfer+0xbe>
10006606:	7823      	ldrb	r3, [r4, #0]
10006608:	07db      	lsls	r3, r3, #31
1000660a:	d501      	bpl.n	10006610 <tu_edpt_stream_read_xfer+0xdc>
1000660c:	2000      	movs	r0, #0
1000660e:	e79b      	b.n	10006548 <tu_edpt_stream_read_xfer+0x14>
10006610:	7861      	ldrb	r1, [r4, #1]
10006612:	0028      	movs	r0, r5
10006614:	f7fe fc28 	bl	10004e68 <usbd_edpt_release>
10006618:	e7f8      	b.n	1000660c <tu_edpt_stream_read_xfer+0xd8>
1000661a:	2000      	movs	r0, #0
1000661c:	e794      	b.n	10006548 <tu_edpt_stream_read_xfer+0x14>
1000661e:	46c0      	nop			; (mov r8, r8)
10006620:	10008cdc 	.word	0x10008cdc
10006624:	10008ab8 	.word	0x10008ab8

10006628 <advance_index>:
10006628:	0003      	movs	r3, r0
1000662a:	188a      	adds	r2, r1, r2
1000662c:	b290      	uxth	r0, r2
1000662e:	4281      	cmp	r1, r0
10006630:	d802      	bhi.n	10006638 <advance_index+0x10>
10006632:	005a      	lsls	r2, r3, #1
10006634:	4290      	cmp	r0, r2
10006636:	db03      	blt.n	10006640 <advance_index+0x18>
10006638:	005b      	lsls	r3, r3, #1
1000663a:	b29b      	uxth	r3, r3
1000663c:	1ac0      	subs	r0, r0, r3
1000663e:	b280      	uxth	r0, r0
10006640:	4770      	bx	lr

10006642 <_tu_fifo_peek>:
10006642:	b570      	push	{r4, r5, r6, lr}
10006644:	0005      	movs	r5, r0
10006646:	0008      	movs	r0, r1
10006648:	88ac      	ldrh	r4, [r5, #4]
1000664a:	429a      	cmp	r2, r3
1000664c:	d30b      	bcc.n	10006666 <_tu_fifo_peek+0x24>
1000664e:	1ad1      	subs	r1, r2, r3
10006650:	b289      	uxth	r1, r1
10006652:	2900      	cmp	r1, #0
10006654:	d01e      	beq.n	10006694 <_tu_fifo_peek+0x52>
10006656:	428c      	cmp	r4, r1
10006658:	d210      	bcs.n	1000667c <_tu_fifo_peek+0x3a>
1000665a:	4294      	cmp	r4, r2
1000665c:	d809      	bhi.n	10006672 <_tu_fifo_peek+0x30>
1000665e:	1b13      	subs	r3, r2, r4
10006660:	b29b      	uxth	r3, r3
10006662:	816b      	strh	r3, [r5, #10]
10006664:	e00a      	b.n	1000667c <_tu_fifo_peek+0x3a>
10006666:	1ad1      	subs	r1, r2, r3
10006668:	b289      	uxth	r1, r1
1000666a:	0066      	lsls	r6, r4, #1
1000666c:	1989      	adds	r1, r1, r6
1000666e:	b289      	uxth	r1, r1
10006670:	e7ef      	b.n	10006652 <_tu_fifo_peek+0x10>
10006672:	18a2      	adds	r2, r4, r2
10006674:	b293      	uxth	r3, r2
10006676:	e7f4      	b.n	10006662 <_tu_fifo_peek+0x20>
10006678:	1b1b      	subs	r3, r3, r4
1000667a:	b29b      	uxth	r3, r3
1000667c:	429c      	cmp	r4, r3
1000667e:	d9fb      	bls.n	10006678 <_tu_fifo_peek+0x36>
10006680:	6829      	ldr	r1, [r5, #0]
10006682:	88ea      	ldrh	r2, [r5, #6]
10006684:	0452      	lsls	r2, r2, #17
10006686:	0c52      	lsrs	r2, r2, #17
10006688:	4353      	muls	r3, r2
1000668a:	18c9      	adds	r1, r1, r3
1000668c:	f7fc f992 	bl	100029b4 <__wrap___aeabi_memcpy>
10006690:	2001      	movs	r0, #1
10006692:	bd70      	pop	{r4, r5, r6, pc}
10006694:	2000      	movs	r0, #0
10006696:	e7fc      	b.n	10006692 <_tu_fifo_peek+0x50>

10006698 <_ff_pull_n>:
10006698:	b5f8      	push	{r3, r4, r5, r6, r7, lr}
1000669a:	46ce      	mov	lr, r9
1000669c:	4647      	mov	r7, r8
1000669e:	b580      	push	{r7, lr}
100066a0:	0005      	movs	r5, r0
100066a2:	4688      	mov	r8, r1
100066a4:	a908      	add	r1, sp, #32
100066a6:	7809      	ldrb	r1, [r1, #0]
100066a8:	8884      	ldrh	r4, [r0, #4]
100066aa:	1ae0      	subs	r0, r4, r3
100066ac:	b280      	uxth	r0, r0
100066ae:	1b1c      	subs	r4, r3, r4
100066b0:	1914      	adds	r4, r2, r4
100066b2:	b2a4      	uxth	r4, r4
100066b4:	88ef      	ldrh	r7, [r5, #6]
100066b6:	047f      	lsls	r7, r7, #17
100066b8:	0c7e      	lsrs	r6, r7, #17
100066ba:	0007      	movs	r7, r0
100066bc:	4377      	muls	r7, r6
100066be:	b2bf      	uxth	r7, r7
100066c0:	4374      	muls	r4, r6
100066c2:	b2a4      	uxth	r4, r4
100066c4:	46a1      	mov	r9, r4
100066c6:	4373      	muls	r3, r6
100066c8:	682c      	ldr	r4, [r5, #0]
100066ca:	46a4      	mov	ip, r4
100066cc:	4463      	add	r3, ip
100066ce:	2900      	cmp	r1, #0
100066d0:	d106      	bne.n	100066e0 <_ff_pull_n+0x48>
100066d2:	4290      	cmp	r0, r2
100066d4:	d308      	bcc.n	100066e8 <_ff_pull_n+0x50>
100066d6:	4372      	muls	r2, r6
100066d8:	0019      	movs	r1, r3
100066da:	4640      	mov	r0, r8
100066dc:	f7fc f96a 	bl	100029b4 <__wrap___aeabi_memcpy>
100066e0:	bcc0      	pop	{r6, r7}
100066e2:	46b9      	mov	r9, r7
100066e4:	46b0      	mov	r8, r6
100066e6:	bdf8      	pop	{r3, r4, r5, r6, r7, pc}
100066e8:	003a      	movs	r2, r7
100066ea:	0019      	movs	r1, r3
100066ec:	4644      	mov	r4, r8
100066ee:	4640      	mov	r0, r8
100066f0:	f7fc f960 	bl	100029b4 <__wrap___aeabi_memcpy>
100066f4:	6829      	ldr	r1, [r5, #0]
100066f6:	19e0      	adds	r0, r4, r7
100066f8:	464a      	mov	r2, r9
100066fa:	f7fc f95b 	bl	100029b4 <__wrap___aeabi_memcpy>
100066fe:	e7ef      	b.n	100066e0 <_ff_pull_n+0x48>

10006700 <_tu_fifo_peek_n>:
10006700:	b5f0      	push	{r4, r5, r6, r7, lr}
10006702:	46c6      	mov	lr, r8
10006704:	b500      	push	{lr}
10006706:	b082      	sub	sp, #8
10006708:	001e      	movs	r6, r3
1000670a:	ab08      	add	r3, sp, #32
1000670c:	881b      	ldrh	r3, [r3, #0]
1000670e:	ac09      	add	r4, sp, #36	; 0x24
10006710:	7827      	ldrb	r7, [r4, #0]
10006712:	8884      	ldrh	r4, [r0, #4]
10006714:	429e      	cmp	r6, r3
10006716:	d30f      	bcc.n	10006738 <_tu_fifo_peek_n+0x38>
10006718:	1af5      	subs	r5, r6, r3
1000671a:	b2ad      	uxth	r5, r5
1000671c:	2d00      	cmp	r5, #0
1000671e:	d01f      	beq.n	10006760 <_tu_fifo_peek_n+0x60>
10006720:	42ac      	cmp	r4, r5
10006722:	d205      	bcs.n	10006730 <_tu_fifo_peek_n+0x30>
10006724:	42b4      	cmp	r4, r6
10006726:	d810      	bhi.n	1000674a <_tu_fifo_peek_n+0x4a>
10006728:	1b33      	subs	r3, r6, r4
1000672a:	b29b      	uxth	r3, r3
1000672c:	8143      	strh	r3, [r0, #10]
1000672e:	0025      	movs	r5, r4
10006730:	4295      	cmp	r5, r2
10006732:	d30f      	bcc.n	10006754 <_tu_fifo_peek_n+0x54>
10006734:	0015      	movs	r5, r2
10006736:	e00d      	b.n	10006754 <_tu_fifo_peek_n+0x54>
10006738:	1af5      	subs	r5, r6, r3
1000673a:	b2ad      	uxth	r5, r5
1000673c:	46a8      	mov	r8, r5
1000673e:	0065      	lsls	r5, r4, #1
10006740:	46ac      	mov	ip, r5
10006742:	4645      	mov	r5, r8
10006744:	4465      	add	r5, ip
10006746:	b2ad      	uxth	r5, r5
10006748:	e7e8      	b.n	1000671c <_tu_fifo_peek_n+0x1c>
1000674a:	19a6      	adds	r6, r4, r6
1000674c:	b2b3      	uxth	r3, r6
1000674e:	e7ed      	b.n	1000672c <_tu_fifo_peek_n+0x2c>
10006750:	1b1b      	subs	r3, r3, r4
10006752:	b29b      	uxth	r3, r3
10006754:	429c      	cmp	r4, r3
10006756:	d9fb      	bls.n	10006750 <_tu_fifo_peek_n+0x50>
10006758:	9700      	str	r7, [sp, #0]
1000675a:	002a      	movs	r2, r5
1000675c:	f7ff ff9c 	bl	10006698 <_ff_pull_n>
10006760:	0028      	movs	r0, r5
10006762:	b002      	add	sp, #8
10006764:	bc80      	pop	{r7}
10006766:	46b8      	mov	r8, r7
10006768:	bdf0      	pop	{r4, r5, r6, r7, pc}

1000676a <_tu_fifo_read_n>:
1000676a:	b5f0      	push	{r4, r5, r6, r7, lr}
1000676c:	b083      	sub	sp, #12
1000676e:	0004      	movs	r4, r0
10006770:	000d      	movs	r5, r1
10006772:	0016      	movs	r6, r2
10006774:	001f      	movs	r7, r3
10006776:	6900      	ldr	r0, [r0, #16]
10006778:	2800      	cmp	r0, #0
1000677a:	d003      	beq.n	10006784 <_tu_fifo_read_n+0x1a>
1000677c:	2101      	movs	r1, #1
1000677e:	4249      	negs	r1, r1
10006780:	f001 f892 	bl	100078a8 <__mutex_enter_timeout_ms_veneer>
10006784:	8923      	ldrh	r3, [r4, #8]
10006786:	b29b      	uxth	r3, r3
10006788:	8962      	ldrh	r2, [r4, #10]
1000678a:	9701      	str	r7, [sp, #4]
1000678c:	9200      	str	r2, [sp, #0]
1000678e:	0032      	movs	r2, r6
10006790:	0029      	movs	r1, r5
10006792:	0020      	movs	r0, r4
10006794:	f7ff ffb4 	bl	10006700 <_tu_fifo_peek_n>
10006798:	0005      	movs	r5, r0
1000679a:	8961      	ldrh	r1, [r4, #10]
1000679c:	b289      	uxth	r1, r1
1000679e:	88a0      	ldrh	r0, [r4, #4]
100067a0:	002a      	movs	r2, r5
100067a2:	f7ff ff41 	bl	10006628 <advance_index>
100067a6:	8160      	strh	r0, [r4, #10]
100067a8:	6920      	ldr	r0, [r4, #16]
100067aa:	2800      	cmp	r0, #0
100067ac:	d001      	beq.n	100067b2 <_tu_fifo_read_n+0x48>
100067ae:	f001 f85b 	bl	10007868 <__mutex_exit_veneer>
100067b2:	0028      	movs	r0, r5
100067b4:	b003      	add	sp, #12
100067b6:	bdf0      	pop	{r4, r5, r6, r7, pc}

100067b8 <_ff_push_n>:
100067b8:	b5f8      	push	{r3, r4, r5, r6, r7, lr}
100067ba:	46ce      	mov	lr, r9
100067bc:	4647      	mov	r7, r8
100067be:	b580      	push	{r7, lr}
100067c0:	0005      	movs	r5, r0
100067c2:	4688      	mov	r8, r1
100067c4:	a908      	add	r1, sp, #32
100067c6:	7808      	ldrb	r0, [r1, #0]
100067c8:	88ac      	ldrh	r4, [r5, #4]
100067ca:	1ae1      	subs	r1, r4, r3
100067cc:	b289      	uxth	r1, r1
100067ce:	1b1c      	subs	r4, r3, r4
100067d0:	1914      	adds	r4, r2, r4
100067d2:	b2a4      	uxth	r4, r4
100067d4:	88ef      	ldrh	r7, [r5, #6]
100067d6:	047f      	lsls	r7, r7, #17
100067d8:	0c7e      	lsrs	r6, r7, #17
100067da:	000f      	movs	r7, r1
100067dc:	4377      	muls	r7, r6
100067de:	b2bf      	uxth	r7, r7
100067e0:	4374      	muls	r4, r6
100067e2:	b2a4      	uxth	r4, r4
100067e4:	46a1      	mov	r9, r4
100067e6:	4373      	muls	r3, r6
100067e8:	682c      	ldr	r4, [r5, #0]
100067ea:	46a4      	mov	ip, r4
100067ec:	4463      	add	r3, ip
100067ee:	2800      	cmp	r0, #0
100067f0:	d106      	bne.n	10006800 <_ff_push_n+0x48>
100067f2:	4291      	cmp	r1, r2
100067f4:	d308      	bcc.n	10006808 <_ff_push_n+0x50>
100067f6:	4372      	muls	r2, r6
100067f8:	4641      	mov	r1, r8
100067fa:	0018      	movs	r0, r3
100067fc:	f7fc f8da 	bl	100029b4 <__wrap___aeabi_memcpy>
10006800:	bcc0      	pop	{r6, r7}
10006802:	46b9      	mov	r9, r7
10006804:	46b0      	mov	r8, r6
10006806:	bdf8      	pop	{r3, r4, r5, r6, r7, pc}
10006808:	003a      	movs	r2, r7
1000680a:	4644      	mov	r4, r8
1000680c:	4641      	mov	r1, r8
1000680e:	0018      	movs	r0, r3
10006810:	f7fc f8d0 	bl	100029b4 <__wrap___aeabi_memcpy>
10006814:	6828      	ldr	r0, [r5, #0]
10006816:	19e1      	adds	r1, r4, r7
10006818:	464a      	mov	r2, r9
1000681a:	f7fc f8cb 	bl	100029b4 <__wrap___aeabi_memcpy>
1000681e:	e7ef      	b.n	10006800 <_ff_push_n+0x48>

10006820 <_tu_fifo_write_n>:
10006820:	b5f0      	push	{r4, r5, r6, r7, lr}
10006822:	b085      	sub	sp, #20
10006824:	0006      	movs	r6, r0
10006826:	9103      	str	r1, [sp, #12]
10006828:	1e15      	subs	r5, r2, #0
1000682a:	9302      	str	r3, [sp, #8]
1000682c:	d100      	bne.n	10006830 <_tu_fifo_write_n+0x10>
1000682e:	e06d      	b.n	1000690c <_tu_fifo_write_n+0xec>
10006830:	68c0      	ldr	r0, [r0, #12]
10006832:	2800      	cmp	r0, #0
10006834:	d003      	beq.n	1000683e <_tu_fifo_write_n+0x1e>
10006836:	2101      	movs	r1, #1
10006838:	4249      	negs	r1, r1
1000683a:	f001 f835 	bl	100078a8 <__mutex_enter_timeout_ms_veneer>
1000683e:	8934      	ldrh	r4, [r6, #8]
10006840:	b2a4      	uxth	r4, r4
10006842:	8971      	ldrh	r1, [r6, #10]
10006844:	b289      	uxth	r1, r1
10006846:	79f3      	ldrb	r3, [r6, #7]
10006848:	09db      	lsrs	r3, r3, #7
1000684a:	d11a      	bne.n	10006882 <_tu_fifo_write_n+0x62>
1000684c:	88b3      	ldrh	r3, [r6, #4]
1000684e:	428c      	cmp	r4, r1
10006850:	d30f      	bcc.n	10006872 <_tu_fifo_write_n+0x52>
10006852:	1a61      	subs	r1, r4, r1
10006854:	b289      	uxth	r1, r1
10006856:	428b      	cmp	r3, r1
10006858:	d911      	bls.n	1000687e <_tu_fifo_write_n+0x5e>
1000685a:	1a5b      	subs	r3, r3, r1
1000685c:	b29b      	uxth	r3, r3
1000685e:	1c2f      	adds	r7, r5, #0
10006860:	429d      	cmp	r5, r3
10006862:	d900      	bls.n	10006866 <_tu_fifo_write_n+0x46>
10006864:	1c1f      	adds	r7, r3, #0
10006866:	b2bf      	uxth	r7, r7
10006868:	2f00      	cmp	r7, #0
1000686a:	d047      	beq.n	100068fc <_tu_fifo_write_n+0xdc>
1000686c:	88b2      	ldrh	r2, [r6, #4]
1000686e:	0023      	movs	r3, r4
10006870:	e035      	b.n	100068de <_tu_fifo_write_n+0xbe>
10006872:	1a61      	subs	r1, r4, r1
10006874:	b289      	uxth	r1, r1
10006876:	005a      	lsls	r2, r3, #1
10006878:	1889      	adds	r1, r1, r2
1000687a:	b289      	uxth	r1, r1
1000687c:	e7eb      	b.n	10006856 <_tu_fifo_write_n+0x36>
1000687e:	2300      	movs	r3, #0
10006880:	e7ed      	b.n	1000685e <_tu_fifo_write_n+0x3e>
10006882:	88b7      	ldrh	r7, [r6, #4]
10006884:	42af      	cmp	r7, r5
10006886:	d80e      	bhi.n	100068a6 <_tu_fifo_write_n+0x86>
10006888:	9b02      	ldr	r3, [sp, #8]
1000688a:	2b00      	cmp	r3, #0
1000688c:	d121      	bne.n	100068d2 <_tu_fifo_write_n+0xb2>
1000688e:	1bed      	subs	r5, r5, r7
10006890:	88f3      	ldrh	r3, [r6, #6]
10006892:	045b      	lsls	r3, r3, #17
10006894:	0c5a      	lsrs	r2, r3, #17
10006896:	436a      	muls	r2, r5
10006898:	9b03      	ldr	r3, [sp, #12]
1000689a:	469c      	mov	ip, r3
1000689c:	4494      	add	ip, r2
1000689e:	4663      	mov	r3, ip
100068a0:	9303      	str	r3, [sp, #12]
100068a2:	000c      	movs	r4, r1
100068a4:	e7e0      	b.n	10006868 <_tu_fifo_write_n+0x48>
100068a6:	428c      	cmp	r4, r1
100068a8:	d30d      	bcc.n	100068c6 <_tu_fifo_write_n+0xa6>
100068aa:	1a63      	subs	r3, r4, r1
100068ac:	b29b      	uxth	r3, r3
100068ae:	195b      	adds	r3, r3, r5
100068b0:	007a      	lsls	r2, r7, #1
100068b2:	4293      	cmp	r3, r2
100068b4:	db0f      	blt.n	100068d6 <_tu_fifo_write_n+0xb6>
100068b6:	1b7a      	subs	r2, r7, r5
100068b8:	b292      	uxth	r2, r2
100068ba:	0038      	movs	r0, r7
100068bc:	f7ff feb4 	bl	10006628 <advance_index>
100068c0:	0004      	movs	r4, r0
100068c2:	002f      	movs	r7, r5
100068c4:	e7d0      	b.n	10006868 <_tu_fifo_write_n+0x48>
100068c6:	1a63      	subs	r3, r4, r1
100068c8:	b29b      	uxth	r3, r3
100068ca:	007a      	lsls	r2, r7, #1
100068cc:	189b      	adds	r3, r3, r2
100068ce:	b29b      	uxth	r3, r3
100068d0:	e7ed      	b.n	100068ae <_tu_fifo_write_n+0x8e>
100068d2:	000c      	movs	r4, r1
100068d4:	e7c8      	b.n	10006868 <_tu_fifo_write_n+0x48>
100068d6:	002f      	movs	r7, r5
100068d8:	e7c6      	b.n	10006868 <_tu_fifo_write_n+0x48>
100068da:	1a9b      	subs	r3, r3, r2
100068dc:	b29b      	uxth	r3, r3
100068de:	429a      	cmp	r2, r3
100068e0:	d9fb      	bls.n	100068da <_tu_fifo_write_n+0xba>
100068e2:	9a02      	ldr	r2, [sp, #8]
100068e4:	9200      	str	r2, [sp, #0]
100068e6:	003a      	movs	r2, r7
100068e8:	9903      	ldr	r1, [sp, #12]
100068ea:	0030      	movs	r0, r6
100068ec:	f7ff ff64 	bl	100067b8 <_ff_push_n>
100068f0:	88b0      	ldrh	r0, [r6, #4]
100068f2:	003a      	movs	r2, r7
100068f4:	0021      	movs	r1, r4
100068f6:	f7ff fe97 	bl	10006628 <advance_index>
100068fa:	8130      	strh	r0, [r6, #8]
100068fc:	68f0      	ldr	r0, [r6, #12]
100068fe:	2800      	cmp	r0, #0
10006900:	d001      	beq.n	10006906 <_tu_fifo_write_n+0xe6>
10006902:	f000 ffb1 	bl	10007868 <__mutex_exit_veneer>
10006906:	0038      	movs	r0, r7
10006908:	b005      	add	sp, #20
1000690a:	bdf0      	pop	{r4, r5, r6, r7, pc}
1000690c:	0017      	movs	r7, r2
1000690e:	e7fa      	b.n	10006906 <_tu_fifo_write_n+0xe6>

10006910 <tu_fifo_config>:
10006910:	b5f0      	push	{r4, r5, r6, r7, lr}
10006912:	b083      	sub	sp, #12
10006914:	0004      	movs	r4, r0
10006916:	9101      	str	r1, [sp, #4]
10006918:	0016      	movs	r6, r2
1000691a:	001d      	movs	r5, r3
1000691c:	ab08      	add	r3, sp, #32
1000691e:	781f      	ldrb	r7, [r3, #0]
10006920:	2380      	movs	r3, #128	; 0x80
10006922:	021b      	lsls	r3, r3, #8
10006924:	429a      	cmp	r2, r3
10006926:	d82d      	bhi.n	10006984 <tu_fifo_config+0x74>
10006928:	68c0      	ldr	r0, [r0, #12]
1000692a:	2800      	cmp	r0, #0
1000692c:	d003      	beq.n	10006936 <tu_fifo_config+0x26>
1000692e:	2101      	movs	r1, #1
10006930:	4249      	negs	r1, r1
10006932:	f000 ffb9 	bl	100078a8 <__mutex_enter_timeout_ms_veneer>
10006936:	6920      	ldr	r0, [r4, #16]
10006938:	2800      	cmp	r0, #0
1000693a:	d003      	beq.n	10006944 <tu_fifo_config+0x34>
1000693c:	2101      	movs	r1, #1
1000693e:	4249      	negs	r1, r1
10006940:	f000 ffb2 	bl	100078a8 <__mutex_enter_timeout_ms_veneer>
10006944:	9b01      	ldr	r3, [sp, #4]
10006946:	6023      	str	r3, [r4, #0]
10006948:	80a6      	strh	r6, [r4, #4]
1000694a:	046d      	lsls	r5, r5, #17
1000694c:	0c6b      	lsrs	r3, r5, #17
1000694e:	88e2      	ldrh	r2, [r4, #6]
10006950:	0bd2      	lsrs	r2, r2, #15
10006952:	03d5      	lsls	r5, r2, #15
10006954:	431d      	orrs	r5, r3
10006956:	80e5      	strh	r5, [r4, #6]
10006958:	01fb      	lsls	r3, r7, #7
1000695a:	79e2      	ldrb	r2, [r4, #7]
1000695c:	277f      	movs	r7, #127	; 0x7f
1000695e:	4017      	ands	r7, r2
10006960:	431f      	orrs	r7, r3
10006962:	71e7      	strb	r7, [r4, #7]
10006964:	2300      	movs	r3, #0
10006966:	8163      	strh	r3, [r4, #10]
10006968:	8123      	strh	r3, [r4, #8]
1000696a:	68e0      	ldr	r0, [r4, #12]
1000696c:	2800      	cmp	r0, #0
1000696e:	d001      	beq.n	10006974 <tu_fifo_config+0x64>
10006970:	f000 ff7a 	bl	10007868 <__mutex_exit_veneer>
10006974:	6920      	ldr	r0, [r4, #16]
10006976:	2800      	cmp	r0, #0
10006978:	d006      	beq.n	10006988 <tu_fifo_config+0x78>
1000697a:	f000 ff75 	bl	10007868 <__mutex_exit_veneer>
1000697e:	2001      	movs	r0, #1
10006980:	b003      	add	sp, #12
10006982:	bdf0      	pop	{r4, r5, r6, r7, pc}
10006984:	2000      	movs	r0, #0
10006986:	e7fb      	b.n	10006980 <tu_fifo_config+0x70>
10006988:	2001      	movs	r0, #1
1000698a:	e7f9      	b.n	10006980 <tu_fifo_config+0x70>

1000698c <tu_fifo_count>:
1000698c:	8881      	ldrh	r1, [r0, #4]
1000698e:	8903      	ldrh	r3, [r0, #8]
10006990:	b29b      	uxth	r3, r3
10006992:	8942      	ldrh	r2, [r0, #10]
10006994:	b292      	uxth	r2, r2
10006996:	4293      	cmp	r3, r2
10006998:	d307      	bcc.n	100069aa <tu_fifo_count+0x1e>
1000699a:	1a9b      	subs	r3, r3, r2
1000699c:	b29b      	uxth	r3, r3
1000699e:	1c08      	adds	r0, r1, #0
100069a0:	4299      	cmp	r1, r3
100069a2:	d900      	bls.n	100069a6 <tu_fifo_count+0x1a>
100069a4:	1c18      	adds	r0, r3, #0
100069a6:	b280      	uxth	r0, r0
100069a8:	4770      	bx	lr
100069aa:	1a9b      	subs	r3, r3, r2
100069ac:	b29b      	uxth	r3, r3
100069ae:	004a      	lsls	r2, r1, #1
100069b0:	189b      	adds	r3, r3, r2
100069b2:	b29b      	uxth	r3, r3
100069b4:	e7f3      	b.n	1000699e <tu_fifo_count+0x12>

100069b6 <tu_fifo_empty>:
100069b6:	0003      	movs	r3, r0
100069b8:	8900      	ldrh	r0, [r0, #8]
100069ba:	895b      	ldrh	r3, [r3, #10]
100069bc:	1ac0      	subs	r0, r0, r3
100069be:	4243      	negs	r3, r0
100069c0:	4158      	adcs	r0, r3
100069c2:	b2c0      	uxtb	r0, r0
100069c4:	4770      	bx	lr

100069c6 <tu_fifo_full>:
100069c6:	8881      	ldrh	r1, [r0, #4]
100069c8:	8903      	ldrh	r3, [r0, #8]
100069ca:	b29b      	uxth	r3, r3
100069cc:	8942      	ldrh	r2, [r0, #10]
100069ce:	b292      	uxth	r2, r2
100069d0:	4293      	cmp	r3, r2
100069d2:	d306      	bcc.n	100069e2 <tu_fifo_full+0x1c>
100069d4:	1a9b      	subs	r3, r3, r2
100069d6:	b29b      	uxth	r3, r3
100069d8:	2000      	movs	r0, #0
100069da:	428b      	cmp	r3, r1
100069dc:	4140      	adcs	r0, r0
100069de:	b2c0      	uxtb	r0, r0
100069e0:	4770      	bx	lr
100069e2:	1a9b      	subs	r3, r3, r2
100069e4:	b29b      	uxth	r3, r3
100069e6:	004a      	lsls	r2, r1, #1
100069e8:	189b      	adds	r3, r3, r2
100069ea:	b29b      	uxth	r3, r3
100069ec:	e7f4      	b.n	100069d8 <tu_fifo_full+0x12>

100069ee <tu_fifo_remaining>:
100069ee:	8882      	ldrh	r2, [r0, #4]
100069f0:	8903      	ldrh	r3, [r0, #8]
100069f2:	b29b      	uxth	r3, r3
100069f4:	8940      	ldrh	r0, [r0, #10]
100069f6:	b280      	uxth	r0, r0
100069f8:	4283      	cmp	r3, r0
100069fa:	d306      	bcc.n	10006a0a <tu_fifo_remaining+0x1c>
100069fc:	1a1b      	subs	r3, r3, r0
100069fe:	b29b      	uxth	r3, r3
10006a00:	429a      	cmp	r2, r3
10006a02:	d908      	bls.n	10006a16 <tu_fifo_remaining+0x28>
10006a04:	1ad3      	subs	r3, r2, r3
10006a06:	b298      	uxth	r0, r3
10006a08:	4770      	bx	lr
10006a0a:	1a1b      	subs	r3, r3, r0
10006a0c:	b29b      	uxth	r3, r3
10006a0e:	0050      	lsls	r0, r2, #1
10006a10:	181b      	adds	r3, r3, r0
10006a12:	b29b      	uxth	r3, r3
10006a14:	e7f4      	b.n	10006a00 <tu_fifo_remaining+0x12>
10006a16:	2000      	movs	r0, #0
10006a18:	e7f6      	b.n	10006a08 <tu_fifo_remaining+0x1a>

10006a1a <tu_fifo_read>:
10006a1a:	b570      	push	{r4, r5, r6, lr}
10006a1c:	0004      	movs	r4, r0
10006a1e:	000d      	movs	r5, r1
10006a20:	6900      	ldr	r0, [r0, #16]
10006a22:	2800      	cmp	r0, #0
10006a24:	d003      	beq.n	10006a2e <tu_fifo_read+0x14>
10006a26:	2101      	movs	r1, #1
10006a28:	4249      	negs	r1, r1
10006a2a:	f000 ff3d 	bl	100078a8 <__mutex_enter_timeout_ms_veneer>
10006a2e:	8922      	ldrh	r2, [r4, #8]
10006a30:	b292      	uxth	r2, r2
10006a32:	8963      	ldrh	r3, [r4, #10]
10006a34:	b29b      	uxth	r3, r3
10006a36:	0029      	movs	r1, r5
10006a38:	0020      	movs	r0, r4
10006a3a:	f7ff fe02 	bl	10006642 <_tu_fifo_peek>
10006a3e:	0005      	movs	r5, r0
10006a40:	8961      	ldrh	r1, [r4, #10]
10006a42:	b289      	uxth	r1, r1
10006a44:	b282      	uxth	r2, r0
10006a46:	88a0      	ldrh	r0, [r4, #4]
10006a48:	f7ff fdee 	bl	10006628 <advance_index>
10006a4c:	8160      	strh	r0, [r4, #10]
10006a4e:	6920      	ldr	r0, [r4, #16]
10006a50:	2800      	cmp	r0, #0
10006a52:	d001      	beq.n	10006a58 <tu_fifo_read+0x3e>
10006a54:	f000 ff08 	bl	10007868 <__mutex_exit_veneer>
10006a58:	0028      	movs	r0, r5
10006a5a:	bd70      	pop	{r4, r5, r6, pc}

10006a5c <tu_fifo_read_n>:
10006a5c:	b510      	push	{r4, lr}
10006a5e:	2300      	movs	r3, #0
10006a60:	f7ff fe83 	bl	1000676a <_tu_fifo_read_n>
10006a64:	bd10      	pop	{r4, pc}

10006a66 <tu_fifo_write>:
10006a66:	b5f8      	push	{r3, r4, r5, r6, r7, lr}
10006a68:	0004      	movs	r4, r0
10006a6a:	000e      	movs	r6, r1
10006a6c:	68c0      	ldr	r0, [r0, #12]
10006a6e:	2800      	cmp	r0, #0
10006a70:	d003      	beq.n	10006a7a <tu_fifo_write+0x14>
10006a72:	2101      	movs	r1, #1
10006a74:	4249      	negs	r1, r1
10006a76:	f000 ff17 	bl	100078a8 <__mutex_enter_timeout_ms_veneer>
10006a7a:	8925      	ldrh	r5, [r4, #8]
10006a7c:	b2ad      	uxth	r5, r5
10006a7e:	0020      	movs	r0, r4
10006a80:	f7ff ffa1 	bl	100069c6 <tu_fifo_full>
10006a84:	2800      	cmp	r0, #0
10006a86:	d002      	beq.n	10006a8e <tu_fifo_write+0x28>
10006a88:	79e7      	ldrb	r7, [r4, #7]
10006a8a:	09ff      	lsrs	r7, r7, #7
10006a8c:	d016      	beq.n	10006abc <tu_fifo_write+0x56>
10006a8e:	88a2      	ldrh	r2, [r4, #4]
10006a90:	002b      	movs	r3, r5
10006a92:	e001      	b.n	10006a98 <tu_fifo_write+0x32>
10006a94:	1a9b      	subs	r3, r3, r2
10006a96:	b29b      	uxth	r3, r3
10006a98:	429a      	cmp	r2, r3
10006a9a:	d9fb      	bls.n	10006a94 <tu_fifo_write+0x2e>
10006a9c:	88e2      	ldrh	r2, [r4, #6]
10006a9e:	0452      	lsls	r2, r2, #17
10006aa0:	0c52      	lsrs	r2, r2, #17
10006aa2:	4353      	muls	r3, r2
10006aa4:	6821      	ldr	r1, [r4, #0]
10006aa6:	18c8      	adds	r0, r1, r3
10006aa8:	0031      	movs	r1, r6
10006aaa:	f7fb ff83 	bl	100029b4 <__wrap___aeabi_memcpy>
10006aae:	88a0      	ldrh	r0, [r4, #4]
10006ab0:	2201      	movs	r2, #1
10006ab2:	0029      	movs	r1, r5
10006ab4:	f7ff fdb8 	bl	10006628 <advance_index>
10006ab8:	8120      	strh	r0, [r4, #8]
10006aba:	2701      	movs	r7, #1
10006abc:	68e0      	ldr	r0, [r4, #12]
10006abe:	2800      	cmp	r0, #0
10006ac0:	d001      	beq.n	10006ac6 <tu_fifo_write+0x60>
10006ac2:	f000 fed1 	bl	10007868 <__mutex_exit_veneer>
10006ac6:	0038      	movs	r0, r7
10006ac8:	bdf8      	pop	{r3, r4, r5, r6, r7, pc}

10006aca <tu_fifo_write_n>:
10006aca:	b510      	push	{r4, lr}
10006acc:	2300      	movs	r3, #0
10006ace:	f7ff fea7 	bl	10006820 <_tu_fifo_write_n>
10006ad2:	bd10      	pop	{r4, pc}

10006ad4 <tu_fifo_clear>:
10006ad4:	b510      	push	{r4, lr}
10006ad6:	0004      	movs	r4, r0
10006ad8:	68c0      	ldr	r0, [r0, #12]
10006ada:	2800      	cmp	r0, #0
10006adc:	d003      	beq.n	10006ae6 <tu_fifo_clear+0x12>
10006ade:	2101      	movs	r1, #1
10006ae0:	4249      	negs	r1, r1
10006ae2:	f000 fee1 	bl	100078a8 <__mutex_enter_timeout_ms_veneer>
10006ae6:	6920      	ldr	r0, [r4, #16]
10006ae8:	2800      	cmp	r0, #0
10006aea:	d003      	beq.n	10006af4 <tu_fifo_clear+0x20>
10006aec:	2101      	movs	r1, #1
10006aee:	4249      	negs	r1, r1
10006af0:	f000 feda 	bl	100078a8 <__mutex_enter_timeout_ms_veneer>
10006af4:	2300      	movs	r3, #0
10006af6:	8163      	strh	r3, [r4, #10]
10006af8:	8123      	strh	r3, [r4, #8]
10006afa:	68e0      	ldr	r0, [r4, #12]
10006afc:	2800      	cmp	r0, #0
10006afe:	d001      	beq.n	10006b04 <tu_fifo_clear+0x30>
10006b00:	f000 feb2 	bl	10007868 <__mutex_exit_veneer>
10006b04:	6920      	ldr	r0, [r4, #16]
10006b06:	2800      	cmp	r0, #0
10006b08:	d001      	beq.n	10006b0e <tu_fifo_clear+0x3a>
10006b0a:	f000 fead 	bl	10007868 <__mutex_exit_veneer>
10006b0e:	2001      	movs	r0, #1
10006b10:	bd10      	pop	{r4, pc}

10006b12 <tu_fifo_set_overwritable>:
10006b12:	b570      	push	{r4, r5, r6, lr}
10006b14:	0004      	movs	r4, r0
10006b16:	000d      	movs	r5, r1
10006b18:	68c0      	ldr	r0, [r0, #12]
10006b1a:	2800      	cmp	r0, #0
10006b1c:	d003      	beq.n	10006b26 <tu_fifo_set_overwritable+0x14>
10006b1e:	2101      	movs	r1, #1
10006b20:	4249      	negs	r1, r1
10006b22:	f000 fec1 	bl	100078a8 <__mutex_enter_timeout_ms_veneer>
10006b26:	6920      	ldr	r0, [r4, #16]
10006b28:	2800      	cmp	r0, #0
10006b2a:	d003      	beq.n	10006b34 <tu_fifo_set_overwritable+0x22>
10006b2c:	2101      	movs	r1, #1
10006b2e:	4249      	negs	r1, r1
10006b30:	f000 feba 	bl	100078a8 <__mutex_enter_timeout_ms_veneer>
10006b34:	01ed      	lsls	r5, r5, #7
10006b36:	79e3      	ldrb	r3, [r4, #7]
10006b38:	217f      	movs	r1, #127	; 0x7f
10006b3a:	4019      	ands	r1, r3
10006b3c:	4329      	orrs	r1, r5
10006b3e:	71e1      	strb	r1, [r4, #7]
10006b40:	68e0      	ldr	r0, [r4, #12]
10006b42:	2800      	cmp	r0, #0
10006b44:	d001      	beq.n	10006b4a <tu_fifo_set_overwritable+0x38>
10006b46:	f000 fe8f 	bl	10007868 <__mutex_exit_veneer>
10006b4a:	6920      	ldr	r0, [r4, #16]
10006b4c:	2800      	cmp	r0, #0
10006b4e:	d001      	beq.n	10006b54 <tu_fifo_set_overwritable+0x42>
10006b50:	f000 fe8a 	bl	10007868 <__mutex_exit_veneer>
10006b54:	2001      	movs	r0, #1
10006b56:	bd70      	pop	{r4, r5, r6, pc}

10006b58 <spi_deinit>:
10006b58:	4b09      	ldr	r3, [pc, #36]	; (10006b80 <spi_deinit+0x28>)
10006b5a:	18c3      	adds	r3, r0, r3
10006b5c:	2202      	movs	r2, #2
10006b5e:	601a      	str	r2, [r3, #0]
10006b60:	4b08      	ldr	r3, [pc, #32]	; (10006b84 <spi_deinit+0x2c>)
10006b62:	18c3      	adds	r3, r0, r3
10006b64:	3201      	adds	r2, #1
10006b66:	601a      	str	r2, [r3, #0]
10006b68:	4b07      	ldr	r3, [pc, #28]	; (10006b88 <spi_deinit+0x30>)
10006b6a:	4298      	cmp	r0, r3
10006b6c:	d005      	beq.n	10006b7a <spi_deinit+0x22>
10006b6e:	2211      	movs	r2, #17
10006b70:	2301      	movs	r3, #1
10006b72:	4093      	lsls	r3, r2
10006b74:	4a05      	ldr	r2, [pc, #20]	; (10006b8c <spi_deinit+0x34>)
10006b76:	6013      	str	r3, [r2, #0]
10006b78:	4770      	bx	lr
10006b7a:	320d      	adds	r2, #13
10006b7c:	e7f8      	b.n	10006b70 <spi_deinit+0x18>
10006b7e:	46c0      	nop			; (mov r8, r8)
10006b80:	00003004 	.word	0x00003004
10006b84:	00003024 	.word	0x00003024
10006b88:	4003c000 	.word	0x4003c000
10006b8c:	4000e000 	.word	0x4000e000

10006b90 <spi_set_baudrate>:
10006b90:	b5f8      	push	{r3, r4, r5, r6, r7, lr}
10006b92:	46de      	mov	lr, fp
10006b94:	4657      	mov	r7, sl
10006b96:	464e      	mov	r6, r9
10006b98:	4645      	mov	r5, r8
10006b9a:	b5e0      	push	{r5, r6, r7, lr}
10006b9c:	4681      	mov	r9, r0
10006b9e:	000e      	movs	r6, r1
10006ba0:	2006      	movs	r0, #6
10006ba2:	f7fa fd71 	bl	10001688 <clock_get_hz>
10006ba6:	4680      	mov	r8, r0
10006ba8:	464b      	mov	r3, r9
10006baa:	685a      	ldr	r2, [r3, #4]
10006bac:	2302      	movs	r3, #2
10006bae:	401a      	ands	r2, r3
10006bb0:	4693      	mov	fp, r2
10006bb2:	2204      	movs	r2, #4
10006bb4:	444a      	add	r2, r9
10006bb6:	4692      	mov	sl, r2
10006bb8:	4a21      	ldr	r2, [pc, #132]	; (10006c40 <spi_set_baudrate+0xb0>)
10006bba:	444a      	add	r2, r9
10006bbc:	6013      	str	r3, [r2, #0]
10006bbe:	2402      	movs	r4, #2
10006bc0:	e000      	b.n	10006bc4 <spi_set_baudrate+0x34>
10006bc2:	3402      	adds	r4, #2
10006bc4:	2cfe      	cmp	r4, #254	; 0xfe
10006bc6:	d81a      	bhi.n	10006bfe <spi_set_baudrate+0x6e>
10006bc8:	2500      	movs	r5, #0
10006bca:	0220      	lsls	r0, r4, #8
10006bcc:	0032      	movs	r2, r6
10006bce:	2300      	movs	r3, #0
10006bd0:	2100      	movs	r1, #0
10006bd2:	f7fb fdff 	bl	100027d4 <__wrap___aeabi_lmul>
10006bd6:	2900      	cmp	r1, #0
10006bd8:	d103      	bne.n	10006be2 <spi_set_baudrate+0x52>
10006bda:	42a9      	cmp	r1, r5
10006bdc:	d1f1      	bne.n	10006bc2 <spi_set_baudrate+0x32>
10006bde:	4540      	cmp	r0, r8
10006be0:	d9ef      	bls.n	10006bc2 <spi_set_baudrate+0x32>
10006be2:	2780      	movs	r7, #128	; 0x80
10006be4:	007f      	lsls	r7, r7, #1
10006be6:	2f01      	cmp	r7, #1
10006be8:	d90c      	bls.n	10006c04 <spi_set_baudrate+0x74>
10006bea:	1e7d      	subs	r5, r7, #1
10006bec:	0021      	movs	r1, r4
10006bee:	4369      	muls	r1, r5
10006bf0:	4640      	mov	r0, r8
10006bf2:	f7fa ffb5 	bl	10001b60 <__wrap___aeabi_uidiv>
10006bf6:	42b0      	cmp	r0, r6
10006bf8:	d804      	bhi.n	10006c04 <spi_set_baudrate+0x74>
10006bfa:	002f      	movs	r7, r5
10006bfc:	e7f3      	b.n	10006be6 <spi_set_baudrate+0x56>
10006bfe:	2780      	movs	r7, #128	; 0x80
10006c00:	007f      	lsls	r7, r7, #1
10006c02:	e7f0      	b.n	10006be6 <spi_set_baudrate+0x56>
10006c04:	464b      	mov	r3, r9
10006c06:	611c      	str	r4, [r3, #16]
10006c08:	1e7b      	subs	r3, r7, #1
10006c0a:	021b      	lsls	r3, r3, #8
10006c0c:	464a      	mov	r2, r9
10006c0e:	6812      	ldr	r2, [r2, #0]
10006c10:	4053      	eors	r3, r2
10006c12:	22ff      	movs	r2, #255	; 0xff
10006c14:	0212      	lsls	r2, r2, #8
10006c16:	4013      	ands	r3, r2
10006c18:	2080      	movs	r0, #128	; 0x80
10006c1a:	0140      	lsls	r0, r0, #5
10006c1c:	4448      	add	r0, r9
10006c1e:	6003      	str	r3, [r0, #0]
10006c20:	2380      	movs	r3, #128	; 0x80
10006c22:	019b      	lsls	r3, r3, #6
10006c24:	4453      	add	r3, sl
10006c26:	465a      	mov	r2, fp
10006c28:	601a      	str	r2, [r3, #0]
10006c2a:	0039      	movs	r1, r7
10006c2c:	4361      	muls	r1, r4
10006c2e:	4640      	mov	r0, r8
10006c30:	f7fa ff96 	bl	10001b60 <__wrap___aeabi_uidiv>
10006c34:	bcf0      	pop	{r4, r5, r6, r7}
10006c36:	46bb      	mov	fp, r7
10006c38:	46b2      	mov	sl, r6
10006c3a:	46a9      	mov	r9, r5
10006c3c:	46a0      	mov	r8, r4
10006c3e:	bdf8      	pop	{r3, r4, r5, r6, r7, pc}
10006c40:	00003004 	.word	0x00003004

10006c44 <spi_init>:
10006c44:	b570      	push	{r4, r5, r6, lr}
10006c46:	0004      	movs	r4, r0
10006c48:	4b1a      	ldr	r3, [pc, #104]	; (10006cb4 <spi_init+0x70>)
10006c4a:	4298      	cmp	r0, r3
10006c4c:	d02d      	beq.n	10006caa <spi_init+0x66>
10006c4e:	2211      	movs	r2, #17
10006c50:	2301      	movs	r3, #1
10006c52:	4093      	lsls	r3, r2
10006c54:	4a18      	ldr	r2, [pc, #96]	; (10006cb8 <spi_init+0x74>)
10006c56:	6013      	str	r3, [r2, #0]
10006c58:	4b16      	ldr	r3, [pc, #88]	; (10006cb4 <spi_init+0x70>)
10006c5a:	429c      	cmp	r4, r3
10006c5c:	d027      	beq.n	10006cae <spi_init+0x6a>
10006c5e:	2311      	movs	r3, #17
10006c60:	2201      	movs	r2, #1
10006c62:	409a      	lsls	r2, r3
10006c64:	4b15      	ldr	r3, [pc, #84]	; (10006cbc <spi_init+0x78>)
10006c66:	601a      	str	r2, [r3, #0]
10006c68:	4b15      	ldr	r3, [pc, #84]	; (10006cc0 <spi_init+0x7c>)
10006c6a:	681b      	ldr	r3, [r3, #0]
10006c6c:	0010      	movs	r0, r2
10006c6e:	4398      	bics	r0, r3
10006c70:	d1fa      	bne.n	10006c68 <spi_init+0x24>
10006c72:	0020      	movs	r0, r4
10006c74:	f7ff ff8c 	bl	10006b90 <spi_set_baudrate>
10006c78:	6862      	ldr	r2, [r4, #4]
10006c7a:	2302      	movs	r3, #2
10006c7c:	401a      	ands	r2, r3
10006c7e:	4911      	ldr	r1, [pc, #68]	; (10006cc4 <spi_init+0x80>)
10006c80:	1861      	adds	r1, r4, r1
10006c82:	600b      	str	r3, [r1, #0]
10006c84:	6821      	ldr	r1, [r4, #0]
10006c86:	2507      	movs	r5, #7
10006c88:	404d      	eors	r5, r1
10006c8a:	21cf      	movs	r1, #207	; 0xcf
10006c8c:	4029      	ands	r1, r5
10006c8e:	2580      	movs	r5, #128	; 0x80
10006c90:	016d      	lsls	r5, r5, #5
10006c92:	1965      	adds	r5, r4, r5
10006c94:	6029      	str	r1, [r5, #0]
10006c96:	490c      	ldr	r1, [pc, #48]	; (10006cc8 <spi_init+0x84>)
10006c98:	1861      	adds	r1, r4, r1
10006c9a:	600a      	str	r2, [r1, #0]
10006c9c:	4a0b      	ldr	r2, [pc, #44]	; (10006ccc <spi_init+0x88>)
10006c9e:	4694      	mov	ip, r2
10006ca0:	4464      	add	r4, ip
10006ca2:	2203      	movs	r2, #3
10006ca4:	6022      	str	r2, [r4, #0]
10006ca6:	600b      	str	r3, [r1, #0]
10006ca8:	bd70      	pop	{r4, r5, r6, pc}
10006caa:	2210      	movs	r2, #16
10006cac:	e7d0      	b.n	10006c50 <spi_init+0xc>
10006cae:	2310      	movs	r3, #16
10006cb0:	e7d6      	b.n	10006c60 <spi_init+0x1c>
10006cb2:	46c0      	nop			; (mov r8, r8)
10006cb4:	4003c000 	.word	0x4003c000
10006cb8:	4000e000 	.word	0x4000e000
10006cbc:	4000f000 	.word	0x4000f000
10006cc0:	4000c008 	.word	0x4000c008
10006cc4:	00003004 	.word	0x00003004
10006cc8:	00002004 	.word	0x00002004
10006ccc:	00002024 	.word	0x00002024

10006cd0 <_ZN4RF243csnEb>:
10006cd0:	b510      	push	{r4, lr}
10006cd2:	0004      	movs	r4, r0
10006cd4:	7940      	ldrb	r0, [r0, #5]
10006cd6:	f000 fb86 	bl	100073e6 <_ZN4GPIO5writeEii>
10006cda:	6e20      	ldr	r0, [r4, #96]	; 0x60
10006cdc:	2100      	movs	r1, #0
10006cde:	f7fa fa7d 	bl	100011dc <sleep_us>
10006ce2:	bd10      	pop	{r4, pc}

10006ce4 <_ZN4RF242ceEb>:
10006ce4:	b510      	push	{r4, lr}
10006ce6:	0003      	movs	r3, r0
10006ce8:	7900      	ldrb	r0, [r0, #4]
10006cea:	795b      	ldrb	r3, [r3, #5]
10006cec:	4298      	cmp	r0, r3
10006cee:	d100      	bne.n	10006cf2 <_ZN4RF242ceEb+0xe>
10006cf0:	bd10      	pop	{r4, pc}
10006cf2:	f000 fb78 	bl	100073e6 <_ZN4GPIO5writeEii>
10006cf6:	e7fb      	b.n	10006cf0 <_ZN4RF242ceEb+0xc>

10006cf8 <_ZN4RF2413read_registerEhPhh>:
10006cf8:	b5f0      	push	{r4, r5, r6, r7, lr}
10006cfa:	46c6      	mov	lr, r8
10006cfc:	b500      	push	{lr}
10006cfe:	4680      	mov	r8, r0
10006d00:	000d      	movs	r5, r1
10006d02:	0017      	movs	r7, r2
10006d04:	001e      	movs	r6, r3
10006d06:	6881      	ldr	r1, [r0, #8]
10006d08:	6800      	ldr	r0, [r0, #0]
10006d0a:	f000 fbb9 	bl	10007480 <_ZN3SPI16beginTransactionEm>
10006d0e:	2100      	movs	r1, #0
10006d10:	4640      	mov	r0, r8
10006d12:	f7ff ffdd 	bl	10006cd0 <_ZN4RF243csnEb>
10006d16:	4641      	mov	r1, r8
10006d18:	312d      	adds	r1, #45	; 0x2d
10006d1a:	1c74      	adds	r4, r6, #1
10006d1c:	b2e4      	uxtb	r4, r4
10006d1e:	4643      	mov	r3, r8
10006d20:	332e      	adds	r3, #46	; 0x2e
10006d22:	222d      	movs	r2, #45	; 0x2d
10006d24:	4640      	mov	r0, r8
10006d26:	5485      	strb	r5, [r0, r2]
10006d28:	e003      	b.n	10006d32 <_ZN4RF2413read_registerEhPhh+0x3a>
10006d2a:	22ff      	movs	r2, #255	; 0xff
10006d2c:	701a      	strb	r2, [r3, #0]
10006d2e:	3301      	adds	r3, #1
10006d30:	002e      	movs	r6, r5
10006d32:	1e75      	subs	r5, r6, #1
10006d34:	b2ed      	uxtb	r5, r5
10006d36:	2e00      	cmp	r6, #0
10006d38:	d1f7      	bne.n	10006d2a <_ZN4RF2413read_registerEhPhh+0x32>
10006d3a:	4642      	mov	r2, r8
10006d3c:	320c      	adds	r2, #12
10006d3e:	0023      	movs	r3, r4
10006d40:	4640      	mov	r0, r8
10006d42:	6800      	ldr	r0, [r0, #0]
10006d44:	f000 fb96 	bl	10007474 <_ZN3SPI10transfernbEPKhPhm>
10006d48:	4643      	mov	r3, r8
10006d4a:	330d      	adds	r3, #13
10006d4c:	4642      	mov	r2, r8
10006d4e:	7b11      	ldrb	r1, [r2, #12]
10006d50:	224e      	movs	r2, #78	; 0x4e
10006d52:	4640      	mov	r0, r8
10006d54:	5481      	strb	r1, [r0, r2]
10006d56:	e003      	b.n	10006d60 <_ZN4RF2413read_registerEhPhh+0x68>
10006d58:	781a      	ldrb	r2, [r3, #0]
10006d5a:	703a      	strb	r2, [r7, #0]
10006d5c:	3301      	adds	r3, #1
10006d5e:	3701      	adds	r7, #1
10006d60:	3c01      	subs	r4, #1
10006d62:	b2e4      	uxtb	r4, r4
10006d64:	2c00      	cmp	r4, #0
10006d66:	d1f7      	bne.n	10006d58 <_ZN4RF2413read_registerEhPhh+0x60>
10006d68:	2101      	movs	r1, #1
10006d6a:	4640      	mov	r0, r8
10006d6c:	f7ff ffb0 	bl	10006cd0 <_ZN4RF243csnEb>
10006d70:	4643      	mov	r3, r8
10006d72:	6818      	ldr	r0, [r3, #0]
10006d74:	f000 fba2 	bl	100074bc <_ZN3SPI14endTransactionEv>
10006d78:	bc80      	pop	{r7}
10006d7a:	46b8      	mov	r8, r7
10006d7c:	bdf0      	pop	{r4, r5, r6, r7, pc}

10006d7e <_ZN4RF2413read_registerEh>:
10006d7e:	b570      	push	{r4, r5, r6, lr}
10006d80:	0004      	movs	r4, r0
10006d82:	000d      	movs	r5, r1
10006d84:	6881      	ldr	r1, [r0, #8]
10006d86:	6800      	ldr	r0, [r0, #0]
10006d88:	f000 fb7a 	bl	10007480 <_ZN3SPI16beginTransactionEm>
10006d8c:	2100      	movs	r1, #0
10006d8e:	0020      	movs	r0, r4
10006d90:	f7ff ff9e 	bl	10006cd0 <_ZN4RF243csnEb>
10006d94:	0021      	movs	r1, r4
10006d96:	312d      	adds	r1, #45	; 0x2d
10006d98:	232d      	movs	r3, #45	; 0x2d
10006d9a:	54e5      	strb	r5, [r4, r3]
10006d9c:	3301      	adds	r3, #1
10006d9e:	22ff      	movs	r2, #255	; 0xff
10006da0:	54e2      	strb	r2, [r4, r3]
10006da2:	0022      	movs	r2, r4
10006da4:	320c      	adds	r2, #12
10006da6:	3b2c      	subs	r3, #44	; 0x2c
10006da8:	6820      	ldr	r0, [r4, #0]
10006daa:	f000 fb63 	bl	10007474 <_ZN3SPI10transfernbEPKhPhm>
10006dae:	7b22      	ldrb	r2, [r4, #12]
10006db0:	234e      	movs	r3, #78	; 0x4e
10006db2:	54e2      	strb	r2, [r4, r3]
10006db4:	7b65      	ldrb	r5, [r4, #13]
10006db6:	2101      	movs	r1, #1
10006db8:	0020      	movs	r0, r4
10006dba:	f7ff ff89 	bl	10006cd0 <_ZN4RF243csnEb>
10006dbe:	6820      	ldr	r0, [r4, #0]
10006dc0:	f000 fb7c 	bl	100074bc <_ZN3SPI14endTransactionEv>
10006dc4:	0028      	movs	r0, r5
10006dc6:	bd70      	pop	{r4, r5, r6, pc}

10006dc8 <_ZN4RF2414write_registerEhPKhh>:
10006dc8:	b5f8      	push	{r3, r4, r5, r6, r7, lr}
10006dca:	0007      	movs	r7, r0
10006dcc:	000c      	movs	r4, r1
10006dce:	0016      	movs	r6, r2
10006dd0:	001d      	movs	r5, r3
10006dd2:	6881      	ldr	r1, [r0, #8]
10006dd4:	6800      	ldr	r0, [r0, #0]
10006dd6:	f000 fb53 	bl	10007480 <_ZN3SPI16beginTransactionEm>
10006dda:	2100      	movs	r1, #0
10006ddc:	0038      	movs	r0, r7
10006dde:	f7ff ff77 	bl	10006cd0 <_ZN4RF243csnEb>
10006de2:	0039      	movs	r1, r7
10006de4:	312d      	adds	r1, #45	; 0x2d
10006de6:	1c6b      	adds	r3, r5, #1
10006de8:	b2db      	uxtb	r3, r3
10006dea:	003a      	movs	r2, r7
10006dec:	322e      	adds	r2, #46	; 0x2e
10006dee:	2020      	movs	r0, #32
10006df0:	4304      	orrs	r4, r0
10006df2:	202d      	movs	r0, #45	; 0x2d
10006df4:	543c      	strb	r4, [r7, r0]
10006df6:	e004      	b.n	10006e02 <_ZN4RF2414write_registerEhPKhh+0x3a>
10006df8:	7835      	ldrb	r5, [r6, #0]
10006dfa:	7015      	strb	r5, [r2, #0]
10006dfc:	3201      	adds	r2, #1
10006dfe:	0025      	movs	r5, r4
10006e00:	3601      	adds	r6, #1
10006e02:	1e6c      	subs	r4, r5, #1
10006e04:	b2e4      	uxtb	r4, r4
10006e06:	2d00      	cmp	r5, #0
10006e08:	d1f6      	bne.n	10006df8 <_ZN4RF2414write_registerEhPKhh+0x30>
10006e0a:	003a      	movs	r2, r7
10006e0c:	320c      	adds	r2, #12
10006e0e:	6838      	ldr	r0, [r7, #0]
10006e10:	f000 fb30 	bl	10007474 <_ZN3SPI10transfernbEPKhPhm>
10006e14:	7b3a      	ldrb	r2, [r7, #12]
10006e16:	234e      	movs	r3, #78	; 0x4e
10006e18:	54fa      	strb	r2, [r7, r3]
10006e1a:	2101      	movs	r1, #1
10006e1c:	0038      	movs	r0, r7
10006e1e:	f7ff ff57 	bl	10006cd0 <_ZN4RF243csnEb>
10006e22:	6838      	ldr	r0, [r7, #0]
10006e24:	f000 fb4a 	bl	100074bc <_ZN3SPI14endTransactionEv>
10006e28:	bdf8      	pop	{r3, r4, r5, r6, r7, pc}

10006e2a <_ZN4RF2414write_registerEhh>:
10006e2a:	b570      	push	{r4, r5, r6, lr}
10006e2c:	0004      	movs	r4, r0
10006e2e:	000d      	movs	r5, r1
10006e30:	0016      	movs	r6, r2
10006e32:	6881      	ldr	r1, [r0, #8]
10006e34:	6800      	ldr	r0, [r0, #0]
10006e36:	f000 fb23 	bl	10007480 <_ZN3SPI16beginTransactionEm>
10006e3a:	2100      	movs	r1, #0
10006e3c:	0020      	movs	r0, r4
10006e3e:	f7ff ff47 	bl	10006cd0 <_ZN4RF243csnEb>
10006e42:	0021      	movs	r1, r4
10006e44:	312d      	adds	r1, #45	; 0x2d
10006e46:	2320      	movs	r3, #32
10006e48:	431d      	orrs	r5, r3
10006e4a:	232d      	movs	r3, #45	; 0x2d
10006e4c:	54e5      	strb	r5, [r4, r3]
10006e4e:	3301      	adds	r3, #1
10006e50:	54e6      	strb	r6, [r4, r3]
10006e52:	0022      	movs	r2, r4
10006e54:	320c      	adds	r2, #12
10006e56:	3b2c      	subs	r3, #44	; 0x2c
10006e58:	6820      	ldr	r0, [r4, #0]
10006e5a:	f000 fb0b 	bl	10007474 <_ZN3SPI10transfernbEPKhPhm>
10006e5e:	7b22      	ldrb	r2, [r4, #12]
10006e60:	234e      	movs	r3, #78	; 0x4e
10006e62:	54e2      	strb	r2, [r4, r3]
10006e64:	2101      	movs	r1, #1
10006e66:	0020      	movs	r0, r4
10006e68:	f7ff ff32 	bl	10006cd0 <_ZN4RF243csnEb>
10006e6c:	6820      	ldr	r0, [r4, #0]
10006e6e:	f000 fb25 	bl	100074bc <_ZN3SPI14endTransactionEv>
10006e72:	bd70      	pop	{r4, r5, r6, pc}

10006e74 <_ZN4RF2413write_payloadEPKvhh>:
10006e74:	b5f8      	push	{r3, r4, r5, r6, r7, lr}
10006e76:	46ce      	mov	lr, r9
10006e78:	4647      	mov	r7, r8
10006e7a:	b580      	push	{r7, lr}
10006e7c:	4680      	mov	r8, r0
10006e7e:	4689      	mov	r9, r1
10006e80:	0016      	movs	r6, r2
10006e82:	001d      	movs	r5, r3
10006e84:	2a00      	cmp	r2, #0
10006e86:	d121      	bne.n	10006ecc <_ZN4RF2413write_payloadEPKvhh+0x58>
10006e88:	2701      	movs	r7, #1
10006e8a:	235a      	movs	r3, #90	; 0x5a
10006e8c:	4642      	mov	r2, r8
10006e8e:	5cd3      	ldrb	r3, [r2, r3]
10006e90:	2b00      	cmp	r3, #0
10006e92:	d11d      	bne.n	10006ed0 <_ZN4RF2413write_payloadEPKvhh+0x5c>
10006e94:	334f      	adds	r3, #79	; 0x4f
10006e96:	5cd7      	ldrb	r7, [r2, r3]
10006e98:	42b7      	cmp	r7, r6
10006e9a:	d800      	bhi.n	10006e9e <_ZN4RF2413write_payloadEPKvhh+0x2a>
10006e9c:	003e      	movs	r6, r7
10006e9e:	1bbf      	subs	r7, r7, r6
10006ea0:	b2ff      	uxtb	r7, r7
10006ea2:	4643      	mov	r3, r8
10006ea4:	6899      	ldr	r1, [r3, #8]
10006ea6:	6818      	ldr	r0, [r3, #0]
10006ea8:	f000 faea 	bl	10007480 <_ZN3SPI16beginTransactionEm>
10006eac:	2100      	movs	r1, #0
10006eae:	4640      	mov	r0, r8
10006eb0:	f7ff ff0e 	bl	10006cd0 <_ZN4RF243csnEb>
10006eb4:	4641      	mov	r1, r8
10006eb6:	312d      	adds	r1, #45	; 0x2d
10006eb8:	19f3      	adds	r3, r6, r7
10006eba:	b2db      	uxtb	r3, r3
10006ebc:	3301      	adds	r3, #1
10006ebe:	b2db      	uxtb	r3, r3
10006ec0:	4644      	mov	r4, r8
10006ec2:	342e      	adds	r4, #46	; 0x2e
10006ec4:	222d      	movs	r2, #45	; 0x2d
10006ec6:	4640      	mov	r0, r8
10006ec8:	5485      	strb	r5, [r0, r2]
10006eca:	e00f      	b.n	10006eec <_ZN4RF2413write_payloadEPKvhh+0x78>
10006ecc:	2700      	movs	r7, #0
10006ece:	e7dc      	b.n	10006e8a <_ZN4RF2413write_payloadEPKvhh+0x16>
10006ed0:	1c33      	adds	r3, r6, #0
10006ed2:	2e20      	cmp	r6, #32
10006ed4:	d900      	bls.n	10006ed8 <_ZN4RF2413write_payloadEPKvhh+0x64>
10006ed6:	2320      	movs	r3, #32
10006ed8:	b2de      	uxtb	r6, r3
10006eda:	e7e2      	b.n	10006ea2 <_ZN4RF2413write_payloadEPKvhh+0x2e>
10006edc:	464a      	mov	r2, r9
10006ede:	7812      	ldrb	r2, [r2, #0]
10006ee0:	7022      	strb	r2, [r4, #0]
10006ee2:	3401      	adds	r4, #1
10006ee4:	2201      	movs	r2, #1
10006ee6:	4694      	mov	ip, r2
10006ee8:	44e1      	add	r9, ip
10006eea:	002e      	movs	r6, r5
10006eec:	1e75      	subs	r5, r6, #1
10006eee:	b2ed      	uxtb	r5, r5
10006ef0:	2e00      	cmp	r6, #0
10006ef2:	d1f3      	bne.n	10006edc <_ZN4RF2413write_payloadEPKvhh+0x68>
10006ef4:	e003      	b.n	10006efe <_ZN4RF2413write_payloadEPKvhh+0x8a>
10006ef6:	2000      	movs	r0, #0
10006ef8:	7020      	strb	r0, [r4, #0]
10006efa:	3401      	adds	r4, #1
10006efc:	0017      	movs	r7, r2
10006efe:	1e7a      	subs	r2, r7, #1
10006f00:	b2d2      	uxtb	r2, r2
10006f02:	2f00      	cmp	r7, #0
10006f04:	d1f7      	bne.n	10006ef6 <_ZN4RF2413write_payloadEPKvhh+0x82>
10006f06:	4642      	mov	r2, r8
10006f08:	320c      	adds	r2, #12
10006f0a:	4640      	mov	r0, r8
10006f0c:	6800      	ldr	r0, [r0, #0]
10006f0e:	f000 fab1 	bl	10007474 <_ZN3SPI10transfernbEPKhPhm>
10006f12:	4643      	mov	r3, r8
10006f14:	7b1a      	ldrb	r2, [r3, #12]
10006f16:	234e      	movs	r3, #78	; 0x4e
10006f18:	4641      	mov	r1, r8
10006f1a:	54ca      	strb	r2, [r1, r3]
10006f1c:	2101      	movs	r1, #1
10006f1e:	4640      	mov	r0, r8
10006f20:	f7ff fed6 	bl	10006cd0 <_ZN4RF243csnEb>
10006f24:	4643      	mov	r3, r8
10006f26:	6818      	ldr	r0, [r3, #0]
10006f28:	f000 fac8 	bl	100074bc <_ZN3SPI14endTransactionEv>
10006f2c:	bcc0      	pop	{r6, r7}
10006f2e:	46b9      	mov	r9, r7
10006f30:	46b0      	mov	r8, r6
10006f32:	bdf8      	pop	{r3, r4, r5, r6, r7, pc}

10006f34 <_ZN4RF248flush_rxEv>:
10006f34:	b510      	push	{r4, lr}
10006f36:	0004      	movs	r4, r0
10006f38:	2300      	movs	r3, #0
10006f3a:	2200      	movs	r2, #0
10006f3c:	21e2      	movs	r1, #226	; 0xe2
10006f3e:	f7ff fedb 	bl	10006cf8 <_ZN4RF2413read_registerEhPhh>
10006f42:	234e      	movs	r3, #78	; 0x4e
10006f44:	5ce0      	ldrb	r0, [r4, r3]
10006f46:	bd10      	pop	{r4, pc}

10006f48 <_ZN4RF248flush_txEv>:
10006f48:	b510      	push	{r4, lr}
10006f4a:	0004      	movs	r4, r0
10006f4c:	2300      	movs	r3, #0
10006f4e:	2200      	movs	r2, #0
10006f50:	21e1      	movs	r1, #225	; 0xe1
10006f52:	f7ff fed1 	bl	10006cf8 <_ZN4RF2413read_registerEhPhh>
10006f56:	234e      	movs	r3, #78	; 0x4e
10006f58:	5ce0      	ldrb	r0, [r4, r3]
10006f5a:	bd10      	pop	{r4, pc}

10006f5c <_ZN4RF2410get_statusEv>:
10006f5c:	b510      	push	{r4, lr}
10006f5e:	0004      	movs	r4, r0
10006f60:	2300      	movs	r3, #0
10006f62:	2200      	movs	r2, #0
10006f64:	21ff      	movs	r1, #255	; 0xff
10006f66:	f7ff fec7 	bl	10006cf8 <_ZN4RF2413read_registerEhPhh>
10006f6a:	234e      	movs	r3, #78	; 0x4e
10006f6c:	5ce0      	ldrb	r0, [r4, r3]
10006f6e:	bd10      	pop	{r4, pc}

10006f70 <_ZN4RF249_init_objEv>:
10006f70:	2350      	movs	r3, #80	; 0x50
10006f72:	2200      	movs	r2, #0
10006f74:	54c2      	strb	r2, [r0, r3]
10006f76:	4b03      	ldr	r3, [pc, #12]	; (10006f84 <_ZN4RF249_init_objEv+0x14>)
10006f78:	6882      	ldr	r2, [r0, #8]
10006f7a:	429a      	cmp	r2, r3
10006f7c:	d801      	bhi.n	10006f82 <_ZN4RF249_init_objEv+0x12>
10006f7e:	4b02      	ldr	r3, [pc, #8]	; (10006f88 <_ZN4RF249_init_objEv+0x18>)
10006f80:	6083      	str	r3, [r0, #8]
10006f82:	4770      	bx	lr
10006f84:	000088b8 	.word	0x000088b8
10006f88:	00989680 	.word	0x00989680

10006f8c <_ZN4RF24C1Ehhm>:
10006f8c:	b510      	push	{r4, lr}
10006f8e:	0004      	movs	r4, r0
10006f90:	7101      	strb	r1, [r0, #4]
10006f92:	7142      	strb	r2, [r0, #5]
10006f94:	6083      	str	r3, [r0, #8]
10006f96:	234f      	movs	r3, #79	; 0x4f
10006f98:	2220      	movs	r2, #32
10006f9a:	54c2      	strb	r2, [r0, r3]
10006f9c:	2300      	movs	r3, #0
10006f9e:	3236      	adds	r2, #54	; 0x36
10006fa0:	5483      	strb	r3, [r0, r2]
10006fa2:	3201      	adds	r2, #1
10006fa4:	5483      	strb	r3, [r0, r2]
10006fa6:	3a52      	subs	r2, #82	; 0x52
10006fa8:	2159      	movs	r1, #89	; 0x59
10006faa:	5442      	strb	r2, [r0, r1]
10006fac:	3101      	adds	r1, #1
10006fae:	2001      	movs	r0, #1
10006fb0:	5460      	strb	r0, [r4, r1]
10006fb2:	3101      	adds	r1, #1
10006fb4:	5463      	strb	r3, [r4, r1]
10006fb6:	6622      	str	r2, [r4, #96]	; 0x60
10006fb8:	0020      	movs	r0, r4
10006fba:	f7ff ffd9 	bl	10006f70 <_ZN4RF249_init_objEv>
10006fbe:	0020      	movs	r0, r4
10006fc0:	bd10      	pop	{r4, pc}

10006fc2 <_ZN4RF2410setChannelEh>:
10006fc2:	b510      	push	{r4, lr}
10006fc4:	000a      	movs	r2, r1
10006fc6:	297c      	cmp	r1, #124	; 0x7c
10006fc8:	d900      	bls.n	10006fcc <_ZN4RF2410setChannelEh+0xa>
10006fca:	227d      	movs	r2, #125	; 0x7d
10006fcc:	2105      	movs	r1, #5
10006fce:	f7ff ff2c 	bl	10006e2a <_ZN4RF2414write_registerEhh>
10006fd2:	bd10      	pop	{r4, pc}

10006fd4 <_ZN4RF2414setPayloadSizeEh>:
10006fd4:	b570      	push	{r4, r5, r6, lr}
10006fd6:	0005      	movs	r5, r0
10006fd8:	2900      	cmp	r1, #0
10006fda:	d008      	beq.n	10006fee <_ZN4RF2414setPayloadSizeEh+0x1a>
10006fdc:	1c0b      	adds	r3, r1, #0
10006fde:	2920      	cmp	r1, #32
10006fe0:	d900      	bls.n	10006fe4 <_ZN4RF2414setPayloadSizeEh+0x10>
10006fe2:	2320      	movs	r3, #32
10006fe4:	b2db      	uxtb	r3, r3
10006fe6:	224f      	movs	r2, #79	; 0x4f
10006fe8:	54ab      	strb	r3, [r5, r2]
10006fea:	2400      	movs	r4, #0
10006fec:	e00b      	b.n	10007006 <_ZN4RF2414setPayloadSizeEh+0x32>
10006fee:	2301      	movs	r3, #1
10006ff0:	e7f9      	b.n	10006fe6 <_ZN4RF2414setPayloadSizeEh+0x12>
10006ff2:	234f      	movs	r3, #79	; 0x4f
10006ff4:	5cea      	ldrb	r2, [r5, r3]
10006ff6:	0021      	movs	r1, r4
10006ff8:	3111      	adds	r1, #17
10006ffa:	b2c9      	uxtb	r1, r1
10006ffc:	0028      	movs	r0, r5
10006ffe:	f7ff ff14 	bl	10006e2a <_ZN4RF2414write_registerEhh>
10007002:	3401      	adds	r4, #1
10007004:	b2e4      	uxtb	r4, r4
10007006:	2c05      	cmp	r4, #5
10007008:	d9f3      	bls.n	10006ff2 <_ZN4RF2414setPayloadSizeEh+0x1e>
1000700a:	bd70      	pop	{r4, r5, r6, pc}

1000700c <_ZN4RF247isValidEv>:
1000700c:	7903      	ldrb	r3, [r0, #4]
1000700e:	2bff      	cmp	r3, #255	; 0xff
10007010:	d006      	beq.n	10007020 <_ZN4RF247isValidEv+0x14>
10007012:	7943      	ldrb	r3, [r0, #5]
10007014:	2bff      	cmp	r3, #255	; 0xff
10007016:	d001      	beq.n	1000701c <_ZN4RF247isValidEv+0x10>
10007018:	2001      	movs	r0, #1
1000701a:	4770      	bx	lr
1000701c:	2000      	movs	r0, #0
1000701e:	e7fc      	b.n	1000701a <_ZN4RF247isValidEv+0xe>
10007020:	2000      	movs	r0, #0
10007022:	e7fa      	b.n	1000701a <_ZN4RF247isValidEv+0xe>

10007024 <_ZN4RF2410_init_pinsEv>:
10007024:	b570      	push	{r4, r5, r6, lr}
10007026:	0004      	movs	r4, r0
10007028:	f7ff fff0 	bl	1000700c <_ZN4RF247isValidEv>
1000702c:	1e05      	subs	r5, r0, #0
1000702e:	d00b      	beq.n	10007048 <_ZN4RF2410_init_pinsEv+0x24>
10007030:	7920      	ldrb	r0, [r4, #4]
10007032:	7963      	ldrb	r3, [r4, #5]
10007034:	4298      	cmp	r0, r3
10007036:	d109      	bne.n	1000704c <_ZN4RF2410_init_pinsEv+0x28>
10007038:	2100      	movs	r1, #0
1000703a:	0020      	movs	r0, r4
1000703c:	f7ff fe52 	bl	10006ce4 <_ZN4RF242ceEb>
10007040:	2101      	movs	r1, #1
10007042:	0020      	movs	r0, r4
10007044:	f7ff fe44 	bl	10006cd0 <_ZN4RF243csnEb>
10007048:	0028      	movs	r0, r5
1000704a:	bd70      	pop	{r4, r5, r6, pc}
1000704c:	2101      	movs	r1, #1
1000704e:	f000 f9b9 	bl	100073c4 <_ZN4GPIO4openEii>
10007052:	7960      	ldrb	r0, [r4, #5]
10007054:	2101      	movs	r1, #1
10007056:	f000 f9b5 	bl	100073c4 <_ZN4GPIO4openEii>
1000705a:	e7ed      	b.n	10007038 <_ZN4RF2410_init_pinsEv+0x14>

1000705c <_ZN4RF2413stopListeningEv>:
1000705c:	b510      	push	{r4, lr}
1000705e:	0004      	movs	r4, r0
10007060:	2100      	movs	r1, #0
10007062:	f7ff fe3f 	bl	10006ce4 <_ZN4RF242ceEb>
10007066:	6de3      	ldr	r3, [r4, #92]	; 0x5c
10007068:	17d9      	asrs	r1, r3, #31
1000706a:	0018      	movs	r0, r3
1000706c:	f7fa f8b6 	bl	100011dc <sleep_us>
10007070:	2358      	movs	r3, #88	; 0x58
10007072:	5ce3      	ldrb	r3, [r4, r3]
10007074:	2b00      	cmp	r3, #0
10007076:	d115      	bne.n	100070a4 <_ZN4RF2413stopListeningEv+0x48>
10007078:	2355      	movs	r3, #85	; 0x55
1000707a:	5ce2      	ldrb	r2, [r4, r3]
1000707c:	2101      	movs	r1, #1
1000707e:	438a      	bics	r2, r1
10007080:	54e2      	strb	r2, [r4, r3]
10007082:	2100      	movs	r1, #0
10007084:	0020      	movs	r0, r4
10007086:	f7ff fed0 	bl	10006e2a <_ZN4RF2414write_registerEhh>
1000708a:	2102      	movs	r1, #2
1000708c:	0020      	movs	r0, r4
1000708e:	f7ff fe76 	bl	10006d7e <_ZN4RF2413read_registerEh>
10007092:	b242      	sxtb	r2, r0
10007094:	2001      	movs	r0, #1
10007096:	4302      	orrs	r2, r0
10007098:	b2d2      	uxtb	r2, r2
1000709a:	2102      	movs	r1, #2
1000709c:	0020      	movs	r0, r4
1000709e:	f7ff fec4 	bl	10006e2a <_ZN4RF2414write_registerEhh>
100070a2:	bd10      	pop	{r4, pc}
100070a4:	0020      	movs	r0, r4
100070a6:	f7ff ff4f 	bl	10006f48 <_ZN4RF248flush_txEv>
100070aa:	e7e5      	b.n	10007078 <_ZN4RF2413stopListeningEv+0x1c>

100070ac <_ZN4RF247powerUpEv>:
100070ac:	b510      	push	{r4, lr}
100070ae:	2355      	movs	r3, #85	; 0x55
100070b0:	5cc2      	ldrb	r2, [r0, r3]
100070b2:	0793      	lsls	r3, r2, #30
100070b4:	d500      	bpl.n	100070b8 <_ZN4RF247powerUpEv+0xc>
100070b6:	bd10      	pop	{r4, pc}
100070b8:	2302      	movs	r3, #2
100070ba:	431a      	orrs	r2, r3
100070bc:	b2d2      	uxtb	r2, r2
100070be:	2355      	movs	r3, #85	; 0x55
100070c0:	54c2      	strb	r2, [r0, r3]
100070c2:	2100      	movs	r1, #0
100070c4:	f7ff feb1 	bl	10006e2a <_ZN4RF2414write_registerEhh>
100070c8:	4802      	ldr	r0, [pc, #8]	; (100070d4 <_ZN4RF247powerUpEv+0x28>)
100070ca:	2100      	movs	r1, #0
100070cc:	f7fa f886 	bl	100011dc <sleep_us>
100070d0:	e7f1      	b.n	100070b6 <_ZN4RF247powerUpEv+0xa>
100070d2:	46c0      	nop			; (mov r8, r8)
100070d4:	00001388 	.word	0x00001388

100070d8 <_ZN4RF249errNotifyEv>:
100070d8:	235b      	movs	r3, #91	; 0x5b
100070da:	2201      	movs	r2, #1
100070dc:	54c2      	strb	r2, [r0, r3]
100070de:	4770      	bx	lr

100070e0 <_ZN4RF2414startFastWriteEPKvhbb>:
100070e0:	b570      	push	{r4, r5, r6, lr}
100070e2:	0004      	movs	r4, r0
100070e4:	a804      	add	r0, sp, #16
100070e6:	7805      	ldrb	r5, [r0, #0]
100070e8:	2b00      	cmp	r3, #0
100070ea:	d006      	beq.n	100070fa <_ZN4RF2414startFastWriteEPKvhbb+0x1a>
100070ec:	23b0      	movs	r3, #176	; 0xb0
100070ee:	0020      	movs	r0, r4
100070f0:	f7ff fec0 	bl	10006e74 <_ZN4RF2413write_payloadEPKvhh>
100070f4:	2d00      	cmp	r5, #0
100070f6:	d102      	bne.n	100070fe <_ZN4RF2414startFastWriteEPKvhbb+0x1e>
100070f8:	bd70      	pop	{r4, r5, r6, pc}
100070fa:	23a0      	movs	r3, #160	; 0xa0
100070fc:	e7f7      	b.n	100070ee <_ZN4RF2414startFastWriteEPKvhbb+0xe>
100070fe:	2101      	movs	r1, #1
10007100:	0020      	movs	r0, r4
10007102:	f7ff fdef 	bl	10006ce4 <_ZN4RF242ceEb>
10007106:	e7f7      	b.n	100070f8 <_ZN4RF2414startFastWriteEPKvhbb+0x18>

10007108 <_ZN4RF245writeEPKvhb>:
10007108:	b530      	push	{r4, r5, lr}
1000710a:	b083      	sub	sp, #12
1000710c:	0004      	movs	r4, r0
1000710e:	2001      	movs	r0, #1
10007110:	9000      	str	r0, [sp, #0]
10007112:	0020      	movs	r0, r4
10007114:	f7ff ffe4 	bl	100070e0 <_ZN4RF2414startFastWriteEPKvhbb>
10007118:	f7fa f962 	bl	100013e0 <time_us_64>
1000711c:	2900      	cmp	r1, #0
1000711e:	d006      	beq.n	1000712e <_ZN4RF245writeEPKvhb+0x26>
10007120:	22fa      	movs	r2, #250	; 0xfa
10007122:	0092      	lsls	r2, r2, #2
10007124:	2300      	movs	r3, #0
10007126:	f7fa fd59 	bl	10001bdc <__wrap___aeabi_uldivmod>
1000712a:	0005      	movs	r5, r0
1000712c:	e00c      	b.n	10007148 <_ZN4RF245writeEPKvhb+0x40>
1000712e:	21fa      	movs	r1, #250	; 0xfa
10007130:	0089      	lsls	r1, r1, #2
10007132:	f7fa fd15 	bl	10001b60 <__wrap___aeabi_uidiv>
10007136:	0005      	movs	r5, r0
10007138:	e006      	b.n	10007148 <_ZN4RF245writeEPKvhb+0x40>
1000713a:	21fa      	movs	r1, #250	; 0xfa
1000713c:	0089      	lsls	r1, r1, #2
1000713e:	f7fa fd0f 	bl	10001b60 <__wrap___aeabi_uidiv>
10007142:	1b40      	subs	r0, r0, r5
10007144:	285f      	cmp	r0, #95	; 0x5f
10007146:	d80f      	bhi.n	10007168 <_ZN4RF245writeEPKvhb+0x60>
10007148:	0020      	movs	r0, r4
1000714a:	f7ff ff07 	bl	10006f5c <_ZN4RF2410get_statusEv>
1000714e:	2330      	movs	r3, #48	; 0x30
10007150:	4203      	tst	r3, r0
10007152:	d10f      	bne.n	10007174 <_ZN4RF245writeEPKvhb+0x6c>
10007154:	f7fa f944 	bl	100013e0 <time_us_64>
10007158:	2900      	cmp	r1, #0
1000715a:	d0ee      	beq.n	1000713a <_ZN4RF245writeEPKvhb+0x32>
1000715c:	22fa      	movs	r2, #250	; 0xfa
1000715e:	0092      	lsls	r2, r2, #2
10007160:	2300      	movs	r3, #0
10007162:	f7fa fd3b 	bl	10001bdc <__wrap___aeabi_uldivmod>
10007166:	e7ec      	b.n	10007142 <_ZN4RF245writeEPKvhb+0x3a>
10007168:	0020      	movs	r0, r4
1000716a:	f7ff ffb5 	bl	100070d8 <_ZN4RF249errNotifyEv>
1000716e:	2000      	movs	r0, #0
10007170:	b003      	add	sp, #12
10007172:	bd30      	pop	{r4, r5, pc}
10007174:	2100      	movs	r1, #0
10007176:	0020      	movs	r0, r4
10007178:	f7ff fdb4 	bl	10006ce4 <_ZN4RF242ceEb>
1000717c:	2270      	movs	r2, #112	; 0x70
1000717e:	2107      	movs	r1, #7
10007180:	0020      	movs	r0, r4
10007182:	f7ff fe52 	bl	10006e2a <_ZN4RF2414write_registerEhh>
10007186:	234e      	movs	r3, #78	; 0x4e
10007188:	5ce3      	ldrb	r3, [r4, r3]
1000718a:	06db      	lsls	r3, r3, #27
1000718c:	d401      	bmi.n	10007192 <_ZN4RF245writeEPKvhb+0x8a>
1000718e:	2001      	movs	r0, #1
10007190:	e7ee      	b.n	10007170 <_ZN4RF245writeEPKvhb+0x68>
10007192:	0020      	movs	r0, r4
10007194:	f7ff fed8 	bl	10006f48 <_ZN4RF248flush_txEv>
10007198:	2000      	movs	r0, #0
1000719a:	e7e9      	b.n	10007170 <_ZN4RF245writeEPKvhb+0x68>

1000719c <_ZN4RF245writeEPKvh>:
1000719c:	b510      	push	{r4, lr}
1000719e:	2300      	movs	r3, #0
100071a0:	f7ff ffb2 	bl	10007108 <_ZN4RF245writeEPKvhb>
100071a4:	bd10      	pop	{r4, pc}

100071a6 <_ZN4RF2415openWritingPipeEPKh>:
100071a6:	b570      	push	{r4, r5, r6, lr}
100071a8:	0004      	movs	r4, r0
100071aa:	000d      	movs	r5, r1
100071ac:	2659      	movs	r6, #89	; 0x59
100071ae:	5d83      	ldrb	r3, [r0, r6]
100071b0:	000a      	movs	r2, r1
100071b2:	210a      	movs	r1, #10
100071b4:	f7ff fe08 	bl	10006dc8 <_ZN4RF2414write_registerEhPKhh>
100071b8:	5da3      	ldrb	r3, [r4, r6]
100071ba:	002a      	movs	r2, r5
100071bc:	2110      	movs	r1, #16
100071be:	0020      	movs	r0, r4
100071c0:	f7ff fe02 	bl	10006dc8 <_ZN4RF2414write_registerEhPKhh>
100071c4:	bd70      	pop	{r4, r5, r6, pc}

100071c6 <_ZN4RF2415setAddressWidthEh>:
100071c6:	b570      	push	{r4, r5, r6, lr}
100071c8:	0004      	movs	r4, r0
100071ca:	3902      	subs	r1, #2
100071cc:	b2c9      	uxtb	r1, r1
100071ce:	2900      	cmp	r1, #0
100071d0:	d009      	beq.n	100071e6 <_ZN4RF2415setAddressWidthEh+0x20>
100071d2:	2503      	movs	r5, #3
100071d4:	400d      	ands	r5, r1
100071d6:	002a      	movs	r2, r5
100071d8:	2103      	movs	r1, #3
100071da:	f7ff fe26 	bl	10006e2a <_ZN4RF2414write_registerEhh>
100071de:	3502      	adds	r5, #2
100071e0:	2359      	movs	r3, #89	; 0x59
100071e2:	54e5      	strb	r5, [r4, r3]
100071e4:	bd70      	pop	{r4, r5, r6, pc}
100071e6:	2200      	movs	r2, #0
100071e8:	2103      	movs	r1, #3
100071ea:	f7ff fe1e 	bl	10006e2a <_ZN4RF2414write_registerEhh>
100071ee:	2359      	movs	r3, #89	; 0x59
100071f0:	2202      	movs	r2, #2
100071f2:	54e2      	strb	r2, [r4, r3]
100071f4:	e7f6      	b.n	100071e4 <_ZN4RF2415setAddressWidthEh+0x1e>

100071f6 <_ZN4RF2415toggle_featuresEv>:
100071f6:	b510      	push	{r4, lr}
100071f8:	0004      	movs	r4, r0
100071fa:	6881      	ldr	r1, [r0, #8]
100071fc:	6800      	ldr	r0, [r0, #0]
100071fe:	f000 f93f 	bl	10007480 <_ZN3SPI16beginTransactionEm>
10007202:	2100      	movs	r1, #0
10007204:	0020      	movs	r0, r4
10007206:	f7ff fd63 	bl	10006cd0 <_ZN4RF243csnEb>
1000720a:	2150      	movs	r1, #80	; 0x50
1000720c:	6820      	ldr	r0, [r4, #0]
1000720e:	f000 f91f 	bl	10007450 <_ZN3SPI8transferEh>
10007212:	234e      	movs	r3, #78	; 0x4e
10007214:	54e0      	strb	r0, [r4, r3]
10007216:	2173      	movs	r1, #115	; 0x73
10007218:	6820      	ldr	r0, [r4, #0]
1000721a:	f000 f919 	bl	10007450 <_ZN3SPI8transferEh>
1000721e:	2101      	movs	r1, #1
10007220:	0020      	movs	r0, r4
10007222:	f7ff fd55 	bl	10006cd0 <_ZN4RF243csnEb>
10007226:	6820      	ldr	r0, [r4, #0]
10007228:	f000 f948 	bl	100074bc <_ZN3SPI14endTransactionEv>
1000722c:	bd10      	pop	{r4, pc}

1000722e <_ZN4RF2410setPALevelEhb>:
1000722e:	b5e0      	push	{r5, r6, r7, lr}
10007230:	0005      	movs	r5, r0
10007232:	000e      	movs	r6, r1
10007234:	0017      	movs	r7, r2
10007236:	2106      	movs	r1, #6
10007238:	f7ff fda1 	bl	10006d7e <_ZN4RF2413read_registerEh>
1000723c:	2307      	movs	r3, #7
1000723e:	4398      	bics	r0, r3
10007240:	b2c0      	uxtb	r0, r0
10007242:	1c33      	adds	r3, r6, #0
10007244:	2e03      	cmp	r6, #3
10007246:	d900      	bls.n	1000724a <_ZN4RF2410setPALevelEhb+0x1c>
10007248:	2303      	movs	r3, #3
1000724a:	005b      	lsls	r3, r3, #1
1000724c:	b2db      	uxtb	r3, r3
1000724e:	19db      	adds	r3, r3, r7
10007250:	b2da      	uxtb	r2, r3
10007252:	4302      	orrs	r2, r0
10007254:	2106      	movs	r1, #6
10007256:	0028      	movs	r0, r5
10007258:	f7ff fde7 	bl	10006e2a <_ZN4RF2414write_registerEhh>
1000725c:	bde0      	pop	{r5, r6, r7, pc}

1000725e <_ZN4RF2411setDataRateE15rf24_datarate_e>:
1000725e:	b570      	push	{r4, r5, r6, lr}
10007260:	0005      	movs	r5, r0
10007262:	000e      	movs	r6, r1
10007264:	2106      	movs	r1, #6
10007266:	f7ff fd8a 	bl	10006d7e <_ZN4RF2413read_registerEh>
1000726a:	2328      	movs	r3, #40	; 0x28
1000726c:	4398      	bics	r0, r3
1000726e:	b2c4      	uxtb	r4, r0
10007270:	33f0      	adds	r3, #240	; 0xf0
10007272:	65eb      	str	r3, [r5, #92]	; 0x5c
10007274:	2e02      	cmp	r6, #2
10007276:	d010      	beq.n	1000729a <_ZN4RF2411setDataRateE15rf24_datarate_e+0x3c>
10007278:	2e01      	cmp	r6, #1
1000727a:	d013      	beq.n	100072a4 <_ZN4RF2411setDataRateE15rf24_datarate_e+0x46>
1000727c:	2000      	movs	r0, #0
1000727e:	4304      	orrs	r4, r0
10007280:	0022      	movs	r2, r4
10007282:	2106      	movs	r1, #6
10007284:	0028      	movs	r0, r5
10007286:	f7ff fdd0 	bl	10006e2a <_ZN4RF2414write_registerEhh>
1000728a:	2106      	movs	r1, #6
1000728c:	0028      	movs	r0, r5
1000728e:	f7ff fd76 	bl	10006d7e <_ZN4RF2413read_registerEh>
10007292:	42a0      	cmp	r0, r4
10007294:	d00a      	beq.n	100072ac <_ZN4RF2411setDataRateE15rf24_datarate_e+0x4e>
10007296:	2000      	movs	r0, #0
10007298:	bd70      	pop	{r4, r5, r6, pc}
1000729a:	23fa      	movs	r3, #250	; 0xfa
1000729c:	33ff      	adds	r3, #255	; 0xff
1000729e:	65eb      	str	r3, [r5, #92]	; 0x5c
100072a0:	2020      	movs	r0, #32
100072a2:	e7ec      	b.n	1000727e <_ZN4RF2411setDataRateE15rf24_datarate_e+0x20>
100072a4:	23f0      	movs	r3, #240	; 0xf0
100072a6:	65eb      	str	r3, [r5, #92]	; 0x5c
100072a8:	2008      	movs	r0, #8
100072aa:	e7e8      	b.n	1000727e <_ZN4RF2411setDataRateE15rf24_datarate_e+0x20>
100072ac:	2001      	movs	r0, #1
100072ae:	e7f3      	b.n	10007298 <_ZN4RF2411setDataRateE15rf24_datarate_e+0x3a>

100072b0 <_ZN4RF2410setRetriesEhh>:
100072b0:	b510      	push	{r4, lr}
100072b2:	1c0b      	adds	r3, r1, #0
100072b4:	290f      	cmp	r1, #15
100072b6:	d900      	bls.n	100072ba <_ZN4RF2410setRetriesEhh+0xa>
100072b8:	230f      	movs	r3, #15
100072ba:	b2db      	uxtb	r3, r3
100072bc:	0119      	lsls	r1, r3, #4
100072be:	1c13      	adds	r3, r2, #0
100072c0:	2a0f      	cmp	r2, #15
100072c2:	d900      	bls.n	100072c6 <_ZN4RF2410setRetriesEhh+0x16>
100072c4:	230f      	movs	r3, #15
100072c6:	b25a      	sxtb	r2, r3
100072c8:	430a      	orrs	r2, r1
100072ca:	b2d2      	uxtb	r2, r2
100072cc:	2104      	movs	r1, #4
100072ce:	f7ff fdac 	bl	10006e2a <_ZN4RF2414write_registerEhh>
100072d2:	bd10      	pop	{r4, pc}

100072d4 <_ZN4RF2411_init_radioEv>:
100072d4:	b570      	push	{r4, r5, r6, lr}
100072d6:	0004      	movs	r4, r0
100072d8:	2005      	movs	r0, #5
100072da:	f7f9 ff91 	bl	10001200 <sleep_ms>
100072de:	220f      	movs	r2, #15
100072e0:	2105      	movs	r1, #5
100072e2:	0020      	movs	r0, r4
100072e4:	f7ff ffe4 	bl	100072b0 <_ZN4RF2410setRetriesEhh>
100072e8:	2100      	movs	r1, #0
100072ea:	0020      	movs	r0, r4
100072ec:	f7ff ffb7 	bl	1000725e <_ZN4RF2411setDataRateE15rf24_datarate_e>
100072f0:	211d      	movs	r1, #29
100072f2:	0020      	movs	r0, r4
100072f4:	f7ff fd43 	bl	10006d7e <_ZN4RF2413read_registerEh>
100072f8:	0005      	movs	r5, r0
100072fa:	0020      	movs	r0, r4
100072fc:	f7ff ff7b 	bl	100071f6 <_ZN4RF2415toggle_featuresEv>
10007300:	211d      	movs	r1, #29
10007302:	0020      	movs	r0, r4
10007304:	f7ff fd3b 	bl	10006d7e <_ZN4RF2413read_registerEh>
10007308:	1a2d      	subs	r5, r5, r0
1000730a:	426b      	negs	r3, r5
1000730c:	415d      	adcs	r5, r3
1000730e:	b2ed      	uxtb	r5, r5
10007310:	2256      	movs	r2, #86	; 0x56
10007312:	54a5      	strb	r5, [r4, r2]
10007314:	2800      	cmp	r0, #0
10007316:	d006      	beq.n	10007326 <_ZN4RF2411_init_radioEv+0x52>
10007318:	2d00      	cmp	r5, #0
1000731a:	d143      	bne.n	100073a4 <_ZN4RF2411_init_radioEv+0xd0>
1000731c:	2200      	movs	r2, #0
1000731e:	211d      	movs	r1, #29
10007320:	0020      	movs	r0, r4
10007322:	f7ff fd82 	bl	10006e2a <_ZN4RF2414write_registerEhh>
10007326:	2500      	movs	r5, #0
10007328:	2358      	movs	r3, #88	; 0x58
1000732a:	54e5      	strb	r5, [r4, r3]
1000732c:	2200      	movs	r2, #0
1000732e:	211c      	movs	r1, #28
10007330:	0020      	movs	r0, r4
10007332:	f7ff fd7a 	bl	10006e2a <_ZN4RF2414write_registerEhh>
10007336:	235a      	movs	r3, #90	; 0x5a
10007338:	54e5      	strb	r5, [r4, r3]
1000733a:	223f      	movs	r2, #63	; 0x3f
1000733c:	2101      	movs	r1, #1
1000733e:	0020      	movs	r0, r4
10007340:	f7ff fd73 	bl	10006e2a <_ZN4RF2414write_registerEhh>
10007344:	2203      	movs	r2, #3
10007346:	2102      	movs	r1, #2
10007348:	0020      	movs	r0, r4
1000734a:	f7ff fd6e 	bl	10006e2a <_ZN4RF2414write_registerEhh>
1000734e:	2120      	movs	r1, #32
10007350:	0020      	movs	r0, r4
10007352:	f7ff fe3f 	bl	10006fd4 <_ZN4RF2414setPayloadSizeEh>
10007356:	2105      	movs	r1, #5
10007358:	0020      	movs	r0, r4
1000735a:	f7ff ff34 	bl	100071c6 <_ZN4RF2415setAddressWidthEh>
1000735e:	214c      	movs	r1, #76	; 0x4c
10007360:	0020      	movs	r0, r4
10007362:	f7ff fe2e 	bl	10006fc2 <_ZN4RF2410setChannelEh>
10007366:	2270      	movs	r2, #112	; 0x70
10007368:	2107      	movs	r1, #7
1000736a:	0020      	movs	r0, r4
1000736c:	f7ff fd5d 	bl	10006e2a <_ZN4RF2414write_registerEhh>
10007370:	0020      	movs	r0, r4
10007372:	f7ff fddf 	bl	10006f34 <_ZN4RF248flush_rxEv>
10007376:	0020      	movs	r0, r4
10007378:	f7ff fde6 	bl	10006f48 <_ZN4RF248flush_txEv>
1000737c:	220c      	movs	r2, #12
1000737e:	2100      	movs	r1, #0
10007380:	0020      	movs	r0, r4
10007382:	f7ff fd52 	bl	10006e2a <_ZN4RF2414write_registerEhh>
10007386:	2100      	movs	r1, #0
10007388:	0020      	movs	r0, r4
1000738a:	f7ff fcf8 	bl	10006d7e <_ZN4RF2413read_registerEh>
1000738e:	3555      	adds	r5, #85	; 0x55
10007390:	5560      	strb	r0, [r4, r5]
10007392:	0020      	movs	r0, r4
10007394:	f7ff fe8a 	bl	100070ac <_ZN4RF247powerUpEv>
10007398:	5d60      	ldrb	r0, [r4, r5]
1000739a:	380e      	subs	r0, #14
1000739c:	4243      	negs	r3, r0
1000739e:	4158      	adcs	r0, r3
100073a0:	b2c0      	uxtb	r0, r0
100073a2:	bd70      	pop	{r4, r5, r6, pc}
100073a4:	0020      	movs	r0, r4
100073a6:	f7ff ff26 	bl	100071f6 <_ZN4RF2415toggle_featuresEv>
100073aa:	e7b7      	b.n	1000731c <_ZN4RF2411_init_radioEv+0x48>

100073ac <_ZN4RF245beginEP3SPI>:
100073ac:	b510      	push	{r4, lr}
100073ae:	0004      	movs	r4, r0
100073b0:	6001      	str	r1, [r0, #0]
100073b2:	f7ff fe37 	bl	10007024 <_ZN4RF2410_init_pinsEv>
100073b6:	2800      	cmp	r0, #0
100073b8:	d100      	bne.n	100073bc <_ZN4RF245beginEP3SPI+0x10>
100073ba:	bd10      	pop	{r4, pc}
100073bc:	0020      	movs	r0, r4
100073be:	f7ff ff89 	bl	100072d4 <_ZN4RF2411_init_radioEv>
100073c2:	e7fa      	b.n	100073ba <_ZN4RF245beginEP3SPI+0xe>

100073c4 <_ZN4GPIO4openEii>:
100073c4:	b570      	push	{r4, r5, r6, lr}
100073c6:	0004      	movs	r4, r0
100073c8:	000d      	movs	r5, r1
100073ca:	f7f9 f867 	bl	1000049c <gpio_init>
100073ce:	2301      	movs	r3, #1
100073d0:	40a3      	lsls	r3, r4
100073d2:	2d00      	cmp	r5, #0
100073d4:	d003      	beq.n	100073de <_ZN4GPIO4openEii+0x1a>
100073d6:	22d0      	movs	r2, #208	; 0xd0
100073d8:	0612      	lsls	r2, r2, #24
100073da:	6253      	str	r3, [r2, #36]	; 0x24
100073dc:	bd70      	pop	{r4, r5, r6, pc}
100073de:	22d0      	movs	r2, #208	; 0xd0
100073e0:	0612      	lsls	r2, r2, #24
100073e2:	6293      	str	r3, [r2, #40]	; 0x28
100073e4:	e7fa      	b.n	100073dc <_ZN4GPIO4openEii+0x18>

100073e6 <_ZN4GPIO5writeEii>:
100073e6:	2301      	movs	r3, #1
100073e8:	4083      	lsls	r3, r0
100073ea:	2900      	cmp	r1, #0
100073ec:	d003      	beq.n	100073f6 <_ZN4GPIO5writeEii+0x10>
100073ee:	22d0      	movs	r2, #208	; 0xd0
100073f0:	0612      	lsls	r2, r2, #24
100073f2:	6153      	str	r3, [r2, #20]
100073f4:	4770      	bx	lr
100073f6:	22d0      	movs	r2, #208	; 0xd0
100073f8:	0612      	lsls	r2, r2, #24
100073fa:	6193      	str	r3, [r2, #24]
100073fc:	e7fa      	b.n	100073f4 <_ZN4GPIO5writeEii+0xe>
	...

10007400 <_ZN3SPID1Ev>:
10007400:	4b01      	ldr	r3, [pc, #4]	; (10007408 <_ZN3SPID1Ev+0x8>)
10007402:	3308      	adds	r3, #8
10007404:	6003      	str	r3, [r0, #0]
10007406:	4770      	bx	lr
10007408:	10008d58 	.word	0x10008d58

1000740c <_ZN3SPID0Ev>:
1000740c:	b510      	push	{r4, lr}
1000740e:	0004      	movs	r4, r0
10007410:	f7ff fff6 	bl	10007400 <_ZN3SPID1Ev>
10007414:	2108      	movs	r1, #8
10007416:	0020      	movs	r0, r4
10007418:	f7fb fad2 	bl	100029c0 <_ZdlPvj>
1000741c:	0020      	movs	r0, r4
1000741e:	bd10      	pop	{r4, pc}

10007420 <_ZN3SPIC1Ev>:
10007420:	4b01      	ldr	r3, [pc, #4]	; (10007428 <_ZN3SPIC1Ev+0x8>)
10007422:	3308      	adds	r3, #8
10007424:	6003      	str	r3, [r0, #0]
10007426:	4770      	bx	lr
10007428:	10008d58 	.word	0x10008d58

1000742c <_ZN3SPI5beginEP8spi_insthhh>:
1000742c:	b570      	push	{r4, r5, r6, lr}
1000742e:	001c      	movs	r4, r3
10007430:	ab04      	add	r3, sp, #16
10007432:	781d      	ldrb	r5, [r3, #0]
10007434:	6041      	str	r1, [r0, #4]
10007436:	2101      	movs	r1, #1
10007438:	0010      	movs	r0, r2
1000743a:	f7f9 f815 	bl	10000468 <gpio_set_function>
1000743e:	2101      	movs	r1, #1
10007440:	0020      	movs	r0, r4
10007442:	f7f9 f811 	bl	10000468 <gpio_set_function>
10007446:	2101      	movs	r1, #1
10007448:	0028      	movs	r0, r5
1000744a:	f7f9 f80d 	bl	10000468 <gpio_set_function>
1000744e:	bd70      	pop	{r4, r5, r6, pc}

10007450 <_ZN3SPI8transferEh>:
10007450:	b500      	push	{lr}
10007452:	b085      	sub	sp, #20
10007454:	000b      	movs	r3, r1
10007456:	466a      	mov	r2, sp
10007458:	1dd1      	adds	r1, r2, #7
1000745a:	700b      	strb	r3, [r1, #0]
1000745c:	2300      	movs	r3, #0
1000745e:	73d3      	strb	r3, [r2, #15]
10007460:	6840      	ldr	r0, [r0, #4]
10007462:	3301      	adds	r3, #1
10007464:	220f      	movs	r2, #15
10007466:	446a      	add	r2, sp
10007468:	f000 fa26 	bl	100078b8 <__spi_write_read_blocking_veneer>
1000746c:	466b      	mov	r3, sp
1000746e:	7bd8      	ldrb	r0, [r3, #15]
10007470:	b005      	add	sp, #20
10007472:	bd00      	pop	{pc}

10007474 <_ZN3SPI10transfernbEPKhPhm>:
10007474:	b510      	push	{r4, lr}
10007476:	6840      	ldr	r0, [r0, #4]
10007478:	f000 fa1e 	bl	100078b8 <__spi_write_read_blocking_veneer>
1000747c:	bd10      	pop	{r4, pc}
	...

10007480 <_ZN3SPI16beginTransactionEm>:
10007480:	b510      	push	{r4, lr}
10007482:	0004      	movs	r4, r0
10007484:	6840      	ldr	r0, [r0, #4]
10007486:	f7ff fbdd 	bl	10006c44 <spi_init>
1000748a:	6863      	ldr	r3, [r4, #4]
1000748c:	685a      	ldr	r2, [r3, #4]
1000748e:	2102      	movs	r1, #2
10007490:	400a      	ands	r2, r1
10007492:	4808      	ldr	r0, [pc, #32]	; (100074b4 <_ZN3SPI16beginTransactionEm+0x34>)
10007494:	1818      	adds	r0, r3, r0
10007496:	6001      	str	r1, [r0, #0]
10007498:	6819      	ldr	r1, [r3, #0]
1000749a:	2007      	movs	r0, #7
1000749c:	4048      	eors	r0, r1
1000749e:	21cf      	movs	r1, #207	; 0xcf
100074a0:	4001      	ands	r1, r0
100074a2:	2080      	movs	r0, #128	; 0x80
100074a4:	0140      	lsls	r0, r0, #5
100074a6:	1818      	adds	r0, r3, r0
100074a8:	6001      	str	r1, [r0, #0]
100074aa:	4903      	ldr	r1, [pc, #12]	; (100074b8 <_ZN3SPI16beginTransactionEm+0x38>)
100074ac:	468c      	mov	ip, r1
100074ae:	4463      	add	r3, ip
100074b0:	601a      	str	r2, [r3, #0]
100074b2:	bd10      	pop	{r4, pc}
100074b4:	00003004 	.word	0x00003004
100074b8:	00002004 	.word	0x00002004

100074bc <_ZN3SPI14endTransactionEv>:
100074bc:	b510      	push	{r4, lr}
100074be:	6840      	ldr	r0, [r0, #4]
100074c0:	f7ff fb4a 	bl	10006b58 <spi_deinit>
100074c4:	bd10      	pop	{r4, pc}
	...

100074c8 <free>:
100074c8:	b510      	push	{r4, lr}
100074ca:	4b03      	ldr	r3, [pc, #12]	; (100074d8 <free+0x10>)
100074cc:	0001      	movs	r1, r0
100074ce:	6818      	ldr	r0, [r3, #0]
100074d0:	f000 f8d8 	bl	10007684 <_free_r>
100074d4:	bd10      	pop	{r4, pc}
100074d6:	46c0      	nop			; (mov r8, r8)
100074d8:	20000cf8 	.word	0x20000cf8

100074dc <__malloc_lock>:
100074dc:	b510      	push	{r4, lr}
100074de:	4802      	ldr	r0, [pc, #8]	; (100074e8 <__malloc_lock+0xc>)
100074e0:	f000 f9b2 	bl	10007848 <__retarget_lock_acquire_recursive>
100074e4:	bd10      	pop	{r4, pc}
100074e6:	46c0      	nop			; (mov r8, r8)
100074e8:	200016e4 	.word	0x200016e4

100074ec <__malloc_unlock>:
100074ec:	b510      	push	{r4, lr}
100074ee:	4802      	ldr	r0, [pc, #8]	; (100074f8 <__malloc_unlock+0xc>)
100074f0:	f000 f9ac 	bl	1000784c <__retarget_lock_release_recursive>
100074f4:	bd10      	pop	{r4, pc}
100074f6:	46c0      	nop			; (mov r8, r8)
100074f8:	200016e4 	.word	0x200016e4

100074fc <_sbrk_r>:
100074fc:	2300      	movs	r3, #0
100074fe:	b570      	push	{r4, r5, r6, lr}
10007500:	4d06      	ldr	r5, [pc, #24]	; (1000751c <_sbrk_r+0x20>)
10007502:	0004      	movs	r4, r0
10007504:	0008      	movs	r0, r1
10007506:	602b      	str	r3, [r5, #0]
10007508:	f7fc fb18 	bl	10003b3c <_sbrk>
1000750c:	1c43      	adds	r3, r0, #1
1000750e:	d000      	beq.n	10007512 <_sbrk_r+0x16>
10007510:	bd70      	pop	{r4, r5, r6, pc}
10007512:	682b      	ldr	r3, [r5, #0]
10007514:	2b00      	cmp	r3, #0
10007516:	d0fb      	beq.n	10007510 <_sbrk_r+0x14>
10007518:	6023      	str	r3, [r4, #0]
1000751a:	e7f9      	b.n	10007510 <_sbrk_r+0x14>
1000751c:	20001fac 	.word	0x20001fac

10007520 <strlen>:
10007520:	b510      	push	{r4, lr}
10007522:	0783      	lsls	r3, r0, #30
10007524:	d00a      	beq.n	1000753c <strlen+0x1c>
10007526:	0003      	movs	r3, r0
10007528:	2103      	movs	r1, #3
1000752a:	e002      	b.n	10007532 <strlen+0x12>
1000752c:	3301      	adds	r3, #1
1000752e:	420b      	tst	r3, r1
10007530:	d005      	beq.n	1000753e <strlen+0x1e>
10007532:	781a      	ldrb	r2, [r3, #0]
10007534:	2a00      	cmp	r2, #0
10007536:	d1f9      	bne.n	1000752c <strlen+0xc>
10007538:	1a18      	subs	r0, r3, r0
1000753a:	bd10      	pop	{r4, pc}
1000753c:	0003      	movs	r3, r0
1000753e:	6819      	ldr	r1, [r3, #0]
10007540:	4a0c      	ldr	r2, [pc, #48]	; (10007574 <strlen+0x54>)
10007542:	4c0d      	ldr	r4, [pc, #52]	; (10007578 <strlen+0x58>)
10007544:	188a      	adds	r2, r1, r2
10007546:	438a      	bics	r2, r1
10007548:	4222      	tst	r2, r4
1000754a:	d10f      	bne.n	1000756c <strlen+0x4c>
1000754c:	6859      	ldr	r1, [r3, #4]
1000754e:	4a09      	ldr	r2, [pc, #36]	; (10007574 <strlen+0x54>)
10007550:	3304      	adds	r3, #4
10007552:	188a      	adds	r2, r1, r2
10007554:	438a      	bics	r2, r1
10007556:	4222      	tst	r2, r4
10007558:	d108      	bne.n	1000756c <strlen+0x4c>
1000755a:	6859      	ldr	r1, [r3, #4]
1000755c:	4a05      	ldr	r2, [pc, #20]	; (10007574 <strlen+0x54>)
1000755e:	3304      	adds	r3, #4
10007560:	188a      	adds	r2, r1, r2
10007562:	438a      	bics	r2, r1
10007564:	4222      	tst	r2, r4
10007566:	d0f1      	beq.n	1000754c <strlen+0x2c>
10007568:	e000      	b.n	1000756c <strlen+0x4c>
1000756a:	3301      	adds	r3, #1
1000756c:	781a      	ldrb	r2, [r3, #0]
1000756e:	2a00      	cmp	r2, #0
10007570:	d1fb      	bne.n	1000756a <strlen+0x4a>
10007572:	e7e1      	b.n	10007538 <strlen+0x18>
10007574:	fefefeff 	.word	0xfefefeff
10007578:	80808080 	.word	0x80808080

1000757c <strncpy>:
1000757c:	b5f0      	push	{r4, r5, r6, r7, lr}
1000757e:	000c      	movs	r4, r1
10007580:	4304      	orrs	r4, r0
10007582:	0003      	movs	r3, r0
10007584:	0007      	movs	r7, r0
10007586:	07a4      	lsls	r4, r4, #30
10007588:	d112      	bne.n	100075b0 <strncpy+0x34>
1000758a:	2a03      	cmp	r2, #3
1000758c:	d910      	bls.n	100075b0 <strncpy+0x34>
1000758e:	4c14      	ldr	r4, [pc, #80]	; (100075e0 <strncpy+0x64>)
10007590:	46a4      	mov	ip, r4
10007592:	4667      	mov	r7, ip
10007594:	680d      	ldr	r5, [r1, #0]
10007596:	4c13      	ldr	r4, [pc, #76]	; (100075e4 <strncpy+0x68>)
10007598:	001e      	movs	r6, r3
1000759a:	192c      	adds	r4, r5, r4
1000759c:	43ac      	bics	r4, r5
1000759e:	423c      	tst	r4, r7
100075a0:	d11b      	bne.n	100075da <strncpy+0x5e>
100075a2:	3304      	adds	r3, #4
100075a4:	3a04      	subs	r2, #4
100075a6:	001f      	movs	r7, r3
100075a8:	3104      	adds	r1, #4
100075aa:	6035      	str	r5, [r6, #0]
100075ac:	2a03      	cmp	r2, #3
100075ae:	d8f0      	bhi.n	10007592 <strncpy+0x16>
100075b0:	2400      	movs	r4, #0
100075b2:	18be      	adds	r6, r7, r2
100075b4:	e006      	b.n	100075c4 <strncpy+0x48>
100075b6:	5d0d      	ldrb	r5, [r1, r4]
100075b8:	3a01      	subs	r2, #1
100075ba:	553d      	strb	r5, [r7, r4]
100075bc:	1ab3      	subs	r3, r6, r2
100075be:	3401      	adds	r4, #1
100075c0:	2d00      	cmp	r5, #0
100075c2:	d002      	beq.n	100075ca <strncpy+0x4e>
100075c4:	2a00      	cmp	r2, #0
100075c6:	d1f6      	bne.n	100075b6 <strncpy+0x3a>
100075c8:	bdf0      	pop	{r4, r5, r6, r7, pc}
100075ca:	2100      	movs	r1, #0
100075cc:	2a00      	cmp	r2, #0
100075ce:	d0fb      	beq.n	100075c8 <strncpy+0x4c>
100075d0:	7019      	strb	r1, [r3, #0]
100075d2:	3301      	adds	r3, #1
100075d4:	429e      	cmp	r6, r3
100075d6:	d1fb      	bne.n	100075d0 <strncpy+0x54>
100075d8:	e7f6      	b.n	100075c8 <strncpy+0x4c>
100075da:	001f      	movs	r7, r3
100075dc:	e7e8      	b.n	100075b0 <strncpy+0x34>
100075de:	46c0      	nop			; (mov r8, r8)
100075e0:	80808080 	.word	0x80808080
100075e4:	fefefeff 	.word	0xfefefeff

100075e8 <_malloc_trim_r>:
100075e8:	b5f8      	push	{r3, r4, r5, r6, r7, lr}
100075ea:	000c      	movs	r4, r1
100075ec:	0005      	movs	r5, r0
100075ee:	f7ff ff75 	bl	100074dc <__malloc_lock>
100075f2:	4f20      	ldr	r7, [pc, #128]	; (10007674 <_malloc_trim_r+0x8c>)
100075f4:	68bb      	ldr	r3, [r7, #8]
100075f6:	685e      	ldr	r6, [r3, #4]
100075f8:	2303      	movs	r3, #3
100075fa:	439e      	bics	r6, r3
100075fc:	4b1e      	ldr	r3, [pc, #120]	; (10007678 <_malloc_trim_r+0x90>)
100075fe:	1b34      	subs	r4, r6, r4
10007600:	469c      	mov	ip, r3
10007602:	4464      	add	r4, ip
10007604:	0b24      	lsrs	r4, r4, #12
10007606:	3c01      	subs	r4, #1
10007608:	3311      	adds	r3, #17
1000760a:	0324      	lsls	r4, r4, #12
1000760c:	429c      	cmp	r4, r3
1000760e:	db07      	blt.n	10007620 <_malloc_trim_r+0x38>
10007610:	2100      	movs	r1, #0
10007612:	0028      	movs	r0, r5
10007614:	f7ff ff72 	bl	100074fc <_sbrk_r>
10007618:	68bb      	ldr	r3, [r7, #8]
1000761a:	199b      	adds	r3, r3, r6
1000761c:	4298      	cmp	r0, r3
1000761e:	d004      	beq.n	1000762a <_malloc_trim_r+0x42>
10007620:	0028      	movs	r0, r5
10007622:	f7ff ff63 	bl	100074ec <__malloc_unlock>
10007626:	2000      	movs	r0, #0
10007628:	bdf8      	pop	{r3, r4, r5, r6, r7, pc}
1000762a:	0028      	movs	r0, r5
1000762c:	4261      	negs	r1, r4
1000762e:	f7ff ff65 	bl	100074fc <_sbrk_r>
10007632:	1c43      	adds	r3, r0, #1
10007634:	d00d      	beq.n	10007652 <_malloc_trim_r+0x6a>
10007636:	2201      	movs	r2, #1
10007638:	68bb      	ldr	r3, [r7, #8]
1000763a:	1b36      	subs	r6, r6, r4
1000763c:	4316      	orrs	r6, r2
1000763e:	605e      	str	r6, [r3, #4]
10007640:	4b0e      	ldr	r3, [pc, #56]	; (1000767c <_malloc_trim_r+0x94>)
10007642:	0028      	movs	r0, r5
10007644:	681a      	ldr	r2, [r3, #0]
10007646:	1b14      	subs	r4, r2, r4
10007648:	601c      	str	r4, [r3, #0]
1000764a:	f7ff ff4f 	bl	100074ec <__malloc_unlock>
1000764e:	2001      	movs	r0, #1
10007650:	e7ea      	b.n	10007628 <_malloc_trim_r+0x40>
10007652:	2100      	movs	r1, #0
10007654:	0028      	movs	r0, r5
10007656:	f7ff ff51 	bl	100074fc <_sbrk_r>
1000765a:	68ba      	ldr	r2, [r7, #8]
1000765c:	1a83      	subs	r3, r0, r2
1000765e:	2b0f      	cmp	r3, #15
10007660:	ddde      	ble.n	10007620 <_malloc_trim_r+0x38>
10007662:	4907      	ldr	r1, [pc, #28]	; (10007680 <_malloc_trim_r+0x98>)
10007664:	6809      	ldr	r1, [r1, #0]
10007666:	1a40      	subs	r0, r0, r1
10007668:	4904      	ldr	r1, [pc, #16]	; (1000767c <_malloc_trim_r+0x94>)
1000766a:	6008      	str	r0, [r1, #0]
1000766c:	2101      	movs	r1, #1
1000766e:	430b      	orrs	r3, r1
10007670:	6053      	str	r3, [r2, #4]
10007672:	e7d5      	b.n	10007620 <_malloc_trim_r+0x38>
10007674:	20001128 	.word	0x20001128
10007678:	00000fef 	.word	0x00000fef
1000767c:	200016e8 	.word	0x200016e8
10007680:	20001530 	.word	0x20001530

10007684 <_free_r>:
10007684:	b5f0      	push	{r4, r5, r6, r7, lr}
10007686:	46c6      	mov	lr, r8
10007688:	0005      	movs	r5, r0
1000768a:	000c      	movs	r4, r1
1000768c:	b500      	push	{lr}
1000768e:	2900      	cmp	r1, #0
10007690:	d04f      	beq.n	10007732 <_free_r+0xae>
10007692:	f7ff ff23 	bl	100074dc <__malloc_lock>
10007696:	0021      	movs	r1, r4
10007698:	3908      	subs	r1, #8
1000769a:	684c      	ldr	r4, [r1, #4]
1000769c:	2601      	movs	r6, #1
1000769e:	0022      	movs	r2, r4
100076a0:	2003      	movs	r0, #3
100076a2:	43b2      	bics	r2, r6
100076a4:	188f      	adds	r7, r1, r2
100076a6:	687b      	ldr	r3, [r7, #4]
100076a8:	4383      	bics	r3, r0
100076aa:	4862      	ldr	r0, [pc, #392]	; (10007834 <_free_r+0x1b0>)
100076ac:	4698      	mov	r8, r3
100076ae:	6883      	ldr	r3, [r0, #8]
100076b0:	42bb      	cmp	r3, r7
100076b2:	d06a      	beq.n	1000778a <_free_r+0x106>
100076b4:	4643      	mov	r3, r8
100076b6:	607b      	str	r3, [r7, #4]
100076b8:	4226      	tst	r6, r4
100076ba:	d11e      	bne.n	100076fa <_free_r+0x76>
100076bc:	2308      	movs	r3, #8
100076be:	469c      	mov	ip, r3
100076c0:	680c      	ldr	r4, [r1, #0]
100076c2:	4484      	add	ip, r0
100076c4:	1b09      	subs	r1, r1, r4
100076c6:	1912      	adds	r2, r2, r4
100076c8:	688c      	ldr	r4, [r1, #8]
100076ca:	4564      	cmp	r4, ip
100076cc:	d04f      	beq.n	1000776e <_free_r+0xea>
100076ce:	68cb      	ldr	r3, [r1, #12]
100076d0:	60e3      	str	r3, [r4, #12]
100076d2:	609c      	str	r4, [r3, #8]
100076d4:	4643      	mov	r3, r8
100076d6:	18fc      	adds	r4, r7, r3
100076d8:	6864      	ldr	r4, [r4, #4]
100076da:	4234      	tst	r4, r6
100076dc:	d111      	bne.n	10007702 <_free_r+0x7e>
100076de:	68bb      	ldr	r3, [r7, #8]
100076e0:	4c55      	ldr	r4, [pc, #340]	; (10007838 <_free_r+0x1b4>)
100076e2:	4442      	add	r2, r8
100076e4:	42a3      	cmp	r3, r4
100076e6:	d100      	bne.n	100076ea <_free_r+0x66>
100076e8:	e07e      	b.n	100077e8 <_free_r+0x164>
100076ea:	68fc      	ldr	r4, [r7, #12]
100076ec:	60dc      	str	r4, [r3, #12]
100076ee:	60a3      	str	r3, [r4, #8]
100076f0:	2301      	movs	r3, #1
100076f2:	4313      	orrs	r3, r2
100076f4:	604b      	str	r3, [r1, #4]
100076f6:	508a      	str	r2, [r1, r2]
100076f8:	e006      	b.n	10007708 <_free_r+0x84>
100076fa:	18fc      	adds	r4, r7, r3
100076fc:	6864      	ldr	r4, [r4, #4]
100076fe:	4234      	tst	r4, r6
10007700:	d0ed      	beq.n	100076de <_free_r+0x5a>
10007702:	4316      	orrs	r6, r2
10007704:	604e      	str	r6, [r1, #4]
10007706:	603a      	str	r2, [r7, #0]
10007708:	2380      	movs	r3, #128	; 0x80
1000770a:	009b      	lsls	r3, r3, #2
1000770c:	429a      	cmp	r2, r3
1000770e:	d213      	bcs.n	10007738 <_free_r+0xb4>
10007710:	0954      	lsrs	r4, r2, #5
10007712:	08d3      	lsrs	r3, r2, #3
10007714:	2201      	movs	r2, #1
10007716:	40a2      	lsls	r2, r4
10007718:	6844      	ldr	r4, [r0, #4]
1000771a:	00db      	lsls	r3, r3, #3
1000771c:	4322      	orrs	r2, r4
1000771e:	6042      	str	r2, [r0, #4]
10007720:	1818      	adds	r0, r3, r0
10007722:	6883      	ldr	r3, [r0, #8]
10007724:	60c8      	str	r0, [r1, #12]
10007726:	608b      	str	r3, [r1, #8]
10007728:	6081      	str	r1, [r0, #8]
1000772a:	60d9      	str	r1, [r3, #12]
1000772c:	0028      	movs	r0, r5
1000772e:	f7ff fedd 	bl	100074ec <__malloc_unlock>
10007732:	bc80      	pop	{r7}
10007734:	46b8      	mov	r8, r7
10007736:	bdf0      	pop	{r4, r5, r6, r7, pc}
10007738:	0a53      	lsrs	r3, r2, #9
1000773a:	2b04      	cmp	r3, #4
1000773c:	d83e      	bhi.n	100077bc <_free_r+0x138>
1000773e:	0994      	lsrs	r4, r2, #6
10007740:	0026      	movs	r6, r4
10007742:	3439      	adds	r4, #57	; 0x39
10007744:	3638      	adds	r6, #56	; 0x38
10007746:	00e4      	lsls	r4, r4, #3
10007748:	1904      	adds	r4, r0, r4
1000774a:	6823      	ldr	r3, [r4, #0]
1000774c:	3c08      	subs	r4, #8
1000774e:	2703      	movs	r7, #3
10007750:	429c      	cmp	r4, r3
10007752:	d042      	beq.n	100077da <_free_r+0x156>
10007754:	6858      	ldr	r0, [r3, #4]
10007756:	43b8      	bics	r0, r7
10007758:	4290      	cmp	r0, r2
1000775a:	d902      	bls.n	10007762 <_free_r+0xde>
1000775c:	689b      	ldr	r3, [r3, #8]
1000775e:	429c      	cmp	r4, r3
10007760:	d1f8      	bne.n	10007754 <_free_r+0xd0>
10007762:	68dc      	ldr	r4, [r3, #12]
10007764:	60cc      	str	r4, [r1, #12]
10007766:	608b      	str	r3, [r1, #8]
10007768:	60a1      	str	r1, [r4, #8]
1000776a:	60d9      	str	r1, [r3, #12]
1000776c:	e7de      	b.n	1000772c <_free_r+0xa8>
1000776e:	4643      	mov	r3, r8
10007770:	18f8      	adds	r0, r7, r3
10007772:	6840      	ldr	r0, [r0, #4]
10007774:	4230      	tst	r0, r6
10007776:	d157      	bne.n	10007828 <_free_r+0x1a4>
10007778:	68fb      	ldr	r3, [r7, #12]
1000777a:	68b8      	ldr	r0, [r7, #8]
1000777c:	4442      	add	r2, r8
1000777e:	4316      	orrs	r6, r2
10007780:	60c3      	str	r3, [r0, #12]
10007782:	6098      	str	r0, [r3, #8]
10007784:	604e      	str	r6, [r1, #4]
10007786:	508a      	str	r2, [r1, r2]
10007788:	e7d0      	b.n	1000772c <_free_r+0xa8>
1000778a:	0013      	movs	r3, r2
1000778c:	4443      	add	r3, r8
1000778e:	4226      	tst	r6, r4
10007790:	d106      	bne.n	100077a0 <_free_r+0x11c>
10007792:	680a      	ldr	r2, [r1, #0]
10007794:	1a89      	subs	r1, r1, r2
10007796:	688c      	ldr	r4, [r1, #8]
10007798:	189b      	adds	r3, r3, r2
1000779a:	68ca      	ldr	r2, [r1, #12]
1000779c:	60e2      	str	r2, [r4, #12]
1000779e:	6094      	str	r4, [r2, #8]
100077a0:	2201      	movs	r2, #1
100077a2:	431a      	orrs	r2, r3
100077a4:	604a      	str	r2, [r1, #4]
100077a6:	4a25      	ldr	r2, [pc, #148]	; (1000783c <_free_r+0x1b8>)
100077a8:	6081      	str	r1, [r0, #8]
100077aa:	6812      	ldr	r2, [r2, #0]
100077ac:	429a      	cmp	r2, r3
100077ae:	d8bd      	bhi.n	1000772c <_free_r+0xa8>
100077b0:	4b23      	ldr	r3, [pc, #140]	; (10007840 <_free_r+0x1bc>)
100077b2:	0028      	movs	r0, r5
100077b4:	6819      	ldr	r1, [r3, #0]
100077b6:	f7ff ff17 	bl	100075e8 <_malloc_trim_r>
100077ba:	e7b7      	b.n	1000772c <_free_r+0xa8>
100077bc:	2b14      	cmp	r3, #20
100077be:	d907      	bls.n	100077d0 <_free_r+0x14c>
100077c0:	2b54      	cmp	r3, #84	; 0x54
100077c2:	d81a      	bhi.n	100077fa <_free_r+0x176>
100077c4:	0b14      	lsrs	r4, r2, #12
100077c6:	0026      	movs	r6, r4
100077c8:	346f      	adds	r4, #111	; 0x6f
100077ca:	366e      	adds	r6, #110	; 0x6e
100077cc:	00e4      	lsls	r4, r4, #3
100077ce:	e7bb      	b.n	10007748 <_free_r+0xc4>
100077d0:	001e      	movs	r6, r3
100077d2:	335c      	adds	r3, #92	; 0x5c
100077d4:	365b      	adds	r6, #91	; 0x5b
100077d6:	00dc      	lsls	r4, r3, #3
100077d8:	e7b6      	b.n	10007748 <_free_r+0xc4>
100077da:	2201      	movs	r2, #1
100077dc:	10b6      	asrs	r6, r6, #2
100077de:	40b2      	lsls	r2, r6
100077e0:	6846      	ldr	r6, [r0, #4]
100077e2:	4332      	orrs	r2, r6
100077e4:	6042      	str	r2, [r0, #4]
100077e6:	e7bd      	b.n	10007764 <_free_r+0xe0>
100077e8:	60d9      	str	r1, [r3, #12]
100077ea:	6099      	str	r1, [r3, #8]
100077ec:	60cb      	str	r3, [r1, #12]
100077ee:	608b      	str	r3, [r1, #8]
100077f0:	2301      	movs	r3, #1
100077f2:	4313      	orrs	r3, r2
100077f4:	604b      	str	r3, [r1, #4]
100077f6:	508a      	str	r2, [r1, r2]
100077f8:	e798      	b.n	1000772c <_free_r+0xa8>
100077fa:	24aa      	movs	r4, #170	; 0xaa
100077fc:	0064      	lsls	r4, r4, #1
100077fe:	42a3      	cmp	r3, r4
10007800:	d805      	bhi.n	1000780e <_free_r+0x18a>
10007802:	0bd4      	lsrs	r4, r2, #15
10007804:	0026      	movs	r6, r4
10007806:	3478      	adds	r4, #120	; 0x78
10007808:	3677      	adds	r6, #119	; 0x77
1000780a:	00e4      	lsls	r4, r4, #3
1000780c:	e79c      	b.n	10007748 <_free_r+0xc4>
1000780e:	4c0d      	ldr	r4, [pc, #52]	; (10007844 <_free_r+0x1c0>)
10007810:	42a3      	cmp	r3, r4
10007812:	d805      	bhi.n	10007820 <_free_r+0x19c>
10007814:	0c94      	lsrs	r4, r2, #18
10007816:	0026      	movs	r6, r4
10007818:	347d      	adds	r4, #125	; 0x7d
1000781a:	367c      	adds	r6, #124	; 0x7c
1000781c:	00e4      	lsls	r4, r4, #3
1000781e:	e793      	b.n	10007748 <_free_r+0xc4>
10007820:	24fe      	movs	r4, #254	; 0xfe
10007822:	267e      	movs	r6, #126	; 0x7e
10007824:	00a4      	lsls	r4, r4, #2
10007826:	e78f      	b.n	10007748 <_free_r+0xc4>
10007828:	0033      	movs	r3, r6
1000782a:	4313      	orrs	r3, r2
1000782c:	604b      	str	r3, [r1, #4]
1000782e:	603a      	str	r2, [r7, #0]
10007830:	e77c      	b.n	1000772c <_free_r+0xa8>
10007832:	46c0      	nop			; (mov r8, r8)
10007834:	20001128 	.word	0x20001128
10007838:	20001130 	.word	0x20001130
1000783c:	20001534 	.word	0x20001534
10007840:	20001710 	.word	0x20001710
10007844:	00000554 	.word	0x00000554

10007848 <__retarget_lock_acquire_recursive>:
10007848:	4770      	bx	lr
1000784a:	46c0      	nop			; (mov r8, r8)

1000784c <__retarget_lock_release_recursive>:
1000784c:	4770      	bx	lr
1000784e:	46c0      	nop			; (mov r8, r8)

10007850 <_fini>:
10007850:	b5f8      	push	{r3, r4, r5, r6, r7, lr}
10007852:	46c0      	nop			; (mov r8, r8)
10007854:	0000      	movs	r0, r0
	...

10007858 <__flash_do_cmd_veneer>:
10007858:	b401      	push	{r0}
1000785a:	4802      	ldr	r0, [pc, #8]	; (10007864 <__flash_do_cmd_veneer+0xc>)
1000785c:	4684      	mov	ip, r0
1000785e:	bc01      	pop	{r0}
10007860:	4760      	bx	ip
10007862:	bf00      	nop
10007864:	200002b9 	.word	0x200002b9

10007868 <__mutex_exit_veneer>:
10007868:	b401      	push	{r0}
1000786a:	4802      	ldr	r0, [pc, #8]	; (10007874 <__mutex_exit_veneer+0xc>)
1000786c:	4684      	mov	ip, r0
1000786e:	bc01      	pop	{r0}
10007870:	4760      	bx	ip
10007872:	bf00      	nop
10007874:	20000205 	.word	0x20000205

10007878 <____aeabi_ldiv0_veneer>:
10007878:	b401      	push	{r0}
1000787a:	4802      	ldr	r0, [pc, #8]	; (10007884 <____aeabi_ldiv0_veneer+0xc>)
1000787c:	4684      	mov	ip, r0
1000787e:	bc01      	pop	{r0}
10007880:	4760      	bx	ip
10007882:	bf00      	nop
10007884:	20000b85 	.word	0x20000b85

10007888 <____aeabi_idiv0_veneer>:
10007888:	b401      	push	{r0}
1000788a:	4802      	ldr	r0, [pc, #8]	; (10007894 <____aeabi_idiv0_veneer+0xc>)
1000788c:	4684      	mov	ip, r0
1000788e:	bc01      	pop	{r0}
10007890:	4760      	bx	ip
10007892:	bf00      	nop
10007894:	20000b85 	.word	0x20000b85

10007898 <__mutex_try_enter_veneer>:
10007898:	b401      	push	{r0}
1000789a:	4802      	ldr	r0, [pc, #8]	; (100078a4 <__mutex_try_enter_veneer+0xc>)
1000789c:	4684      	mov	ip, r0
1000789e:	bc01      	pop	{r0}
100078a0:	4760      	bx	ip
100078a2:	bf00      	nop
100078a4:	200000c1 	.word	0x200000c1

100078a8 <__mutex_enter_timeout_ms_veneer>:
100078a8:	b401      	push	{r0}
100078aa:	4802      	ldr	r0, [pc, #8]	; (100078b4 <__mutex_enter_timeout_ms_veneer+0xc>)
100078ac:	4684      	mov	ip, r0
100078ae:	bc01      	pop	{r0}
100078b0:	4760      	bx	ip
100078b2:	bf00      	nop
100078b4:	200001c9 	.word	0x200001c9

100078b8 <__spi_write_read_blocking_veneer>:
100078b8:	b401      	push	{r0}
100078ba:	4802      	ldr	r0, [pc, #8]	; (100078c4 <__spi_write_read_blocking_veneer+0xc>)
100078bc:	4684      	mov	ip, r0
100078be:	bc01      	pop	{r0}
100078c0:	4760      	bx	ip
100078c2:	bf00      	nop
100078c4:	20000b41 	.word	0x20000b41

100078c8 <__reset_non_control_endpoints_veneer>:
100078c8:	b401      	push	{r0}
100078ca:	4802      	ldr	r0, [pc, #8]	; (100078d4 <__reset_non_control_endpoints_veneer+0xc>)
100078cc:	4684      	mov	ip, r0
100078ce:	bc01      	pop	{r0}
100078d0:	4760      	bx	ip
100078d2:	bf00      	nop
100078d4:	20000391 	.word	0x20000391

100078d8 <__mutex_try_enter_block_until_veneer>:
100078d8:	b401      	push	{r0}
100078da:	4802      	ldr	r0, [pc, #8]	; (100078e4 <__mutex_try_enter_block_until_veneer+0xc>)
100078dc:	4684      	mov	ip, r0
100078de:	bc01      	pop	{r0}
100078e0:	4760      	bx	ip
100078e2:	bf00      	nop
100078e4:	20000195 	.word	0x20000195

100078e8 <__hw_endpoint_start_next_buffer_veneer>:
100078e8:	b401      	push	{r0}
100078ea:	4802      	ldr	r0, [pc, #8]	; (100078f4 <__hw_endpoint_start_next_buffer_veneer+0xc>)
100078ec:	4684      	mov	ip, r0
100078ee:	bc01      	pop	{r0}
100078f0:	4760      	bx	ip
100078f2:	bf00      	nop
100078f4:	20000869 	.word	0x20000869

100078f8 <__hw_endpoint_reset_transfer_veneer>:
100078f8:	b401      	push	{r0}
100078fa:	4802      	ldr	r0, [pc, #8]	; (10007904 <__hw_endpoint_reset_transfer_veneer+0xc>)
100078fc:	4684      	mov	ip, r0
100078fe:	bc01      	pop	{r0}
10007900:	4760      	bx	ip
10007902:	bf00      	nop
10007904:	20000811 	.word	0x20000811

10007908 <___hw_endpoint_buffer_control_update32_veneer>:
10007908:	b401      	push	{r0}
1000790a:	4802      	ldr	r0, [pc, #8]	; (10007914 <___hw_endpoint_buffer_control_update32_veneer+0xc>)
1000790c:	4684      	mov	ip, r0
1000790e:	bc01      	pop	{r0}
10007910:	4760      	bx	ip
10007912:	bf00      	nop
10007914:	2000081d 	.word	0x2000081d

10007918 <__e15_is_bulkin_ep_veneer>:
10007918:	b401      	push	{r0}
1000791a:	4802      	ldr	r0, [pc, #8]	; (10007924 <__e15_is_bulkin_ep_veneer+0xc>)
1000791c:	4684      	mov	ip, r0
1000791e:	bc01      	pop	{r0}
10007920:	4760      	bx	ip
10007922:	bf00      	nop
10007924:	20000711 	.word	0x20000711

10007928 <__e15_is_critical_frame_period_veneer>:
10007928:	b401      	push	{r0}
1000792a:	4802      	ldr	r0, [pc, #8]	; (10007934 <__e15_is_critical_frame_period_veneer+0xc>)
1000792c:	4684      	mov	ip, r0
1000792e:	bc01      	pop	{r0}
10007930:	4760      	bx	ip
10007932:	bf00      	nop
10007934:	2000073d 	.word	0x2000073d

10007938 <__pre_init_runtime_init_early_resets>:
10007938:	1000196d                                m...

1000793c <__pre_init_runtime_init_usb_power_down>:
1000793c:	10001999 10001b01 10002999 100021a5     .........)...!..
1000794c:	10002861                                a(..

10007950 <__pre_init_runtime_init_clocks>:
10007950:	10001a35                                5...

10007954 <__pre_init_runtime_init_post_clock_resets>:
10007954:	100019b5                                ....

10007958 <__pre_init_runtime_init_rp2040_gpio_ie_disable>:
10007958:	100019d5                                ....

1000795c <__pre_init_runtime_init_spin_locks_reset>:
1000795c:	100019e9                                ....

10007960 <__pre_init_runtime_init_mutex>:
10007960:	10000b51                                Q...

10007964 <__pre_init_runtime_init_install_ram_vector_table>:
10007964:	100019f1                                ....

10007968 <__pre_init_runtime_init_default_alarm_pool>:
10007968:	10001331                                1...

1000796c <__pre_init_first_per_core_initializer>:
1000796c:	10001959                                Y...

10007970 <__pre_init_runtime_init_per_core_irq_priorities>:
10007970:	1000066d                                m...

10007974 <__frame_dummy_init_array_entry>:
10007974:	100002b1 10000459 10004445              ....Y...ED..

Disassembly of section .data:

200000c0 <mutex_try_enter>:
200000c0:	0003      	movs	r3, r0
200000c2:	6800      	ldr	r0, [r0, #0]
200000c4:	f3ef 8c10 	mrs	ip, PRIMASK
200000c8:	b672      	cpsid	i
200000ca:	6802      	ldr	r2, [r0, #0]
200000cc:	2a00      	cmp	r2, #0
200000ce:	d0fc      	beq.n	200000ca <mutex_try_enter+0xa>
200000d0:	f3bf 8f5f 	dmb	sy
200000d4:	2204      	movs	r2, #4
200000d6:	569a      	ldrsb	r2, [r3, r2]
200000d8:	2a00      	cmp	r2, #0
200000da:	db0b      	blt.n	200000f4 <mutex_try_enter+0x34>
200000dc:	2900      	cmp	r1, #0
200000de:	d010      	beq.n	20000102 <mutex_try_enter+0x42>
200000e0:	600a      	str	r2, [r1, #0]
200000e2:	2000      	movs	r0, #0
200000e4:	681b      	ldr	r3, [r3, #0]
200000e6:	f3bf 8f5f 	dmb	sy
200000ea:	2200      	movs	r2, #0
200000ec:	601a      	str	r2, [r3, #0]
200000ee:	f38c 8810 	msr	PRIMASK, ip
200000f2:	4770      	bx	lr
200000f4:	22d0      	movs	r2, #208	; 0xd0
200000f6:	0612      	lsls	r2, r2, #24
200000f8:	7812      	ldrb	r2, [r2, #0]
200000fa:	b252      	sxtb	r2, r2
200000fc:	711a      	strb	r2, [r3, #4]
200000fe:	2001      	movs	r0, #1
20000100:	e7f0      	b.n	200000e4 <mutex_try_enter+0x24>
20000102:	2000      	movs	r0, #0
20000104:	e7ee      	b.n	200000e4 <mutex_try_enter+0x24>
	...

20000108 <mutex_enter_block_until>:
20000108:	b5f8      	push	{r3, r4, r5, r6, r7, lr}
2000010a:	46ce      	mov	lr, r9
2000010c:	4647      	mov	r7, r8
2000010e:	b580      	push	{r7, lr}
20000110:	0004      	movs	r4, r0
20000112:	0017      	movs	r7, r2
20000114:	4698      	mov	r8, r3
20000116:	6803      	ldr	r3, [r0, #0]
20000118:	2b00      	cmp	r3, #0
2000011a:	d020      	beq.n	2000015e <mutex_enter_block_until+0x56>
2000011c:	23d0      	movs	r3, #208	; 0xd0
2000011e:	061b      	lsls	r3, r3, #24
20000120:	781b      	ldrb	r3, [r3, #0]
20000122:	b25b      	sxtb	r3, r3
20000124:	4699      	mov	r9, r3
20000126:	6826      	ldr	r6, [r4, #0]
20000128:	f3ef 8c10 	mrs	ip, PRIMASK
2000012c:	b672      	cpsid	i
2000012e:	6835      	ldr	r5, [r6, #0]
20000130:	2d00      	cmp	r5, #0
20000132:	d0fc      	beq.n	2000012e <mutex_enter_block_until+0x26>
20000134:	f3bf 8f5f 	dmb	sy
20000138:	2504      	movs	r5, #4
2000013a:	5765      	ldrsb	r5, [r4, r5]
2000013c:	2d00      	cmp	r5, #0
2000013e:	db14      	blt.n	2000016a <mutex_enter_block_until+0x62>
20000140:	6823      	ldr	r3, [r4, #0]
20000142:	f3bf 8f5f 	dmb	sy
20000146:	2200      	movs	r2, #0
20000148:	601a      	str	r2, [r3, #0]
2000014a:	f38c 8810 	msr	PRIMASK, ip
2000014e:	0038      	movs	r0, r7
20000150:	4641      	mov	r1, r8
20000152:	f000 fd41 	bl	20000bd8 <__best_effort_wfe_or_timeout_veneer>
20000156:	2800      	cmp	r0, #0
20000158:	d0e5      	beq.n	20000126 <mutex_enter_block_until+0x1e>
2000015a:	2000      	movs	r0, #0
2000015c:	e00f      	b.n	2000017e <mutex_enter_block_until+0x76>
2000015e:	4b0a      	ldr	r3, [pc, #40]	; (20000188 <mutex_enter_block_until+0x80>)
20000160:	4a0a      	ldr	r2, [pc, #40]	; (2000018c <mutex_enter_block_until+0x84>)
20000162:	21a6      	movs	r1, #166	; 0xa6
20000164:	480a      	ldr	r0, [pc, #40]	; (20000190 <mutex_enter_block_until+0x88>)
20000166:	f000 fd17 	bl	20000b98 <____assert_func_veneer>
2000016a:	464b      	mov	r3, r9
2000016c:	7123      	strb	r3, [r4, #4]
2000016e:	6823      	ldr	r3, [r4, #0]
20000170:	f3bf 8f5f 	dmb	sy
20000174:	2200      	movs	r2, #0
20000176:	601a      	str	r2, [r3, #0]
20000178:	f38c 8810 	msr	PRIMASK, ip
2000017c:	2001      	movs	r0, #1
2000017e:	bcc0      	pop	{r6, r7}
20000180:	46b9      	mov	r9, r7
20000182:	46b0      	mov	r8, r6
20000184:	bdf8      	pop	{r3, r4, r5, r6, r7, pc}
20000186:	46c0      	nop			; (mov r8, r8)
20000188:	10007d58 	.word	0x10007d58
2000018c:	10007db0 	.word	0x10007db0
20000190:	10007d20 	.word	0x10007d20

20000194 <mutex_try_enter_block_until>:
20000194:	b570      	push	{r4, r5, r6, lr}
20000196:	b082      	sub	sp, #8
20000198:	0006      	movs	r6, r0
2000019a:	0015      	movs	r5, r2
2000019c:	001c      	movs	r4, r3
2000019e:	a901      	add	r1, sp, #4
200001a0:	f7ff ff8e 	bl	200000c0 <mutex_try_enter>
200001a4:	2800      	cmp	r0, #0
200001a6:	d107      	bne.n	200001b8 <mutex_try_enter_block_until+0x24>
200001a8:	9b01      	ldr	r3, [sp, #4]
200001aa:	b25b      	sxtb	r3, r3
200001ac:	22d0      	movs	r2, #208	; 0xd0
200001ae:	0612      	lsls	r2, r2, #24
200001b0:	7812      	ldrb	r2, [r2, #0]
200001b2:	b252      	sxtb	r2, r2
200001b4:	4293      	cmp	r3, r2
200001b6:	d101      	bne.n	200001bc <mutex_try_enter_block_until+0x28>
200001b8:	b002      	add	sp, #8
200001ba:	bd70      	pop	{r4, r5, r6, pc}
200001bc:	002a      	movs	r2, r5
200001be:	0023      	movs	r3, r4
200001c0:	0030      	movs	r0, r6
200001c2:	f7ff ffa1 	bl	20000108 <mutex_enter_block_until>
200001c6:	e7f7      	b.n	200001b8 <mutex_try_enter_block_until+0x24>

200001c8 <mutex_enter_timeout_ms>:
200001c8:	b5f8      	push	{r3, r4, r5, r6, r7, lr}
200001ca:	0006      	movs	r6, r0
200001cc:	000f      	movs	r7, r1
200001ce:	f000 fd2b 	bl	20000c28 <__time_us_64_veneer>
200001d2:	0004      	movs	r4, r0
200001d4:	000d      	movs	r5, r1
200001d6:	22fa      	movs	r2, #250	; 0xfa
200001d8:	0092      	lsls	r2, r2, #2
200001da:	2300      	movs	r3, #0
200001dc:	0038      	movs	r0, r7
200001de:	2100      	movs	r1, #0
200001e0:	f000 fcea 	bl	20000bb8 <____wrap___aeabi_lmul_veneer>
200001e4:	0022      	movs	r2, r4
200001e6:	002b      	movs	r3, r5
200001e8:	1812      	adds	r2, r2, r0
200001ea:	414b      	adcs	r3, r1
200001ec:	2b00      	cmp	r3, #0
200001ee:	db03      	blt.n	200001f8 <mutex_enter_timeout_ms+0x30>
200001f0:	0030      	movs	r0, r6
200001f2:	f7ff ff89 	bl	20000108 <mutex_enter_block_until>
200001f6:	bdf8      	pop	{r3, r4, r5, r6, r7, pc}
200001f8:	2201      	movs	r2, #1
200001fa:	4252      	negs	r2, r2
200001fc:	4b00      	ldr	r3, [pc, #0]	; (20000200 <mutex_enter_timeout_ms+0x38>)
200001fe:	e7f7      	b.n	200001f0 <mutex_enter_timeout_ms+0x28>
20000200:	7fffffff 	.word	0x7fffffff

20000204 <mutex_exit>:
20000204:	b510      	push	{r4, lr}
20000206:	6802      	ldr	r2, [r0, #0]
20000208:	f3ef 8110 	mrs	r1, PRIMASK
2000020c:	b672      	cpsid	i
2000020e:	6813      	ldr	r3, [r2, #0]
20000210:	2b00      	cmp	r3, #0
20000212:	d0fc      	beq.n	2000020e <mutex_exit+0xa>
20000214:	f3bf 8f5f 	dmb	sy
20000218:	2304      	movs	r3, #4
2000021a:	56c3      	ldrsb	r3, [r0, r3]
2000021c:	2b00      	cmp	r3, #0
2000021e:	db0a      	blt.n	20000236 <mutex_exit+0x32>
20000220:	23ff      	movs	r3, #255	; 0xff
20000222:	7103      	strb	r3, [r0, #4]
20000224:	6803      	ldr	r3, [r0, #0]
20000226:	f3bf 8f5f 	dmb	sy
2000022a:	2200      	movs	r2, #0
2000022c:	601a      	str	r2, [r3, #0]
2000022e:	f381 8810 	msr	PRIMASK, r1
20000232:	bf40      	sev
20000234:	bd10      	pop	{r4, pc}
20000236:	4b03      	ldr	r3, [pc, #12]	; (20000244 <mutex_exit+0x40>)
20000238:	4a03      	ldr	r2, [pc, #12]	; (20000248 <mutex_exit+0x44>)
2000023a:	21d5      	movs	r1, #213	; 0xd5
2000023c:	4803      	ldr	r0, [pc, #12]	; (2000024c <mutex_exit+0x48>)
2000023e:	f000 fcab 	bl	20000b98 <____assert_func_veneer>
20000242:	46c0      	nop			; (mov r8, r8)
20000244:	10007d6c 	.word	0x10007d6c
20000248:	10007da4 	.word	0x10007da4
2000024c:	10007d20 	.word	0x10007d20

20000250 <flash_init_boot2_copyout>:
20000250:	4b09      	ldr	r3, [pc, #36]	; (20000278 <flash_init_boot2_copyout+0x28>)
20000252:	781b      	ldrb	r3, [r3, #0]
20000254:	2b00      	cmp	r3, #0
20000256:	d008      	beq.n	2000026a <flash_init_boot2_copyout+0x1a>
20000258:	e00c      	b.n	20000274 <flash_init_boot2_copyout+0x24>
2000025a:	009a      	lsls	r2, r3, #2
2000025c:	2180      	movs	r1, #128	; 0x80
2000025e:	0549      	lsls	r1, r1, #21
20000260:	1851      	adds	r1, r2, r1
20000262:	6808      	ldr	r0, [r1, #0]
20000264:	4905      	ldr	r1, [pc, #20]	; (2000027c <flash_init_boot2_copyout+0x2c>)
20000266:	5050      	str	r0, [r2, r1]
20000268:	3301      	adds	r3, #1
2000026a:	2b3f      	cmp	r3, #63	; 0x3f
2000026c:	ddf5      	ble.n	2000025a <flash_init_boot2_copyout+0xa>
2000026e:	4b02      	ldr	r3, [pc, #8]	; (20000278 <flash_init_boot2_copyout+0x28>)
20000270:	2201      	movs	r2, #1
20000272:	701a      	strb	r2, [r3, #0]
20000274:	4770      	bx	lr
20000276:	46c0      	nop			; (mov r8, r8)
20000278:	20002674 	.word	0x20002674
2000027c:	20001e28 	.word	0x20001e28

20000280 <flash_enable_xip_via_boot2>:
20000280:	b510      	push	{r4, lr}
20000282:	4b02      	ldr	r3, [pc, #8]	; (2000028c <flash_enable_xip_via_boot2+0xc>)
20000284:	3301      	adds	r3, #1
20000286:	4798      	blx	r3
20000288:	bd10      	pop	{r4, pc}
2000028a:	46c0      	nop			; (mov r8, r8)
2000028c:	20001e28 	.word	0x20001e28

20000290 <flash_cs_force>:
20000290:	2800      	cmp	r0, #0
20000292:	d00a      	beq.n	200002aa <flash_cs_force+0x1a>
20000294:	2303      	movs	r3, #3
20000296:	021b      	lsls	r3, r3, #8
20000298:	4a05      	ldr	r2, [pc, #20]	; (200002b0 <flash_cs_force+0x20>)
2000029a:	6812      	ldr	r2, [r2, #0]
2000029c:	4053      	eors	r3, r2
2000029e:	22c0      	movs	r2, #192	; 0xc0
200002a0:	0092      	lsls	r2, r2, #2
200002a2:	4013      	ands	r3, r2
200002a4:	4a03      	ldr	r2, [pc, #12]	; (200002b4 <flash_cs_force+0x24>)
200002a6:	6013      	str	r3, [r2, #0]
200002a8:	4770      	bx	lr
200002aa:	2302      	movs	r3, #2
200002ac:	e7f3      	b.n	20000296 <flash_cs_force+0x6>
200002ae:	46c0      	nop			; (mov r8, r8)
200002b0:	4001800c 	.word	0x4001800c
200002b4:	4001900c 	.word	0x4001900c

200002b8 <flash_do_cmd>:
200002b8:	b5f0      	push	{r4, r5, r6, r7, lr}
200002ba:	46d6      	mov	lr, sl
200002bc:	464f      	mov	r7, r9
200002be:	4646      	mov	r6, r8
200002c0:	b5c0      	push	{r6, r7, lr}
200002c2:	0007      	movs	r7, r0
200002c4:	000e      	movs	r6, r1
200002c6:	0015      	movs	r5, r2
200002c8:	2318      	movs	r3, #24
200002ca:	469a      	mov	sl, r3
200002cc:	881b      	ldrh	r3, [r3, #0]
200002ce:	2214      	movs	r2, #20
200002d0:	4690      	mov	r8, r2
200002d2:	8810      	ldrh	r0, [r2, #0]
200002d4:	4928      	ldr	r1, [pc, #160]	; (20000378 <flash_do_cmd+0xc0>)
200002d6:	4798      	blx	r3
200002d8:	4681      	mov	r9, r0
200002da:	4653      	mov	r3, sl
200002dc:	881b      	ldrh	r3, [r3, #0]
200002de:	4642      	mov	r2, r8
200002e0:	8810      	ldrh	r0, [r2, #0]
200002e2:	4926      	ldr	r1, [pc, #152]	; (2000037c <flash_do_cmd+0xc4>)
200002e4:	4798      	blx	r3
200002e6:	0004      	movs	r4, r0
200002e8:	4653      	mov	r3, sl
200002ea:	881b      	ldrh	r3, [r3, #0]
200002ec:	4642      	mov	r2, r8
200002ee:	8810      	ldrh	r0, [r2, #0]
200002f0:	4923      	ldr	r1, [pc, #140]	; (20000380 <flash_do_cmd+0xc8>)
200002f2:	4798      	blx	r3
200002f4:	4680      	mov	r8, r0
200002f6:	464b      	mov	r3, r9
200002f8:	2b00      	cmp	r3, #0
200002fa:	d00c      	beq.n	20000316 <flash_do_cmd+0x5e>
200002fc:	2c00      	cmp	r4, #0
200002fe:	d00a      	beq.n	20000316 <flash_do_cmd+0x5e>
20000300:	2800      	cmp	r0, #0
20000302:	d008      	beq.n	20000316 <flash_do_cmd+0x5e>
20000304:	f7ff ffa4 	bl	20000250 <flash_init_boot2_copyout>
20000308:	47c8      	blx	r9
2000030a:	47a0      	blx	r4
2000030c:	2000      	movs	r0, #0
2000030e:	f7ff ffbf 	bl	20000290 <flash_cs_force>
20000312:	002a      	movs	r2, r5
20000314:	e00f      	b.n	20000336 <flash_do_cmd+0x7e>
20000316:	4b1b      	ldr	r3, [pc, #108]	; (20000384 <flash_do_cmd+0xcc>)
20000318:	4a1b      	ldr	r2, [pc, #108]	; (20000388 <flash_do_cmd+0xd0>)
2000031a:	21d1      	movs	r1, #209	; 0xd1
2000031c:	481b      	ldr	r0, [pc, #108]	; (2000038c <flash_do_cmd+0xd4>)
2000031e:	f000 fc3b 	bl	20000b98 <____assert_func_veneer>
20000322:	2b00      	cmp	r3, #0
20000324:	d007      	beq.n	20000336 <flash_do_cmd+0x7e>
20000326:	2a00      	cmp	r2, #0
20000328:	d005      	beq.n	20000336 <flash_do_cmd+0x7e>
2000032a:	23c0      	movs	r3, #192	; 0xc0
2000032c:	055b      	lsls	r3, r3, #21
2000032e:	6e1b      	ldr	r3, [r3, #96]	; 0x60
20000330:	7033      	strb	r3, [r6, #0]
20000332:	3a01      	subs	r2, #1
20000334:	3601      	adds	r6, #1
20000336:	002b      	movs	r3, r5
20000338:	4313      	orrs	r3, r2
2000033a:	d012      	beq.n	20000362 <flash_do_cmd+0xaa>
2000033c:	23c0      	movs	r3, #192	; 0xc0
2000033e:	055b      	lsls	r3, r3, #21
20000340:	6a9c      	ldr	r4, [r3, #40]	; 0x28
20000342:	2308      	movs	r3, #8
20000344:	4023      	ands	r3, r4
20000346:	07a1      	lsls	r1, r4, #30
20000348:	d5eb      	bpl.n	20000322 <flash_do_cmd+0x6a>
2000034a:	2d00      	cmp	r5, #0
2000034c:	d0e9      	beq.n	20000322 <flash_do_cmd+0x6a>
2000034e:	1b51      	subs	r1, r2, r5
20000350:	290d      	cmp	r1, #13
20000352:	d8e6      	bhi.n	20000322 <flash_do_cmd+0x6a>
20000354:	7838      	ldrb	r0, [r7, #0]
20000356:	21c0      	movs	r1, #192	; 0xc0
20000358:	0549      	lsls	r1, r1, #21
2000035a:	6608      	str	r0, [r1, #96]	; 0x60
2000035c:	3d01      	subs	r5, #1
2000035e:	3701      	adds	r7, #1
20000360:	e7df      	b.n	20000322 <flash_do_cmd+0x6a>
20000362:	2001      	movs	r0, #1
20000364:	f7ff ff94 	bl	20000290 <flash_cs_force>
20000368:	47c0      	blx	r8
2000036a:	f7ff ff89 	bl	20000280 <flash_enable_xip_via_boot2>
2000036e:	bce0      	pop	{r5, r6, r7}
20000370:	46ba      	mov	sl, r7
20000372:	46b1      	mov	r9, r6
20000374:	46a8      	mov	r8, r5
20000376:	bdf0      	pop	{r4, r5, r6, r7, pc}
20000378:	00004649 	.word	0x00004649
2000037c:	00005845 	.word	0x00005845
20000380:	00004346 	.word	0x00004346
20000384:	1000880c 	.word	0x1000880c
20000388:	1000885c 	.word	0x1000885c
2000038c:	10008700 	.word	0x10008700

20000390 <reset_non_control_endpoints>:
20000390:	b510      	push	{r4, lr}
20000392:	2300      	movs	r3, #0
20000394:	e008      	b.n	200003a8 <reset_non_control_endpoints+0x18>
20000396:	3301      	adds	r3, #1
20000398:	00da      	lsls	r2, r3, #3
2000039a:	2100      	movs	r1, #0
2000039c:	4808      	ldr	r0, [pc, #32]	; (200003c0 <reset_non_control_endpoints+0x30>)
2000039e:	5011      	str	r1, [r2, r0]
200003a0:	4684      	mov	ip, r0
200003a2:	4462      	add	r2, ip
200003a4:	6051      	str	r1, [r2, #4]
200003a6:	b2db      	uxtb	r3, r3
200003a8:	2b0e      	cmp	r3, #14
200003aa:	d9f4      	bls.n	20000396 <reset_non_control_endpoints+0x6>
200003ac:	22f0      	movs	r2, #240	; 0xf0
200003ae:	0092      	lsls	r2, r2, #2
200003b0:	2100      	movs	r1, #0
200003b2:	4804      	ldr	r0, [pc, #16]	; (200003c4 <reset_non_control_endpoints+0x34>)
200003b4:	f000 fbe8 	bl	20000b88 <____wrap_memset_veneer>
200003b8:	4b03      	ldr	r3, [pc, #12]	; (200003c8 <reset_non_control_endpoints+0x38>)
200003ba:	4a04      	ldr	r2, [pc, #16]	; (200003cc <reset_non_control_endpoints+0x3c>)
200003bc:	601a      	str	r2, [r3, #0]
200003be:	bd10      	pop	{r4, pc}
200003c0:	50100000 	.word	0x50100000
200003c4:	20001ff8 	.word	0x20001ff8
200003c8:	200023c4 	.word	0x200023c4
200003cc:	50100180 	.word	0x50100180

200003d0 <hw_handle_buff_status>:
200003d0:	b5f0      	push	{r4, r5, r6, r7, lr}
200003d2:	46ce      	mov	lr, r9
200003d4:	4647      	mov	r7, r8
200003d6:	b580      	push	{r7, lr}
200003d8:	b085      	sub	sp, #20
200003da:	4b23      	ldr	r3, [pc, #140]	; (20000468 <hw_handle_buff_status+0x98>)
200003dc:	6d9f      	ldr	r7, [r3, #88]	; 0x58
200003de:	2400      	movs	r4, #0
200003e0:	2601      	movs	r6, #1
200003e2:	e003      	b.n	200003ec <hw_handle_buff_status+0x1c>
200003e4:	43b7      	bics	r7, r6
200003e6:	0076      	lsls	r6, r6, #1
200003e8:	3401      	adds	r4, #1
200003ea:	b2e4      	uxtb	r4, r4
200003ec:	2f00      	cmp	r7, #0
200003ee:	d036      	beq.n	2000045e <hw_handle_buff_status+0x8e>
200003f0:	2c1f      	cmp	r4, #31
200003f2:	d834      	bhi.n	2000045e <hw_handle_buff_status+0x8e>
200003f4:	423e      	tst	r6, r7
200003f6:	d0f6      	beq.n	200003e6 <hw_handle_buff_status+0x16>
200003f8:	4b1c      	ldr	r3, [pc, #112]	; (2000046c <hw_handle_buff_status+0x9c>)
200003fa:	659e      	str	r6, [r3, #88]	; 0x58
200003fc:	0863      	lsrs	r3, r4, #1
200003fe:	4699      	mov	r9, r3
20000400:	2301      	movs	r3, #1
20000402:	4063      	eors	r3, r4
20000404:	2201      	movs	r2, #1
20000406:	401a      	ands	r2, r3
20000408:	4690      	mov	r8, r2
2000040a:	464b      	mov	r3, r9
2000040c:	005d      	lsls	r5, r3, #1
2000040e:	4445      	add	r5, r8
20000410:	016d      	lsls	r5, r5, #5
20000412:	4b17      	ldr	r3, [pc, #92]	; (20000470 <hw_handle_buff_status+0xa0>)
20000414:	18ed      	adds	r5, r5, r3
20000416:	0028      	movs	r0, r5
20000418:	f000 fa6a 	bl	200008f0 <hw_endpoint_xfer_continue>
2000041c:	2800      	cmp	r0, #0
2000041e:	d0e1      	beq.n	200003e4 <hw_handle_buff_status+0x14>
20000420:	464b      	mov	r3, r9
20000422:	005b      	lsls	r3, r3, #1
20000424:	4443      	add	r3, r8
20000426:	015b      	lsls	r3, r3, #5
20000428:	4a11      	ldr	r2, [pc, #68]	; (20000470 <hw_handle_buff_status+0xa0>)
2000042a:	18d3      	adds	r3, r2, r3
2000042c:	789a      	ldrb	r2, [r3, #2]
2000042e:	4691      	mov	r9, r2
20000430:	8adb      	ldrh	r3, [r3, #22]
20000432:	4698      	mov	r8, r3
20000434:	220c      	movs	r2, #12
20000436:	2100      	movs	r1, #0
20000438:	a801      	add	r0, sp, #4
2000043a:	f000 fba5 	bl	20000b88 <____wrap_memset_veneer>
2000043e:	2307      	movs	r3, #7
20000440:	466a      	mov	r2, sp
20000442:	7153      	strb	r3, [r2, #5]
20000444:	466b      	mov	r3, sp
20000446:	464a      	mov	r2, r9
20000448:	721a      	strb	r2, [r3, #8]
2000044a:	4643      	mov	r3, r8
2000044c:	9303      	str	r3, [sp, #12]
2000044e:	2101      	movs	r1, #1
20000450:	a801      	add	r0, sp, #4
20000452:	f000 fa6d 	bl	20000930 <dcd_event_handler>
20000456:	0028      	movs	r0, r5
20000458:	f000 f9da 	bl	20000810 <hw_endpoint_reset_transfer>
2000045c:	e7c2      	b.n	200003e4 <hw_handle_buff_status+0x14>
2000045e:	b005      	add	sp, #20
20000460:	bcc0      	pop	{r6, r7}
20000462:	46b9      	mov	r9, r7
20000464:	46b0      	mov	r8, r6
20000466:	bdf0      	pop	{r4, r5, r6, r7, pc}
20000468:	50110000 	.word	0x50110000
2000046c:	50113000 	.word	0x50113000
20000470:	20001fb8 	.word	0x20001fb8

20000474 <dcd_rp2040_irq>:
20000474:	b5f0      	push	{r4, r5, r6, r7, lr}
20000476:	46ce      	mov	lr, r9
20000478:	4647      	mov	r7, r8
2000047a:	b580      	push	{r7, lr}
2000047c:	b085      	sub	sp, #20
2000047e:	4a7f      	ldr	r2, [pc, #508]	; (2000067c <dcd_rp2040_irq+0x208>)
20000480:	2398      	movs	r3, #152	; 0x98
20000482:	58d5      	ldr	r5, [r2, r3]
20000484:	2380      	movs	r3, #128	; 0x80
20000486:	029b      	lsls	r3, r3, #10
20000488:	002f      	movs	r7, r5
2000048a:	401f      	ands	r7, r3
2000048c:	421d      	tst	r5, r3
2000048e:	d048      	beq.n	20000522 <dcd_rp2040_irq+0xae>
20000490:	4b7b      	ldr	r3, [pc, #492]	; (20000680 <dcd_rp2040_irq+0x20c>)
20000492:	6a9a      	ldr	r2, [r3, #40]	; 0x28
20000494:	4b7b      	ldr	r3, [pc, #492]	; (20000684 <dcd_rp2040_irq+0x210>)
20000496:	601a      	str	r2, [r3, #0]
20000498:	2400      	movs	r4, #0
2000049a:	2600      	movs	r6, #0
2000049c:	e009      	b.n	200004b2 <dcd_rp2040_irq+0x3e>
2000049e:	4b7a      	ldr	r3, [pc, #488]	; (20000688 <dcd_rp2040_irq+0x214>)
200004a0:	1899      	adds	r1, r3, r2
200004a2:	313c      	adds	r1, #60	; 0x3c
200004a4:	2300      	movs	r3, #0
200004a6:	700b      	strb	r3, [r1, #0]
200004a8:	f000 f9de 	bl	20000868 <hw_endpoint_start_next_buffer>
200004ac:	003e      	movs	r6, r7
200004ae:	3401      	adds	r4, #1
200004b0:	b2e4      	uxtb	r4, r4
200004b2:	2c0f      	cmp	r4, #15
200004b4:	d817      	bhi.n	200004e6 <dcd_rp2040_irq+0x72>
200004b6:	01a2      	lsls	r2, r4, #6
200004b8:	0010      	movs	r0, r2
200004ba:	3020      	adds	r0, #32
200004bc:	4b72      	ldr	r3, [pc, #456]	; (20000688 <dcd_rp2040_irq+0x214>)
200004be:	18c0      	adds	r0, r0, r3
200004c0:	189b      	adds	r3, r3, r2
200004c2:	333b      	adds	r3, #59	; 0x3b
200004c4:	781b      	ldrb	r3, [r3, #0]
200004c6:	2b02      	cmp	r3, #2
200004c8:	d1f1      	bne.n	200004ae <dcd_rp2040_irq+0x3a>
200004ca:	4b6f      	ldr	r3, [pc, #444]	; (20000688 <dcd_rp2040_irq+0x214>)
200004cc:	189b      	adds	r3, r3, r2
200004ce:	333a      	adds	r3, #58	; 0x3a
200004d0:	781f      	ldrb	r7, [r3, #0]
200004d2:	2f00      	cmp	r7, #0
200004d4:	d0eb      	beq.n	200004ae <dcd_rp2040_irq+0x3a>
200004d6:	4b6c      	ldr	r3, [pc, #432]	; (20000688 <dcd_rp2040_irq+0x214>)
200004d8:	189b      	adds	r3, r3, r2
200004da:	333c      	adds	r3, #60	; 0x3c
200004dc:	781b      	ldrb	r3, [r3, #0]
200004de:	2b00      	cmp	r3, #0
200004e0:	d1dd      	bne.n	2000049e <dcd_rp2040_irq+0x2a>
200004e2:	003e      	movs	r6, r7
200004e4:	e7e3      	b.n	200004ae <dcd_rp2040_irq+0x3a>
200004e6:	2e00      	cmp	r6, #0
200004e8:	d108      	bne.n	200004fc <dcd_rp2040_irq+0x88>
200004ea:	4b68      	ldr	r3, [pc, #416]	; (2000068c <dcd_rp2040_irq+0x218>)
200004ec:	781b      	ldrb	r3, [r3, #0]
200004ee:	2b00      	cmp	r3, #0
200004f0:	d104      	bne.n	200004fc <dcd_rp2040_irq+0x88>
200004f2:	4a67      	ldr	r2, [pc, #412]	; (20000690 <dcd_rp2040_irq+0x21c>)
200004f4:	3390      	adds	r3, #144	; 0x90
200004f6:	2180      	movs	r1, #128	; 0x80
200004f8:	0289      	lsls	r1, r1, #10
200004fa:	50d1      	str	r1, [r2, r3]
200004fc:	4b5f      	ldr	r3, [pc, #380]	; (2000067c <dcd_rp2040_irq+0x208>)
200004fe:	6c9c      	ldr	r4, [r3, #72]	; 0x48
20000500:	0564      	lsls	r4, r4, #21
20000502:	0d64      	lsrs	r4, r4, #21
20000504:	ae01      	add	r6, sp, #4
20000506:	220c      	movs	r2, #12
20000508:	2100      	movs	r1, #0
2000050a:	0030      	movs	r0, r6
2000050c:	f000 fb3c 	bl	20000b88 <____wrap_memset_veneer>
20000510:	2303      	movs	r3, #3
20000512:	7073      	strb	r3, [r6, #1]
20000514:	9402      	str	r4, [sp, #8]
20000516:	2101      	movs	r1, #1
20000518:	0030      	movs	r0, r6
2000051a:	f000 fa09 	bl	20000930 <dcd_event_handler>
2000051e:	2780      	movs	r7, #128	; 0x80
20000520:	02bf      	lsls	r7, r7, #10
20000522:	06eb      	lsls	r3, r5, #27
20000524:	d406      	bmi.n	20000534 <dcd_rp2040_irq+0xc0>
20000526:	03eb      	lsls	r3, r5, #15
20000528:	d555      	bpl.n	200005d6 <dcd_rp2040_irq+0x162>
2000052a:	2380      	movs	r3, #128	; 0x80
2000052c:	025b      	lsls	r3, r3, #9
2000052e:	431f      	orrs	r7, r3
20000530:	2400      	movs	r4, #0
20000532:	e019      	b.n	20000568 <dcd_rp2040_irq+0xf4>
20000534:	2310      	movs	r3, #16
20000536:	431f      	orrs	r7, r3
20000538:	f7ff ff4a 	bl	200003d0 <hw_handle_buff_status>
2000053c:	e7f3      	b.n	20000526 <dcd_rp2040_irq+0xb2>
2000053e:	2302      	movs	r3, #2
20000540:	4698      	mov	r8, r3
20000542:	e01e      	b.n	20000582 <dcd_rp2040_irq+0x10e>
20000544:	4b53      	ldr	r3, [pc, #332]	; (20000694 <dcd_rp2040_irq+0x220>)
20000546:	4642      	mov	r2, r8
20000548:	661a      	str	r2, [r3, #96]	; 0x60
2000054a:	4b4c      	ldr	r3, [pc, #304]	; (2000067c <dcd_rp2040_irq+0x208>)
2000054c:	6e5b      	ldr	r3, [r3, #100]	; 0x64
2000054e:	4642      	mov	r2, r8
20000550:	4013      	ands	r3, r2
20000552:	4598      	cmp	r8, r3
20000554:	d1f9      	bne.n	2000054a <dcd_rp2040_irq+0xd6>
20000556:	e018      	b.n	2000058a <dcd_rp2040_irq+0x116>
20000558:	464b      	mov	r3, r9
2000055a:	015a      	lsls	r2, r3, #5
2000055c:	4b4a      	ldr	r3, [pc, #296]	; (20000688 <dcd_rp2040_irq+0x214>)
2000055e:	189b      	adds	r3, r3, r2
20000560:	2201      	movs	r2, #1
20000562:	70da      	strb	r2, [r3, #3]
20000564:	3401      	adds	r4, #1
20000566:	b2e4      	uxtb	r4, r4
20000568:	2c01      	cmp	r4, #1
2000056a:	d820      	bhi.n	200005ae <dcd_rp2040_irq+0x13a>
2000056c:	46a1      	mov	r9, r4
2000056e:	0163      	lsls	r3, r4, #5
20000570:	4e45      	ldr	r6, [pc, #276]	; (20000688 <dcd_rp2040_irq+0x214>)
20000572:	199e      	adds	r6, r3, r6
20000574:	7eb3      	ldrb	r3, [r6, #26]
20000576:	2b00      	cmp	r3, #0
20000578:	d0ee      	beq.n	20000558 <dcd_rp2040_irq+0xe4>
2000057a:	2c00      	cmp	r4, #0
2000057c:	d0df      	beq.n	2000053e <dcd_rp2040_irq+0xca>
2000057e:	2301      	movs	r3, #1
20000580:	4698      	mov	r8, r3
20000582:	f000 fb11 	bl	20000ba8 <__rp2040_chip_version_veneer>
20000586:	2801      	cmp	r0, #1
20000588:	d8dc      	bhi.n	20000544 <dcd_rp2040_irq+0xd0>
2000058a:	22c0      	movs	r2, #192	; 0xc0
2000058c:	0192      	lsls	r2, r2, #6
2000058e:	2100      	movs	r1, #0
20000590:	0030      	movs	r0, r6
20000592:	f000 f943 	bl	2000081c <_hw_endpoint_buffer_control_update32>
20000596:	0030      	movs	r0, r6
20000598:	f000 f93a 	bl	20000810 <hw_endpoint_reset_transfer>
2000059c:	f000 fb04 	bl	20000ba8 <__rp2040_chip_version_veneer>
200005a0:	2801      	cmp	r0, #1
200005a2:	d9d9      	bls.n	20000558 <dcd_rp2040_irq+0xe4>
200005a4:	4b3a      	ldr	r3, [pc, #232]	; (20000690 <dcd_rp2040_irq+0x21c>)
200005a6:	4642      	mov	r2, r8
200005a8:	665a      	str	r2, [r3, #100]	; 0x64
200005aa:	661a      	str	r2, [r3, #96]	; 0x60
200005ac:	e7d4      	b.n	20000558 <dcd_rp2040_irq+0xe4>
200005ae:	ac01      	add	r4, sp, #4
200005b0:	220c      	movs	r2, #12
200005b2:	2100      	movs	r1, #0
200005b4:	0020      	movs	r0, r4
200005b6:	f000 fae7 	bl	20000b88 <____wrap_memset_veneer>
200005ba:	2306      	movs	r3, #6
200005bc:	7063      	strb	r3, [r4, #1]
200005be:	4a36      	ldr	r2, [pc, #216]	; (20000698 <dcd_rp2040_irq+0x224>)
200005c0:	ab02      	add	r3, sp, #8
200005c2:	ca03      	ldmia	r2!, {r0, r1}
200005c4:	c303      	stmia	r3!, {r0, r1}
200005c6:	2101      	movs	r1, #1
200005c8:	0020      	movs	r0, r4
200005ca:	f000 f9b1 	bl	20000930 <dcd_event_handler>
200005ce:	4b30      	ldr	r3, [pc, #192]	; (20000690 <dcd_rp2040_irq+0x21c>)
200005d0:	2280      	movs	r2, #128	; 0x80
200005d2:	0292      	lsls	r2, r2, #10
200005d4:	651a      	str	r2, [r3, #80]	; 0x50
200005d6:	04eb      	lsls	r3, r5, #19
200005d8:	d40a      	bmi.n	200005f0 <dcd_rp2040_irq+0x17c>
200005da:	046b      	lsls	r3, r5, #17
200005dc:	d421      	bmi.n	20000622 <dcd_rp2040_irq+0x1ae>
200005de:	042b      	lsls	r3, r5, #16
200005e0:	d432      	bmi.n	20000648 <dcd_rp2040_irq+0x1d4>
200005e2:	42af      	cmp	r7, r5
200005e4:	d144      	bne.n	20000670 <dcd_rp2040_irq+0x1fc>
200005e6:	b005      	add	sp, #20
200005e8:	bcc0      	pop	{r6, r7}
200005ea:	46b9      	mov	r9, r7
200005ec:	46b0      	mov	r8, r6
200005ee:	bdf0      	pop	{r4, r5, r6, r7, pc}
200005f0:	2380      	movs	r3, #128	; 0x80
200005f2:	015b      	lsls	r3, r3, #5
200005f4:	431f      	orrs	r7, r3
200005f6:	4b21      	ldr	r3, [pc, #132]	; (2000067c <dcd_rp2040_irq+0x208>)
200005f8:	2200      	movs	r2, #0
200005fa:	601a      	str	r2, [r3, #0]
200005fc:	f7ff fec8 	bl	20000390 <reset_non_control_endpoints>
20000600:	ac01      	add	r4, sp, #4
20000602:	220c      	movs	r2, #12
20000604:	2100      	movs	r1, #0
20000606:	0020      	movs	r0, r4
20000608:	f000 fabe 	bl	20000b88 <____wrap_memset_veneer>
2000060c:	2301      	movs	r3, #1
2000060e:	7063      	strb	r3, [r4, #1]
20000610:	2101      	movs	r1, #1
20000612:	0020      	movs	r0, r4
20000614:	f000 f98c 	bl	20000930 <dcd_event_handler>
20000618:	4b1d      	ldr	r3, [pc, #116]	; (20000690 <dcd_rp2040_irq+0x21c>)
2000061a:	2280      	movs	r2, #128	; 0x80
2000061c:	0312      	lsls	r2, r2, #12
2000061e:	651a      	str	r2, [r3, #80]	; 0x50
20000620:	e7db      	b.n	200005da <dcd_rp2040_irq+0x166>
20000622:	2380      	movs	r3, #128	; 0x80
20000624:	01db      	lsls	r3, r3, #7
20000626:	431f      	orrs	r7, r3
20000628:	ac01      	add	r4, sp, #4
2000062a:	220c      	movs	r2, #12
2000062c:	2100      	movs	r1, #0
2000062e:	0020      	movs	r0, r4
20000630:	f000 faaa 	bl	20000b88 <____wrap_memset_veneer>
20000634:	2304      	movs	r3, #4
20000636:	7063      	strb	r3, [r4, #1]
20000638:	2101      	movs	r1, #1
2000063a:	0020      	movs	r0, r4
2000063c:	f000 f978 	bl	20000930 <dcd_event_handler>
20000640:	4b13      	ldr	r3, [pc, #76]	; (20000690 <dcd_rp2040_irq+0x21c>)
20000642:	2210      	movs	r2, #16
20000644:	651a      	str	r2, [r3, #80]	; 0x50
20000646:	e7ca      	b.n	200005de <dcd_rp2040_irq+0x16a>
20000648:	2380      	movs	r3, #128	; 0x80
2000064a:	021b      	lsls	r3, r3, #8
2000064c:	431f      	orrs	r7, r3
2000064e:	ac01      	add	r4, sp, #4
20000650:	220c      	movs	r2, #12
20000652:	2100      	movs	r1, #0
20000654:	0020      	movs	r0, r4
20000656:	f000 fa97 	bl	20000b88 <____wrap_memset_veneer>
2000065a:	2305      	movs	r3, #5
2000065c:	7063      	strb	r3, [r4, #1]
2000065e:	2101      	movs	r1, #1
20000660:	0020      	movs	r0, r4
20000662:	f000 f965 	bl	20000930 <dcd_event_handler>
20000666:	4b0a      	ldr	r3, [pc, #40]	; (20000690 <dcd_rp2040_irq+0x21c>)
20000668:	2280      	movs	r2, #128	; 0x80
2000066a:	0112      	lsls	r2, r2, #4
2000066c:	651a      	str	r2, [r3, #80]	; 0x50
2000066e:	e7b8      	b.n	200005e2 <dcd_rp2040_irq+0x16e>
20000670:	0039      	movs	r1, r7
20000672:	4069      	eors	r1, r5
20000674:	4809      	ldr	r0, [pc, #36]	; (2000069c <dcd_rp2040_irq+0x228>)
20000676:	f000 fab7 	bl	20000be8 <__panic_veneer>
2000067a:	46c0      	nop			; (mov r8, r8)
2000067c:	50110000 	.word	0x50110000
20000680:	40054000 	.word	0x40054000
20000684:	20001fa8 	.word	0x20001fa8
20000688:	20001fb8 	.word	0x20001fb8
2000068c:	20002672 	.word	0x20002672
20000690:	50113000 	.word	0x50113000
20000694:	50112000 	.word	0x50112000
20000698:	50100000 	.word	0x50100000
2000069c:	1000891c 	.word	0x1000891c

200006a0 <prepare_ep_buffer>:
200006a0:	b5f8      	push	{r3, r4, r5, r6, r7, lr}
200006a2:	0004      	movs	r4, r0
200006a4:	000f      	movs	r7, r1
200006a6:	8a83      	ldrh	r3, [r0, #20]
200006a8:	8b02      	ldrh	r2, [r0, #24]
200006aa:	1c1e      	adds	r6, r3, #0
200006ac:	4293      	cmp	r3, r2
200006ae:	d900      	bls.n	200006b2 <prepare_ep_buffer+0x12>
200006b0:	1c16      	adds	r6, r2, #0
200006b2:	b2b6      	uxth	r6, r6
200006b4:	1b9b      	subs	r3, r3, r6
200006b6:	82a3      	strh	r3, [r4, #20]
200006b8:	2580      	movs	r5, #128	; 0x80
200006ba:	00ed      	lsls	r5, r5, #3
200006bc:	4335      	orrs	r5, r6
200006be:	78e3      	ldrb	r3, [r4, #3]
200006c0:	2b00      	cmp	r3, #0
200006c2:	d013      	beq.n	200006ec <prepare_ep_buffer+0x4c>
200006c4:	2280      	movs	r2, #128	; 0x80
200006c6:	0192      	lsls	r2, r2, #6
200006c8:	4315      	orrs	r5, r2
200006ca:	2201      	movs	r2, #1
200006cc:	4053      	eors	r3, r2
200006ce:	70e3      	strb	r3, [r4, #3]
200006d0:	7863      	ldrb	r3, [r4, #1]
200006d2:	2b00      	cmp	r3, #0
200006d4:	d00c      	beq.n	200006f0 <prepare_ep_buffer+0x50>
200006d6:	8aa3      	ldrh	r3, [r4, #20]
200006d8:	2b00      	cmp	r3, #0
200006da:	d102      	bne.n	200006e2 <prepare_ep_buffer+0x42>
200006dc:	2380      	movs	r3, #128	; 0x80
200006de:	01db      	lsls	r3, r3, #7
200006e0:	431d      	orrs	r5, r3
200006e2:	2f00      	cmp	r7, #0
200006e4:	d000      	beq.n	200006e8 <prepare_ep_buffer+0x48>
200006e6:	042d      	lsls	r5, r5, #16
200006e8:	0028      	movs	r0, r5
200006ea:	bdf8      	pop	{r3, r4, r5, r6, r7, pc}
200006ec:	2200      	movs	r2, #0
200006ee:	e7eb      	b.n	200006c8 <prepare_ep_buffer+0x28>
200006f0:	01b8      	lsls	r0, r7, #6
200006f2:	68e3      	ldr	r3, [r4, #12]
200006f4:	469c      	mov	ip, r3
200006f6:	4460      	add	r0, ip
200006f8:	0032      	movs	r2, r6
200006fa:	6921      	ldr	r1, [r4, #16]
200006fc:	f000 fa8c 	bl	20000c18 <__unaligned_memcpy_veneer>
20000700:	6923      	ldr	r3, [r4, #16]
20000702:	469c      	mov	ip, r3
20000704:	4466      	add	r6, ip
20000706:	6126      	str	r6, [r4, #16]
20000708:	2380      	movs	r3, #128	; 0x80
2000070a:	021b      	lsls	r3, r3, #8
2000070c:	431d      	orrs	r5, r3
2000070e:	e7e2      	b.n	200006d6 <prepare_ep_buffer+0x36>

20000710 <e15_is_bulkin_ep>:
20000710:	4b09      	ldr	r3, [pc, #36]	; (20000738 <e15_is_bulkin_ep+0x28>)
20000712:	6c1b      	ldr	r3, [r3, #64]	; 0x40
20000714:	079b      	lsls	r3, r3, #30
20000716:	d40c      	bmi.n	20000732 <e15_is_bulkin_ep+0x22>
20000718:	7883      	ldrb	r3, [r0, #2]
2000071a:	09db      	lsrs	r3, r3, #7
2000071c:	2b01      	cmp	r3, #1
2000071e:	d001      	beq.n	20000724 <e15_is_bulkin_ep+0x14>
20000720:	2000      	movs	r0, #0
20000722:	e007      	b.n	20000734 <e15_is_bulkin_ep+0x24>
20000724:	7ec3      	ldrb	r3, [r0, #27]
20000726:	2b02      	cmp	r3, #2
20000728:	d001      	beq.n	2000072e <e15_is_bulkin_ep+0x1e>
2000072a:	2000      	movs	r0, #0
2000072c:	e002      	b.n	20000734 <e15_is_bulkin_ep+0x24>
2000072e:	2001      	movs	r0, #1
20000730:	e000      	b.n	20000734 <e15_is_bulkin_ep+0x24>
20000732:	2000      	movs	r0, #0
20000734:	4770      	bx	lr
20000736:	46c0      	nop			; (mov r8, r8)
20000738:	50110000 	.word	0x50110000

2000073c <e15_is_critical_frame_period>:
2000073c:	b510      	push	{r4, lr}
2000073e:	f7ff ffe7 	bl	20000710 <e15_is_bulkin_ep>
20000742:	2800      	cmp	r0, #0
20000744:	d009      	beq.n	2000075a <e15_is_critical_frame_period+0x1e>
20000746:	4b06      	ldr	r3, [pc, #24]	; (20000760 <e15_is_critical_frame_period+0x24>)
20000748:	6a9b      	ldr	r3, [r3, #40]	; 0x28
2000074a:	4a06      	ldr	r2, [pc, #24]	; (20000764 <e15_is_critical_frame_period+0x28>)
2000074c:	6812      	ldr	r2, [r2, #0]
2000074e:	1a9b      	subs	r3, r3, r2
20000750:	4a05      	ldr	r2, [pc, #20]	; (20000768 <e15_is_critical_frame_period+0x2c>)
20000752:	4694      	mov	ip, r2
20000754:	4463      	add	r3, ip
20000756:	2bc6      	cmp	r3, #198	; 0xc6
20000758:	d800      	bhi.n	2000075c <e15_is_critical_frame_period+0x20>
2000075a:	bd10      	pop	{r4, pc}
2000075c:	2000      	movs	r0, #0
2000075e:	e7fc      	b.n	2000075a <e15_is_critical_frame_period+0x1e>
20000760:	40054000 	.word	0x40054000
20000764:	20001fa8 	.word	0x20001fa8
20000768:	fffffce0 	.word	0xfffffce0

2000076c <sync_ep_buffer>:
2000076c:	b570      	push	{r4, r5, r6, lr}
2000076e:	0004      	movs	r4, r0
20000770:	6883      	ldr	r3, [r0, #8]
20000772:	681b      	ldr	r3, [r3, #0]
20000774:	2900      	cmp	r1, #0
20000776:	d000      	beq.n	2000077a <sync_ep_buffer+0xe>
20000778:	0c1b      	lsrs	r3, r3, #16
2000077a:	059d      	lsls	r5, r3, #22
2000077c:	0dad      	lsrs	r5, r5, #22
2000077e:	7862      	ldrb	r2, [r4, #1]
20000780:	2a00      	cmp	r2, #0
20000782:	d111      	bne.n	200007a8 <sync_ep_buffer+0x3c>
20000784:	041b      	lsls	r3, r3, #16
20000786:	d409      	bmi.n	2000079c <sync_ep_buffer+0x30>
20000788:	8ae3      	ldrh	r3, [r4, #22]
2000078a:	195b      	adds	r3, r3, r5
2000078c:	82e3      	strh	r3, [r4, #22]
2000078e:	8b23      	ldrh	r3, [r4, #24]
20000790:	42ab      	cmp	r3, r5
20000792:	d901      	bls.n	20000798 <sync_ep_buffer+0x2c>
20000794:	2300      	movs	r3, #0
20000796:	82a3      	strh	r3, [r4, #20]
20000798:	0028      	movs	r0, r5
2000079a:	bd70      	pop	{r4, r5, r6, pc}
2000079c:	4b0e      	ldr	r3, [pc, #56]	; (200007d8 <sync_ep_buffer+0x6c>)
2000079e:	4a0f      	ldr	r2, [pc, #60]	; (200007dc <sync_ep_buffer+0x70>)
200007a0:	21e8      	movs	r1, #232	; 0xe8
200007a2:	480f      	ldr	r0, [pc, #60]	; (200007e0 <sync_ep_buffer+0x74>)
200007a4:	f000 f9f8 	bl	20000b98 <____assert_func_veneer>
200007a8:	041b      	lsls	r3, r3, #16
200007aa:	d50e      	bpl.n	200007ca <sync_ep_buffer+0x5e>
200007ac:	0189      	lsls	r1, r1, #6
200007ae:	68e3      	ldr	r3, [r4, #12]
200007b0:	469c      	mov	ip, r3
200007b2:	4461      	add	r1, ip
200007b4:	002a      	movs	r2, r5
200007b6:	6920      	ldr	r0, [r4, #16]
200007b8:	f000 fa2e 	bl	20000c18 <__unaligned_memcpy_veneer>
200007bc:	8ae3      	ldrh	r3, [r4, #22]
200007be:	195b      	adds	r3, r3, r5
200007c0:	82e3      	strh	r3, [r4, #22]
200007c2:	6923      	ldr	r3, [r4, #16]
200007c4:	195b      	adds	r3, r3, r5
200007c6:	6123      	str	r3, [r4, #16]
200007c8:	e7e1      	b.n	2000078e <sync_ep_buffer+0x22>
200007ca:	4b06      	ldr	r3, [pc, #24]	; (200007e4 <sync_ep_buffer+0x78>)
200007cc:	4a03      	ldr	r2, [pc, #12]	; (200007dc <sync_ep_buffer+0x70>)
200007ce:	21ee      	movs	r1, #238	; 0xee
200007d0:	4803      	ldr	r0, [pc, #12]	; (200007e0 <sync_ep_buffer+0x74>)
200007d2:	f000 f9e1 	bl	20000b98 <____assert_func_veneer>
200007d6:	46c0      	nop			; (mov r8, r8)
200007d8:	1000899c 	.word	0x1000899c
200007dc:	10008aa8 	.word	0x10008aa8
200007e0:	100089bc 	.word	0x100089bc
200007e4:	10008a08 	.word	0x10008a08

200007e8 <_hw_endpoint_xfer_sync>:
200007e8:	b510      	push	{r4, lr}
200007ea:	0004      	movs	r4, r0
200007ec:	6883      	ldr	r3, [r0, #8]
200007ee:	681b      	ldr	r3, [r3, #0]
200007f0:	2100      	movs	r1, #0
200007f2:	f7ff ffbb 	bl	2000076c <sync_ep_buffer>
200007f6:	6863      	ldr	r3, [r4, #4]
200007f8:	681b      	ldr	r3, [r3, #0]
200007fa:	005b      	lsls	r3, r3, #1
200007fc:	d502      	bpl.n	20000804 <_hw_endpoint_xfer_sync+0x1c>
200007fe:	8b23      	ldrh	r3, [r4, #24]
20000800:	4283      	cmp	r3, r0
20000802:	d000      	beq.n	20000806 <_hw_endpoint_xfer_sync+0x1e>
20000804:	bd10      	pop	{r4, pc}
20000806:	2101      	movs	r1, #1
20000808:	0020      	movs	r0, r4
2000080a:	f7ff ffaf 	bl	2000076c <sync_ep_buffer>
2000080e:	e7f9      	b.n	20000804 <_hw_endpoint_xfer_sync+0x1c>

20000810 <hw_endpoint_reset_transfer>:
20000810:	2300      	movs	r3, #0
20000812:	7683      	strb	r3, [r0, #26]
20000814:	8283      	strh	r3, [r0, #20]
20000816:	82c3      	strh	r3, [r0, #22]
20000818:	6103      	str	r3, [r0, #16]
2000081a:	4770      	bx	lr

2000081c <_hw_endpoint_buffer_control_update32>:
2000081c:	b510      	push	{r4, lr}
2000081e:	2900      	cmp	r1, #0
20000820:	d002      	beq.n	20000828 <_hw_endpoint_buffer_control_update32+0xc>
20000822:	6883      	ldr	r3, [r0, #8]
20000824:	681b      	ldr	r3, [r3, #0]
20000826:	4019      	ands	r1, r3
20000828:	2a00      	cmp	r2, #0
2000082a:	d010      	beq.n	2000084e <_hw_endpoint_buffer_control_update32+0x32>
2000082c:	4311      	orrs	r1, r2
2000082e:	0553      	lsls	r3, r2, #21
20000830:	d50d      	bpl.n	2000084e <_hw_endpoint_buffer_control_update32+0x32>
20000832:	6882      	ldr	r2, [r0, #8]
20000834:	6813      	ldr	r3, [r2, #0]
20000836:	055b      	lsls	r3, r3, #21
20000838:	d40c      	bmi.n	20000854 <_hw_endpoint_buffer_control_update32+0x38>
2000083a:	4b08      	ldr	r3, [pc, #32]	; (2000085c <_hw_endpoint_buffer_control_update32+0x40>)
2000083c:	400b      	ands	r3, r1
2000083e:	6013      	str	r3, [r2, #0]
20000840:	4b07      	ldr	r3, [pc, #28]	; (20000860 <_hw_endpoint_buffer_control_update32+0x44>)
20000842:	6c1b      	ldr	r3, [r3, #64]	; 0x40
20000844:	079b      	lsls	r3, r3, #30
20000846:	d402      	bmi.n	2000084e <_hw_endpoint_buffer_control_update32+0x32>
20000848:	230c      	movs	r3, #12
2000084a:	3b03      	subs	r3, #3
2000084c:	d2fd      	bcs.n	2000084a <_hw_endpoint_buffer_control_update32+0x2e>
2000084e:	6883      	ldr	r3, [r0, #8]
20000850:	6019      	str	r1, [r3, #0]
20000852:	bd10      	pop	{r4, pc}
20000854:	7881      	ldrb	r1, [r0, #2]
20000856:	4803      	ldr	r0, [pc, #12]	; (20000864 <_hw_endpoint_buffer_control_update32+0x48>)
20000858:	f000 f9c6 	bl	20000be8 <__panic_veneer>
2000085c:	fffffbff 	.word	0xfffffbff
20000860:	50110000 	.word	0x50110000
20000864:	10008a28 	.word	0x10008a28

20000868 <hw_endpoint_start_next_buffer>:
20000868:	b570      	push	{r4, r5, r6, lr}
2000086a:	0004      	movs	r4, r0
2000086c:	6843      	ldr	r3, [r0, #4]
2000086e:	681e      	ldr	r6, [r3, #0]
20000870:	2100      	movs	r1, #0
20000872:	f7ff ff15 	bl	200006a0 <prepare_ep_buffer>
20000876:	2580      	movs	r5, #128	; 0x80
20000878:	016d      	lsls	r5, r5, #5
2000087a:	4305      	orrs	r5, r0
2000087c:	4b19      	ldr	r3, [pc, #100]	; (200008e4 <hw_endpoint_start_next_buffer+0x7c>)
2000087e:	6c1b      	ldr	r3, [r3, #64]	; 0x40
20000880:	2202      	movs	r2, #2
20000882:	0011      	movs	r1, r2
20000884:	4019      	ands	r1, r3
20000886:	421a      	tst	r2, r3
20000888:	d102      	bne.n	20000890 <hw_endpoint_start_next_buffer+0x28>
2000088a:	78a3      	ldrb	r3, [r4, #2]
2000088c:	09db      	lsrs	r3, r3, #7
2000088e:	d006      	beq.n	2000089e <hw_endpoint_start_next_buffer+0x36>
20000890:	2900      	cmp	r1, #0
20000892:	d006      	beq.n	200008a2 <hw_endpoint_start_next_buffer+0x3a>
20000894:	78a3      	ldrb	r3, [r4, #2]
20000896:	065b      	lsls	r3, r3, #25
20000898:	d116      	bne.n	200008c8 <hw_endpoint_start_next_buffer+0x60>
2000089a:	2300      	movs	r3, #0
2000089c:	e002      	b.n	200008a4 <hw_endpoint_start_next_buffer+0x3c>
2000089e:	2301      	movs	r3, #1
200008a0:	e000      	b.n	200008a4 <hw_endpoint_start_next_buffer+0x3c>
200008a2:	2300      	movs	r3, #0
200008a4:	8aa2      	ldrh	r2, [r4, #20]
200008a6:	2a00      	cmp	r2, #0
200008a8:	d001      	beq.n	200008ae <hw_endpoint_start_next_buffer+0x46>
200008aa:	2b00      	cmp	r3, #0
200008ac:	d00e      	beq.n	200008cc <hw_endpoint_start_next_buffer+0x64>
200008ae:	4b0e      	ldr	r3, [pc, #56]	; (200008e8 <hw_endpoint_start_next_buffer+0x80>)
200008b0:	401e      	ands	r6, r3
200008b2:	2380      	movs	r3, #128	; 0x80
200008b4:	059b      	lsls	r3, r3, #22
200008b6:	4333      	orrs	r3, r6
200008b8:	6862      	ldr	r2, [r4, #4]
200008ba:	6013      	str	r3, [r2, #0]
200008bc:	002a      	movs	r2, r5
200008be:	2100      	movs	r1, #0
200008c0:	0020      	movs	r0, r4
200008c2:	f7ff ffab 	bl	2000081c <_hw_endpoint_buffer_control_update32>
200008c6:	bd70      	pop	{r4, r5, r6, pc}
200008c8:	2301      	movs	r3, #1
200008ca:	e7eb      	b.n	200008a4 <hw_endpoint_start_next_buffer+0x3c>
200008cc:	2101      	movs	r1, #1
200008ce:	0020      	movs	r0, r4
200008d0:	f7ff fee6 	bl	200006a0 <prepare_ep_buffer>
200008d4:	4305      	orrs	r5, r0
200008d6:	4b05      	ldr	r3, [pc, #20]	; (200008ec <hw_endpoint_start_next_buffer+0x84>)
200008d8:	401e      	ands	r6, r3
200008da:	23a0      	movs	r3, #160	; 0xa0
200008dc:	05db      	lsls	r3, r3, #23
200008de:	4333      	orrs	r3, r6
200008e0:	e7ea      	b.n	200008b8 <hw_endpoint_start_next_buffer+0x50>
200008e2:	46c0      	nop			; (mov r8, r8)
200008e4:	50110000 	.word	0x50110000
200008e8:	afffffff 	.word	0xafffffff
200008ec:	dfffffff 	.word	0xdfffffff

200008f0 <hw_endpoint_xfer_continue>:
200008f0:	b570      	push	{r4, r5, r6, lr}
200008f2:	0004      	movs	r4, r0
200008f4:	7e85      	ldrb	r5, [r0, #26]
200008f6:	2d00      	cmp	r5, #0
200008f8:	d006      	beq.n	20000908 <hw_endpoint_xfer_continue+0x18>
200008fa:	f7ff ff75 	bl	200007e8 <_hw_endpoint_xfer_sync>
200008fe:	8aa3      	ldrh	r3, [r4, #20]
20000900:	2b00      	cmp	r3, #0
20000902:	d105      	bne.n	20000910 <hw_endpoint_xfer_continue+0x20>
20000904:	0028      	movs	r0, r5
20000906:	bd70      	pop	{r4, r5, r6, pc}
20000908:	7881      	ldrb	r1, [r0, #2]
2000090a:	4808      	ldr	r0, [pc, #32]	; (2000092c <hw_endpoint_xfer_continue+0x3c>)
2000090c:	f000 f96c 	bl	20000be8 <__panic_veneer>
20000910:	0020      	movs	r0, r4
20000912:	f7ff ff13 	bl	2000073c <e15_is_critical_frame_period>
20000916:	1e05      	subs	r5, r0, #0
20000918:	d003      	beq.n	20000922 <hw_endpoint_xfer_continue+0x32>
2000091a:	2301      	movs	r3, #1
2000091c:	7723      	strb	r3, [r4, #28]
2000091e:	2500      	movs	r5, #0
20000920:	e7f0      	b.n	20000904 <hw_endpoint_xfer_continue+0x14>
20000922:	0020      	movs	r0, r4
20000924:	f7ff ffa0 	bl	20000868 <hw_endpoint_start_next_buffer>
20000928:	e7ec      	b.n	20000904 <hw_endpoint_xfer_continue+0x14>
2000092a:	46c0      	nop			; (mov r8, r8)
2000092c:	10008a48 	.word	0x10008a48

20000930 <dcd_event_handler>:
20000930:	b570      	push	{r4, r5, r6, lr}
20000932:	b086      	sub	sp, #24
20000934:	0005      	movs	r5, r0
20000936:	000e      	movs	r6, r1
20000938:	7843      	ldrb	r3, [r0, #1]
2000093a:	2b06      	cmp	r3, #6
2000093c:	d812      	bhi.n	20000964 <dcd_event_handler+0x34>
2000093e:	009b      	lsls	r3, r3, #2
20000940:	4a76      	ldr	r2, [pc, #472]	; (20000b1c <dcd_event_handler+0x1ec>)
20000942:	58d3      	ldr	r3, [r2, r3]
20000944:	469f      	mov	pc, r3
20000946:	4b76      	ldr	r3, [pc, #472]	; (20000b20 <dcd_event_handler+0x1f0>)
20000948:	781a      	ldrb	r2, [r3, #0]
2000094a:	2101      	movs	r1, #1
2000094c:	438a      	bics	r2, r1
2000094e:	701a      	strb	r2, [r3, #0]
20000950:	781a      	ldrb	r2, [r3, #0]
20000952:	3101      	adds	r1, #1
20000954:	438a      	bics	r2, r1
20000956:	701a      	strb	r2, [r3, #0]
20000958:	2200      	movs	r2, #0
2000095a:	705a      	strb	r2, [r3, #1]
2000095c:	781a      	ldrb	r2, [r3, #0]
2000095e:	3102      	adds	r1, #2
20000960:	438a      	bics	r2, r1
20000962:	701a      	strb	r2, [r3, #0]
20000964:	4b6f      	ldr	r3, [pc, #444]	; (20000b24 <dcd_event_handler+0x1f4>)
20000966:	681c      	ldr	r4, [r3, #0]
20000968:	0021      	movs	r1, r4
2000096a:	3114      	adds	r1, #20
2000096c:	6962      	ldr	r2, [r4, #20]
2000096e:	f3ef 8010 	mrs	r0, PRIMASK
20000972:	b672      	cpsid	i
20000974:	6813      	ldr	r3, [r2, #0]
20000976:	2b00      	cmp	r3, #0
20000978:	d0fc      	beq.n	20000974 <dcd_event_handler+0x44>
2000097a:	f3bf 8f5f 	dmb	sy
2000097e:	6048      	str	r0, [r1, #4]
20000980:	0029      	movs	r1, r5
20000982:	0020      	movs	r0, r4
20000984:	f000 f940 	bl	20000c08 <__tu_fifo_write_veneer>
20000988:	6962      	ldr	r2, [r4, #20]
2000098a:	69a3      	ldr	r3, [r4, #24]
2000098c:	f3bf 8f5f 	dmb	sy
20000990:	2100      	movs	r1, #0
20000992:	6011      	str	r1, [r2, #0]
20000994:	f383 8810 	msr	PRIMASK, r3
20000998:	2800      	cmp	r0, #0
2000099a:	d100      	bne.n	2000099e <dcd_event_handler+0x6e>
2000099c:	e0b6      	b.n	20000b0c <dcd_event_handler+0x1dc>
2000099e:	7869      	ldrb	r1, [r5, #1]
200009a0:	7828      	ldrb	r0, [r5, #0]
200009a2:	0032      	movs	r2, r6
200009a4:	f000 f928 	bl	20000bf8 <__tud_event_hook_cb_veneer>
200009a8:	b006      	add	sp, #24
200009aa:	bd70      	pop	{r4, r5, r6, pc}
200009ac:	4b5c      	ldr	r3, [pc, #368]	; (20000b20 <dcd_event_handler+0x1f0>)
200009ae:	781b      	ldrb	r3, [r3, #0]
200009b0:	07db      	lsls	r3, r3, #31
200009b2:	d5f9      	bpl.n	200009a8 <dcd_event_handler+0x78>
200009b4:	4a5a      	ldr	r2, [pc, #360]	; (20000b20 <dcd_event_handler+0x1f0>)
200009b6:	7813      	ldrb	r3, [r2, #0]
200009b8:	2104      	movs	r1, #4
200009ba:	430b      	orrs	r3, r1
200009bc:	7013      	strb	r3, [r2, #0]
200009be:	e7d1      	b.n	20000964 <dcd_event_handler+0x34>
200009c0:	4b57      	ldr	r3, [pc, #348]	; (20000b20 <dcd_event_handler+0x1f0>)
200009c2:	781b      	ldrb	r3, [r3, #0]
200009c4:	07db      	lsls	r3, r3, #31
200009c6:	d5ef      	bpl.n	200009a8 <dcd_event_handler+0x78>
200009c8:	4a55      	ldr	r2, [pc, #340]	; (20000b20 <dcd_event_handler+0x1f0>)
200009ca:	7813      	ldrb	r3, [r2, #0]
200009cc:	2104      	movs	r1, #4
200009ce:	438b      	bics	r3, r1
200009d0:	7013      	strb	r3, [r2, #0]
200009d2:	e7c7      	b.n	20000964 <dcd_event_handler+0x34>
200009d4:	1ad2      	subs	r2, r2, r3
200009d6:	0152      	lsls	r2, r2, #5
200009d8:	4b53      	ldr	r3, [pc, #332]	; (20000b28 <dcd_event_handler+0x1f8>)
200009da:	189b      	adds	r3, r3, r2
200009dc:	e00d      	b.n	200009fa <dcd_event_handler+0xca>
200009de:	3401      	adds	r4, #1
200009e0:	b2e4      	uxtb	r4, r4
200009e2:	4b52      	ldr	r3, [pc, #328]	; (20000b2c <dcd_event_handler+0x1fc>)
200009e4:	781b      	ldrb	r3, [r3, #0]
200009e6:	1c59      	adds	r1, r3, #1
200009e8:	0022      	movs	r2, r4
200009ea:	42a1      	cmp	r1, r4
200009ec:	db10      	blt.n	20000a10 <dcd_event_handler+0xe0>
200009ee:	42a3      	cmp	r3, r4
200009f0:	d9f0      	bls.n	200009d4 <dcd_event_handler+0xa4>
200009f2:	4b4f      	ldr	r3, [pc, #316]	; (20000b30 <dcd_event_handler+0x200>)
200009f4:	681b      	ldr	r3, [r3, #0]
200009f6:	0162      	lsls	r2, r4, #5
200009f8:	189b      	adds	r3, r3, r2
200009fa:	2b00      	cmp	r3, #0
200009fc:	d0ef      	beq.n	200009de <dcd_event_handler+0xae>
200009fe:	69db      	ldr	r3, [r3, #28]
20000a00:	2b00      	cmp	r3, #0
20000a02:	d0ec      	beq.n	200009de <dcd_event_handler+0xae>
20000a04:	7828      	ldrb	r0, [r5, #0]
20000a06:	6869      	ldr	r1, [r5, #4]
20000a08:	4798      	blx	r3
20000a0a:	e7e8      	b.n	200009de <dcd_event_handler+0xae>
20000a0c:	2400      	movs	r4, #0
20000a0e:	e7e8      	b.n	200009e2 <dcd_event_handler+0xb2>
20000a10:	4b43      	ldr	r3, [pc, #268]	; (20000b20 <dcd_event_handler+0x1f0>)
20000a12:	781b      	ldrb	r3, [r3, #0]
20000a14:	075b      	lsls	r3, r3, #29
20000a16:	d433      	bmi.n	20000a80 <dcd_event_handler+0x150>
20000a18:	4b41      	ldr	r3, [pc, #260]	; (20000b20 <dcd_event_handler+0x1f0>)
20000a1a:	78db      	ldrb	r3, [r3, #3]
20000a1c:	07db      	lsls	r3, r3, #31
20000a1e:	d5c3      	bpl.n	200009a8 <dcd_event_handler+0x78>
20000a20:	220c      	movs	r2, #12
20000a22:	2100      	movs	r1, #0
20000a24:	a803      	add	r0, sp, #12
20000a26:	f000 f8af 	bl	20000b88 <____wrap_memset_veneer>
20000a2a:	782b      	ldrb	r3, [r5, #0]
20000a2c:	aa02      	add	r2, sp, #8
20000a2e:	7113      	strb	r3, [r2, #4]
20000a30:	2303      	movs	r3, #3
20000a32:	7153      	strb	r3, [r2, #5]
20000a34:	686b      	ldr	r3, [r5, #4]
20000a36:	9301      	str	r3, [sp, #4]
20000a38:	9304      	str	r3, [sp, #16]
20000a3a:	4b3a      	ldr	r3, [pc, #232]	; (20000b24 <dcd_event_handler+0x1f4>)
20000a3c:	681c      	ldr	r4, [r3, #0]
20000a3e:	0021      	movs	r1, r4
20000a40:	3114      	adds	r1, #20
20000a42:	6962      	ldr	r2, [r4, #20]
20000a44:	f3ef 8010 	mrs	r0, PRIMASK
20000a48:	b672      	cpsid	i
20000a4a:	6813      	ldr	r3, [r2, #0]
20000a4c:	2b00      	cmp	r3, #0
20000a4e:	d0fc      	beq.n	20000a4a <dcd_event_handler+0x11a>
20000a50:	f3bf 8f5f 	dmb	sy
20000a54:	6048      	str	r0, [r1, #4]
20000a56:	a903      	add	r1, sp, #12
20000a58:	0020      	movs	r0, r4
20000a5a:	f000 f8d5 	bl	20000c08 <__tu_fifo_write_veneer>
20000a5e:	6962      	ldr	r2, [r4, #20]
20000a60:	69a3      	ldr	r3, [r4, #24]
20000a62:	f3bf 8f5f 	dmb	sy
20000a66:	2100      	movs	r1, #0
20000a68:	6011      	str	r1, [r2, #0]
20000a6a:	f383 8810 	msr	PRIMASK, r3
20000a6e:	2800      	cmp	r0, #0
20000a70:	d03f      	beq.n	20000af2 <dcd_event_handler+0x1c2>
20000a72:	ab03      	add	r3, sp, #12
20000a74:	7859      	ldrb	r1, [r3, #1]
20000a76:	7818      	ldrb	r0, [r3, #0]
20000a78:	0032      	movs	r2, r6
20000a7a:	f000 f8bd 	bl	20000bf8 <__tud_event_hook_cb_veneer>
20000a7e:	e793      	b.n	200009a8 <dcd_event_handler+0x78>
20000a80:	4a27      	ldr	r2, [pc, #156]	; (20000b20 <dcd_event_handler+0x1f0>)
20000a82:	7813      	ldrb	r3, [r2, #0]
20000a84:	2104      	movs	r1, #4
20000a86:	438b      	bics	r3, r1
20000a88:	7013      	strb	r3, [r2, #0]
20000a8a:	220c      	movs	r2, #12
20000a8c:	2100      	movs	r1, #0
20000a8e:	a803      	add	r0, sp, #12
20000a90:	f000 f87a 	bl	20000b88 <____wrap_memset_veneer>
20000a94:	782b      	ldrb	r3, [r5, #0]
20000a96:	aa02      	add	r2, sp, #8
20000a98:	7113      	strb	r3, [r2, #4]
20000a9a:	2305      	movs	r3, #5
20000a9c:	7153      	strb	r3, [r2, #5]
20000a9e:	4b21      	ldr	r3, [pc, #132]	; (20000b24 <dcd_event_handler+0x1f4>)
20000aa0:	681c      	ldr	r4, [r3, #0]
20000aa2:	0021      	movs	r1, r4
20000aa4:	3114      	adds	r1, #20
20000aa6:	6962      	ldr	r2, [r4, #20]
20000aa8:	f3ef 8010 	mrs	r0, PRIMASK
20000aac:	b672      	cpsid	i
20000aae:	6813      	ldr	r3, [r2, #0]
20000ab0:	2b00      	cmp	r3, #0
20000ab2:	d0fc      	beq.n	20000aae <dcd_event_handler+0x17e>
20000ab4:	f3bf 8f5f 	dmb	sy
20000ab8:	6048      	str	r0, [r1, #4]
20000aba:	a903      	add	r1, sp, #12
20000abc:	0020      	movs	r0, r4
20000abe:	f000 f8a3 	bl	20000c08 <__tu_fifo_write_veneer>
20000ac2:	6962      	ldr	r2, [r4, #20]
20000ac4:	69a3      	ldr	r3, [r4, #24]
20000ac6:	f3bf 8f5f 	dmb	sy
20000aca:	2100      	movs	r1, #0
20000acc:	6011      	str	r1, [r2, #0]
20000ace:	f383 8810 	msr	PRIMASK, r3
20000ad2:	2800      	cmp	r0, #0
20000ad4:	d006      	beq.n	20000ae4 <dcd_event_handler+0x1b4>
20000ad6:	ab03      	add	r3, sp, #12
20000ad8:	7859      	ldrb	r1, [r3, #1]
20000ada:	7818      	ldrb	r0, [r3, #0]
20000adc:	0032      	movs	r2, r6
20000ade:	f000 f88b 	bl	20000bf8 <__tud_event_hook_cb_veneer>
20000ae2:	e799      	b.n	20000a18 <dcd_event_handler+0xe8>
20000ae4:	22ad      	movs	r2, #173	; 0xad
20000ae6:	0052      	lsls	r2, r2, #1
20000ae8:	4912      	ldr	r1, [pc, #72]	; (20000b34 <dcd_event_handler+0x204>)
20000aea:	4813      	ldr	r0, [pc, #76]	; (20000b38 <dcd_event_handler+0x208>)
20000aec:	f000 f86c 	bl	20000bc8 <____wrap_printf_veneer>
20000af0:	e792      	b.n	20000a18 <dcd_event_handler+0xe8>
20000af2:	22ad      	movs	r2, #173	; 0xad
20000af4:	0052      	lsls	r2, r2, #1
20000af6:	490f      	ldr	r1, [pc, #60]	; (20000b34 <dcd_event_handler+0x204>)
20000af8:	480f      	ldr	r0, [pc, #60]	; (20000b38 <dcd_event_handler+0x208>)
20000afa:	f000 f865 	bl	20000bc8 <____wrap_printf_veneer>
20000afe:	e753      	b.n	200009a8 <dcd_event_handler+0x78>
20000b00:	4a0e      	ldr	r2, [pc, #56]	; (20000b3c <dcd_event_handler+0x20c>)
20000b02:	7813      	ldrb	r3, [r2, #0]
20000b04:	3301      	adds	r3, #1
20000b06:	b2db      	uxtb	r3, r3
20000b08:	7013      	strb	r3, [r2, #0]
20000b0a:	e72b      	b.n	20000964 <dcd_event_handler+0x34>
20000b0c:	22ad      	movs	r2, #173	; 0xad
20000b0e:	0052      	lsls	r2, r2, #1
20000b10:	4908      	ldr	r1, [pc, #32]	; (20000b34 <dcd_event_handler+0x204>)
20000b12:	4809      	ldr	r0, [pc, #36]	; (20000b38 <dcd_event_handler+0x208>)
20000b14:	f000 f858 	bl	20000bc8 <____wrap_printf_veneer>
20000b18:	e746      	b.n	200009a8 <dcd_event_handler+0x78>
20000b1a:	46c0      	nop			; (mov r8, r8)
20000b1c:	10008b10 	.word	0x10008b10
20000b20:	20001a40 	.word	0x20001a40
20000b24:	20001a98 	.word	0x20001a98
20000b28:	10008c2c 	.word	0x10008c2c
20000b2c:	20002671 	.word	0x20002671
20000b30:	20001714 	.word	0x20001714
20000b34:	10008bb8 	.word	0x10008bb8
20000b38:	10008ab8 	.word	0x10008ab8
20000b3c:	20002673 	.word	0x20002673

20000b40 <spi_write_read_blocking>:
20000b40:	b5f0      	push	{r4, r5, r6, r7, lr}
20000b42:	0007      	movs	r7, r0
20000b44:	0018      	movs	r0, r3
20000b46:	001d      	movs	r5, r3
20000b48:	001c      	movs	r4, r3
20000b4a:	e008      	b.n	20000b5e <spi_write_read_blocking+0x1e>
20000b4c:	2c00      	cmp	r4, #0
20000b4e:	d006      	beq.n	20000b5e <spi_write_read_blocking+0x1e>
20000b50:	68fe      	ldr	r6, [r7, #12]
20000b52:	0773      	lsls	r3, r6, #29
20000b54:	d503      	bpl.n	20000b5e <spi_write_read_blocking+0x1e>
20000b56:	68bb      	ldr	r3, [r7, #8]
20000b58:	7013      	strb	r3, [r2, #0]
20000b5a:	3c01      	subs	r4, #1
20000b5c:	3201      	adds	r2, #1
20000b5e:	0026      	movs	r6, r4
20000b60:	432e      	orrs	r6, r5
20000b62:	d00d      	beq.n	20000b80 <spi_write_read_blocking+0x40>
20000b64:	2d00      	cmp	r5, #0
20000b66:	d0f1      	beq.n	20000b4c <spi_write_read_blocking+0xc>
20000b68:	68fe      	ldr	r6, [r7, #12]
20000b6a:	07b3      	lsls	r3, r6, #30
20000b6c:	d5ee      	bpl.n	20000b4c <spi_write_read_blocking+0xc>
20000b6e:	002b      	movs	r3, r5
20000b70:	3308      	adds	r3, #8
20000b72:	42a3      	cmp	r3, r4
20000b74:	d9ea      	bls.n	20000b4c <spi_write_read_blocking+0xc>
20000b76:	780b      	ldrb	r3, [r1, #0]
20000b78:	60bb      	str	r3, [r7, #8]
20000b7a:	3d01      	subs	r5, #1
20000b7c:	3101      	adds	r1, #1
20000b7e:	e7e5      	b.n	20000b4c <spi_write_read_blocking+0xc>
20000b80:	bdf0      	pop	{r4, r5, r6, r7, pc}
	...

20000b84 <__aeabi_idiv0>:
20000b84:	4770      	bx	lr
20000b86:	46c0      	nop			; (mov r8, r8)

20000b88 <____wrap_memset_veneer>:
20000b88:	b401      	push	{r0}
20000b8a:	4802      	ldr	r0, [pc, #8]	; (20000b94 <____wrap_memset_veneer+0xc>)
20000b8c:	4684      	mov	ip, r0
20000b8e:	bc01      	pop	{r0}
20000b90:	4760      	bx	ip
20000b92:	bf00      	nop
20000b94:	100029a9 	.word	0x100029a9

20000b98 <____assert_func_veneer>:
20000b98:	b401      	push	{r0}
20000b9a:	4802      	ldr	r0, [pc, #8]	; (20000ba4 <____assert_func_veneer+0xc>)
20000b9c:	4684      	mov	ip, r0
20000b9e:	bc01      	pop	{r0}
20000ba0:	4760      	bx	ip
20000ba2:	bf00      	nop
20000ba4:	10003b7d 	.word	0x10003b7d

20000ba8 <__rp2040_chip_version_veneer>:
20000ba8:	b401      	push	{r0}
20000baa:	4802      	ldr	r0, [pc, #8]	; (20000bb4 <__rp2040_chip_version_veneer+0xc>)
20000bac:	4684      	mov	ip, r0
20000bae:	bc01      	pop	{r0}
20000bb0:	4760      	bx	ip
20000bb2:	bf00      	nop
20000bb4:	100004b5 	.word	0x100004b5

20000bb8 <____wrap___aeabi_lmul_veneer>:
20000bb8:	b401      	push	{r0}
20000bba:	4802      	ldr	r0, [pc, #8]	; (20000bc4 <____wrap___aeabi_lmul_veneer+0xc>)
20000bbc:	4684      	mov	ip, r0
20000bbe:	bc01      	pop	{r0}
20000bc0:	4760      	bx	ip
20000bc2:	bf00      	nop
20000bc4:	100027d5 	.word	0x100027d5

20000bc8 <____wrap_printf_veneer>:
20000bc8:	b401      	push	{r0}
20000bca:	4802      	ldr	r0, [pc, #8]	; (20000bd4 <____wrap_printf_veneer+0xc>)
20000bcc:	4684      	mov	ip, r0
20000bce:	bc01      	pop	{r0}
20000bd0:	4760      	bx	ip
20000bd2:	bf00      	nop
20000bd4:	10003e5d 	.word	0x10003e5d

20000bd8 <__best_effort_wfe_or_timeout_veneer>:
20000bd8:	b401      	push	{r0}
20000bda:	4802      	ldr	r0, [pc, #8]	; (20000be4 <__best_effort_wfe_or_timeout_veneer+0xc>)
20000bdc:	4684      	mov	ip, r0
20000bde:	bc01      	pop	{r0}
20000be0:	4760      	bx	ip
20000be2:	bf00      	nop
20000be4:	10001215 	.word	0x10001215

20000be8 <__panic_veneer>:
20000be8:	b401      	push	{r0}
20000bea:	4802      	ldr	r0, [pc, #8]	; (20000bf4 <__panic_veneer+0xc>)
20000bec:	4684      	mov	ip, r0
20000bee:	bc01      	pop	{r0}
20000bf0:	4760      	bx	ip
20000bf2:	bf00      	nop
20000bf4:	10000501 	.word	0x10000501

20000bf8 <__tud_event_hook_cb_veneer>:
20000bf8:	b401      	push	{r0}
20000bfa:	4802      	ldr	r0, [pc, #8]	; (20000c04 <__tud_event_hook_cb_veneer+0xc>)
20000bfc:	4684      	mov	ip, r0
20000bfe:	bc01      	pop	{r0}
20000c00:	4760      	bx	ip
20000c02:	bf00      	nop
20000c04:	10004b55 	.word	0x10004b55

20000c08 <__tu_fifo_write_veneer>:
20000c08:	b401      	push	{r0}
20000c0a:	4802      	ldr	r0, [pc, #8]	; (20000c14 <__tu_fifo_write_veneer+0xc>)
20000c0c:	4684      	mov	ip, r0
20000c0e:	bc01      	pop	{r0}
20000c10:	4760      	bx	ip
20000c12:	bf00      	nop
20000c14:	10006a67 	.word	0x10006a67

20000c18 <__unaligned_memcpy_veneer>:
20000c18:	b401      	push	{r0}
20000c1a:	4802      	ldr	r0, [pc, #8]	; (20000c24 <__unaligned_memcpy_veneer+0xc>)
20000c1c:	4684      	mov	ip, r0
20000c1e:	bc01      	pop	{r0}
20000c20:	4760      	bx	ip
20000c22:	bf00      	nop
20000c24:	10004855 	.word	0x10004855

20000c28 <__time_us_64_veneer>:
20000c28:	b401      	push	{r0}
20000c2a:	4802      	ldr	r0, [pc, #8]	; (20000c34 <__time_us_64_veneer+0xc>)
20000c2c:	4684      	mov	ip, r0
20000c2e:	bc01      	pop	{r0}
20000c30:	4760      	bx	ip
20000c32:	bf00      	nop
20000c34:	100013e1 	.word	0x100013e1

20000c38 <striped_spin_lock_num>:
20000c38:	00000010                                ....

20000c3c <irq_handler_chain_slots>:
20000c3c:	00000000 	.word	0x00000000
20000c40:	00010000 	.word	0x00010000
	...
20000c4c:	00020000 	.word	0x00020000
	...
20000c58:	00030000 	.word	0x00030000
	...
20000c64:	00ff0000 	.word	0x00ff0000
20000c68:	00000000 	.word	0x00000000

20000c6c <irq_handler_chain_first_slot>:
20000c6c:	b501      	push	{r0, lr}
20000c6e:	6848      	ldr	r0, [r1, #4]
20000c70:	3101      	adds	r1, #1
20000c72:	468e      	mov	lr, r1
20000c74:	4700      	bx	r0

20000c76 <irq_handler_chain_remove_tail>:
20000c76:	4670      	mov	r0, lr
20000c78:	3809      	subs	r0, #9
20000c7a:	4901      	ldr	r1, [pc, #4]	; (20000c80 <irq_handler_chain_remove_tail+0xa>)
20000c7c:	4788      	blx	r1
20000c7e:	bd01      	pop	{r0, pc}
20000c80:	100009ed 	.word	0x100009ed

20000c84 <default_alarm_pool>:
	...
20000c98:	20001540 00000000                       @.. ....

20000ca0 <aeabi_bits_funcs>:
20000ca0:	00003350 	.word	0x00003350
20000ca4:	0000334c 	.word	0x0000334c
20000ca8:	00003354 	.word	0x00003354
20000cac:	00003352 	.word	0x00003352

20000cb0 <aeabi_bits_funcs_end>:
20000cb0:	0000534d 	.word	0x0000534d
20000cb4:	0000434d 	.word	0x0000434d
20000cb8:	00003453 	.word	0x00003453
20000cbc:	00003443 	.word	0x00003443

20000cc0 <stdio_usb>:
20000cc0:	100042e1 10003fa9 10004249 10003f95     .B...?..IB...?..
20000cd0:	00000000 00000100                       ........

20000cd8 <_usbd_qdef>:
20000cd8:	20001a9c 000c0010 00000000 00000000     ... ............
	...

20000cf4 <_usbd_rhport>:
20000cf4:	000000ff                                ....

20000cf8 <_impure_ptr>:
20000cf8:	20000d00 00000000                       ... ....

20000d00 <impure_data>:
20000d00:	00000000 20000fec 20001054 200010bc     ....... T.. ... 
	...
20000da8:	00000001 00000000 abcd330e e66d1234     .........3..4.m.
20000db8:	0005deec 0000000b 00000000 00000000     ................
	...

20001128 <__malloc_av_>:
	...
20001130:	20001128 20001128 20001130 20001130     (.. (.. 0.. 0.. 
20001140:	20001138 20001138 20001140 20001140     8.. 8.. @.. @.. 
20001150:	20001148 20001148 20001150 20001150     H.. H.. P.. P.. 
20001160:	20001158 20001158 20001160 20001160     X.. X.. `.. `.. 
20001170:	20001168 20001168 20001170 20001170     h.. h.. p.. p.. 
20001180:	20001178 20001178 20001180 20001180     x.. x.. ... ... 
20001190:	20001188 20001188 20001190 20001190     ... ... ... ... 
200011a0:	20001198 20001198 200011a0 200011a0     ... ... ... ... 
200011b0:	200011a8 200011a8 200011b0 200011b0     ... ... ... ... 
200011c0:	200011b8 200011b8 200011c0 200011c0     ... ... ... ... 
200011d0:	200011c8 200011c8 200011d0 200011d0     ... ... ... ... 
200011e0:	200011d8 200011d8 200011e0 200011e0     ... ... ... ... 
200011f0:	200011e8 200011e8 200011f0 200011f0     ... ... ... ... 
20001200:	200011f8 200011f8 20001200 20001200     ... ... ... ... 
20001210:	20001208 20001208 20001210 20001210     ... ... ... ... 
20001220:	20001218 20001218 20001220 20001220     ... ...  ..  .. 
20001230:	20001228 20001228 20001230 20001230     (.. (.. 0.. 0.. 
20001240:	20001238 20001238 20001240 20001240     8.. 8.. @.. @.. 
20001250:	20001248 20001248 20001250 20001250     H.. H.. P.. P.. 
20001260:	20001258 20001258 20001260 20001260     X.. X.. `.. `.. 
20001270:	20001268 20001268 20001270 20001270     h.. h.. p.. p.. 
20001280:	20001278 20001278 20001280 20001280     x.. x.. ... ... 
20001290:	20001288 20001288 20001290 20001290     ... ... ... ... 
200012a0:	20001298 20001298 200012a0 200012a0     ... ... ... ... 
200012b0:	200012a8 200012a8 200012b0 200012b0     ... ... ... ... 
200012c0:	200012b8 200012b8 200012c0 200012c0     ... ... ... ... 
200012d0:	200012c8 200012c8 200012d0 200012d0     ... ... ... ... 
200012e0:	200012d8 200012d8 200012e0 200012e0     ... ... ... ... 
200012f0:	200012e8 200012e8 200012f0 200012f0     ... ... ... ... 
20001300:	200012f8 200012f8 20001300 20001300     ... ... ... ... 
20001310:	20001308 20001308 20001310 20001310     ... ... ... ... 
20001320:	20001318 20001318 20001320 20001320     ... ...  ..  .. 
20001330:	20001328 20001328 20001330 20001330     (.. (.. 0.. 0.. 
20001340:	20001338 20001338 20001340 20001340     8.. 8.. @.. @.. 
20001350:	20001348 20001348 20001350 20001350     H.. H.. P.. P.. 
20001360:	20001358 20001358 20001360 20001360     X.. X.. `.. `.. 
20001370:	20001368 20001368 20001370 20001370     h.. h.. p.. p.. 
20001380:	20001378 20001378 20001380 20001380     x.. x.. ... ... 
20001390:	20001388 20001388 20001390 20001390     ... ... ... ... 
200013a0:	20001398 20001398 200013a0 200013a0     ... ... ... ... 
200013b0:	200013a8 200013a8 200013b0 200013b0     ... ... ... ... 
200013c0:	200013b8 200013b8 200013c0 200013c0     ... ... ... ... 
200013d0:	200013c8 200013c8 200013d0 200013d0     ... ... ... ... 
200013e0:	200013d8 200013d8 200013e0 200013e0     ... ... ... ... 
200013f0:	200013e8 200013e8 200013f0 200013f0     ... ... ... ... 
20001400:	200013f8 200013f8 20001400 20001400     ... ... ... ... 
20001410:	20001408 20001408 20001410 20001410     ... ... ... ... 
20001420:	20001418 20001418 20001420 20001420     ... ...  ..  .. 
20001430:	20001428 20001428 20001430 20001430     (.. (.. 0.. 0.. 
20001440:	20001438 20001438 20001440 20001440     8.. 8.. @.. @.. 
20001450:	20001448 20001448 20001450 20001450     H.. H.. P.. P.. 
20001460:	20001458 20001458 20001460 20001460     X.. X.. `.. `.. 
20001470:	20001468 20001468 20001470 20001470     h.. h.. p.. p.. 
20001480:	20001478 20001478 20001480 20001480     x.. x.. ... ... 
20001490:	20001488 20001488 20001490 20001490     ... ... ... ... 
200014a0:	20001498 20001498 200014a0 200014a0     ... ... ... ... 
200014b0:	200014a8 200014a8 200014b0 200014b0     ... ... ... ... 
200014c0:	200014b8 200014b8 200014c0 200014c0     ... ... ... ... 
200014d0:	200014c8 200014c8 200014d0 200014d0     ... ... ... ... 
200014e0:	200014d8 200014d8 200014e0 200014e0     ... ... ... ... 
200014f0:	200014e8 200014e8 200014f0 200014f0     ... ... ... ... 
20001500:	200014f8 200014f8 20001500 20001500     ... ... ... ... 
20001510:	20001508 20001508 20001510 20001510     ... ... ... ... 
20001520:	20001518 20001518 20001520 20001520     ... ...  ..  .. 

20001530 <__malloc_sbrk_base>:
20001530:	ffffffff                                ....

20001534 <__malloc_trim_threshold>:
20001534:	00020000                                ....

20001538 <print_mutex>:
	...
