:020000041000EA
:1000000000B5324B212058609868022188439860DF
:10001000D860186158612E4B002199600221596106
:100020000121F02299502B49196001219960352056
:1000300000F044F80222904214D00621196600F024
:1000400034F8196E01211966002018661A6600F04E
:100050002CF8196E196E196E052000F02FF8012189
:100060000842F9D1002199601B49196000215960AB
:100070001A491B48016001219960EB211966A021F2
:10008000196600F012F800219960164914480160C1
:100090000121996001BC002800D000471248134993
:1000A000086003C880F30888084703B5996A0420EC
:1000B0000142FBD001200142F8D103BD02B5186610
:1000C0001866FFF7F2FF186E186E02BD00000240BE
:1000D000000000180000070000035F00212200005C
:1000E000F4000018222000A00001001008ED00E03C
:1000F00000000000000000000000000074B24E7A12
:1001000000200420F7010010C3010010C5010010F9
:10011000C1010010C1010010C1010010C101001097
:10012000C1010010C1010010C1010010C701001081
:10013000C1010010C1010010C9010010CB01001065
:10014000CD010010CD010010CD010010CD01001037
:10015000CD010010CD010010CD010010CD01001027
:10016000CD010010CD010010CD010010CD01001017
:10017000CD010010CD010010CD010010CD01001007
:10018000CD010010CD010010CD010010CD010010F7
:10019000CD010010CD010010CD010010CD010010E7
:1001A000CD010010CD010010CD010010CD010010D7
:1001B000CD010010CD010010CD010010CD010010C7
:1001C00000BE00BE00BE00BE00BE00BEEFF3058054
:1001D000103800BEF2EB8871588D0010788D001039
:1001E0003802001090A31AE71E481F49086006C88D
:1001F00081F3088810471D480068002801D019487D
:10020000F3E70DA40ECC002902D000F012F8F9E7B4
:100210001749184A002000E001C19142FCD116495B
:100220008847164988471649884700BEFDE701C937
:1002300001C29A42FBD37047788D0010C0000020A5
:1002400040150020F8A10010000004200000042048
:10025000F8A100100010042000100420000000008D
:10026000704700000000000008ED00E0000000D032
:100270004015002088260020D93B0010D50300102F
:10028000953B0010F8B5C04610B5064C2378002BFE
:1002900007D1054B002B02D0044800E000BF01232A
:1002A000237010BDC816002000000000A0790010C7
:1002B000044B10B5002B03D00349044800E000BFF5
:1002C00010BDC04600000000CC160020A079001030
:1002D00030B587B0174C1023009303331222164910
:1002E000200007F0B3F8154800F09AFF03AA144B5A
:1002F00023CB23C22100134807F068F8041E02D163
:10030000200007B030BD0F4D01220321280006F068
:100310009EFF0021280006F0B2FF1C21280006F0F5
:1003200069FE03A9280006F04EFF280006F0A6FE8D
:10033000E6E7C046C423002000C00340B80B00001D
:10034000E8790010EC23002070B501F059F8194D40
:100350002860194CFC218905206802F06DFA2060A4
:100360006368581D642101F0E3FB0B006160227A91
:1003700001214A40227220000930104A102103F066
:10038000C7FB1C2221000E4806F018FF040001F0F4
:1003900037F80C4B18602B68C11A0B4B196028609A
:1003A000002C03D0094803F069FD70BD084803F034
:1003B00035FDFAE7E8230020641F0020A079001033
:1003C000EC230020601F0020B01F0020AC7900103B
:1003D000CC79001010B503F01DFDE1214902104851
:1003E00001F0A0F80221002000F04EF802210120C7
:1003F00000F04AF8FFF76CFF04000A480A4B03605C
:1004000028234360273B037209301022074907F075
:10041000C5F801E0FFF798FF002CFBD1002010BDCC
:1004200000400340641F00200000A041E07900105C
:1004300070B504000D00012805D0002C02D10A4B34
:100440009D420DD070BD084B9942F6D1074B0F224B
:100450000E21074806F0AAFD064806F0F1FFECE77A
:10046000044806F0DDFFEDE7FFFF000080969800EE
:10047000EC230020C423002010B502490120FFF71F
:10048000D7FF10BDFFFF000010B58300084A9A187F
:10049000126840245440C0222240064CA4466344C3
:1004A0001A60C000044B9C466044416010BDC046C9
:1004B00004C0014004D001400040014010B50123B8
:1004C0008340D0221206936293610521FFF7DCFF7F
:1004D00010BD000010B58023DB0518680205120D61
:1004E000030B1B041B0C09498A4203D1022B07D1C1
:1004F000000F10BD064B074A2221074803F04EFBB0
:10050000064B044A2321044803F048FB2709000056
:10051000F4790010647A0010187A0010507A0010F4
:100520000FB400B583B0084803F078FC049B002B9F
:1005300007D005A90191180003F080FC034803F0DF
:100540006DFC012003F008FB787A0010C8790010D8
:10055000EFF3108072B6034B1B68002BFBD0BFF388
:100560005F8F70472C0100D0BFF35F8F024B0022DA
:100570001A6080F3108870472C0100D0F8B506008F
:100580000C001500FFF7E4FFE308F718F15C072201
:100590002240012393400B4205D1DBB20B433B7059
:1005A000FFF7E2FFF8BD21002800FFF7B9FFF0B523
:1005B00083B00600019114001F00FFF7C9FF00E09F
:1005C0000134BC420CD8E308F518F35C0721214044
:1005D00001228A401A42F3D1D2B21A432A7001E0B2
:1005E00001246442FFF7C0FF002C02DB200003B0AF
:1005F000F0BD019B002BF9D00898FFF791FF000098
:10060000054A1078431CDBB21370172B02D9130074
:1006100010221A707047C046380C002000B583B015
:100620000100044B00931F2318220348FFF7BFFF6C
:1006300003B000BD887A0010301F0020002307E0BF
:10064000054A9A189200BFF35F8F002111600133B1
:100650001F2BF5D97047C04640000034074B9B68FC
:10066000103080001950BFF35F8FBFF35F8F044BD2
:100670000021196082F310887047C04600ED00E049
:10068000240100D00048704700E400E010B5FFF7F7
:10069000F9FF002302E0034A04C00133072BFAD913
:1006A00010BDC0468080808010B5091A081F0B4B12
:1006B0009C4661440A4A914208D8C30706D44010B8
:1006C0004005400D074B184380B210BD0221064B78
:1006D000064AFF31064803F061FAC046FC070000F5
:1006E000FE0F000000E0FFFFA47A0010A07C0010C5
:1006F000D47A001001238340034A10681840431E37
:100700009841C0B27047C04600E100E0002A05D021
:10071000044BC0225200995019607047014A80234F
:10072000D150FAE700E100E010B50A001F230340B2
:10073000012199404009FFF7E9FF10BD01238340E3
:10074000014A13607047C04600E200E0024B9B681C
:1007500010308000C058704700ED00E010B5FFF782
:10076000F5FF002805D0054BC01A2F2803D801201B
:1007700010BD0020FCE70020FAE7C0463C0C00203A
:1007800070B504000D00EFF3108672B60C4B1B68B9
:10079000002BFBD0BFF35F8F2000FFF7D7FF094B83
:1007A000984201D0A84205D1320029002000FFF76D
:1007B00055FF70BD044B054AE121054803F0EEF9F1
:1007C000240100D0CD010010087B0010D47C001063
:1007D000D47A0010F0B5DE4657464E464546E0B5A1
:1007E00089B0814601911500EFF3108B72B6754BFD
:1007F0001B68002BFBD0BFF35F8F734B0027DF57C5
:10080000002F3FDB7C00E419A40070482418062266
:10081000A2566D4B1A706E4B9A684B4610339B0074
:10082000D35898461B1A2F2B3AD96A4B984530D18A
:1008300005AE694B33807B009A46D8198000634B24
:100840009846404402306549FFF72EFF7080644BA4
:10085000B380FF23B371F571019B07935744BF0029
:1008600047440ECE0EC701231C43A0465A464146BC
:100870004846FFF7F3FE09B0F0BCBB46B246A946B6
:10088000A046F0BD6E21574B574AFF31574803F041
:1008900085F9BA21564B544A4900544803F07EF971
:1008A000012342469A439246101A0C2101F068F93E
:1008B00000290FD153460026DA79AA4212D906211F
:1008C000595600290DDB4A00521892001E003F4B7A
:1008D0009B18F1E78621474B434AFF31434803F019
:1008E0005DF91E00002E3BD005AB434A1A80813AC9
:1008F0005A800623F3560293002B17DA3F4805ABC4
:100900009A469880029A9A71DD71019A0792301D79
:100910002100FFF7C9FEB080B7717B00DB199B0097
:100920002A4FFF18534607CB07C79FE77800C01927
:100930008000264BC0180430321DB388D90A1C2908
:1009400007D15B055915023149005118FFF7ACFE7C
:10095000D5E710212A4B2B4AFF31244803F01EF91A
:1009600005AE1D4B33807B000293D8198000174AD7
:100970009046020042440392901C1849FFF794FEEF
:100980007080039A101D5146FFF78EFEB0801E4BFB
:1009900052464146521A524153431B0DB371F571F1
:1009A000019A0792029B9C466744BF0047440ECEC3
:1009B0000EC7114B52461380813B538001231C43C9
:1009C000A04653E7240100D0812600203C0C0020E3
:1009D00000ED00E0CD01001000A1FFFF6C0C002035
:1009E00001BDFFFF407B0010BC7C0010D47A0010DA
:1009F000687B0010907B00100148000001BD0000E2
:100A0000147C0010AC7C0010AAAA000070B5012173
:100A100001432C4BCB1A2F2B28D8EFF30583002B47
:100A20002AD0EFF3108C72B6274A1268002AFBD046
:100A3000BFF35F8F254A0400224D641B644162436B
:100A4000120D54B2224A92689B00D2588A4219D0A1
:100A50000022032A30D853009B189B001949CB1859
:100A60009B795BB2A3421DD00132F2E7194B1A4ABF
:100A70001A491B4803F092F81A4B174A1A491848AA
:100A800003F08CF8124A92681849D150184B1A7822
:100A900082711C70BFF35F8F0B4B00221A608CF3C6
:100AA000108870BD0D005300991889006918FF2641
:100AB0008E71104A8A80E9E70F4B074A0F490848B0
:100AC00003F06CF83C0C0020240100D0AAAA00001E
:100AD00000ED00E02C7C0010847C00106E02000011
:100AE000D47A0010547C001071020000CD01001077
:100AF0008126002001BDFFFF607C00108202000003
:100B000000B583B00100064B009305230022054881
:100B1000FFF74DFD002801DB1F23181A03B000BDAD
:100B2000687C001085260020024B9C4661448900A9
:100B3000016070474000003410B50400FFF760FD0D
:100B400001002000FFF7F0FFFF232371BFF35F8F49
:100B500010BD10B50400FFF753FD01002000FFF7A2
:100B6000E3FFFF23237100236371BFF35F8F10BD89
:100B700010B50D4C09E00D4B0D4A1A210D4803F03C
:100B80000DF82000FFF7D8FF08340B4B9C4209D228
:100B90002368002BF5D0012BEDD12000FFF7D9FF02
:100BA0000834F2E710BDC04638150020F07C001074
:100BB000B87D0010107D001040150020034B9C46AE
:100BC000614489000160BFF35F8F704740000034CB
:100BD00010B504000120FFF721FD01002000FFF700
:100BE000EDFF10BD00040843704700000A4B1A686F
:100BF000EFF3108172B61368002BFCD0BFF35F8F48
:100C0000054B1B68BFF35F8F00221A6081F31088C9
:100C100040BF0020002170475C260020F0B5DE4672
:100C200057464E464546E0B585B0EFF305830322AF
:100C30001A4093469200AE4BD35898461B785B45BA
:100C400007D101235A4693401A000393A94B1A6017
:100C500012E1A94BA94A9221A94802F09FFF5B002B
:100C60004B44DB004246526992469A4453469E6882
:100C7000DF68A44800F092FB801BB941002900DA2C
:100C800004E1002F60DB53461C699F4B9C4244D01B
:100C900043460820185E5346598889B2FFF7A2FFE1
:100CA00053465969A04704000D0023002B434BD045
:100CB000002D3CDA30003900001BA9410090019161
:100CC0005346009801999860D96000255D5F002D1A
:100CD00000DADBE043465C696B005B19DB00E3187C
:100CE0009A68DB68801A9941002900DACEE0434611
:100CF0001D81474608370023FE5E002E1FDB75006E
:100D0000AD19ED006519009A019BA868E968121AEF
:100D10008B41002B13DB2F00EDE753465C6920006D
:100D20002369984700280FD065682468BDE7754897
:100D300000F034FB0019694100900191C0E753466F
:100D40001E804B463B80A1E0534600229B5E4246FC
:100D500013811269EFF3108372B611680029FCD079
:100D6000BFF35F8F42460221525E51460A804246DF
:100D7000494651801269BFF35F8F0021116083F3F0
:100D8000108883E043461A69EFF3108172B6136846
:100D9000002BFCD0BFF35F8F43469B881BB2994664
:100DA00001235B42424693801369BFF35F8F0022A9
:100DB0001A6081F3108818E026000023F55E002DEC
:100DC0000BDB6C006419E4003C19009A019BA068DD
:100DD000E168121A8B41002BEEDA4B4633806346F2
:100DE00000229B5E994663461D804B46002B53DBD9
:100DF00043465F694B465B004B44DB009C46BC446A
:100E00006346DC689B680093019446460836D4E745
:100E10000023424693714146083143460820185E3C
:100E200011E001225242D317A260E3604346082238
:100E30009B5E834206D00D80434608229B5E238042
:100E4000434618812800431C2AD043465A69430070
:100E50001B18DB00D418D55E63881BB2002BE0DBC7
:100E60002100EFE76B1C2BD1264800F097FA241ADB
:100E70008D41002D34DC31D0224B039A5A63434616
:100E800008229B5E9946002B00DBE8E643469B88E0
:100E90001BB2002B00DB75E743469B79002BB7D1D3
:100EA000434608229A5E002A1ADB53009B18DB0097
:100EB00042465269944663449C68DD68631CD1D005
:100EC000104B996A601A5A4604329200D3585B1A42
:100ED0009842C9D213000B4A9C50C5E7002CCBD0D6
:100EE00040BF05B0F0BCBB46B246A946A046F0BD27
:100EF000D82300203C700540CC7D0010B47E00104B
:100F0000F87D0010004005401D0C0010F8B5CE46DD
:100F1000474680B50600884691461F00C160FFF72E
:100F20006FFB1B4B9C466044800030614B46337026
:100F3000BBB27381D0221206127872700122524223
:100F40003281B2809B187380002406E0631E650026
:100F50002D19ED00726953530134BC42F6D34B4650
:100F60009A000C4BD65001244B469C4043461C62D1
:100F700009494846FFF704FC01214846FFF7D4FB26
:100F8000064941440C60C0BCB946B046F8BDC046F5
:100F900040000034D82300201D0C00103820000031
:100FA00010B5064B1B69002B01D0044810BD044B43
:100FB000044A6521044802F0F1FDC046840C00207B
:100FC000287E00109C7E0010F87D0010F0B5C6460B
:100FD00000B504000069EFF3108C72B601680029B7
:100FE000FCD0BFF35F8F0221665E7500AD19ED0086
:100FF000616988464544002E02DB0020295E61803D
:101000002169BFF35F8F002008608CF31088002EE9
:101010002EDB0699296107996961AA60EB606B88EC
:1010200001335B04590C002B00D101216980300091
:10103000FFF7D8FD2269EFF3108172B61368002B19
:10104000FCD0BFF35F8FA3882B80A6802369BFF3FA
:101050005F8F00221A6081F31088E36821780132E3
:101060008A4005498C4663441A6080BCB846F0BD8E
:1010700001204042F9E7C0463C20000070B582B034
:10108000060014001D0008AB1B78002B07D100F0F0
:10109000B7F922002B00121A8B41002B0ADB079BA9
:1010A0000193069B009322002B003000FFF78EFF78
:1010B00002B070BD0020FBE710B5030008145A8988
:1010C00090422FDA42001218D200586984466244D6
:1010D0001C69EFF3108C72B620680028FCD0BFF3B7
:1010E0005F8F508880B20904090C884212D000201A
:1010F0001A69BFF35F8F002111608CF310880028FC
:1011000011D0DA681B7801319940074B9C46624444
:10111000116008E00549084380B2508001229A71AD
:101120000120E5E7002010BD3C2000000080FFFF0B
:1011300040787047F0B585B006000F00EFF30583E7
:10114000002B1AD106246442E517A4197D418D4273
:1011500002D803D1844201D90024002500F050F9BF
:1011600022002B00121A8B41002B0BDC08D0300020
:10117000390000F057F905B0F0BD1C48FFF7D0F971
:10118000002AF4D0FFF70CFF002302930193184BC1
:10119000009322002B00FFF771FF002818DAE6E722
:1011A000002300E00023002BE1D1124B1A68EFF37B
:1011B000108172B61368002BFCD0BFF35F8F0D4B0C
:1011C0001B68BFF35F8F00221A6081F3108820BF75
:1011D000094B5B6A9D42E5D80749896AA14203D25F
:1011E0009D42DDD00123DEE70123DCE74C7E0010C9
:1011F000ED0B00105C2600200040054070B5040097
:101200000D0000F0FDF800196941002902DBFFF72D
:1012100091FF70BD012040420049F8E7FFFFFF7FCA
:1012200010B5FA2292000023002101F0E3FAFFF743
:10123000E5FF10BD70B584B005000C00EFF3058329
:10124000002B12D03E4B5B6A8B4209D33C4A926A18
:10125000824208D28B4201D0012002E0002000E04F
:10126000002004B070BD0120FBE7FFF799FEC168C4
:1012700003788A6A2E00A81A04339B005B589B1AD5
:10128000984212D320BF2E4B5B6A9C4209D82C4A4D
:10129000926A954207D99C4201D00120E1E70020E3
:1012A000DFE70020DDE70120DBE7FFF779FE002321
:1012B00002930193234B00932A002300FFF7DEFEE5
:1012C000051E0BDD1E4B5B6A9C421BD81C4A926AB2
:1012D00096422CD99C4213D0012314E0184B5B6A30
:1012E0009C4209D8164A926A964207D99C4201D07C
:1012F0000120B6E70020B4E70020B2E70120B0E704
:10130000002300E00023002B00D120BFFFF748FEA0
:101310002900FFF7D1FE0A4B5B6A9C420BD8084AB2
:10132000926A964209D99C4203D0012099E7012391
:10133000E9E7002095E7002093E7012091E7C04608
:1013400000400540ED0B001000487047004005408C
:1013500010B50B4B1B69002B04D00A210948FFF77D
:10136000E3FB10BDFFF7F0FF0400032100F00CF8D1
:101370001023032221000248FFF7C8FDEDE7C04615
:10138000840C00205C26002010B5024A0248FFF7BA
:10139000F5F810BDCC7E0010341F00200200436A17
:1013A000906A1900536A9942FAD17047416A00E085
:1013B000416A9942FCD300E0416A994202D1816AB4
:1013C0009142F9D37047F0B5C64600B58046140087
:1013D0001D00FFF7E3FF06000F0022002B0092190B
:1013E0007B41994202D804D1904202D90122524253
:1013F000D3174046FFF7DAFF80BCB846F0BD0000C7
:1014000010B50248FFF7CAFF10BDC04600400540B6
:1014100010B502000B000248FFF7D5FF10BDC04613
:101420000040054010B502000B000248FFF7BEFF68
:1014300010BDC0460040054070B5046BE30701D401
:10144000200070BD0B4BC3180B4A1A60456A826AB4
:10145000AD01AD18AD02062000F026F9074900F0F5
:101460008FFB0100280000F08BFB0021FFF7D0FF6D
:10147000E6E7C04630300000010300004E0E0000D9
:1014800070B504000E001500FFF7D6FFE16A4E406C
:101490003540024BE3181D60206370BD2C10000026
:1014A00070B505000C00062000F0FEF8C000210019
:1014B00000F066FB0130C60907D00E4B9E4215D8DE
:1014C000400834003F26064000E001246C62AE6212
:1014D000002200212800FFF7D3FF062000F0E4F8E7
:1014E0008000A101891900F04BFB70BD0026024C61
:1014F000ECE7C046FEFF0000FFFF0000002909D016
:101500000A22064B9C466044434258414000044B2B
:10151000C252704780225200F3E7C0460080FCBFF1
:101520006826002070B505000C00062000F0BCF80D
:10153000002828D0164B9D4226D016220123934026
:10154000144A1360124B9D4220D0162301229A4068
:10155000114B1A60114B1B6811009943FAD10021FD
:101560002800FFF7CBFF21002800FFF799FFEB6A67
:1015700070225A407E231340094AAA181360094B6F
:101580002B630323AB6470BD1722D7E71723DDE776
:101590000080034000E0004000F0004008C0004030
:1015A0002C10000001030000F8B5D646474680B570
:1015B00006000D001700984644002418A400294B8B
:1015C0009C4664446368089A934200D26260331F69
:1015D000DBB29A46012B2ED980221201C0239B0137
:1015E000E3181A60B300204A9958002907D05069BF
:1015F00000F0C6FA431C5800C0180338FDD27F0122
:1016000022685740E022174080235B01E3181F60E7
:101610005246012A1AD980239B01E3188022120125
:101620001A60089B6360B6000F4B4246F250C0BC84
:10163000BA46B046F8BD012DCED10322C0239B018E
:10164000E3181A60A368DB07FCD5D8E72168694076
:1016500003220A401A60A3680122AA401A42FAD063
:10166000D9E7C04600800040381F0020F0B583B0A5
:1016700005000E0017001800089900F081FA030019
:10168000089A140200943A0031002800FFF78CFFFA
:1016900003B0F0BD10B582B0802464000094FFF761
:1016A00083FF02B010BD00008000014BC05870479E
:1016B000381F0020F0B5C64600B504000E00170024
:1016C0001D00364800F05CFA8046354BFA18354B61
:1016D0009A4238D80100380000F052FA0200103A5D
:1016E00098235B009A4234D86B1E062B37D8069B92
:1016F000013B062B33D83F09474536D32D04069BC3
:101700001A0315432368002B35DB274B9C4243D03B
:101710000C2301229A40254B1A60254B1A60254B59
:101720001B6811009943FAD12660A060224BE21891
:10173000212313602368002BFCDAE5600823136083
:1017400080BCB846F0BD1D4B1D4A11211D4802F05A
:1017500025FA1D4B1A4A19211A4802F01FFA1B4B91
:10176000174A1C21174802F019FA194B144A232171
:10177000144802F013FA22683F231340B342C4D145
:10178000A3681B051B0D8342BFD1E368EE22D20282
:101790001340AB42B9D1D3E70D23BAE7001BB70022
:1017A00080E84BD380F8A93200C0024000E000403E
:1017B00000F0004008C0004004300000F07E00103F
:1017C000F87F0010407F0010747F0010907F0010A1
:1017D000DC7F0010024B1A68024B5A607047C0460B
:1017E000C02300200080054010B5184B8022D20590
:1017F0001A60174B174A1A6000290AD0164BE022CC
:10180000D2041A60002809D1134B802212061A60F4
:1018100010BD0E4BE022D2041A60F3E74201121A07
:1018200093001B18DB000D4A13605B0013608022DD
:101830005204934202D3094B094A1A60FFF7CAFFC8
:10184000054B8022D2051A60E2E7C04600B0054091
:1018500008200140FCFF010000A00540C02300203B
:10186000FFFFFF0010B5030010000C4A8024E405C0
:101870001460002B0DD001221343094A094CD46196
:10188000094C5C401462516293620021FFF7ACFF87
:1018900010BD034B0022DA61F7E7C04600B00540F7
:1018A00000800540D3C007B02D3FF84F80239B0038
:1018B0000B43014AD36270470080054010B5010018
:1018C00018231B8814221088984710BD10B50100FA
:1018D00018231B8816221088984710BDF0B5C646FD
:1018E00000B507000E0000250123984600E00135F1
:1018F000B5420AD2AC003C192068FFF7DFFF206038
:101900000028F4D100239846F1E7404680BCB84651
:10191000F0BD000070B504000D000648FFF7CEFFD3
:101920000300002C03DB0120A04029009847002081
:10193000FBE7C04655420000064BAA2212011A607E
:101940002F22DA60044B054A1A60024B5B68002BB9
:10195000FBDA7047004002400060024000B0FA002D
:1019600010B5040001E008CC9847024B9C42FAD322
:1019700010BDC046947900107047000010B50248B1
:10198000FFF7EEFF10BDC04658790010054B064A20
:101990001A60064B064A1A60064B1A68044B9343BA
:1019A000FAD1704700E00040BFCDFBFE00F00040E0
:1019B000FE7F3C0008C00040044BDB6C002B03D1D1
:1019C000034B8022D2021A607047C04600001150BB
:1019D0004C201150044B054A1A60054B1B68DB4331
:1019E000DB01FAD17047C04600F00040FFFFFF0165
:1019F00008C00040034B40229A675A671A67DA66AC
:101A00007047C04600F0014010B5FEF717FE10BD4C
:101A100070B5044CA168044DC022280000F0DAFF24
:101A2000A56070BD00ED00E00000002070B504204E
:101A3000FFF73AFE064900F0A3F805000024002C49
:101A400000DD70BDE0B22900FFF730FF0134F6E79A
:101A500040420F0030B583B0274B00229A67FFF752
:101A60006BFF264B01221A60234B5B6C012BFBD1D1
:101A7000234B03221A60204B9B6B012BFBD10133BC
:101A8000009304331F4A01211F48FFF713FE05236B
:101A900000931E4A01211E48FFF70CFE1D4B002239
:101AA00002210420FFF7F6FD1B4D2B00002201212F
:101AB0000520FFF7EFFD194C23000022002107202D
:101AC000FFF7E8FD2300002200210820FFF7E2FDD8
:101AD0008023DB0000932300002200210920FFF770
:101AE000C5FD2B00002200210620FFF7D3FDFFF7E4
:101AF0009DFF03B030BDC046008000403CB00040B8
:101B000030B00040002F685900800240008C8647AA
:101B100000C00240001BB70040597307006CDC0294
:101B200001480421014B1847A00C0020DD180010CB
:101B3000124A936F9B0815D29066D166002905D092
:101B4000FFE7FFE7FFE7516F106F704704B5802193
:101B50000906C2175140002800D0C84305F0A4FE72
:101B6000002104BDF0B5146E556E576F166FFFF768
:101B7000E3FF1466556657671667F0BD000000D096
:101B8000114A936F9B0813D210665166002905D045
:101B9000FFE7FFE7FFE7516F106F704704B50028BC
:101BA00001D00020C04305F07FFE002104BDC046E7
:101BB000F0B5146E556E576F166FFFF7E5FF14669C
:101BC000556657671667F0BD000000D094464A4A34
:101BD000926F9208624601D228E0C046F0B5464EA8
:101BE000346E756E776F366F00F020F89446424A77
:101BF00014665566576716676246F0BD94463E4ABE
:101C0000926F9208624601D254E0C046F0B53A4E57
:101C1000346E756E776F366F00F04CF89446364A26
:101C200014665566576716676246F0BD002B24DBC5
:101C300011D000293EDA00B5C943404200D101313C
:101C400000F038F8C943404200D10131DB43524231
:101C500000D1013300BD002AEBD1002801D10029B9
:101C600005D00020C90FC90701D1C043410800B504
:101C700005F012FE0022002300BD00B500290ADB9A
:101C8000DB43524200D1013300F014F8C943404213
:101C900000D1013100BDC943404200D10131DB43D5
:101CA000524200D1013300F005F8DB43524200D12B
:101CB000013300BD002923D1002B18D1002A0CD0FC
:101CC000BC460D4F38667A6600210023FFE7FFE728
:101CD000FFE77A6F386F67467047002801D00748E2
:101CE000010000B505F0D8FD0022002300BD020070
:101CF0000B00002000217047000000D0FFFFFFFF15
:101D0000002B00D0BFE0130C28D1002AE7D080B40C
:101D1000114F39667A66FFE7FFE730B4040C7B6F3A
:101D2000396F1B0423433B667A66FFE7FFE7FFE753
:101D3000C04684B27B6F3D6F1B0423433B667A66CB
:101D4000FFE7FFE7C04600232C042D0C7A6F386FA5
:101D500000196941B0BC7047000000D0F0B594464E
:101D60000025140E01D112020835140F01D1120101
:101D70000435940F01D192000235D40F01D15200E5
:101D80000135D40B0134254F7C66254C3C660E0C86
:101D900093B2FFE7FFE7FFE73C6F6643360C77033C
:101DA000BE467343DF0B5B04C01AB941130C734387
:101DB000DB18C91ACE086643360CB64493B2734397
:101DC0001F0F1B01C01AB941130C73431F0B1B05D6
:101DD000C01AB941860D8F023E436643360C092D69
:101DE00024DB520A7243801A7703460A6643360C94
:101DF00016235B1BDE40DF40BF1964466643821B2F
:101E00007046043506330100D940A840C01900D3FC
:101E10000131A24206D20023F0BD0000000000D034
:101E2000FFFFFFFF121B0130F3D3F1E709277F1BF0
:101E3000FE406446A2B27243801A00D20139220CDD
:101E40007243130C1204821A99410B007046043538
:101E500013370100F940A840801900D30131002B4D
:101E600002D1A2420AD2F0BD013000D30131121BCF
:101E7000FAD2013BF8D1A24200D2F0BD013000D32A
:101E80000131121BF7E7F0B51C0C00D080E00CB458
:101E900000251C0A04D11B02160E3343120208351A
:101EA0001C0B04D11B01160F3343120104359C0B8C
:101EB00004D19B00960F334392000235DC0B02D114
:101EC00092185B4101351C00971864410134464F5C
:101ED0007C66464C3C660E0CFFE7FFE7FFE7C0461A
:101EE0003C6F6643360C7703BE4697B27743C01B00
:101EF00000D20139C01B00D201399FB27743C91B00
:101F0000C91B170C77437E04FF0B801BB941CE0819
:101F10006643360C0C2D33DBB644120B1F053A43D7
:101F20001B0B97B27743C01B00D201399FB2774396
:101F3000C91B170C77433E043F0C801BB941860D2B
:101F40008F023E43664329277F1BFE400C3D7746A8
:101F5000AF40BF1930BCA2B2ABB272437343801A18
:101F60009941220C7243130C1204801A9941020009
:101F70000B000137001BA941F9D2781E0021F0BDEA
:101F80000C277F1BFE4077467F0BAF40FF19E0E731
:101F900000245D1C07D0144F7D663966FFE7FFE71C
:101FA000FFE7FFE73C6F95B29EB265436643401B77
:101FB000B141150C1E0C6543664336042F0C3E439D
:101FC0002D04401BB141994204D202000B002000B5
:101FD0000021F0BD01D19042F7D3801A994101341C
:101FE0009942F2D3F6E70000000000D0FFFFFFFFA8
:101FF00048404140484018B41B4B5B68FC46019385
:1020000008BD04DFC722001018B4174B1B68FC463C
:10201000019308BD00DFD12200109446134A926F4D
:10202000920809D2624618B40F4BDB68FC46019354
:1020300008BD0CDF892500100C4AF0B5146E556EF2
:10204000576F166F6246FFF7EEFF084A1466556633
:1020500057671667F0BD18B4034B9B68FC460193A5
:1020600008BD08DF2D24001058240020000000D0F7
:10207000FFB550404240504059404B40594000E06D
:10208000FFB5154F4C00640D03D0BC4204D10C03C6
:1020900014D80020090D09055C00640D03D0BC4272
:1020A00004D11C030AD800221B0D1B0501264B403E
:1020B00009D44B4003D58B4200D18242FFBD9942E7
:1020C000FCD19042FFBD0B43DB1803431343F5D013
:1020D000C9434918FFBD0000FF07000000B5FFF726
:1020E000CFFF804100BDC04600B5FFF7C9FF01D951
:1020F000002000BD012000BD00B5FFF7B9FF01D9E8
:10210000002000BD012000BD00B5FFF7B1FF8041F8
:1021100000BD012040054A00121804D85A001218C8
:1021200001D80020704701207047000000210028DE
:1021300005D17047C1174840401AFAD0C90713B5F6
:10214000064B1B6898470CBC441CA2401005120BA0
:102150000349091B09051943114310BD58250020E7
:102160001F04000010B54C00620D8023D218DB0064
:10217000D21A5B057E2A10DD9E3A13DACC170903CA
:10218000490819435242D140640001341532202AD3
:1021900005DAD0400843604310BD002010BD08465A
:1021A000604310BDC80FC018013810BD18B4044BEF
:1021B0005B6AFC46019308BD24DF3927001000004C
:1021C0005824002070B513231C78012C14D0012C46
:1021D00014DC022C02DC1F4A1F4B9A641F48FFF7D5
:1021E0006DFB1F4B186070BD99001A481A4A885041
:1021F00001331F2BF8D9EAE70023FAE71948FFF764
:1022000065FB05001848FFF761FB023803789B0067
:102210007F2B19DD802229000F4800F0DBFB022C08
:10222000D7D1124B1A88B5231B029A4209D1104B01
:102230001A88104B9A4204D10F4B1A880F4B9A42BE
:10224000C7D00020FEF76CF90D4B0E4A33210E4823
:1022500001F0A4FC8D220010582400204C33000013
:102260005825002053440000534600005438000015
:10227000D8380000494600009C380000594600004C
:1022800004800010908000104880001007B5604660
:10229000002800D100BE01880A0A0230DF2AFAD1E4
:1022A000C9B2820804D3028840880004104300E0C9
:1022B0000068024A5050039007BD000058240020D7
:1022C0000FB403BC0CBCF0B50124E407634000E08C
:1022D000F0B50C0DCF0F661E3605891B640503D3C0
:1022E000C943404200D30131640D03D0661CF60A95
:1022F00007D0E41B00207F00791C89078912803CED
:1023000024031D0DDF0F6E1E36059B1B6D0503D3C9
:10231000DB43524200D301336D0D03D06E1CF60A2D
:1023200007D0ED1B00227F007B1C9B079B12803D8A
:102330002D032F1B661B58D4A446202E46DA2037C7
:102340001400BC401D00BD40F24033412A438018B8
:102350005941CB0F05D0C943C043002264425041CC
:10236000514162464D0D28D10D0D07D100281FD0D7
:10237000241940414941013A0D0DF9D0640006D3BA
:10238000013000D30131002C01D140084000013A56
:102390000BD4941CE40A04D112051144DB07194440
:1023A000F0BDD907204B194300E0D9070020F0BD4C
:1023B0000029DDD1002CDBD1F0BD0132C607400879
:1023C000CD0728434908002EE1D0D9E73C2E29DA71
:1023D000203E40371400BC4000D00124F24014439A
:1023E0001A00BB401C43D317ACE7AC46202F08DAD9
:1023F00020360400B4400D00B540F8403941284370
:10240000A5E73C2F0CDA203F40360400B44000D052
:102410000124F84004430800B1400C43C117EAE727
:1024200010001900002494E70000F07FF0B50C0DB7
:10243000661E3605891BE60A6405640D02D0651C1C
:10244000ED0A04D0002001210905803C2403A446A4
:102450001C0D671E3F05DB1BE70A6405640D02D0F7
:10246000651CED0A04D0002201231B05803C2403D7
:102470007740644497B484B296B27443070C7E43A9
:10248000150C6F4380B26843361802D30120000454
:102490003F183004350C00197D41844688B29AB249
:1024A00050430C0C62431F0C7C438EB27E43921946
:1024B00002D301263604A4191604170C36186741F6
:1024C00001BC81B29AB25143040C62431B0C5C43C1
:1024D00080B25843121802D30120000424181004BB
:1024E000130C401863412D185E410020474106BC83
:1024F00088B293B258430C0C6343120C544389B214
:1025000051435B1802D301210904641819041A0C01
:10251000091862416D1856410020474118BCF90264
:10252000720D1143F0026A0D1043ED020A0D03D142
:102530006D1940414941013B124E9B1B7600B3424D
:102540000ED26D0007D30130002671416646354337
:1025500001D1400840001B05C918E4072144F0BD23
:102560000BDA013306D1013004D101314F0D01D016
:102570004908F2E7E1070020F0BD013631050020EF
:10258000EBE70000FF030000F0B51C0D671E3F05E0
:10259000DB1BE70A6405640D02D0661CF60A04D052
:1025A000002201231B05803C2403D0252D06002694
:1025B000F6432E661E096E66CE0FF619B446490024
:1025C0004F0D02D07E1CF60A03D000200021403FB0
:1025D0003F033E1BB600B444013F7F05C91B4908B9
:1025E0002E6F013676089C02950D25437543ED1339
:1025F0007543AD1301356D10F603761B0CB4CC0298
:10260000450D2C43A2B2B3B25A43270C7B43350C81
:102610006F43A4B26C431B1902D3012424043F1955
:102620001C041D0CA4187D4124196D41009A91B21F
:10263000ACB26143170C7C432B0C5F4392B25A43FC
:10264000A41802D301221204BF182204230C52182A
:102650007B41019C6C431B19520ED9010A43440172
:10266000A01A81B2B2B2514303145A43360C7343D9
:1026700087B27743D617D21900277E4136049B19BB
:102680001704160C7F185E417316ED18F30100262F
:1026900080337541A90F06D16400690AE8055B0A19
:1026A000184309D22FE00422944480337541A90ACB
:1026B000A8059B0A184326D3404149412404009AA7
:1026C000019B0D005543641B4343E41A95B286B247
:1026D0007543170C7E43030C5F4392B25A43B618FE
:1026E00002D301221204BF183204330C52197B4169
:1026F00052429C41002C02D400220130514140083A
:10270000CA071043490802B06246D7079210084B27
:10271000D218084B9A4203D212058918C919F0BD84
:102720000020002A01DC3900F0BD01331905F5E76E
:10273000FD030000FE070000002200B5203200F07B
:1027400004F8080000BD000000220B150AD410B5E3
:10275000944600F031F81414013400DA0021CB174C
:10276000144C20470020002170476244343A0CD4B6
:102770000C2A07DA04009140904052422032D440A3
:10278000214310BDD843D94310BD203207D40C4695
:102790009440524220321141D040204310BD0800E5
:1027A000C917203203D452422032104110BD180004
:1027B000190010BD6B2700100A0DCC0F531E1B050E
:1027C000C91A520503D3C943404200D30131520D07
:1027D00003D0531CDB0A07D0121B00206400611CCD
:1027E00089078912803A1203014BD21A7047000000
:1027F000FF03000051434343C9188C46110C83B2B8
:102800004B4310B4040C614392B280B25043624314
:102810001C041B0C001910BC59411304120CC018E5
:102820005141614470470000484041404840002306
:102830009C46114B5B68184700239C460E4B1B6857
:1028400018470E4A936F9B0804D200239C460A4BFC
:10285000DB681847F0B5146E556E576F166FFFF7AB
:10286000F4FF064A1466556657671667F0BD0023E5
:102870009C46014B9B6818475C250020000000D057
:1028800070B513231D782A48FFF720F80400012DA6
:1028900011D0012D09DDA31E1B789B007F2B40DD8D
:1028A00080222100234800F095F82348FFF706F81E
:1028B000224B186070BD542201001E4800F08AF8B7
:1028C0001F4B1A881F4B9A421CD1A7239B011A88C1
:1028D0001D4B9A4216D11D4B1A881D4B9A4211D19D
:1028E0001C4B1A8894239B019A420BD11A4B1A88CD
:1028F0001A4B9A4206D11A4B1A681A4B9A4201D1C6
:10290000152307E01848FDF70BFE99001748094A00
:10291000885001331F2BF8D9144A064B1A62DA612A
:10292000B7E7134B134A4221134801F037F9C04669
:10293000534600005C2500204C3300005825002041
:10294000EE290000C40F0000C20D0000962B00000D
:10295000C0B50000182B0000CC2A000010B5000004
:10296000FC2C000051ED87641C8400107D290010B0
:10297000A48000101C810010D880001007B56046AC
:10298000002800D100BE01880A0A0230DF2AFAD1ED
:10299000C9B2820804D3028840880004104300E0D2
:1029A0000068024A5050039007BD00005C250020DB
:1029B00010B504F099FD10BD01480421014B1847E2
:1029C000B00C0020DD180010014B1B6818470000F8
:1029D000B00C0020014B5B6818470000B00C0020D1
:1029E00010B5FFF7E5FF10BD9A4200D2885470473A
:1029F000704710B5002802D00B684968984710BD91
:102A00000100002007E083001B185B00501C0860D9
:102A10001078C01830380A681378303BDBB2092BC5
:102A2000F1D97047F0B5DE4657464E464546E0B50B
:102A300083B093461F000C9B9A460D9C0E9B9946B3
:102A40000F9B9B0703D0B8460F00060022E00192BF
:102A5000A34688464E46B9460700B44207D2551CE5
:102A60004B4641462020B84701342A00F5E73D0097
:102A70004F465C46019B9B46B1464646B8463700EA
:102A80002E0007E0013C551C5346185D43463900B3
:102A9000B0472A00002CF5D135003E0047460F9B79
:102AA0009B0707D4100003B0F0BCBB46B246A94652
:102AB000A046F0BDB0464E46B9462F005D46531BBA
:102AC000B342EFD2541C4B4641462020B847220067
:102AD000F5E7F0B5CE46474680B585B094469846B2
:102AE0000C9D0D9C0EAB1B789946109A119B129E63
:102AF000B7071CD4002B0CD0F7070AD54F46002F80
:102B000002D10C37374204D0013B02E030272F5569
:102B10000134944201D21F2CF8D9F70707D59C4203
:102B200005D21F2C03D830272F550134F5E7F706BF
:102B300015D5770505D4002C03D0944224D09C42AF
:102B400022D00F9A102A2BD00F9A102A30D00F9A29
:102B5000022A35D01F2C02D830222A5501341F2CCE
:102B600005D84A46002A31D02D222A550134039631
:102B700002930194009543466246FFF753FF05B068
:102B8000C0BCB946B046F0BD621E012C06D00F9FF6
:102B9000102F01D01400D4E7023CD2E71400D0E794
:102BA000B206D1D41F2CCFD878222A550134D1E7D0
:102BB000B206CCD51F2CCAD858222A550134C9E7F1
:102BC0001F2CC7D860322A550134C3E7720703D5DA
:102BD0002B222A550134CAE73207C8D520222A55AC
:102BE0000134C4E7F0B5DE4657464E464546E0B5EB
:102BF00093B081468A46089209931CAB10CB1B7890
:102C00009B461E9D219B9846002C03D110234246D3
:102C10009A4390468023DB0046461E4042461A42B5
:102C200012D0002C22D000260EE03033D9B2771C0F
:102C30000AAB995529002000FEF7A2FFAC4216D33B
:102C40001F2F14D83E00040029002000FEF798FF33
:102C5000CBB2092BE9D94246920605D54121C918C4
:102C6000C9B20A39C9B2E2E76121F8E72700434651
:102C70000693209B05931F9B049303955B46029349
:102C800001970AAB0093099B089A51464846FFF703
:102C900020FF13B0F0BCBB46B246A946A046F0BD2B
:102CA000F0B5DE4657464E464546E0B595B008902D
:102CB00009910A920B931E9E1F9C20AB1B789B468A
:102CC000229B9946239D269B9A463300234303D19A
:102CD000103352469A4392468023DB0057461F40EA
:102CE00052461A4219D0330023432DD0002714E056
:102CF0003033DAB27B1C98460CABDA554A462B00CF
:102D000030002100FEF77AFFA5421FD819D04346B4
:102D10001F2B1BD8474606000C004A462B003000EC
:102D20002100FEF76BFFD3B2092BE1D95246920680
:102D300005D54122D218D2B20A3AD2B2DAE76122DC
:102D4000F8E7B145E3D901E00023984653460693DE
:102D5000259B0593249B04934B4603935B46029368
:102D6000434601930CAB00930B9B0A9A0999089870
:102D7000FFF7AFFE15B0F0BCBB46B246A946A04671
:102D8000F0BD0000F0B5DE4657464E464546E0B57C
:102D900091B083468A460C9298461A9C08941B9DD3
:102DA000099522002B0020002900FFF7B2F9002826
:102DB00000D0E5E001225242D74B20002900FFF766
:102DC000A3F9002800D0DBE001225242D34B2000BF
:102DD0002900FFF783F9002800D0D1E0002200236A
:102DE000089E3000099D2900FFF778F9002800D0DF
:102DF000DDE008980999069007918023DB001E9A70
:102E00001A400D921E9A1A4201D106231C9306986D
:102E1000079904000D000A000600024300D1D1E02A
:102E2000080D4005400DBE4CA44660440A03120B39
:102E3000BC4B13431F00FFF77DF9BB4ABB4BFFF7A9
:102E40000AF9BB4ABB4BFFF7DFF804000D00002274
:102E5000B94B30003900FFF7CEF8B84AB84BFFF74E
:102E6000FAF802000B0020002900FFF7CDF8FFF769
:102E700079F98146FFF75EF904000D00B14AB24BC3
:102E8000FFF7E9F80022B14BFFF7BEF8FFF76AF948
:102E90000600AF4AAF4B20002900FFF7DCF8040022
:102EA0000D003000FFF746F9AB4AAC4BFFF7D3F803
:102EB00002000B0020002900FFF79DF804000D0020
:102EC00002000B00FFF7C7F80A900B91A44BF31810
:102ED00000261F0522002B0020002900FFF794F890
:102EE0000E900F9122002B0000208021C905FFF7D2
:102EF00082F804000D0000229A4B0A980B99FFF704
:102F00008CF80022984BFFF77FF802000B000A981C
:102F10000B99FFF782F80022944BFFF775F8020037
:102F20000B000A980B99FFF778F802000B002000BD
:102F30002900FFF769F802000B000E980F99FFF7C0
:102F40006CF80022774BFFF75FF832003B00FFF789
:102F500082F806000F0004000D00069A079BFFF799
:102F6000D3F8002830D001235B429C46E144002284
:102F70007D4B30003900FFF750F804000D0023E0CE
:102F80001E9B04931D9B03931C9B0293089A099B11
:102F90000092019343460C9A5146584600F0FCF8C3
:102FA00011B0F0BCBB46B246A946A046F0BD002316
:102FB000002406930794069680231B069C466544CE
:102FC00007951AE7002399464B466333C62B1ED854
:102FD00004261E9B1B0526D52B0023430FD0644AD5
:102FE000644B06980799FFF787F8002879D00022EC
:102FF000614B06980799FFF771F8002871D01C9B68
:103000004B4506DD4A46981A431E1C9303E00526ED
:10301000DFE700231C938023DB001E9A1A431E92D5
:103020000026002399461D9B9E4264D29F1B0223CB
:103030001E9A1A400A921E9A134202D0002E00D005
:1030400000274B46002B07D022002B00069807993B
:10305000FEF7E3FF069007910022002308980999E4
:10306000FFF73CF8002848D1444B1E9A13400493C4
:1030700003971C9B0293069B079C00930194434675
:103080000C9A5146584600F087F8002E00D187E789
:103090001E9B9B063DD54525441C434602005146D8
:1030A0002800D8474B46DA179B1853400522059253
:1030B000013E0496002203920A3202924A46D00F41
:1030C000019000934346220051465846FFF78AFD7F
:1030D0000A9B002B00D163E702005F460C9E1D9DFA
:1030E00054E01C9B002B9ED00D9B002B9BD01C9B67
:1030F000013B1C9397E7002799E7069C079D220058
:10310000290080200006844661440B000692079344
:10311000AAE76525C0E7C046FFFFEF7FFFFFEFFF8F
:1031200001FCFFFF0000F03FFB799F501344D33FA9
:10313000B3C8608B288AC63F0000F83F61436F63C5
:10314000A787D23F71A379094F930A400000E03F5F
:103150001655B5BBB16B0240EF39FAFE422EE63F81
:10316000FF03000000002C40000024400000184035
:103170002D431CEBE2361A3F80842E41FFF7FFFF00
:10318000541C434651462020B8472200931BAB42B3
:10319000F6D3100004E7C046F0B5DE4657464E466B
:1031A0004546E0B595B00690079193469946209F15
:1031B0001E9A1F9B10001900FEF7ABFF002831D1AB
:1031C00001225242BF4B1E981F99FEF787FF00282D
:1031D00037D101225242BC4B1E981F99FEF794FF33
:1031E00000283DD10022B94B1E981F99FEF78CFF95
:1031F000002850D10022B64B1E981F99FEF76EFF93
:10320000002848D1002200231E981F99FEF766FF70
:10321000002850D100239846229B5B0500D4B6E0DD
:10322000002458E0229B0393219B029303230193E4
:10323000A84B00934B465A4607990698FFF7F2FBB6
:103240000EE1229B0393219B029304230193A24B43
:1032500000934B465A4607990698FFF7E3FBFFE0B9
:103260000423229A1A4022990B4210D09B4B002A29
:103270000FD0042222990391219902910192009387
:103280004B465A4607990698FFF7CCFBE8E0944B6B
:10329000EDE70322EEE7229B0493219B0393029721
:1032A0001E9B1F9C009301944B465A460799069813
:1032B000FFF768FDD4E01E9A1F9B00200021FEF757
:1032C0009AFE1E901F9101239846A5E70CAB302271
:1032D0001A55013F01341F2C01D8092FF6D81E982A
:1032E0001F99FEF73FFF0500FEF724FF02000B00C9
:1032F0001E981F99FEF77FFEFA007A4B9B181A68FA
:103300005B680A920B93FEF7A6FE08900991FEF700
:103310004DFF0600FEF70AFF02000B00089809990E
:10332000FEF769FE0890099100226F4BFEF7ECFE54
:1033300000282ED001363000FEF7F8FE02000B0008
:103340000A980B99FEF7D0FE002801D0013500261F
:10335000002F2CD12800FEF7EDFE02000B001E9876
:103360001F99FEF748FE06000F0000225E4BFEF795
:10337000B5FE002846D100225B4B30003900FEF735
:10338000C3FE00283ED1EB073CD501353AE00627C5
:1033900046E70022544B08980999FEF79FFE002843
:1033A000D6D1002E01D0F307D2D50136D0E7AA46F8
:1033B0001F2C11D8013F0A213000FEF7E1FB651CEC
:1033C00030310CAB19550A213000FEF7D9FB092E1C
:1033D0000ED906002C00EBE755461F2C0CD87B1E9F
:1033E000002F09D00CAA302111551F000134F4E739
:1033F0002B0055461C00F0E71F2C03D80CAB2E22E7
:103400001A5501341F2C10D80A212800FEF790FB12
:10341000661C30310CAB19550A212800FEF788FBD9
:10342000051E01D03400EDE734000323229A134037
:10343000012B1CD01F2C06D84346002B32D00CABDE
:103440002D221A550134229B0393219B0293019450
:103450000CAB00934B465A4607990698FFF7E2FAE1
:1034600015B0F0BCBB46B246A946A046F0BD219BB4
:10347000002B13D04346002B02D10C3313420FD044
:10348000219B013B2193190003E00CAB30221A551C
:1034900001348C42CED21F2CF7D9CBE72199F8E723
:1034A0002199F6E7229B5B0704D50CAB2B221A551A
:1034B0000134C8E7229B1B07C5D50CAB20221A5547
:1034C0000134C0E7FFFFEFFFFFFFEF7F65CDCD4188
:1034D00065CDCDC1D0810010D4810010C88100100D
:1034E000C4810010C08300100000E03FF0B5DE464C
:1034F00057464E464546E0B593B082468B469046C9
:103500001193002900D1EBE200275546119B187852
:10351000002800D1E7E2252809D07C1C43463A0068
:103520005946A847119B013311932700EEE7013359
:1035300011930024119A11780B00203BD8B2102867
:1035400003D88300D048C3589F460B00303BDBB202
:10355000092B2CD92A292FD000230A93119B1A78E2
:103560002E2A39D000239A46119A1378683BD9B293
:10357000122976D88B00C549CB589F4601231C439E
:1035800001321192D6E702231C4301321192D1E796
:1035900004231C4301321192CCE708231C4301325F
:1035A0001192C7E710231C4301321192C2E711A800
:1035B000FFF726FA0A90D1E71C9B1A1D1C92186887
:1035C000002804DB0A90119B01331193C6E7022304
:1035D0001C4343420A93F6E78022D20014435A1C4C
:1035E00011925A781300303BDBB2092B04D92A2AF6
:1035F00007D000239A46B7E711A8FFF701FA8246E1
:10360000B2E71C9B1A1D1C921868002804DB824636
:10361000119B01331193A7E70020F8E780235B009B
:103620002343511C119152786C2A01D01C0018E0E0
:10363000C0239B001C430131119112E080232343DE
:10364000511C11915278682A01D01C0009E0C02356
:103650001C430131119104E080235B001C430132C3
:103660001192119B18780300253BDAB2532A00D936
:103670002CE29300864AD3589F4680239B001C432C
:1036800001321192EDE780235B001C43013211925D
:10369000E7E7782809D0582838D06F2838D0622832
:1036A00038D010239C430A2600E01026582833D037
:1036B000692803D0642801D00C229443630501D506
:1036C0000122944369282AD0642828D0A30500D574
:1036D0009FE0E30500D5B8E0630600D4CAE01C9A79
:1036E000111D1C911168FF220A4005940A9B049346
:1036F00053460393029600230193009243463A00F7
:1037000059462800FFF76EFA070027E01026CDE79C
:103710000826CBE70226C9E720221443C8E7A30501
:1037200020D4E30550D4630666D51C9A111D1C9164
:103730001168FF220A40D317D118594005940A9BFB
:103740000493534603930296D20F0192009143468D
:103750003A0059462800FFF745FA0700119B01334C
:103760001193D3E61C9BDA1D07218A43110008310F
:103770001C91116853689C46DB170C930D930C9AAF
:103780000D9B100048400E90624653400F930E98D8
:103790000F990C9A0D9B801A99410E900F910894E5
:1037A0000A9B0793534606930496002305936346AA
:1037B000DA0F02920090019143463A0059462800E0
:1037C000FFF76EFA0700C9E71C9A111D1C911268D9
:1037D000D317D118594005940A9B04935346039379
:1037E0000296D20F0192009143463A0059462800B2
:1037F000FFF7F8F90700B1E7230605D51C9A111D5C
:103800001C910023D25E96E71C9A111D1C91126830
:1038100091E71C9BDA1D07218A43110008311C9196
:1038200008940A9B07935346069304960023059336
:103830000293136854680093019443463A00594632
:103840002800FFF72DFA070088E71C9A111D1C912C
:1038500005940A9B04935346039302960023019315
:103860001368009343463A0059462800FFF7BAF917
:10387000070073E723060DD51C9A111D1C911268D1
:103880001204120C31E7C046DC81001020820010C7
:103890006C8200101C9A111D1C91126825E74628A5
:1038A0001AD01C9B0733072293431A0008321C923C
:1038B00004940A9A0392524602925C681B68009331
:1038C000019443463A0059462800FFF765FC07007B
:1038D000119B0133119319E620231C43E1E767286C
:1038E00001D0472802D180231B011C43452801D069
:1038F000472801D120231C431C9B073307229343F5
:103900001A0008321C9204940A9A039252460292B8
:103910005C681B680093019443463A0059462800AE
:10392000FFF730FA0700119B01331193EEE50223F4
:103930001A002240924623421FD001241C9B1A1DCC
:103940001C927A1C9146187843463A005946A8477B
:103950005346002B16D1119B013311934F46D5E5E9
:10396000561C434659462020B847230032005C1CB1
:103970009D42F5D83D001700E0E701233A002F00F3
:103980000A9DF4E74A46A9460A9D06E0571C4346AD
:1039900059462020C84734003A00661CA542F5D895
:1039A0004D469146D7E71C9B1A1D1C921B689946F1
:1039B0005346002B00D1013B4E4601E00136130077
:1039C0003278002A02D05A1E002BF7D14B46F21A49
:1039D00010928023DB0026001E401C4203D052457B
:1039E00001D95346109302231A0022400B9223421E
:1039F00005D03A0037004C46A946554620E03A002B
:103A0000109B5F46B3462E0006E0551C4346390026
:103A10002020B04723002A005C1C0A999942F4D860
:103A200035005E46BB46109437004C46A9465546C5
:103A300006E01D000134561C43465946C847320073
:103A40002078002804D0002FF4D06B1E002DF0D178
:103A500017004D460B9B002B03D1119B0133119393
:103A600054E50A9F109B06E0561C43465946202009
:103A7000A847230032005C1C9F42F5D81700ECE7F2
:103A800021231C431C9B1A1D1C921B680093059448
:103A900008230493534603931023029300230193B6
:103AA00043463A0059462800FFF79CF80700119B4F
:103AB000013311932AE57C1C43463A0059462520E0
:103AC000A847119B0133119327001FE57C1C434637
:103AD0003A005946A847119B01331193270015E579
:103AE0000A4B9A4610E5AA46474502D343465A1E5A
:103AF00000E03A00434659460020D047380013B052
:103B0000F0BCBB46B246A946A046F0BDF129001064
:103B10000CB410B584B00A0006AC08CC0394009431
:103B200001000448FFF7E2FC04B010BC08BC02B07E
:103B30001847C046E929001000B585B002900391EE
:103B40000121009313004A4202A90248FFF7CEFC6C
:103B500005B000BDF329001000BEFDE703000A4ACE
:103B60001268002A08D0084A1068C318074A9A4207
:103B700006D3054A13607047034A05491160F2E70E
:103B800001204042F7E7C046BC1F0020000004208F
:103B90008826002010B5FFF7DFFF000010B582B0C7
:103BA0000C001900002A0CD0084B002A0BD00192FF
:103BB000009323000200064800F060F90120FFF79F
:103BC000CBFF044BF1E7034AF1E7C0461084001035
:103BD000208400101C84001010B5EFF30583002B27
:103BE00000D000BEFDF7CAFE034C01E008CC9847A8
:103BF000024B9C42FAD310BD94790010A0790010BA
:103C000010B50300080011001B68984710BD0000A4
:103C1000F8B507000D001600437D002B02D00024EC
:103C200000200CE003681100280098472DE03B7D40
:103C300010E0022115483B689847601C0134B442EB
:103C400014DA002CF3DD2B19013B1B780D3B5A4293
:103C50005341DBB22A5D0A2AF0D1002BEED1A042FB
:103C6000E7DA211A28183B689847E2E7B04203DAFE
:103C7000311A28183B689847002E06DDAD19013D22
:103C80002B780D3B5A4253413B75F8BD50840010D0
:103C900070B505000368002B16D00C4B1C6805E0BE
:103CA000290004C92000FFF7B3FF2469002C09D0C4
:103CB0002368002BF9D0064B1B68002BF0D0A342E1
:103CC000F3D1EDE700232B6070BDC046A81F002094
:103CD000B81F002070B505000C000B68802B05D0C4
:103CE00021684B1C23606418257170BD0800FFF724
:103CF000CFFFF5E710B5FDF783FB074A0023121845
:103D00004B41002B03DB054803F0F6FD10BD0122FB
:103D10005242034BF7E7C04640420F0038150020DF
:103D2000FFFFFF7F10B5024803F0AEFD10BDC04697
:103D300038150020F0B5CE46474680B583B0060062
:103D40000D0090461C00FFF7D5FF81466B1C05D087
:103D5000002C08D0184F194B1C6807E0300003F006
:103D6000EFFB0500F4E7164FF5E72469002C17D0A8
:103D70002368002BF9D0134B1B68002B01D0A34202
:103D8000F3D12A0031002000B8474346002BECD085
:103D90006B46D91D0A230B7001222000B847E4E7C7
:103DA0004B46002B05D1280003B0C0BCB946B04635
:103DB000F0BDFFF7B7FFF6E7113C0010A81F002089
:103DC000013C0010B81F0020094A01E010331A001E
:103DD0001368002B08D08342F8D1002907D103696A
:103DE00013600023036102E0002900D010607047D7
:103DF000A81F002010B5064B1C6801E098472469F5
:103E0000002C03D06368002BF8D1F8E710BDC04642
:103E1000A81F002010B500F0A3F910BD70B5050073
:103E200003F08EFB04000123012201002800FFF7AC
:103E300081FFFFF7DFFF200070BD000070B5A2B06A
:103E400004000E00FFF756FF050000230193330026
:103E5000220001A90848FFF76FFE040001A8FFF740
:103E600017FFFFF7C7FF002D02D1200022B070BD61
:103E7000FFF758FFF9E7C046D53C00100FB400B576
:103E800083B004A901C90191FFF7D8FF03B008BCB2
:103E900004B0184770470000014B00221A707047A9
:103EA000822600204B79FF2B0CD18B79002B0BD174
:103EB000CB79012B0AD1082A0AD98A78054B1A70C6
:103EC000092000E0002070470020FCE70020FAE70E
:103ED0000020F8E7822600200120704710B5012954
:103EE00028D1117953791B020B43134909788B426E
:103EF00001D000201FE05378012B03D0022B12D0F9
:103F0000002018E09178D3781B021943DB0507D510
:103F1000480A4A0A01231A407E331940FDF7FAFC89
:103F200001204042F5E7642200210020FDF79AFCC1
:103F3000012000E0012010BD8226002000487047CB
:103F40007484001010B51400012910D15378012B8E
:103F50000FD1127963791B021343072B01D0002084
:103F600006E09F33044A210001F02AFB00E0012013
:103F700010BD0020FCE7C0469884001001230370A8
:103F8000004870475484001010B50B784878000240
:103F900018438A7812041043CB781B0603439622F9
:103FA000D200934200D010BD0120002211004042F7
:103FB000FDF7B0FC024B1860024B19607047C04619
:103FC000281F00202C1F002010B5FDF719FA0E4AFB
:103FD000002312184B41002B12DB0C4803F08CFC21
:103FE00000280CD001200021404201F0B1F900204E
:103FF00001F056FC0028F5D1044803F045FC10BD43
:1040000001225242024BE8E740420F0060260020A6
:10401000FFFFFF7F10B5024B1878FCF78FFB10BD38
:104020008326002010B584B000212B4803F044FC07
:10403000002821D1294B1B68002B1BD0274B196866
:10404000EFF3108272B60B68002BFCD0BFF35F8FCA
:1040500022494A602248037801246340DBB20124EC
:1040600004700968BFF35F8F0020086082F3108836
:10407000002B17D104B010BD01200021404201F0F7
:1040800067F9002001F0E4FB0400134803F0FCFB97
:10409000002CEFD0134B1B68002BEBD0124A10689A
:1040A0009847E7E7FCF77CFF0400FDF7A9F9FA223F
:1040B0009200002312184B41002B09DB01210291D1
:1040C00000210191094900912000FCF7D7FFD1E7B9
:1040D00001225242064BF1E760260020D023002047
:1040E00084260020281F00202C1F0020F5400010EF
:1040F000FFFFFF7F70B5174B1B68002B21D0154BBE
:104100001968EFF3108372B60A68002AFCD0BFF377
:104110005F8F10494B6000220F4802700968BFF39F
:104120005F8F0A6083F31088002400250B4B1878FA
:10413000FCF7E0FA002808D100240025200029001F
:1041400070BDFA24A4000025F0E7044B1878FCF7B2
:10415000F5FAF3E7D02300208426002083260020F0
:1041600010B584B0D0231B061C68FCF719FFFCF7C0
:10417000DFFFA0422CD12D4B1B7802F071F82C4BA5
:104180001B68002B2AD00120FCF7BAFCC0B2294CD6
:1041900020702949FCF7F4FA20780121FCF7C4FAD1
:1041A0000520FCF7DBFA041E1CD00120FCF736FAD0
:1041B00001002248FCF702FD002221490520FCF7FE
:1041C00009FB01211F48FFF7FFFD200004B010BDCF
:1041D0001D4B1E4AC1211E48FFF7E0FC1448FCF7A6
:1041E000ABFCD0E7082200211448FEF7EDFBFCF7FA
:1041F000D7FE0400FDF704F9FA22920000231218FA
:104200004B41002B0DDB012102910021019111494D
:1042100000912000FCF732FFC043C40F0028D4DA1D
:10422000CFE7012252420C4BEDE7C046748D0010DF
:10423000602600208326002025400010D023002087
:1042400015400010C00C002040850010A48500100F
:1042500048850010F5400010FFFFFF7F10B50020DB
:1042600001F0D4FA10BD000070B505000C00FFF796
:10427000F5FF002834D0002001F0EAFA002832D0FF
:10428000FDF7BEF81B4A002312184B41002B19DB27
:10429000194803F031FB002828D0FFF7DFFF002882
:1042A00004D0002001F0D4FA00280FD10120002111
:1042B000404201F04DF8032464420F4803F0E4FA51
:1042C000200070BD012252420C4BE1E72200290080
:1042D000002001F0C9FA041EEFD103246442ECE788
:1042E00003246442ECE703246442E9E703246442C4
:1042F000E6E7C04640420F0060260020FFFFFF7F38
:10430000F0B5C64600B580460C00FDF779F8314A95
:10431000002312184B41002B07DB2F4803F0ECFA67
:10432000002806D180BCB846F0BD012252422B4B7A
:10433000F3E7FFF793FF002849D1294B0020002124
:1043400018605960244803F09FFAEBE70120002130
:10435000404200F0FDFF002001F0A2FAFFF77EFFCF
:104360000028EFD0002001F025FB002820D0A54236
:10437000E8DA661B002001F01DFB0200864200DC2B
:104380003200002AE2D043465919002001F0EEFA2B
:10439000060001200021404200F0DAFF002001F079
:1043A0007FFAAD19FDF72CF80D4B18605960DEE768
:1043B000FDF726F80A4B1E685F680A4A0023921927
:1043C0007B419942BED8D2D19042D0D9BAE70025DC
:1043D000CDE7C04640420F0060260020FFFFFF7F70
:1043E000C016002020A10700004870473486001046
:1043F00000487047E085001010B50400154B1B788D
:10440000002B0ED0002C11D1134B144A5A800123DB
:1044100001335B001BB2C022920013430E4803809D
:1044200010BD11210B4800F025F8EBE7052C0ED844
:10443000A4000B4BE4580023122BE9D8E25C002ABD
:10444000E6D00133590004484252DBB2F4E70020C1
:10445000E6E7C0466C260020801F0020090400000B
:104460004886001010B5024800F034F810BDC04670
:104470005024002010B5002901D000230AE0114B80
:10448000114A35311148FFF789FB00240DE037321E
:10449000C25401334A1E9A420FD90F2B0DD85A0825
:1044A0000B4CA25CDC07F0D40424224114000F2240
:1044B0002240092AEBDC3032EAE7C01800230370FF
:1044C00010BDC04660860010A486001068860010EB
:1044D0005024002070B588B0040004AD0026049676
:1044E0000922002105A8FEF76FFA00960922002193
:1044F00001A8FEF769FA4B232B700D2269462800AC
:1045000003F0BAF9002304E05A1D69468A5CE254BC
:104510000133072BF8DD08B070BD000010B5038B28
:104520003F333F229343022915D0124C2268C260C8
:10453000D31823609C0610D10F4C62406340802446
:104540006401A3420FD88906114380231B06194337
:104550004368196010BD5B00E7E7084B084A51212A
:104560000848FFF71BFB084B054A53210548FFF796
:1045700015FBC046CC230020000010505C880010C2
:104580006C8900108C880010D888001070B5040069
:104590007F230340C509580040194001264E801969
:1045A00084706C426C4144700024C4700183C276F4
:1045B000012D1DD0DE0021498C4666445900491961
:1045C00049011D4C61188E605C00641964011A4930
:1045D0000C19A16800240C60002B0FD15B005B1943
:1045E0005B01154DEB1800225A60154ADA6070BD68
:1045F000DE0014498C4666448660E5E7012D0ED046
:10460000591EC900104CA44661445B005B195B0154
:10461000094CE31859601100FFF780FFE7E7591EC6
:10462000C9000A4CA44661445B005B195B01024D62
:10463000EB185960EFE7C046C01F002084001050FF
:1046400000011050800010500C0010500800105055
:1046500010B504007F202040E4094000001940010B
:10466000024BC01800F032F910BDC046C01F002038
:1046700010B5002804D101210520FCF755F810BD24
:10468000D421034B034A49000348FFF787FAC04689
:10469000208900105C8900108C88001010B500285B
:1046A00005D1002200218020FFF7D2FF10BDD921C3
:1046B000024B034A49000348FFF770FA20890010B3
:1046C0004C8900108C880010024B80225202DA6460
:1046D0007047C0460020115070B5041E26D100F06E
:1046E000D3F8164D0C23AB67FF2215490520FCF7C4
:1046F00071F8402200211348FEF766F9002240219C
:104700000020FFF743FF002240218020FFF73EFFFB
:1047100003F0EAF801232B6480239B05EB649023CC
:10472000094AEA502000FFF7CFFF70BD7621074B02
:10473000074AFF310748FFF731FAC0460000115021
:1047400075040020C01F002010D001002089001037
:10475000808900108C880010044B1970002904D047
:10476000034A902380218902D15070477E26002081
:10477000002011500B785B0602D14B78052B00D03E
:1047800070478A78014B1A60FAE7C0460000115062
:1047900010B50C0000280DD1097963791B020B4379
:1047A0005B05590DE2789207920FA078FFF7EEFEB5
:1047B000012010BDF021034B034AFF310348FFF7EE
:1047C000EDF9C046208900103C8900108C8800104B
:1047D00010B503F089F810BD10B5040008001100F1
:1047E0001A00002C03D1FFF733FF012010BDFE217A
:1047F000024B034A49000348FFF7D0F92089001013
:104800002C8900108C88001010B57F2213000B40FB
:104810000A4205D1CA09012A0ED00220074A906631
:10482000C90958004018400105494018802212016A
:10483000002103F089F810BD0120EFE7002011509E
:10484000C01F002010B57F22100008400A4200D18E
:1048500010BDC90940004018400104494018002318
:10486000C3700022024903F06FF8F1E7C01F002077
:10487000FFF7FFFF04E00A780270013101301A00EF
:10488000531E002AF7D1704710B580235B040A4AF3
:1048900013600A4A13600A4B1A6880235B0493432F
:1048A000F9D18022520100210648FEF78DF8064B0F
:1048B00009225A6710BDC04600E0004000F00040E9
:1048C00008C00040000010500000115070B50400F6
:1048D0000D001600837E002B17D1A6820023E382F1
:1048E0000133A3762561200003F016F8002804D0D8
:1048F0000C4A902380218902D150200003F01CF83B
:1049000000280AD00123237770BD81780648FFF77D
:10491000B5FA200003F008F8DFE7200002F0F4FF0A
:10492000F2E7C04600201150608A001070B5050003
:1049300000240AE0D21A5201164B9B18002B11D00A
:10494000DB68280098470134E4B2134B1B78591CEC
:104950002200A1420CDBA342ECD9104B1B68620180
:104960009B18EBE70E4A0F490F48FFF787FA10E054
:104970000E4C542200212000FEF726F8201D1022A4
:10498000FF21FEF721F8200014302022FF21FEF73E
:104990001BF870BD1C8C00107D2600201417002011
:1049A00016020000F88B0010A88A0010401A0020A0
:1049B00010B5FFF7BBFF00F057FE10BD70B5050046
:1049C0000C001600486900F059FE636932000121AD
:1049D0002800984770BD0000F0B5DE4657464E46A9
:1049E0004546E0B583B082460139C8B2FFF700FD05
:1049F000002803D043780193022B0CD0514A52492E
:104A00005248FFF73BFA002003B0F0BCBB46B24669
:104A1000A946A046F0BDC5796A1101234C491A4048
:104A200014010A781026B24322430A70AD112B40BC
:104A30005B01D2B22024A24313430B700600093657
:104A40008278C3781B02134383469B445E4577D22A
:104A500073780B2B0AD0012399467378042B0AD163
:104A60005B469B1B9BB2984600243DE0F378994639
:104A70003378F618F1E7374A33493448FFF7FEF93F
:104A80000020C1E77D1B6D01334B5D1938E0334ACF
:104A90002D492E48FFF7F2F90020B5E72A69304B7F
:104AA0009A423CD1019B994639E02E4A2649274833
:104AB000FFF7E4F90020A7E725482300009C220027
:104AC0003100143001F07AFCA4466644264B1B7872
:104AD00001339F42BADD254A1B491C48FFF7CEF936
:104AE000002091E70134E4B21F4B1D786B1C2700B6
:104AF000A342EBDBA542C5D91D4B1D686301ED1830
:104B0000002DC4D04246310050462B699847009092
:104B10000828E7D98045E5D34B46012BBED00021BC
:104B20008945C9D9B3785B18DBB2094AD218127922
:104B3000FF2ABAD1064AD3181C710131C9B2EFE776
:104B4000012061E7C7030000CC8B0010A88A001089
:104B5000401A0020E20300001C8C0010EB03000050
:104B6000595B00100A0400007D2600201904000093
:104B700014170020704770470020704700207047CE
:104B800070B505000C00CB7888780F2B53D89A00AD
:104B90002E498A589746FFF727FC021E05D012239C
:104BA0002100280000F00CFD46E0294A29492A4846
:104BB000FFF764F900203FE0FFF7C0F9021E3CD088
:104BC0008178C3781B020B432100280000F0F8FC19
:104BD00032E0022B0CD0FFF7D1FF021E2FD09178CC
:104BE000D3781B020B432100280000F0E9FC23E0EE
:104BF000FFF7FEFB021EF2D1184A16491648FFF7CE
:104C00003DF9002018E02379617909021943FFF783
:104C1000F3FB021E15D003782100280000F0D0FC21
:104C20000AE0FFF7A9FF021E0DD00378210028003B
:104C300000F0C6FC00E0002070BD0020FCE7002072
:104C4000FAE70020F8E70020F6E7C046C08A001027
:104C50002B040000B48B0010A88A0010520400003E
:104C60007047704770477047024B5878431E984111
:104C7000C0B27047401A0020024B18784007C00F9E
:104C80007047C046401A0020034B1878FF38431E77
:104C90009841C0B27047C046F40C002070B50500C2
:104CA000FFF7F2FF061E01D0300070BD5422002134
:104CB0002448FDF789FE244B00221A70234C200063
:104CC000FBF73AFF224B1C60224C20001430FBF70C
:104CD0007FFF200001F00EFF1F4B1C601F4B002BBD
:104CE00004D01F48FFF74AF91E4B186000240BE060
:104CF000D21A52011C4B9B18002B12D05B68002B60
:104D00000FD098470134E4B2154B1B78591C220090
:104D1000A1420DDBA342EBD9124B1B6862019B1829
:104D2000EAE7F122520011491148FFF7A7F8BBE763
:104D3000104B1D702800FFF7CFFC2800FFF798FCF0
:104D40000126B1E7401A00207F260020F819002034
:104D5000941A0020D80C0020981A00207D3F0010E3
:104D60007D260020141700201C8C0010788B00106A
:104D7000A88A0010F40C002070B50D00104B1E78AE
:104D80008B7870221A420DD10E4B9978280001F0D1
:104D9000BFFA041E0DD029003000FFF7F9FC040013
:104DA000200070BD084A09490948FFF767F8002448
:104DB000F6E7084A05490648FFF760F8F0E7C046FD
:104DC000F40C0020401A0020FC040000848B00102A
:104DD000A88A0010FD040000F0B5D6464F464646AE
:104DE000C0B581460C0017009846089B9A460025DE
:104DF00017E09B22D20017491748FFF73FF800261B
:104E00003000E0BCBA46B146A846F0BD134A11498D
:104E10001148FFF733F8F3E7099A13702378E41881
:104E20000135AF4214DD6378052BE2D1E1788907C3
:104E3000890F4145DDD121004846FFF79DFF061E41
:104E4000E4D0A378DA09012AE6D052461370E5E7E8
:104E50000126D5E7948B0010A88A0010D904000021
:104E600010B57F200840C90940004018303004497F
:104E700008180430034B196801F004FA10BDC0464D
:104E8000401A0020941A002010B57F200840C9095C
:104E9000400040183030044908180430034B1968AA
:104EA00001F018FA10BDC046401A0020941A0020E4
:104EB000F0B5C64600B582B001931A4800787F2548
:104EC0000D40CE096F00184CE419A4193034247930
:104ED000E4071DD46F00144CE419A419303423796D
:104EE0000127BC4667463B432371019BFFF774FCD7
:104EF000002813D16D000C4B5D19AE193036337993
:104F0000012293433371337903329343337105E0C4
:104F1000064A07490748FEF7B1FF002002B080BCEF
:104F2000B846F0BDF40C0020401A00202A0500000D
:104F3000688B0010A88A001070B50A4B18787F247F
:104F40000C40CD09FFF760FC6400074B1B195B198F
:104F500030331A7902210A431A711A7901210A435E
:104F60001A7170BDF40C0020401A002070B50A4B75
:104F700018787F240C40CD09FFF764FC6400074BD0
:104F80001B195B1930331A7902218A431A711A7975
:104F900001398A431A7170BDF40C0020401A0020B8
:104FA0007F220A40CB09520003498918C9183031C1
:104FB00008798007C00F7047401A0020F0B5C64638
:104FC00000B582B004000D00002000F057FB2B78E4
:104FD00060221A40602A12D0402A17D02B78DB06B4
:104FE000DB0E012B00D1DAE0022B00D11AE1002BFD
:104FF00016D00026300002B080BCB846F0BDC94AC9
:10500000C949CA48FEF73AFF0026F3E7C84800F04E
:1050100035FB2A0001212000FEF794FF0600E9E796
:10502000202A0AD0002A00D06EE16B78092B00D923
:105030006CE19B00BF4AD3589F462B790F2B00D9B8
:105040005CE1BD4AD3181B79BC4A11788B420CD263
:10505000BB4A126859015118002900D152E12A00B7
:105060002000FFF7ABFC0600C4E74A1C9A4200DAB6
:1050700046E1591A4901B34B5918EDE7280000F0F1
:1050800003FBA9782000FFF709FBAB4A1378022144
:105090000B4313700126ADE7A74B5B786A460632D7
:1050A000137001232900200000F08AFA0126A1E7ED
:1050B000AE78A14B5B78DBB2B3422BD09E4B5B78D2
:1050C000002B0CD19C4B5E70002E21D031002000B3
:1050D000FFF782FC061E12D0FFF7C2FD1AE0002186
:1050E0002000FFF739FB2000FFF772FB924FBB78DF
:1050F00098462000FFF71AFC4346BB70E2E7924A4D
:1051000089498A48FEF7BAFE8B4B00225A7071E734
:10511000FFF7A7FD2900200000F036FA012669E715
:1051200029002000FFF72CFD060063E7A978EB7843
:105130001B020B43012B01D000265BE77E4A13784C
:1051400008210B4313702900200000F01DFA0126EE
:1051500050E7A978EB781B020B43012B01D0002606
:1051600048E7754A137808218B4313702900200003
:1051700000F00AFA01263DE76F4B1A7851099208B0
:1051800001230B4002210A4013436A460632138072
:1051900002232900200000F013FA01262AE72B79C8
:1051A0000F2B00D9B4E0644AD3181B79634A1178F5
:1051B0008B4223D2624A126859015118002900D14A
:1051C000AAE02A002000FFF7F9FB061E00D011E735
:1051D0002B7860221A4200D00CE76B780A3B012B37
:1051E00000D907E7002000F049FA6B780A2B0ED0AF
:1051F0002900200000F0C8F90126FBE64A1C9A426B
:1052000000DA87E0591A49014E4B5918D6E76B4628
:105210009A1D0023137001332900200000F0D0F9FB
:105220000136E7E629797F230B40CE09702008423A
:1052300017D15B004048C3189B191B7D3F4800787D
:10524000834215D23E4806685B01F618002A19D041
:10525000002E63D02A0031002000FFF7AFFB0600CC
:10526000C8E63A4A30493148FEF708FE0026C1E652
:10527000461C9E4204DB1B1A5B01324EF618E5E722
:105280000026E3E76A78012A12D0032A10D0002A08
:1052900001D00026AEE62000FFF782FE6B469A1D85
:1052A000108002232900200000F08AF90126A1E6DF
:1052B000A878EB781B02034304D1012A1AD02000FE
:1052C000FFF73AFE002E2BD02A0031002000FFF716
:1052D00075FB002000F0D2F9174A3523D35CDB07B9
:1052E000DE0F002B00D085E62900200000F04CF9ED
:1052F00001267FE62000FFF739FEE3E7002679E686
:10530000002677E6002675E6002673E6002671E69D
:1053100000266FE600266DE600266BE6002669E6AD
:10532000012667E6C5020000E08B0010A88A001085
:10533000453F00101C8B0010401A00207D260020E5
:10534000141700201C8C00101503000086030000B9
:1053500030B585B0FFF798FC002808D105B030BD06
:1053600001AC2078FFF724FB2279644B9A70644BE0
:105370001C68210014316269EFF3108072B6136863
:10538000002BFCD0BFF35F8F486001A9200001F023
:1053900054FB6269A369BFF35F8F0021116083F33F
:1053A00010880028DAD001AB5B78082BDFD89B008F
:1053B000544AD3589F4601AB1878FFF7F9FAFFF724
:1053C00050FCD4E7504B1B78002B2DD04E4A13785D
:1053D000013BDBB213701378002BC8D1474B1A780E
:1053E000012401210A431A703422995CA143995483
:1053F000995C0420814399540132995CA1439954EA
:10540000995C8143995401AB187802A9FFF7D6FD46
:105410000028ACD101AC20780021FFF7F5F9207805
:105420008021FFF7F1F9A2E7384A39493948FEF7F8
:1054300025FD93E701AB19797F220A40CC09500082
:105440002E4B1B181B19303318790125A8431871EE
:1054500018790335A8431871002A15D05200274B3C
:105460009A181219137D2C4A1278934213D22B4AA0
:1054700012685B01D318002B15D09C6901A84279F2
:10548000039B0078A04772E701A84279039B00784C
:1054900000F008F96BE7501C984204DB9B1A5B0193
:1054A0001F4AD318E7E71F4A19491A48FEF7E6FCD6
:1054B00054E7124B1B78DB0700D458E70F4B1878E2
:1054C0000007C00FFFF7CEFB51E70C4B1B78DB0743
:1054D00000D44CE7FFF7C7FB49E7029B002B00D144
:1054E00045E70398984742E7044BDB78DB0700D495
:1054F0003DE70298FFF73FFB39E7C046401A00201E
:10550000981A0020448B00107F26002056020000CD
:105510000C8C0010A88A00107D2600201417002093
:105520001C8C001081020000F8B50500144B9F8907
:10553000DE89BB1B9BB21C1C402B00D94024A4B2AB
:105540000F4B1B785BB2002B08DB0021B74213D056
:105550000C4A23002800FFF7ABFCF8BDB74209D086
:10556000074B9968402C09D822000648FDF732FA0B
:105570008021EBE78021E9E70022EAE70020ECE761
:10558000E4190020001A002070B506000C000B4D35
:1055900008222800FDF71EFA0023AB60EB81AB81E7
:1055A0000023E356002B06DB80210023002230007D
:1055B000FFF77EFC70BD0021F7E7C046E41900202C
:1055C000F0B5C64600B580460C0016001D00234FFE
:1055D00008223800FDF7FEF9BE600023FB81A379A5
:1055E000E179090219430B1CA94200D92B1C99B27D
:1055F0001A4A9381A279E3791B02134319D0002937
:1056000001D0002E08D04046FFF78EFF041E0AD0BE
:10561000200080BCB846F0BD772211491148FEF742
:105620002DFC0024F4E77D220D490E48FEF726FCF0
:10563000EEE70023E356002B0DDB80210023002240
:105640004046FFF735FC041EE2D18022044905489C
:10565000FEF714FCDCE70021F0E7C046E419002067
:10566000748C0010A88A001010B514220021024882
:10567000FDF7AAF910BDC046E4190020014B1861DE
:105680007047C046E419002010B50100044C082200
:105690002000FDF79FF90023A360E381A38110BDE3
:1056A000E419002070B505001C00C909364B1B78B1
:1056B000DB098B4216D0002C07D0A722334934488F
:1056C000FEF7DCFB0024200070BD2F4C2100FFF70B
:1056D00051F82369002B03D02B4A03212800984757
:1056E0000124F0E7284B1B785BB2002B07DB264B2D
:1056F0009868002845D022002649FDF76BF9A2B230
:105700002149CB89D3189BB2CB818A6812198A6050
:10571000CA88934201D03F2C28D81B4B1B69002B11
:1057200005D0194A022128009847002814D0164BAA
:105730001B785BB2002B0DDB8021002300222800A8
:10574000FFF7B6FB041EBED1D02210491048FEF769
:1057500095FBB8E70021F0E700212800FFF754F897
:1057600080212800FFF750F80124ACE72800FFF75C
:10577000DBFE041EA7D1D82204490548FEF77EFBB4
:10578000A1E700249FE7C046E41900205C8C0010CC
:10579000A88A0010001A002070B50400FFF764FA10
:1057A000002807D10020002803D0E378002B09D17E
:1057B000002070BDFFF760FA002801D10130F2E748
:1057C0000020F0E725001035280001F020F93F28DF
:1057D00001D80020EDE7E1780020FFF741FB002829
:1057E000E7D0280001F013F93F2808D992239B0045
:1057F000E218E17840230020FFF75AFBD9E7E1786F
:105800000020FFF741FB0020D3E7000010B50400A3
:10581000FFF72AFA00280CD10022002A11D0B22367
:105820009B0063430948C0180379DB070BD50120AF
:1058300008E0FFF721FA002801D10122EDE700225C
:10584000EBE7002010BD0020FCE7C0461C1700203D
:1058500010B5B2239B0058431030024BC01801F022
:10586000A5F810BD1C17002070B5B2239B0058434B
:10587000084BC5181030C018074B9A4208D892B28E
:1058800001F0FCF804002800FFF786FF200070BD3F
:10589000024AF5E71C170020FEFF0000FFFF000092
:1058A00070B50500FFF7E0F9002804D10023002BB4
:1058B00009D1002070BDFFF7DFF9002801D10123D5
:1058C000F5E70023F3E7B224A4006C432034244B13
:1058D000E4180434200001F069F8002801D1002008
:1058E000E8E7B22292006A431D4B9B18997800208A
:1058F000FFF7B6FA002801D10020DBE7B226B60098
:105900006E43A2239B009C466644154BF61840222A
:105910003100200001F0B2F8041E15D0B220800042
:1059200068430F4D2D18A978230032000020FFF79F
:10593000BFFA002801D02000BCE7CD2209490A485F
:10594000FEF79CFA0020B5E7B22080006843044DC2
:105950002D18A9780020FFF797FA0020AAE7C04683
:105960001C170020A48C0010A88A001070B5050038
:10597000B224A400444320340B4BE41804340B4BF2
:105980009A420BD892B2200001F0AFF80600200036
:1059900001F00CF83F2803D8300070BD044AF2E74C
:1059A0002800FFF77DFFF7E71C170020FEFF00002F
:1059B000FFFF000010B5B2239B0058432030034B7B
:1059C000C018043001F023F810BDC0461C17002099
:1059D000F0B5CE46474680B583B0B2229200002192
:1059E0002948FCF7F1FF294B00221A700026002EEF
:1059F00004D003B0C0BCB946B046F0BD224FB224BB
:105A0000A40074433D19FF236B71E1235B02AB607B
:105A1000002398462B736B730833AB732100383126
:105A2000C919F833994620001030C0194346009335
:105A300001334A4600F07CFF21003931FF31C9199A
:105A400020002030C0190430012300934A4600F0A2
:105A50006FFF8E239B00E3189946B9444846FBF735
:105A60006BF890239B009C466444E4192000FBF7EC
:105A700063F84346EB614B462B622C6343466B63F2
:105A80000136F6B2B3E7C0461C17002018170020F5
:105A900010B50023002B01D0012010BD1800B22149
:105AA000890059430D4A5218116A146B002907D016
:105AB000B22292005A43094989180022CA610A6237
:105AC000002C07D0B22292005043044A1218002141
:105AD000116351630133DBB2DCE7C0461C170020C1
:105AE00070B50024002C00D070BD2500B2208000CD
:105AF0006043174BC01805220021FCF765FF154BCA
:105B00001B78DB0710D5134B1B789B0715D5B220EC
:105B10008000684320300E4BC0180430012101F092
:105B200008F80134E4B2DDE7B220800060431030B1
:105B3000074BC01800F0DEFFE5E7B22080006843A5
:105B40002030034BC018043000F0D4FFDFE7C0461C
:105B50001C17002018170020F0B583B006004B7901
:105B6000022B68D18B79022B69D10023002B08D03E
:105B70000027002F13D08B783B700C780C19092567
:105B800019E0B224A4005C432E4800198078002854
:105B900002D00133DBB2E9E72A4FE719E9E79A229D
:105BA000520029492948FEF769F9002544E0217887
:105BB0004D19ADB264186378242B01D19542F6D902
:105BC000052B09D06378042B02D163790A2B18D0F6
:105BD0003800FFF7E1FD2FE021003000FFF7CCF89F
:105BE000002806D0A3787B7022785519ADB2A4188E
:105BF000E8E7A322520014491448FEF73FF90025B4
:105C00001AE021784D19ADB26118BB1C0193FB1C41
:105C10000093022302223000FFF7DEF8002802D0B2
:105C20000E35ADB2D4E75622FF3207490748FEF7DA
:105C300025F9002500E00025280003B0F0BD00256F
:105C4000FAE7C0461C170020988C0010A88A0010A4
:105C5000F8B51400127860231340202B00D080E0A8
:105C6000454A0025002D00D07DE01678277963791C
:105C70001B023B439E4206D00135EDB2B2239B008E
:105C80009C466244EEE76378222B32D009D8202B61
:105C900011D0212B03D1012924D0012062E0002062
:105CA00060E0232B05D101294AD003294DD00120E2
:105CB00058E0002056E0012903D0032908D0012034
:105CC00050E0083207232100FFF77AFC012049E069
:105CD0002A4B002B49D0083211002800FEF754F956
:105CE00001203FE0083207232100FFF769FC012073
:105CF00038E0012903D0032906D0012032E0210039
:105D0000FFF742FC01202DE0A178E3781B020B4352
:105D10000120190001400E005C08044013714B4241
:105D20005941C9B22432100000F003FF144B002B7C
:105D30001DD022003100280000E000BF012011E04A
:105D40002100FFF721FC01200CE00E4B002B10D0AE
:105D5000A378E17809021943280000E000BF012080
:105D600000E00020F8BD0020FCE70120FAE7012058
:105D7000F8E70120F6E7C0461C170020893F001015
:105D80000000000000000000F0B5D64600B582B06B
:105D900001900F0000930024002C0DD0002C19D18D
:105DA000EB78BB421ED0AB78BB4255D0012420001B
:105DB00002B080BCBA46F0BDB225AD0065433D4B94
:105DC000ED18EB78BB42E9D0AB78BB42E6D00134AA
:105DD000E4B2E1E7B622FF3237493848FEF74EF821
:105DE0000024E4E710239A46AA4492239B00E91872
:105DF0006B461A88504600F078FE314B002B1BD0C2
:105E00006B79FF2B18D0002600E00136009B9E42E4
:105E100012D26A79AB19922189008C4663441B78AF
:105E20009A42F2D1504600F0D6FD0028EDD16979B2
:105E3000200000E000BFE8E7224B002B04D05046D2
:105E400000F0C9FD002803D02800FFF7A5FCAAE751
:105E5000200000E000BFF7E71B4B002B02D0200022
:105E600000E000BF2000FFF71BFD002801D0012447
:105E70009DE72800243000F099FD002815D1009BF3
:105E8000002B14D09B0601D0012490E7A97801983B
:105E9000FEF7E6FF041E01D1012488E7A97800235C
:105EA00000220198FFF704F881E701247FE701242D
:105EB0007DE7C0461C170020888C0010A88A0010BF
:105EC000000000000000000000000000002815D1C4
:105ED000B322920042430A4B9B18AA33FF331B782C
:105EE000002B07D10648801885300378002B03D09B
:105EF000012004E0012002E0002000E000207047C3
:105F00005C1B002010B5002801D0002010BDB3217B
:105F1000890041438031034809180431002000F012
:105F2000D7FAF3E75C1B0020F0B5C64600B584B095
:105F3000B322920000211F48FCF746FD0025002DEA
:105F400003D004B080BCB846F0BDB324A4006C43B9
:105F50002300C933FF33174E9B190433A2190432AF
:105F60002000A930FF308019402188460391029219
:105F700080277F000197009300230022002100F07A
:105F800030FA2300A0339B190833220040329219C3
:105F9000043220008030801904304146039102927F
:105FA0000197009300230122002100F01AFA013525
:105FB000EDB2C4E75C1B002070B50025002D01D0B8
:105FC000012070BDB324A4006C432000A930FF3031
:105FD000064E801900F039FA200080308019043014
:105FE00000F033FA0135EDB2E8E7C0465C1B002053
:105FF00070B50025002D00D070BDB324A4006C4303
:10600000094EA31900221A702000B130FF30801908
:1060100000F070FD200088308019043000F06AFD27
:106020000135EDB2E6E7C0465C1B0020F0B5D64670
:106030004F464646C0B5824689464B79FF2B00D075
:106040009EE00C784C44A5180026002E09D00026AE
:10605000002E00D19AE04B469B783370002398467F
:1060600049E03000FFF732FF002802D00136F6B2D7
:10607000EBE7B3239B005E43454BF618E8E7237834
:10608000E4186378052B01D0AC42F8D3AC4236D289
:1060900021005046FEF770FE002834D043460133FD
:1060A000DBB29846A378DB09012B33D03700A93740
:1060B000FF373000B130FF3000F01CFDA178D42252
:1060C00052007970207963791B0203435B055B0DF5
:1060D00030498C46634459424B415B00B15C02201D
:1060E00081430B43B3543900504600F033FA002883
:1060F0003FD02378E4184B461B794345C1D84B4623
:10610000E01A80B23DE0DA2223492448FDF7B6FECA
:10611000002036E03700843730008C3000F0EAFC95
:10612000A37884227B70207963791B0203435B058B
:106130005B0D18498C46634459424B415B00B15C8E
:10614000022081430B43B3541148301A821053008C
:106150009B1859025B18980218188000801840009C
:1061600080180301C0180301C018C0B2FFF7CAFEAF
:10617000BFE7E22208490948FDF780FE002000E061
:106180000020E0BCBA46B146A846F0BD0020F8E7C2
:106190005C1B002000FEFFFFBC8C0010A88A0010D2
:1061A000F8B506001D002B4F0024002C50D1AA2367
:1061B000FF33FB5C8B420AD08522BA5C8A4206D050
:1061C0000134E4B2B3239B009C466744EDE78B4265
:1061D00005D08523FB5C8B4222D0012039E03B00B7
:1061E000B133FF339B88002B0FD11B4B002B04D006
:1061F000391DAAB2200000E000BF3900A931FF31EB
:10620000300000F0A7F9012023E03B00A933FF3361
:106210005968AAB23800B130FF3000F066FCE4E7FC
:106220000E4B002B04D02904090C200000E000BF15
:1062300084373900300000F04BF9002801D00120EC
:1062400007E02A003900300000F002F9012000E0E8
:106250000020F8BD5C1B00200000000000000000D2
:1062600010B50020FEF71AFD041E01D0200010BD5D
:10627000312202490248FDF701FEF7E73C8D00108C
:10628000A88A001070B504000D000378DB07DE0F4C
:10629000002B1CD103785B071AD401214942280046
:1062A00001F012FB2378DB0704D423785B070CD5BD
:1062B000002600E00026002E03D02378042213439A
:1062C0002370280001F0E0FA02E00126F3E700263F
:1062D000300070BD70B504000E000121494230004D
:1062E00001F0F2FA23785B070BD40025002D03D0D0
:1062F0002378042293432370300001F0C5FA28006C
:1063000070BD2378DB0701D50025EFE70125EDE718
:1063100010B5047943791B0223435B055B0DC278FA
:106320009207920F022A16D0032A2FD0012A01D0F9
:10633000002010BD022904D01D4A9A4204D3012036
:10634000F7E78022D200F8E790221A491A48FDF7B1
:1063500095FD0020EDE7022903D0402B0FD8012046
:10636000E7E780229200934201D10120E1E76A3AF7
:10637000FF3A10491048FDF781FD0020D9E79A2225
:106380000C490D48FDF77AFD0020D2E7022904D020
:1063900040229A4204D30120CBE78022D200F8E7C2
:1063A000A02204490448FDF769FD0020C1E7C0466A
:1063B000FF030000288D0010A88A001030B58A184D
:1063C00001E00C78091991420AD24C78052CF8D1D9
:1063D0008D787A342C4064000419ED096355F0E798
:1063E00030BDF0B585B0040003920AAA40CA1788F0
:1063F0000DAA158801220A4001780120814311432A
:10640000217020000830009301233A00310000F091
:106410008FFA002E01D0002F05D10C9B63606580A0
:10642000012005B0F0BD26001C363000FAF784FBD1
:10643000039B002B07D03300039A002A00D00026CC
:106440006361A661E9E70023F6E7012070470000D9
:10645000F8B506000C0015000B789B0711D58027B6
:10646000BF002000083000F0A1FA002825D1002D3F
:1064700025D0013F3D4224D12378DB0703D50020FE
:106480001CE04027EDE761783000FEF7E9FC0028CA
:10649000F5D02378DB0707D52622FF320A490B48BF
:1064A000FDF7ECFC002009E06178002300223000B9
:1064B000FEF7FEFC002801D1EEE70020F8BD002029
:1064C000FCE70020FAE7C046048D0010A88A0010FF
:1064D00070B505000C000E000836300000F066FABA
:1064E000002830D02378DB0701D5002070BD61780B
:1064F0002800FEF7B5FC0028F7D0628861683000FC
:1065000000F0BCFA061E14D02378DB0707D534222E
:10651000FF320E490E48FDF7B1FC0020E6E7626845
:10652000617803002800FEF7C3FC0028EFD030009C
:10653000DCE72378DB0701D50020D7E76178280066
:10654000FEF7A2FCF8E70020D0E7C046E88C001078
:10655000A88A0010F8B505000C008B89002B22D109
:106560000B78DB0701D50020F8BD4978FEF778FCF1
:106570000028F8D063882278D20707D56E22FF3230
:106580002F493048FDF77AFC0020EDE76178002BB9
:1065900007D062682800FEF78BFC0028EED06088E8
:1065A000E2E70022F6E70B789B070DD58026B600C0
:1065B00027000837380000F02AFA86423DD82378B1
:1065C000DB0703D50020CFE74026F1E761782800FC
:1065D000FEF746FC0028F5D0380000F018FA864295
:1065E00021D876420640B6B26388181CB34200D95F
:1065F000301C86B22378DB0707D5C1225200104930
:106600001048FDF73BFC0020AEE76178002E08D073
:10661000626833002800FEF74BFC0028EDD0300004
:10662000A2E70022F5E72378DB0701D500209BE7EE
:1066300061782800FEF728FCF8E7002094E7C046C0
:10664000CC8C0010A88A001003008A1890B28142F6
:1066500002D85A00904203DB5B009BB2C01A80B2A2
:10666000704770B505000800AC889A420BD3D11A68
:1066700089B200291ED08C4210D2944209D8131B33
:106680009BB26B810AE0D11A89B26600891989B27E
:10669000EFE7A21893B2F4E71B1B9BB29C42FBD915
:1066A0002968EA885204520C5343C918FCF792F93E
:1066B000012070BD0020FCE7F8B5CE46474680B506
:1066C0000500884608A909788488E01A80B21C1B56
:1066D0001419A4B2EF887F047E0C07007743BFB281
:1066E0007443A4B2A14673432C68A44663440029B2
:1066F00006D1904208D3724319004046FCF76AF96C
:10670000C0BCB946B046F8BD3A0019004446404600
:10671000FCF760F92968E0194A46FCF75BF9EFE7F6
:10672000F0B5C64600B582B01E0008AB1B8809ACA8
:10673000277884889E420FD3F51AADB2002D1FD062
:10674000AC4205D2B44210D8331B9BB24381250022
:1067500095420FD315000DE0F51AADB2A8466500BD
:10676000AC4645466544ADB2E8E7A619B3B2EDE7DD
:106770001B1B9BB29C42FBD900972A00FFF79CFF92
:10678000280002B080BCB846F0BDF0B583B004006C
:106790000D0016001F000069002803D001214942A6
:1067A00001F092F823899BB262890197009232002E
:1067B00029002000FFF7B4FF0500618989B2A08895
:1067C0002A00FFF741FF60812069002801D001F015
:1067D0005BF8280003B0F0BDF8B5CE46474680B55B
:1067E0000500884608A90878AC88E11A89B21C1B04
:1067F0001419A4B2EF887F047E0C0F007743BFB258
:106800007443A4B2A14673432C68A4466344002891
:1068100006D1914208D3724341461800FCF7DAF8DA
:10682000C0BCB946B046F8BD3A00444641461800DF
:10683000FCF7D0F82868E1194A46FCF7CBF8EFE7F7
:10684000F0B585B006000391151E029300D16DE0EE
:10685000C068002803D00121494201F035F834898D
:10686000A4B2718989B2F379DB091AD1B3888C4259
:106870000FD3611A89B28B4211D95B1A9BB22F1CBC
:106880009D4200D91F1CBFB2002F47D0B288230001
:1068900035E0611A89B25A00891889B2EBE7002302
:1068A000EDE7B788AF420ED8029B002B21D1ED1B3C
:1068B000F3885B045A0C6A43039B9C4694446346EA
:1068C00003930C00E0E78C420DD3631A9BB25B1973
:1068D0007A0093420FDB7A1B92B23800FFF7B4FEC6
:1068E00004002F00D0E7631A9BB27A009B189BB27A
:1068F000EDE70C00C8E72F00C6E79B1A9BB29A424F
:10690000FBD9029A00923A0003993000FFF764FF26
:10691000B0883A002100FFF797FE3081F068002828
:1069200001D000F0B1FF380005B0F0BD1700FAE764
:10693000F0B583B00400019116001D0008AB1F786C
:1069400080231B029A422DD8C068002803D0012161
:10695000494200F0B9FF2069002803D001214942D3
:1069600000F0B2FF019B2360A6806D046B0CE288EF
:10697000D20BD5031D43E580FB01E2797F27174049
:106980001F43E771002363812381E068002801D061
:1069900000F07AFF2069002806D000F075FF012082
:1069A00003B0F0BD0020FBE70120F9E781880389EF
:1069B0009BB2428992B2934207D39B1A9BB2081CA6
:1069C000994200D9181C80B270479B1A9BB24A00AA
:1069D0009B189BB2F3E7030000895B89C01A43420E
:1069E0005841C0B27047818803899BB2428992B2F4
:1069F000934206D39B1A9BB200208B424041C0B207
:106A000070479B1A9BB24A009B189BB2F4E782889E
:106A100003899BB2408980B2834206D31B1A9BB282
:106A20009A4208D9D31A98B270471B1A9BB25000E9
:106A30001B189BB2F4E70020F6E770B504000D00C8
:106A40000069002803D00121494200F03DFF22895E
:106A500092B263899BB229002000FFF702FE050075
:106A6000618989B282B2A088FFF7EEFD608120695A
:106A7000002801D000F008FF280070BD10B50023E9
:106A8000FFF783FE10BDF8B504000E00C0680028B3
:106A900003D00121494200F017FF2589ADB2200043
:106AA000FFF7A1FF002802D0E779FF0916D0A288DE
:106AB0002B0001E09B1A9BB29A42FBD9E288520458
:106AC000520C53432168C8183100FBF783FFA0889C
:106AD00001222900FFF7B8FD20810127E068002886
:106AE00001D000F0D1FE3800F8BD10B50023FFF74B
:106AF000A7FE10BD10B50400C068002803D0012116
:106B0000494200F0E1FE2069002803D001214942FA
:106B100000F0DAFE002363812381E068002801D0C1
:106B200000F0B2FE2069002801D000F0ADFE012087
:106B300010BD70B504000D00C068002803D001210D
:106B4000494200F0C1FE2069002803D001214942DA
:106B500000F0BAFEED01E3797F2119402943E1718C
:106B6000E068002801D000F08FFE2069002801D0E5
:106B700000F08AFE012070BD094BC31802221A6082
:106B8000084BC31801321A60074B984205D01122F6
:106B900001239340054A136070470D32F8E7C04661
:106BA000043000002430000000C0034000E000403A
:106BB000F8B5DE4657464E464546E0B581460E00DE
:106BC0000620FAF771FD80464B465A6802231A40A8
:106BD000934604224A449246214A4A4413600224BE
:106BE00000E00234FE2C1AD80025200232000023D7
:106BF0000021FBF7FFFD002903D1A942F1D1404557
:106C0000EFD980277F00012F0CD97D1E2100694319
:106C10004046FAF7B5FFB04204D82F00F3E78027CB
:106C20007F00F0E74B461C617B1E1B024A46126840
:106C30005340FF2212021340802040014844036069
:106C400080239B0153445A461A60390061434046F1
:106C5000FAF796FFF0BCBB46B246A946A046F8BD7F
:106C60000430000070B504001A4B98422DD0112258
:106C700001239340184A1360164B9C4227D01123DE
:106C800001229A40154B1A60154B1B68100098435F
:106C9000FAD12000FFF78CFF626802231A401149E5
:106CA00061180B60216807254D40CF2129408025C0
:106CB0006D01651929600C4961180A600B4A9446F8
:106CC0006444032222600B6070BD1022D0E71023C1
:106CD000D6E7C04600C0034000E0004000F000409E
:106CE00008C0004004300000042000002420000000
:106CF00010B50400407900F086FB206E0021FAF701
:106D00007DFA10BD10B5030000795B79984200D17F
:106D100010BD00F078FBFBE7F0B5C64600B5804635
:106D20000D0017001E008168006800F0B9FB00210B
:106D30004046FFF7DDFF41462D31741CE4B2434667
:106D40002E332D224046855403E0FF221A70013372
:106D50002E00751EEDB2002EF7D142460C322300F4
:106D60004046006800F096FB43460D334246117BD7
:106D70004E224046815403E01A783A7001330137BD
:106D8000013CE4B2002CF7D101214046FFF7B0FFEF
:106D90004346186800F0A2FB80BCB846F0BD70B551
:106DA00004000D008168006800F07AFB00212000DB
:106DB000FFF79EFF21002D312D23E5540133FF22E3
:106DC000E25422000C322C3B206800F063FB227B53
:106DD0004E23E254657B01212000FFF789FF2068E4
:106DE00000F07CFB280070BDF8B507000C00160011
:106DF0001D008168006800F053FB00213800FFF798
:106E000077FF39002D316B1CDBB23A002E32202087
:106E100004432D203C5404E03578157001322500E0
:106E200001366C1EE4B2002DF6D13A000C323868FF
:106E300000F030FB3A7B4E23FA5401213800FFF773
:106E400057FF386800F04AFBF8BD70B504000D002C
:106E500016008168006800F023FB00212000FFF786
:106E600047FF21002D3120231D432D23E5540133FD
:106E7000E65422000C322C3B206800F00BFB227BF6
:106E80004E23E25401212000FFF732FF206800F07A
:106E900025FB70BDF8B5CE46474680B5804689468D
:106EA00016001D00002A21D101275A234246D35C37
:106EB000002B1DD14F33D75CB74200D83E00BF1B1B
:106EC000FFB243469968186800F0EAFA002140468C
:106ED000FFF70EFF41462D31F319DBB20133DBB270
:106EE00044462E342D22404685540FE00027DCE72F
:106EF000331C202E00D92023DEB2E2E74A46127866
:106F00002270013401229446E1442E00751EEDB238
:106F1000002EF3D103E000202070013417007A1E08
:106F2000D2B2002FF7D142460C324046006800F042
:106F3000B1FA43461A7B4E234146CA5401214046CA
:106F4000FFF7D6FE4346186800F0C8FAC0BCB94641
:106F5000B046F8BD10B5040000230022E221FFF77F
:106F6000DBFE4E23E05C10BD10B5040000230022C0
:106F7000E121FFF7D1FE4E23E05C10BD10B5040007
:106F800000230022FF21FFF7C7FE4E23E05C10BD67
:106F900050230022C254034B82689A4201D8024B0C
:106FA00083607047B88800008096980010B5040090
:106FB0000171427183604F232022C2540023363274
:106FC000835401328354523A5921425401310120F1
:106FD00060540131635422662000FFF7D9FF20007E
:106FE00010BD10B50A007C2900D97D220521FFF7CC
:106FF0002CFF10BD70B50500002908D00B1C2029FE
:1070000000D92023DBB24F22AB5400240BE0012334
:10701000F9E74F23EA5C21001131C9B22800FFF7DC
:1070200014FF0134E4B2052CF3D970BD0379FF2BB2
:1070300006D04379FF2B01D0012070470020FCE7E8
:107040000020FAE770B50400FFF7F0FF051E0BD033
:1070500020796379984209D100212000FFF752FE80
:1070600001212000FFF744FE280070BD012100F03F
:10707000B9F96079012100F0B5F9EDE710B5040028
:107080000021FFF73FFEE36DD9171800FAF7B6F8B5
:107090005823E35C002B15D15523E25C01218A4380
:1070A000E25400212000FFF7D0FE02212000FFF76C
:1070B00076FE42B201200243D2B202212000FFF745
:1070C000C4FE10BD2000FFF74FFFE5E710B55523C4
:1070D000C25C930700D510BD02231A43D2B25523D8
:1070E000C2540021FFF7B1FE02480021FAF786F8EA
:1070F000F1E7C046881300005B230122C2547047A9
:1071000070B5040004A80578002B06D0B023200039
:10711000FFF7C0FE002D02D170BDA023F7E70121CB
:107120002000FFF7EFFDF7E730B583B00400012042
:1071300000902000FFF7E4FFFAF762F9002906D07B
:10714000FA2292000023FAF759FD05000CE0FA211B
:107150008900FAF715FD050006E0FA218900FAF723
:107160000FFD401B5F280FD82000FFF707FF3023DB
:1071700003420FD1FAF744F90029EED0FA22920027
:107180000023FAF73BFDECE72000FFF7B5FF0020F6
:1071900003B030BD00212000FFF7B4FD70220721AD
:1071A0002000FFF752FE4E23E35CDB0601D40120F2
:1071B000EEE72000FFF7D8FE0020E9E710B5002336
:1071C000FFF7B2FF10BD70B504000D005926835DB6
:1071D0000A000A21FFF708FEA35D2A001021200003
:1071E000FFF702FE70BD70B504000239C9B2002974
:1071F00009D003250D402A000321FFF726FE0235A2
:107200005923E55470BD00220321FFF71EFE5923C8
:107210000222E254F6E710B504008168006800F02D
:107220003FF900212000FFF763FD5021206800F0A6
:107230001FF94E23E0547321206800F019F9012151
:107240002000FFF755FD206800F048F910BDE0B5BB
:1072500005000E0017000621FFF7A1FD0723984344
:10726000C0B2331C032E00D903235B00DBB2DB1951
:10727000DAB2024306212800FFF7E7FDE0BD70B552
:1072800005000E000621FFF78AFD28239843C4B2AB
:10729000F033EB65022E10D0012E13D000200443F2
:1072A000220006212800FFF7D0FD06212800FFF765
:1072B00076FDA0420AD0002070BDFA23FF33EB65B3
:1072C0002020ECE7F023EB650820E8E70120F3E756
:1072D00010B50B1C0F2900D90F23DBB21901131CA9
:1072E0000F2A00D90F235AB20A43D2B20421FFF762
:1072F000ACFD10BD70B504000520F9F791FF0F2219
:1073000005212000FFF7E4FF00212000FFF7B7FF71
:107310001D212000FFF743FD05002000FFF77BFF44
:107320001D212000FFF73BFD2D1A6B425D41EDB2A0
:107330005622A554002806D0002D43D100221D213D
:107340002000FFF782FD00255823E55400221C2170
:107350002000FFF77AFD5A23E5543F220121200047
:10736000FFF773FD032202212000FFF76EFD2021AD
:107370002000FFF73FFE05212000FFF734FF4C21DE
:107380002000FFF72EFE702207212000FFF75DFD91
:107390002000FFF7DFFD2000FFF7E6FD0C220021B3
:1073A0002000FFF752FD00212000FFF7F8FC5535C3
:1073B00060552000FFF78AFE605D0E384342584159
:1073C000C0B270BD2000FFF726FFB7E710B504007C
:1073D0000160FFF737FE002800D110BD2000FFF745
:1073E00089FFFAE770B504000D00F9F767F801238B
:1073F000A340002D03D0D0221206536270BDD022CC
:1074000012069362FAE701238340002903D0D022B9
:10741000120653617047D02212069361FAE700000A
:10742000014B083303607047488D001010B504000D
:10743000FFF7F6FF08212000FBF7D2FA200010BD6D
:10744000014B083303607047488D001070B51C0075
:1074500004AB1D78416001211000F9F715F80121F6
:107460002000F9F711F801212800F9F70DF870BD97
:1074700000B585B00B006A46D11D0B700023D37395
:10748000406801330F226A4400F026FA6B46D87B2D
:1074900005B000BD10B5406800F01EFA10BD000038
:1074A00010B504004068FFF7DDFB63685A680221ED
:1074B0000A40084818180160196807204840CF2181
:1074C0000140802040011818016003498C46634444
:1074D0001A6010BD043000000420000010B54068A0
:1074E000FFF74AFB10BD000010B5034B0100186800
:1074F00000F0D8F810BDC046F80C002010B50248C6
:1075000000F0B2F910BDC046E416002010B50248E4
:1075100000F0ACF910BDC046E4160020002370B5A1
:10752000064D040008002B60FCF718FB431C00D03C
:1075300070BD2B68002BFBD02360F9E7B41F00203F
:1075400010B583070AD00300032102E001330B4288
:1075500005D01A78002AF9D1181A10BD030019684D
:107560000C4A0D4C8A188A4322420FD15968094AA5
:1075700004338A188A43224208D15968054A0433E1
:107580008A188A432242F1D000E001331A78002A97
:10759000FBD1E1E7FFFEFEFE80808080F0B50C00AD
:1075A000044303000700A40712D1032A10D9144C86
:1075B000A44667460D68134C1E002C19AC433C4290
:1075C0001BD10433043A1F0004313560032AF0D87C
:1075D0000024BE1806E00D5D013A3D55B31A013492
:1075E000002D02D0002AF6D1F0BD0021002AFBD0E8
:1075F000197001339E42FBD1F6E71F00E8E7C04651
:1076000080808080FFFEFEFEF8B50C000500FFF7CD
:1076100075FF204FBB685E6803239E431E4B341BDF
:107620009C466444240B013C113324039C4207DB39
:1076300000212800FFF772FFBB689B19984204D015
:107640002800FFF763FF0020F8BD28006142FFF724
:1076500065FF431C0DD00122BB68361B16435E60DC
:107660000E4B28001A68141B1C60FFF74FFF012007
:10767000EAE700212800FFF751FFBA68831A0F2BB1
:10768000DEDD07490968401A0449086001210B43FF
:107690005360D5E728110020EF0F0000E816002006
:1076A00030150020F0B5C64605000C0000B50029D5
:1076B0004FD0FFF723FF210008394C680126220034
:1076C0000320B2438F187B688343624898468368DF
:1076D000BB426AD043467B6026421ED108239C46AB
:1076E0000C688444091B12198C6864454FD0CB6820
:1076F000E3609C604346FC186468344211D1BB6867
:10770000554C4244A34200D17EE0FC68DC60A3609B
:10771000012313434B608A5006E0FC18646834422E
:10772000EDD016434E603A6080239B009A4213D2FC
:107730005409D3080122A2404468DB00224342607E
:1077400018188368C8608B608160D9602800FFF7D3
:10775000DDFE80BCB846F0BD530A042B3ED8940928
:10776000260039343836E40004192368083C03271E
:107770009C4242D05868B843904202D99B689C42D0
:10778000F8D1DC68CC608B60A160D960DEE743464D
:10779000F8184068304257D1FB68B8684244164335
:1077A000C36098604E608A50D0E71300434426427D
:1077B00006D10A68891A8C689B18CA68E2609460CE
:1077C00001221A434A60254A816012689A42BDD854
:1077D000234B28001968FFF717FFB7E7142B07D9C9
:1077E000542B1AD8140B26006F346E36E400BBE716
:1077F0001E005C335B36DC00B6E70122B610B240F7
:10780000466832434260BDE7D9609960CB608B60C7
:10781000012313434B608A5098E7AA246400A342D3
:1078200005D8D40B260078347736E4009CE70D4C5D
:10783000A34205D8940C26007D347C36E40093E7FF
:10784000FE247E26A4008FE7330013434B603A608A
:107850007CE7C0462811002030110020341500209C
:1078600010170020540500007047C0467047C046FE
:10787000F8B5C0460000000001B40248844601BCCF
:10788000604700BFB902002001B40248844601BC31
:10789000604700BF0502002001B40248844601BCD5
:1078A000604700BF850B002001B40248844601BC3C
:1078B000604700BF850B002001B40248844601BC2C
:1078C000604700BFC100002001B40248844601BCEB
:1078D000604700BFC901002001B40248844601BCD2
:1078E000604700BF410B002001B40248844601BC40
:1078F000604700BF9103002001B40248844601BCE8
:10790000604700BF9501002001B40248844601BCD5
:10791000604700BF6908002001B40248844601BCEA
:10792000604700BF1107002001B40248844601BC33
:10793000604700BF1108002001B40248844601BC22
:10794000604700BF3D07002001B40248844601BCE7
:10795000604700BF1D0800208D190010B9190010E4
:10796000211B0010B9290010C5210010812800102A
:10797000551A0010D5190010F5190010091A001039
:10798000710B0010111A001051130010791900101A
:107990008D060010B102001079040010654400103B
:1079A000436F756E743A20256400000073656E7431
:1079B000202D2D2D3E20656C6170736564207469E7
:1079C0006D653A20256C75200A0000005472616EC6
:1079D000736D697373696F6E206661696C656400AD
:1079E00048656C6C6F000000314E6F646500324E6C
:1079F0006F6465006D616E75666163747572657242
:107A0000203D3D204D414E5546414354555245522F
:107A10005F52504900000000433A5C5069636F5C5C
:107A20007069636F2D73646B5C7372635C72703228
:107A30003034305C7069636F5F706C6174666F7254
:107A40006D5C706C6174666F726D2E630000000077
:107A500070617274203D3D20504152545F5250324B
:107A6000000000007270323034305F636869705F0C
:107A700076657273696F6E000A2A2A2A2050414E79
:107A80004943202A2A2A0A004E6F207370696E6CBF
:107A90006F636B732061726520617661696C6162EE
:107AA0006C65000064656C7461203E3D202D3230B1
:107AB00034382026262064656C7461203C3D2032D9
:107AC00030343620262620212864656C74612026F7
:107AD00020312900433A5C5069636F5C7069636FC1
:107AE0002D73646B5C7372635C7270325F636F6D75
:107AF0006D6F6E5C68617264776172655F697271E7
:107B00005C6972712E63000063757272656E742019
:107B10003D3D205F5F756E68616E646C65645F7586
:107B20007365725F697271207C7C20637572726507
:107B30006E74203D3D2068616E646C6572000000CB
:107B40006972715F68616E646C65725F63686169B8
:107B50006E5F667265655F736C6F745F68656164A4
:107B6000203E3D2030000000767461626C655F68E5
:107B7000616E646C6572203D3D205F5F756E68616B
:107B80006E646C65645F757365725F697271000025
:107B9000212828282875696E747074725F742972A0
:107BA000656D6F76655F7468756D625F6269742874
:107BB000767461626C655F68616E646C65722929B8
:107BC000202D20282875696E747074725F7429697D
:107BD00072715F68616E646C65725F636861696E23
:107BE0005F736C6F7473292920252073697A656F20
:107BF0006628737472756374206972715F68616E50
:107C0000646C65725F636861696E5F736C6F742921
:107C10002900000030783163203D3D20282A696E1C
:107C20007374293E3E3131750000000069735F7343
:107C300068617265645F6972715F7261775F6861C4
:107C40006E646C657228736C6F745F68616E646CCF
:107C500065722900657863657074696F6E00000055
:107C6000666F756E640000004E6F2075736572203C
:107C7000495251732061726520617661696C61625D
:107C80006C6500006972715F6164645F7461696C46
:107C90005F746F5F667265655F6C69737400000086
:107CA0006D616B655F6A5F31360000007265736FEE
:107CB0006C76655F6A5F3136000000006972715F43
:107CC0006164645F7368617265645F68616E646C4F
:107CD000657200006972715F7365745F6578636CCB
:107CE00075736976655F68616E646C65720000002B
:107CF00031203D3D202875696E747074725F74295F
:107D00006C2D3E7370696E5F6C6F636B00000000DA
:107D1000433A5C5069636F5C7069636F2D73646B89
:107D20005C7372635C636F6D6D6F6E5C7069636FC3
:107D30005F73796E635C6D757465782E6300000007
:107D4000746F74616C0000006D74782D3E636F7207
:107D5000652E7370696E5F6C6F636B006C6F636B25
:107D60005F69735F6F776E65725F69645F76616C80
:107D70006964286D74782D3E6F776E6572290000F6
:107D80006D74782D3E656E7465725F636F756E7489
:107D9000000000006D757465785F65786974000097
:107DA0006D757465785F656E7465725F626C6F6324
:107DB0006B5F756E74696C0072756E74696D655F6A
:107DC000696E69745F6D757465780000706F6F6CB3
:107DD0002D3E74696D65725F616C61726D5F6E7569
:107DE0006D203D3D2074696D65725F616C61726DDF
:107DF0005F6E756D00000000433A5C5069636F5C14
:107E00007069636F2D73646B5C7372635C636F6D19
:107E10006D6F6E5C7069636F5F74696D655C7469CA
:107E20006D652E630000000064656661756C745FAB
:107E3000616C61726D5F706F6F6C5F696E697469A0
:107E4000616C697A656428290000000041747465DA
:107E50006D7074656420746F20736C656570206943
:107E60006E73696465206F6620616E206578636556
:107E70007074696F6E2068616E646C65723B20750A
:107E8000736520627573795F776169742069662014
:107E9000796F75206D75737400000000616C6172FC
:107EA0006D5F706F6F6C5F6765745F646566617549
:107EB0006C740000616C61726D5F706F6F6C5F69F4
:107EC00072715F68616E646C657200004861726413
:107ED0007761726520616C61726D20256420616C30
:107EE000726561647920636C61696D65640000008E
:107EF00076636F5F66726571203E3D205049434F47
:107F00005F504C4C5F56434F5F4D494E5F46524564
:107F1000515F485A2026262076636F5F667265712E
:107F2000203C3D205049434F5F504C4C5F56434FDF
:107F30005F4D41585F465245515F485A000000006E
:107F4000433A5C5069636F5C7069636F2D73646B57
:107F50005C7372635C7270325F636F6D6D6F6E5CC9
:107F600068617264776172655F706C6C5C706C6C78
:107F70002E6300006662646976203E3D2031362023
:107F80002626206662646976203C3D20333230002C
:107F900028706F73745F64697631203E3D20312014
:107FA000262620706F73745F64697631203C3D2013
:107FB00037292026262028706F73745F6469763213
:107FC000203E3D203120262620706F73745F646947
:107FD0007632203C3D203729000000007265665F44
:107FE00066726571203C3D202876636F5F6672651E
:107FF00071202F2031362900706C6C5F696E6974B6
:10800000000000002A282875696E74385F74202AE1
:1080100029282828766F6964202A29726F6D5F7479
:1080200061626C655F666C6F6174292D322929204D
:108030002A2034203E3D2053465F5441424C455F48
:1080400056325F53495A4500433A5C5069636F5C4E
:108050007069636F2D73646B5C7372635C727032F2
:108060005F636F6D6D6F6E5C7069636F5F646F757A
:10807000626C655C646F75626C655F696E69745F84
:10808000726F6D5F7270323034302E63000000000A
:108090005F5F61656162695F646F75626C655F698E
:1080A0006E6974002A282875696E74385F74202AF6
:1080B00029726F6D5F7461626C652D3229202A20F0
:1080C00034203E3D2053465F5441424C455F56327A
:1080D0005F53495A45000000433A5C5069636F5C46
:1080E0007069636F2D73646B5C7372635C72703262
:1080F0005F636F6D6D6F6E5C7069636F5F666C6FF1
:1081000061745C666C6F61745F696E69745F726FD5
:108110006D5F7270323034302E6300005F5F6165D6
:108120006162695F666C6F61745F696E697400009B
:108130004465627567000000626F6F74325F77326A
:108140003571303830000000322E312E3000000002
:108150007069636F000000007472616E736D697402
:10816000746572004D617220323820323032350031
:1081700005005250DE65F468F8A100100600525068
:108180005422A29D6481001006005250861C0302F6
:108190005881001006005250BBFF3CB650810010C1
:1081A00006005250ABB36053488100100600525095
:1081B000E182887F3881001006005250D3F075426A
:1081C00030810010666E6900666E692B0000000049
:1081D0006E616E00666E692D000000009A35001019
:1081E0004A3500104A350010A43500104A350010F9
:1081F0004A3500104A3500104A3500104A35001043
:108200004A3500104A350010903500104A350010EC
:10821000863500104A3500104A3500107C350010B4
:108220003C360010623600107A36001062360010BC
:108230001C360010623600106236001062360010E4
:10824000623600106236001062360010623600108E
:108250005836001062360010623600106236001088
:10826000623600106236001086360010B63A0010F2
:10827000CC3A0010CC3A0010CC3A0010CC3A0010A6
:10828000CC3A0010CC3A0010CC3A0010CC3A001096
:10829000CC3A0010CC3A0010CC3A0010CC3A001086
:1082A000CC3A0010CC3A0010CC3A0010CC3A001076
:1082B000CC3A0010CC3A0010CC3A0010CC3A001066
:1082C000CC3A0010CC3A0010CC3A0010CC3A001056
:1082D000CC3A0010CC3A0010CC3A0010CC3A001046
:1082E000CC3A0010CC3A0010CC3A0010DE38001026
:1082F0009E380010DE380010CC3A0010CC3A001046
:10830000CC3A0010CC3A0010CC3A0010CC3A001015
:10831000CC3A0010CC3A0010CC3A0010CC3A001005
:10832000CC3A0010CC3A0010CC3A0010CC3A0010F5
:10833000CC3A0010CC3A001092360010CC3A001023
:10834000CC3A0010CC3A0010CC3A0010CC3A0010D5
:10835000CC3A0010CC3A0010CC3A0010CC3A0010C5
:10836000923600102E39001092360010DE380010C0
:108370009E380010DE380010CC3A00109236001003
:10838000CC3A0010CC3A0010CC3A0010CC3A001095
:10839000CC3A001092360010803A0010CC3A00100F
:1083A000CC3A0010A6390010CC3A001092360010DA
:1083B000CC3A0010CC3A00109236001000000000B9
:1083C000000000000000F03F00000000000024401A
:1083D00000000000000059400000000000408F40F5
:1083E000000000000088C34000000000006AF84060
:1083F0000000000080842E4100000000D012634184
:108400000000000084D797410000000065CDCD41F9
:108410002C2066756E6374696F6E3A200000000050
:10842000617373657274696F6E20222573222066F2
:1084300061696C65643A2066696C65202225732247
:108440002C206C696E65202564257325730A000055
:108450000D0A000000000000953E00100000000022
:10846000993E0010A53E0010DD3E0010D93E0010E0
:1084700000000000050F2100011C100500DF60DD79
:10848000D88945C74C9CD2659D9E648A9F00000395
:1084900006A60001000000000A000000000003061C
:1084A000A6000800020002009C00140003005749C7
:1084B0004E55534200000000000000000000800004
:1084C0000400010028004400650076006900630094
:1084D000650049006E00740065007200660061006E
:1084E00063006500470055004900440000004E004D
:1084F0007B006200630037003300390038006300FE
:1085000031002D0037003300630064002D0034007B
:108510006300620037002D00390038006200380027
:108520002D0039003100330061003800660063001F
:10853000610037006200660036007D000000000028
:1085400066616C7365000000433A5C5069636F5C60
:108550007069636F2D73646B5C7372635C727032ED
:108560005F636F6D6D6F6E5C7069636F5F73746472
:10857000696F5F7573625C737464696F5F75736252
:108580002E63000055534220737464696E202F20BF
:108590007374646F757400000600525053B4F4A1F4
:1085A00084850010737464696F5F7573625F696EB0
:1085B000697400005261737062657272792050694B
:1085C000000000005069636F00000000426F61729C
:1085D000642043444300000052657365740000004A
:1085E00009025400030100807D080B000202020012
:1085F0000009040000010202000405240020010516
:108600002401000104240206052406000107058157
:108610000308001009040100020A00000007050217
:108620000240000007058202400000090402000029
:10863000FF00010512011002EF0201408A2E0A001C
:10864000000101020301000000000000B4850010D9
:10865000C48500106C260020CC850010D885001041
:108660006C656E203E203000433A5C5069636F5C5D
:108670007069636F2D73646B5C7372635C727032CC
:108680005F636F6D6D6F6E5C7069636F5F756E6950
:108690007175655F69645C756E697175655F696444
:1086A0002E6300007069636F5F6765745F756E6944
:1086B0007175655F626F6172645F69645F73747224
:1086C000696E6700666C6173685F6F666673202B06
:1086D00020636F756E74203C3D205049434F5F46C8
:1086E0004C4153485F53495A455F425954455300E2
:1086F000433A5C5069636F5C7069636F2D73646BA0
:108700005C7372635C7270325F636F6D6D6F6E5C11
:1087100068617264776172655F666C6173685C66DC
:108720006C6173682E630000636F6E6E6563745FC7
:10873000696E7465726E616C5F666C6173685F66AA
:10874000756E6320262620666C6173685F657869A4
:10875000745F7869705F66756E6320262620666C8C
:108760006173685F72616E67655F65726173655F93
:1087700066756E6320262620666C6173685F666C82
:108780007573685F63616368655F66756E6300003B
:10879000636F6E6E6563745F696E7465726E616C33
:1087A0005F666C6173685F66756E6320262620665F
:1087B0006C6173685F657869745F7869705F66750E
:1087C0006E6320262620666C6173685F72616E6737
:1087D000655F70726F6772616D5F66756E6320268C
:1087E0002620666C6173685F666C7573685F636191
:1087F0006368655F66756E6300000000636F6E6E90
:108800006563745F696E7465726E616C5F666C61DE
:1088100073685F66756E6320262620666C617368D8
:108820005F657869745F7869705F66756E6320262E
:108830002620666C6173685F666C7573685F636140
:108840006368655F66756E6300000000666C617347
:10885000685F646F5F636D640000000028287569BD
:108860006E747074725F7429206E6578745F6275BF
:10887000666665725F707472202620306231313115
:108880003131317529203D3D20300000433A5C50A4
:1088900069636F5C7069636F2D73646B5C6C696294
:1088A0005C74696E797573625C7372635C706F720D
:1088B0007461626C655C726173706265727279700A
:1088C000695C7270323034305C6463645F72703241
:1088D0003034302E6300000068775F646174615F3C
:1088E0006F6666736574286E6578745F6275666618
:1088F00065725F70747229203C3D205553425F447D
:108900005052414D5F4D415800000000556E686166
:108910006E646C65642049525120307825780A00D5
:108920007268706F7274203D3D2030006463645F34
:10893000656470745F786665720000006463645FEC
:10894000656470745F6F70656E0000006463645FDF
:108950007365745F61646472657373006463645FFC
:10896000696E745F656E61626C6500005F68775F59
:10897000656E64706F696E745F616C6C6F6300002C
:108980006463645F696E6974000000002128627589
:10899000665F6374726C2026205553425F425546D1
:1089A0005F4354524C5F46554C4C2900433A5C504F
:1089B00069636F5C7069636F2D73646B5C6C696273
:1089C0005C74696E797573625C7372635C706F72EC
:1089D0007461626C655C72617370626572727970E9
:1089E000695C7270323034305C7270323034305FB7
:1089F0007573622E630000006275665F6374726C4B
:108A00002026205553425F4255465F4354524C5FE7
:108A100046554C4C0000000065702025303258202F
:108A200077617320616C7265616479206176616938
:108A30006C61626C6500000043616E277420636F97
:108A40006E74696E75652078666572206F6E206938
:108A50006E61637469766520657020253032580038
:108A60005741524E3A207374617274696E67206E7A
:108A70006577207472616E73666572206F6E206117
:108A80006C726561647920616374697665206570D4
:108A900020253032580D0A0073796E635F65705F70
:108AA000627566666572000025732025643A204170
:108AB0005353455254204641494C45440D0A000049
:108AC000364C0010964B0010D24B0010064C001094
:108AD000364C0010364C0010224C0010D24B0010C7
:108AE000364C0010364C0010364C0010364C00103E
:108AF000364C0010364C0010364C0010B84B0010AD
:108B00006409002064090020460900200C0A0020A6
:108B1000AC090020C0090020000B00207851001093
:108B2000525100100C5300102C5100100C53001027
:108B30007C500010205100100C5300109850001071
:108B4000B05000106E53001060530010B653001068
:108B5000E8540010B2540010CA540010C45300105E
:108B600034540010DA540010757362645F656470E9
:108B7000745F7866657200007475645F696E69740D
:108B800000000000757362645F656470745F6F70ED
:108B9000656E0000757362645F6F70656E5F65641B
:108BA00070745F706169720071756575655F657677
:108BB000656E740070726F636573735F6765745F71
:108BC00064657363726970746F72000070726F63B2
:108BD0006573735F7365745F636F6E6669670000CA
:108BE00070726F636573735F636F6E74726F6C5FC7
:108BF0007265717565737400636F6E66696775720F
:108C00006174696F6E5F7265736574007475645F1B
:108C10007461736B5F6578740000000000000000F1
:108C2000D1590010915A0010E15A0010595B001000
:108C3000515C0010895D0010000000000000000081
:108C4000295F0010B95F0010F15F00102D60001067
:108C5000453F0010A16100100000000075736264C0
:108C60005F636F6E74726F6C5F786665725F63626C
:108C7000000000007475645F636F6E74726F6C5FE8
:108C80007866657200000000636463645F786665FF
:108C9000725F636200000000636463645F6F70650D
:108CA0006E0000007475645F6364635F6E5F77726B
:108CB0006974655F666C75736800000076656E6444
:108CC0006F72645F6F70656E0000000074755F65A1
:108CD0006470745F73747265616D5F726561645F07
:108CE000786665720000000074755F656470745F7B
:108CF00073747265616D5F77726974655F786665BC
:108D00007200000074755F656470745F73747265DF
:108D1000616D5F77726974655F7A6C705F69665FB9
:108D20006E6565646564000074755F656470745F8A
:108D300076616C696461746500000000747573622B
:108D40005F696E6974000000000000000000000010
:088D5000217400102D740010C5
:108D5800708100107C8100108881001094810010BF
:108D6800A0810010AC810010B88100109885001017
:108D780003000068EFF3108C72B60268002AFCD07A
:108D8800BFF35F8F04229A56002A0BDB002910D00C
:108D98000A6000201B68BFF35F8F00221A608CF303
:108DA80010887047D0221206127852B21A71012028
:108DB800F0E70020EEE70000F8B5CE46474680B55C
:108DC8000400170098460368002B20D0D0231B0608
:108DD8001B785BB299462668EFF3108C72B635683B
:108DE800002DFCD0BFF35F8F04256557002D14DBE1
:108DF8002368BFF35F8F00221A608CF31088380055
:108E0800414600F049FD0028E5D000200FE00A4B5C
:108E18000A4AA6210A4800F047FD4B4623712368F9
:108E2800BFF35F8F00221A608CF310880120C0BC4A
:108E3800B946B046F8BDC046487D0010A07D001078
:108E4800107D001070B582B0060015001C0001A945
:108E5800FFF78EFF002807D1019B5BB2D0221206D4
:108E6800127852B2934201D102B070BD2A00230099
:108E78003000FFF7A1FFF7E7F8B506000F0000F094
:108E8800E3FC04000D00FA229200002338000021C0
:108E980000F0EAFC22002B0012184B41002B03DBE8
:108EA8003000FFF789FFF8BD01225242004BF7E777
:108EB800FFFFFF7F10B50268EFF3108172B61368E9
:108EC800002BFCD0BFF35F8F0423C356002B0ADBB3
:108ED800FF2303710368BFF35F8F00221A6081F3D9
:108EE800108840BF10BD034B034AD521034800F04A
:108EF800DBFCC0465C7D0010947D0010107D0010E6
:108F0800094B1B78002B08D00CE09A0080214905FA
:108F1800511808680549505001333F2BF5DD024BC5
:108F280001221A707047C04680260020281E0020A3
:108F380010B5024B0133984710BDC046281E0020CB
:108F480000280AD003231B02054A12685340C02296
:108F580092001340034A136070470223F3E7C046A8
:108F68000C8001400C900140F0B5D6464F4646466D
:108F7800C0B507000E00150018239A461B88142256
:108F88009046108828499847814653461B88424690
:108F9800108826499847040053461B884246108883
:108FA8002349984780464B46002B0CD0002C0AD00A
:108FB800002808D0FFF7A4FFC847A0470020FFF704
:108FC800BFFF2A000FE01B4B1B4AD1211B4800F0B2
:108FD8006BFC002B07D0002A05D0C0235B051B6E55
:108FE8003370013A01362B00134312D0C0235B05BE
:108FF8009C6A08232340A107EBD5002DE9D0511B1B
:109008000D29E6D83878C02149050866013D0137A1
:10901800DFE70120FFF794FFC047FFF789FFE0BCB7
:10902800BA46B146A846F0BD49460000455800007A
:1090380046430000FC8700104C880010F0860010A2
:1090480010B5002308E00133DA0000210848115068
:10905800844662445160DBB20E2BF4D9F0229200B0
:109068000021044800F038FC034B044A1A6010BD84
:109078000000105000200020CC2300208001105058
:10908800F0B5CE46474680B585B0234B9F6D00248A
:10909800012603E0B74376000134E4B2002F36D04E
:1090A8001F2C34D83E42F6D01C4B9E656308994667
:1090B8000123634001221A4090464B465D00454417
:1090C8006D01174BED18280000F06AFA0028E1D06E
:1090D8004B465B0043445B01114AD3189A7891468A
:1090E800DB8A98460C22002101A800F0F5FB072333
:1090F8006A4653716B464A461A72434603930121E6
:1091080001A800F06DFA280000F0DAF9C2E705B00E
:10911800C0BCB946B046F0BD000011500030115037
:10912800C01F0020F0B5CE46474680B585B07F4ABF
:109138009823D55880239B022F001F401D4248D0FA
:109148007B4B9A6A7B4B1A600024002609E07A4B15
:1091580099183C3100230B7000F0DEF93E00013411
:10916800E4B20F2C17D8A20110002030724BC0189F
:109178009B183B331B78022BF1D16F4B9B183A336A
:109188001F78002FEBD06C4B9B183C331B78002BBF
:10919800DDD13E00E3E7002E08D1684B1B78002B99
:1091A80004D1674A903380218902D1505F4B9C6C6F
:1091B8006405640D01AE0C220021300000F08CFB28
:1091C8000323737002940121300000F009FA80270C
:1091D800BF02EB0606D4EB0355D580235B021F4381
:1091E800002419E010231F43FFF74AFFF3E7022387
:1091F80098461EE0534B42461A664C4B5B6E4246FD
:1092080013409845F9D118E04B465A014A4B9B1830
:109218000122DA700134E4B2012C20D8A14663019E
:10922800454E9E19B37E002BEED0002CDFD00123D3
:10923800984600F021FB0128DCD8C02292010021C9
:10924800300000F043F9300000F03AF900F014FB68
:109258000128D9D93A4B42465A661A66D4E701AC76
:109268000C220021200000F037FB06236370364AE9
:1092780002AB03CA03C30121200000F0B1F9304B4F
:10928800802292021A65EB040AD46B0421D42B04C1
:1092980032D4AF4244D105B0C0BCB946B046F0BDE7
:1092A80080235B011F43214B00221A60FFF7C8FE91
:1092B80001AC0C220021200000F00EFB012363709A
:1092C8000121200000F08CF91D4B802212031A6541
:1092D800DBE78023DB011F4301AC0C2200212000C7
:1092E80000F0FAFA042363700121200000F078F9F5
:1092F800134B10221A65CAE780231B021F4301ACD7
:109308000C220021200000F0E7FA052363700121F8
:10931800200000F065F90A4B802212011A65B8E7AF
:1093280039006940094800F0AFFAC0460000115002
:1093380000400540AC1F0020C01F00207E260020F2
:109348000030115000201150000010500C890010FE
:10935800F8B504000F00838A028B1E1C934200D9C3
:10936800161CB6B29B1BA3828025ED003543E3781B
:10937800002B13D080229201154301225340E37041
:109388006378002B0CD0A38A002B02D18023DB0149
:109398001D43002F00D02D042800F8BD0022EBE764
:1093A800B801E3689C4660443200216900F084FA01
:1093B80023699C466644266180231B021D43E2E71D
:1093C800094B1B6C9B070CD48378DB09012B01D05C
:1093D800002007E0C37E022B01D0002002E001201C
:1093E80000E000207047C0460000115010B5FFF79C
:1093F800E7FF002809D0064B9B6A064A12689B1AA9
:10940800054A94466344C62B00D810BD0020FCE7EB
:1094180000400540AC1F0020E0FCFFFF70B50400D1
:1094280083681B68002900D01B0C9D05AD0D627870
:10943800002A11D11B0409D4E38A5B19E382238B28
:10944800AB4201D90023A382280070BD0E4B0F4AFE
:10945800E8210F4800F028FA1B040ED58901E368BB
:109468009C4661442A00206900F026FAE38A5B19C9
:10947800E38223695B192361E1E7064B034AEE2186
:10948800034800F011FAC0468C890010988A001031
:10949800AC890010F889001010B5040083681B68B7
:1094A8000021FFF7BBFF63681B685B0002D5238BB5
:1094B800834200D010BD01212000FFF7AFFFF9E77C
:1094C800002383768382C3820361704710B5002925
:1094D80002D083681B681940002A10D01143530535
:1094E8000DD5826813685B050CD4084B0B401360DC
:1094F800074B1B6C9B0702D40C23033BFDD28368EC
:10950800196010BD8178034800F0BEF9FFFBFFFF2A
:1095180000001150188A001070B5040043681E68D6
:109528000021FFF715FF80256D010543194B1B6CC2
:109538000222110019401A4202D1A378DB0906D091
:10954800002906D0A3785B0616D1002302E0012388
:1095580000E00023A28A002A01D0002B0ED00E4B77
:109568001E4080239B053343626813602A00002154
:109578002000FFF7ABFF70BD0123EBE701212000BE
:10958800FFF7E6FE0543054B1E40A023DB053343EA
:10959800EAE7C04600001150FFFFFFAFFFFFFFDF03
:1095A80070B50400857E002D06D0FFF775FFA38AED
:1095B800002B05D1280070BD8178084800F064F9B7
:1095C8002000FFF713FF051E03D001232377002592
:1095D800F0E72000FFF7A0FFECE7C046388A00104C
:1095E80070B586B005000E004378062B12D89B0094
:1095F800764AD3589F46764B1A7801218A431A70C7
:109608001A7801318A431A7000225A701A78023186
:109618008A431A706F4B1C68210014316269EFF39A
:10962800108072B61368002BFCD0BFF35F8F4860C0
:109638002900200000F000F96269A369BFF35F8F79
:109648000021116083F31088002800D1B6E0697802
:109658002878320000F038F906B070BD5C4B1B78F2
:10966800DB07F9D55A4A137804210B431370D1E765
:10967800574B1B78DB07EFD5554A137804218B43EA
:109688001370C7E7D21A5201534B9B180DE00134EF
:10969800E4B2524B1B78591C2200A14210DBA342B2
:1096A800F0D94F4B1B6862019B18002BEFD0DB6988
:1096B800002BECD0287869689847E8E70024E8E7A9
:1096C800434B1B785B0733D4414BDB78DB07C3D5AF
:1096D8000C22002103A800F0FFF82B7802AA1371CE
:1096E800032353716B68019304933A4B1C68210060
:1096F80014316269EFF3108072B61368002BFCD046
:10970800BFF35F8F486003A9200000F095F86269F5
:10971800A369BFF35F8F0021116083F310880028CD
:109728003FD003AB59781878320000F0CDF893E7B2
:10973800274A137804218B4313700C22002103A8B5
:1097480000F0CAF82B7802AA137105235371214B34
:109758001C68210014316269EFF3108072B6136837
:10976800002BFCD0BFF35F8F486003A9200000F0F6
:1097780063F86269A369BFF35F8F0021116083F307
:109788001088002806D003AB59781878320000F00A
:109798009BF899E7AD2252001249134800F05CF893
:1097A80092E7AD2252000F490F4800F055F853E7F1
:1097B8000E4A13780133DBB213702BE7AD22520047
:1097C8000849094800F048F846E7C046008B0010F1
:1097D800401A0020981A00201C8C00107D260020BA
:1097E80014170020A88B0010A88A00107F260020DC
:1097F800F0B5070018001D001C0008E0002C06D07A
:10980800FE68730703D5BB681370013C013226005C
:109818002E430DD0002DF1D0FE68B307EED52B00F6
:109828000833A342EAD90B78BB60013D0131E5E773
:10983800F0BD00007047C04601B40248844601BC30
:10984800604700BF876A001001B40248844601BC23
:10985800604700BF0114001001B40248844601BCEF
:10986800604700BF7D3E001001B40248844601BC39
:10987800604700BFF527001001B40248844601BCC8
:10988800604700BFD504001001B40248844601BCFB
:10989800604700BF2105001001B40248844601BC9E
:1098A800604700BF3512001001B40248844601BC6D
:1098B800604700BF9D3B001001B40248844601BCCC
:1098C800604700BF7548001001B40248844601BCD7
:1098D800604700BF754B001001B40248844601BCC4
:1098E800604700BFC92900101000000000000000F8
:1098F800000001000000000000000000000002005D
:10990800000000000000000000000300000000004C
:10991800000000000000FF000000000001B54868DA
:1099280001318E460047704609380149884701BD14
:109938000D0A0010000000000000000000000000F8
:10994800000000000000000040150020000000009A
:10995800503300004C3300005433000052330000F1
:109968004D5300004D4300005334000043340000C1
:1099780001430010C93F001069420010B53F0010B4
:1099880000000000000100009C1A002010000C00DC
:1099980000000000000000000000000000000000BF
:1099A80000000000FF000000000D00200000000083
:1099B80000000000EC0F002054100020BC10002014
:1099C800000000000000000000000000000000008F
:1099D800000000000000000000000000000000007F
:1099E800000000000000000000000000000000006F
:1099F800000000000000000000000000000000005F
:109A0800000000000000000000000000000000004E
:109A1800000000000000000000000000000000003E
:109A2800000000000000000000000000000000002E
:109A3800000000000000000000000000000000001E
:109A4800000000000000000000000000000000000E
:109A580000000000000000000100000000000000FD
:109A68000E33CDAB34126DE6ECDE05000B000000C2
:109A780000000000000000000000000000000000DE
:109A880000000000000000000000000000000000CE
:109A980000000000000000000000000000000000BE
:109AA80000000000000000000000000000000000AE
:109AB800000000000000000000000000000000009E
:109AC800000000000000000000000000000000008E
:109AD800000000000000000000000000000000007E
:109AE800000000000000000000000000000000006E
:109AF800000000000000000000000000000000005E
:109B0800000000000000000000000000000000004D
:109B1800000000000000000000000000000000003D
:109B2800000000000000000000000000000000002D
:109B3800000000000000000000000000000000001D
:109B4800000000000000000000000000000000000D
:109B580000000000000000000000000000000000FD
:109B680000000000000000000000000000000000ED
:109B780000000000000000000000000000000000DD
:109B880000000000000000000000000000000000CD
:109B980000000000000000000000000000000000BD
:109BA80000000000000000000000000000000000AD
:109BB800000000000000000000000000000000009D
:109BC800000000000000000000000000000000008D
:109BD800000000000000000000000000000000007D
:109BE800000000000000000000000000000000006D
:109BF800000000000000000000000000000000005D
:109C0800000000000000000000000000000000004C
:109C1800000000000000000000000000000000003C
:109C2800000000000000000000000000000000002C
:109C3800000000000000000000000000000000001C
:109C4800000000000000000000000000000000000C
:109C580000000000000000000000000000000000FC
:109C680000000000000000000000000000000000EC
:109C780000000000000000000000000000000000DC
:109C880000000000000000000000000000000000CC
:109C980000000000000000000000000000000000BC
:109CA80000000000000000000000000000000000AC
:109CB800000000000000000000000000000000009C
:109CC800000000000000000000000000000000008C
:109CD800000000000000000000000000000000007C
:109CE800000000000000000000000000000000006C
:109CF800000000000000000000000000000000005C
:109D0800000000000000000000000000000000004B
:109D1800000000000000000000000000000000003B
:109D2800000000000000000000000000000000002B
:109D3800000000000000000000000000000000001B
:109D4800000000000000000000000000000000000B
:109D580000000000000000000000000000000000FB
:109D680000000000000000000000000000000000EB
:109D780000000000000000000000000000000000DB
:109D880000000000000000000000000000000000CB
:109D980000000000000000000000000000000000BB
:109DA80000000000000000000000000000000000AB
:109DB800000000000000000000000000000000009B
:109DC800000000000000000000000000000000008B
:109DD800000000000000000000000000000000007B
:109DE80028110020281100203011002030110020F7
:109DF80038110020381100204011002040110020A7
:109E08004811002048110020501100205011002056
:109E18005811002058110020601100206011002006
:109E280068110020681100207011002070110020B6
:109E38007811002078110020801100208011002066
:109E48008811002088110020901100209011002016
:109E58009811002098110020A0110020A0110020C6
:109E6800A8110020A8110020B0110020B011002076
:109E7800B8110020B8110020C0110020C011002026
:109E8800C8110020C8110020D0110020D0110020D6
:109E9800D8110020D8110020E0110020E011002086
:109EA800E8110020E8110020F0110020F011002036
:109EB800F8110020F81100200012002000120020E4
:109EC8000812002008120020101200201012002092
:109ED8001812002018120020201200202012002042
:109EE80028120020281200203012002030120020F2
:109EF80038120020381200204012002040120020A2
:109F08004812002048120020501200205012002051
:109F18005812002058120020601200206012002001
:109F280068120020681200207012002070120020B1
:109F38007812002078120020801200208012002061
:109F48008812002088120020901200209012002011
:109F58009812002098120020A0120020A0120020C1
:109F6800A8120020A8120020B0120020B012002071
:109F7800B8120020B8120020C0120020C012002021
:109F8800C8120020C8120020D0120020D0120020D1
:109F9800D8120020D8120020E0120020E012002081
:109FA800E8120020E8120020F0120020F012002031
:109FB800F8120020F81200200013002000130020DF
:109FC800081300200813002010130020101300208D
:109FD800181300201813002020130020201300203D
:109FE80028130020281300203013002030130020ED
:109FF800381300203813002040130020401300209D
:10A00800481300204813002050130020501300204C
:10A0180058130020581300206013002060130020FC
:10A0280068130020681300207013002070130020AC
:10A03800781300207813002080130020801300205C
:10A04800881300208813002090130020901300200C
:10A058009813002098130020A0130020A0130020BC
:10A06800A8130020A8130020B0130020B01300206C
:10A07800B8130020B8130020C0130020C01300201C
:10A08800C8130020C8130020D0130020D0130020CC
:10A09800D8130020D8130020E0130020E01300207C
:10A0A800E8130020E8130020F0130020F01300202C
:10A0B800F8130020F81300200014002000140020DA
:10A0C8000814002008140020101400201014002088
:10A0D8001814002018140020201400202014002038
:10A0E80028140020281400203014002030140020E8
:10A0F8003814002038140020401400204014002098
:10A108004814002048140020501400205014002047
:10A1180058140020581400206014002060140020F7
:10A1280068140020681400207014002070140020A7
:10A138007814002078140020801400208014002057
:10A148008814002088140020901400209014002007
:10A158009814002098140020A0140020A0140020B7
:10A16800A8140020A8140020B0140020B014002067
:10A17800B8140020B8140020C0140020C014002017
:10A18800C8140020C8140020D0140020D0140020C7
:10A19800D8140020D8140020E0140020E014002077
:10A1A800E8140020E8140020F0140020F014002027
:10A1B800F8140020F81400200015002000150020D5
:10A1C8000815002008150020101500201015002083
:10A1D8001815002018150020201500202015002033
:10A1E800FFFFFFFF00000200000000000000000069
:04000005100001E9FD
:00000001FF
