:020000041000EA
:1000000000B5324B212058609868022188439860DF
:10001000D860186158612E4B002199600221596106
:100020000121F02299502B49196001219960352056
:1000300000F044F80222904214D00621196600F024
:1000400034F8196E01211966002018661A6600F04E
:100050002CF8196E196E196E052000F02FF8012189
:100060000842F9D1002199601B49196000215960AB
:100070001A491B48016001219960EB211966A021F2
:10008000196600F012F800219960164914480160C1
:100090000121996001BC002800D000471248134993
:1000A000086003C880F30888084703B5996A0420EC
:1000B0000142FBD001200142F8D103BD02B5186610
:1000C0001866FFF7F2FF186E186E02BD00000240BE
:1000D000000000180000070000035F00212200005C
:1000E000F4000018222000A00001001008ED00E03C
:1000F00000000000000000000000000074B24E7A12
:1001000000200420F7010010C3010010C5010010F9
:10011000C1010010C1010010C1010010C101001097
:10012000C1010010C1010010C1010010C701001081
:10013000C1010010C1010010C9010010CB01001065
:10014000CD010010CD010010CD010010CD01001037
:10015000CD010010CD010010CD010010CD01001027
:10016000CD010010CD010010CD010010CD01001017
:10017000CD010010CD010010CD010010CD01001007
:10018000CD010010CD010010CD010010CD010010F7
:10019000CD010010CD010010CD010010CD010010E7
:1001A000CD010010CD010010CD010010CD010010D7
:1001B000CD010010CD010010CD010010CD010010C7
:1001C00000BE00BE00BE00BE00BE00BEEFF3058054
:1001D000103800BEF2EB8871A89E0010D49E00106B
:1001E0003802001090A31AE71E481F49086006C88D
:1001F00081F3088810471D480068002801D019487D
:10020000F3E70DA40ECC002902D000F012F8F9E7B4
:100210001749184A002000E001C19142FCD116495B
:100220008847164988471649884700BEFDE701C937
:1002300001C29A42FBD37047D49E0010C000002038
:10024000681600207CB40010000004200000042088
:100250007CB40010001004200010042000000000F6
:10026000704700000000000008ED00E0000000D032
:1002700068160020C8270020AD3D0010E9030010DB
:10028000693D0010F8B5C04610B5064C2378002B28
:1002900007D1054B002B02D0044800E000BF01232A
:1002A000237010BDF0170020000000009889001096
:1002B000044B10B5002B03D00349044800E000BFF5
:1002C00010BDC04600000000F417002098890010FF
:1002D00070B582B006000D00002401E00134A4B224
:1002E000AC4210D2335D6A460732137000210029F8
:1002F000F4D1064B9B699B06FBD41078034B186026
:1003000001310132F3E702B070BDC0460040034046
:1003100030B587B01A4C10230093033312221949C9
:10032000200007F079FA184801F086F803AA174B65
:1003300023CB23C22100164807F02EFA002803D150
:10034000144803F058FEFEE7114C0122032120005F
:1003500007F063F90121200007F077F91C21200044
:1003600007F03EF803AA0121200007F0BFF82000A3
:1003700007F00EF9084803F03EFE07B030BDC04656
:10038000E824002000C00340B80B0000388A0010A9
:100390000C25002098890010B889001030B585B070
:1003A0000E4807F077F8002801D105B030BD0C4C9D
:1003B0001C222100094807F076F8257A206802F00F
:1003C0003FFB02000B002100093102910195616899
:1003D0000091044803F03EFEE7E7C0460C250020EC
:1003E00070250020D889001000B585B003F0FCFD11
:1003F000FFF78EFF154807F0AFFD0421144807F002
:10040000B0FD02A804F03CFA082102A807F0B8FDEC
:1004100004E06B46D8790D4907F0E6FC0D4B9B696B
:1004200010210A001A4019420DD16B46D91D002A2D
:10043000EFD1084B9B69DB06FBD4064B1B680B70A6
:1004400001320131F3E7FFF7A9FFE7E7380C00209D
:10045000D40C00200040034070B504000D000128BA
:1004600005D0002C02D10A4B9D420DD070BD084B27
:100470009942F6D1074B0F220E21074806F08CFF58
:10048000064807F0C3F9ECE7044807F0AFF9EDE7D9
:10049000FFFF0000809698000C250020E824002033
:1004A00010B502490120FFF7D7FF10BDFFFF000084
:1004B00010B58300084A9A18126840245440C0229C
:1004C0002240064CA44663441A60C000044B9C467C
:1004D0006044416010BDC04604C0014004D00140EA
:1004E0000040014010B501238340D02212069362E0
:1004F00093610521FFF7DCFF10BD000010B58023DC
:10050000DB0518680205120D030B1B041B0C0949BF
:100510008A4203D1022B07D1000F10BD064B074AB8
:100520002221074803F024FC064B044A23210448F7
:1005300003F01EFC27090000448A0010B48A001052
:10054000688A0010A08A00100FB400B583B0084874
:1005500003F051FD049B002B07D005A90191180061
:1005600003F058FD034803F046FD012003F0DEFBD5
:10057000C88A0010D88A0010EFF3108072B6034BBF
:100580001B68002BFBD0BFF35F8F70472C0100D09E
:10059000BFF35F8F024B00221A6080F31088704710
:1005A0002C0100D0F8B506000C001500FFF7E4FFA1
:1005B000E308F718F15C07222240012393400B4225
:1005C00005D1DBB20B433B70FFF7E2FFF8BD210022
:1005D0002800FFF7B9FFF0B583B0060001911400C1
:1005E0001F00FFF7C9FF00E00134BC420CD8E3084C
:1005F000F518F35C0721214001228A401A42F3D109
:10060000D2B21A432A7001E001246442FFF7C0FF0E
:10061000002C02DB200003B0F0BD019B002BF9D0C1
:100620000898FFF791FF0000054A1078431CDBB2E1
:100630001370172B02D9130010221A707047C0468E
:10064000040D002000B583B00100044B00931F236C
:1006500018220348FFF7BFFF03B000BDDC8A00107B
:1006600078200020002307E0054A9A189200BFF383
:100670005F8F0021116001331F2BF5D97047C046F1
:1006800040000034074B9B68103080001950BFF3C6
:100690005F8FBFF35F8F044B0021196082F31088D6
:1006A0007047C04600ED00E0240100D000487047CC
:1006B00000E400E010B5FFF7F9FF002302E0034A71
:1006C00004C00133072BFAD910BDC046808080805A
:1006D00010B5091A081F0B4B9C4661440A4A914207
:1006E00008D8C30706D440104005400D074B1843F7
:1006F00080B210BD0221064B064AFF31064803F0C6
:1007000037FBC046FC070000FE0F000000E0FFFFC3
:10071000F88A0010648D0010288B001010B5091A9B
:1007200004394C08090B08D14905490D064A114303
:100730000180064B2343438010BD0A21044B054A28
:10074000FF31054803F014FB00F0FFFF00F8FFFF46
:100750005C8B0010408D0010288B0010012383401B
:10076000034A10681840431E9841C0B27047C04603
:1007700000E100E0002A05D0044BC022520099504D
:1007800019607047014A8023D150FAE700E100E088
:1007900010B50A001F230340012199404009FFF7CB
:1007A000E9FF10BD01238340014A13607047C04632
:1007B00000E200E0024B9B6810308000C058704798
:1007C00000ED00E010B5FFF7F5FF002805D0054B60
:1007D000C01A2F2803D8012010BD0020FCE70020FC
:1007E000FAE7C046080D002070B504000D00EFF3D5
:1007F000108672B60C4B1B68002BFBD0BFF35F8FCB
:100800002000FFF7D7FF094B984201D0A84205D13D
:10081000320029002000FFF735FF70BD044B054A68
:10082000E121054803F0A4FA240100D0CD01001015
:100830006C8B0010988D0010288B0010F0B5DE46F0
:1008400057464E464546E0B589B0814601911500B0
:10085000EFF3108B72B6754B1B68002BFBD0BFF308
:100860005F8F734B0027DF57002F3FDB7C00E419BD
:10087000A400704824180622A2566D4B1A706E4BC5
:100880009A684B4610339B00D35898461B1A2F2B5F
:100890003AD96A4B984530D105AE694B33807B001D
:1008A0009A46D8198000634B984640440230654907
:1008B000FFF70EFF7080644BB380FF23B371F571B7
:1008C000019B07935744BF0047440ECE0EC7012338
:1008D0001C43A0465A4641464846FFF7D3FE09B09E
:1008E000F0BCBB46B246A946A046F0BD6E21574BB0
:1008F000574AFF31574803F03BFABA21564B544A46
:100900004900544803F034FA012342469A43924680
:10091000101A0C2101F040FA00290FD1534600268D
:10092000DA79AA4212D90621595600290DDB4A006C
:10093000521892001E003F4B9B18F1E78621474B4F
:10094000434AFF31434803F013FA1E00002E3BD008
:1009500005AB434A1A80813A5A800623F356029324
:10096000002B17DA3F4805AB9A469880029A9A7195
:10097000DD71019A0792301D2100FFF7A9FEB080BA
:10098000B7717B00DB199B002A4FFF18534607CB3A
:1009900007C79FE77800C0198000264BC0180430B5
:1009A000321DB388D90A1C2907D15B0559150231BC
:1009B00049005118FFF78CFED5E710212A4B2B4A2E
:1009C000FF31244803F0D4F905AE1D4B33807B0082
:1009D0000293D8198000174A9046020042440392BD
:1009E000901C1849FFF774FE7080039A101D514641
:1009F000FFF76EFEB0801E4B52464146521A5241DE
:100A000053431B0DB371F571019A0792029B9C46EB
:100A10006744BF0047440ECE0EC7114B52461380A9
:100A2000813B538001231C43A04653E7240100D09F
:100A3000C1270020080D002000ED00E0CD010010CE
:100A400000A1FFFF380D002001BDFFFFA48B0010A7
:100A5000808D0010288B0010CC8B0010F48B0010C0
:100A60000148000001BD0000788C0010708D00105E
:100A7000AAAA0000F0B5CE46474680B583B006006E
:100A80000D00EFF3108872B6564B1B68002BFBD09D
:100A9000BFF35F8F544B9A6834001034A300D758CB
:100AA000524B9F4207D0AF4200D198E00197504B84
:100AB000FB1A2F2B09D9424639003000FFF7E2FD1F
:100AC00003B0C0BCB946B046F0BD3000FFF746FEEB
:100AD000814600213000FFF75BFEBFF35F8FEFF32D
:100AE0000581002901D08C4211D10123019C9C4336
:100AF0000022A3689D4212D00622A256002A0DDBD6
:100B000053009B189B002200394CE418F1E7F421B4
:100B1000384B394AFF31394803F02AF922009D4207
:100B200057D106256557002D39DB6B005B199A00FC
:100B30002F4B9B189A68A260DA79E27106229A56C6
:100B4000A2719B795BB2002B0FDA2D48A0806B005D
:100B50005B199B00264AD3182A4A1178997115709F
:100B600049463000FFF714FEA5E7201D6B005B1916
:100B70009B001F4A9B181A1D9B88D90A1C2907D164
:100B80005B055B15023359005118FFF7A1FDDDE746
:100B900010211D4B1D4AFF31184803F0E9F80029C8
:100BA00012D1002A0ED0FF239371194B9380154A5E
:100BB0001378A371174B0E49641A644163431B0DEC
:100BC0001370CDE7094FF2E7201D1349FFF7A6FD8B
:100BD000C6E7124B084A1249084803F0C9F8034F08
:100BE00069E7C046240100D000ED00E0CD0100100F
:100BF000080D0020908C0010508D0010288B0010E4
:100C000001BD0000C1270020788C0010708D0010FD
:100C100001BDFFFFAAAA0000420D0020C48C0010F5
:100C20003502000070B5012101432C4BCB1A2F2B4C
:100C300028D8EFF30583002B2AD0EFF3108C72B67F
:100C4000274A1268002AFBD0BFF35F8F254A0400B1
:100C5000224D641B64416243120D54B2224A9268D1
:100C60009B00D2588A4219D00022032A30D8530060
:100C70009B189B001949CB189B795BB2A3421DD0EE
:100C80000132F2E7194B1A4A1A491B4803F070F86F
:100C90001A4B174A1A49184803F06AF8124A926820
:100CA0001849D150184B1A7882711C70BFF35F8FAE
:100CB0000B4B00221A608CF3108870BD0D0053009E
:100CC000991889006918FF268E71104A8A80E9E711
:100CD0000F4B074A0F49084803F04AF8080D002057
:100CE000240100D0AAAA000000ED00E0CC8C001086
:100CF000248D00106E020000288B0010F48C001070
:100D000071020000CD010010C127002001BDFFFFCE
:100D1000008D00108202000000B583B00100064B78
:100D20000093052300220548FFF755FC002801DB4E
:100D30001F23181A03B000BD088D0010C52700201E
:100D4000024B9C46614489000160704740000034BA
:100D500010B50400FFF768FC01002000FFF7F0FF6A
:100D6000FF232371BFF35F8F10BD10B50400FFF7A1
:100D70005BFC01002000FFF7E3FFFF23237100234A
:100D80006371BFF35F8F10BD10B50D4C09E00D4BC3
:100D90000D4A1A210D4802F0EBFF2000FFF7D8FFA3
:100DA00008340B4B9C4209D22368002BF5D0012B51
:100DB000EDD12000FFF7D9FF0834F2E710BDC0469F
:100DC00060160020B48D00107C8E0010D48D0010B1
:100DD00068160020034B9C46614489000160BFF304
:100DE0005F8F70474000003410B504000120FFF70A
:100DF00029FC01002000FFF7EDFF10BD00040843AF
:100E0000704700000A4B1A68EFF3108172B613683E
:100E1000002BFCD0BFF35F8F054B1B68BFF35F8FC8
:100E200000221A6081F3108840BF00200021704723
:100E300098270020F0B5DE4657464E464546E0B5B9
:100E400085B0EFF3058303221A4093469200AE4B20
:100E5000D35898461B785B4507D101235A469340E7
:100E60001A000393A94B1A6012E1A94BA94A9221D7
:100E7000A94802F07DFF5B004B44DB00424652690B
:100E800092469A4453469E68DF68A44800F092FB5D
:100E9000801BB941002900DA04E1002F60DB5346D2
:100EA0001C699F4B9C4244D043460820185E534621
:100EB000598889B2FFF7A2FF53465969A047040039
:100EC0000D0023002B434BD0002D3CDA30003900BD
:100ED000001BA94100900191534600980199986028
:100EE000D96000255D5F002D00DADBE043465C69D8
:100EF0006B005B19DB00E3189A68DB68801A994184
:100F0000002900DACEE043461D814746083700231A
:100F1000FE5E002E1FDB7500AD19ED006519009A0D
:100F2000019BA868E968121A8B41002B13DB2F0084
:100F3000EDE753465C6920002369984700280FD0ED
:100F400065682468BDE7754800F034FB0019694105
:100F500000900191C0E753461E804B463B80A1E0C4
:100F6000534600229B5E424613811269EFF31083C1
:100F700072B611680029FCD0BFF35F8F4246022190
:100F8000525E51460A804246494651801269BFF37B
:100F90005F8F0021116083F3108883E043461A6954
:100FA000EFF3108172B61368002BFCD0BFF35F8F94
:100FB00043469B881BB2994601235B42424693807D
:100FC0001369BFF35F8F00221A6081F3108818E065
:100FD00026000023F55E002D0BDB6C006419E40095
:100FE0003C19009A019BA068E168121A8B41002B02
:100FF000EEDA4B463380634600229B5E9946634699
:101000001D804B46002B53DB43465F694B465B001C
:101010004B44DB009C46BC446346DC689B68009301
:10102000019446460836D4E7002342469371414670
:10103000083143460820185E11E001225242D317BE
:10104000A260E360434608229B5E834206D00D8087
:10105000434608229B5E2380434618812800431C98
:101060002AD043465A6943001B18DB00D418D55ECA
:1010700063881BB2002BE0DB2100EFE76B1C2BD158
:10108000264800F097FA241A8D41002D34DC31D027
:10109000224B039A5A63434608229B5E9946002BD3
:1010A00000DBE8E643469B881BB2002B00DB75E7BC
:1010B00043469B79002BB7D1434608229A5E002A0B
:1010C0001ADB53009B18DB00424652699446634486
:1010D0009C68DD68631CD1D0104B996A601A5A462F
:1010E00004329200D3585B1A9842C9D213000B4ABB
:1010F0009C50C5E7002CCBD040BF05B0F0BCBB4630
:10110000B246A946A046F0BDFC2400203C70054034
:10111000908E0010788F0010BC8E001000400540AB
:10112000350E0010F8B5CE46474680B50600884615
:1011300091461F00C160FFF777FA1B4B9C46604445
:10114000800030614B463370BBB27381D0221206EF
:1011500012787270012252423281B2809B187380E1
:10116000002406E0631E65002D19ED0072695353DB
:101170000134BC42F6D34B469A000C4BD6500124A6
:101180004B469C4043461C6209494846FFF72CFBEE
:1011900001214846FFF7FCFA064941440C60C0BCF7
:1011A000B946B046F8BDC04640000034FC240020DB
:1011B000350E00103820000010B5064B1B69002BBF
:1011C00001D0044810BD044B044A6521044802F0D4
:1011D000CFFDC046500D0020EC8E0010608F001037
:1011E000BC8E0010F0B5C64600B504000069EFF3F0
:1011F000108C72B601680029FCD0BFF35F8F02210A
:10120000665E7500AD19ED00616988464544002EA3
:1012100002DB0020295E61802169BFF35F8F00201F
:1012200008608CF31088002E2EDB0699296107993F
:101230006961AA60EB606B8801335B04590C002B79
:1012400000D1012169803000FFF7D8FD2269EFF35A
:10125000108172B61368002BFCD0BFF35F8FA38898
:101260002B80A6802369BFF35F8F00221A6081F371
:101270001088E368217801328A4005498C4663442E
:101280001A6080BCB846F0BD01204042F9E7C04674
:101290003C20000070B582B0060014001D0008ABB1
:1012A0001B78002B07D100F0B7F922002B00121A8F
:1012B0008B41002B0ADB079B0193069B00932200C6
:1012C0002B003000FFF78EFF02B070BD0020FBE75F
:1012D00010B5030008145A8990422FDA4200121800
:1012E000D2005869844662441C69EFF3108C72B6D0
:1012F00020680028FCD0BFF35F8F508880B20904BB
:10130000090C884212D000201A69BFF35F8F0021B8
:1013100011608CF31088002811D0DA681B78013135
:101320009940074B9C466244116008E00549084318
:1013300080B2508001229A710120E5E7002010BDA3
:101340003C2000000080FFFF40787047F0B585B07A
:1013500006000F00EFF30583002B1AD10624644228
:10136000E517A4197D418D4202D803D1844201D9E9
:101370000024002500F050F922002B00121A8B41A6
:10138000002B0BDC08D03000390000F057F905B015
:10139000F0BD1C48FFF7D8F8002AF4D0FFF70CFF87
:1013A000002302930193184B009322002B00FFF7B8
:1013B00071FF002818DAE6E7002300E00023002B85
:1013C000E1D1124B1A68EFF3108172B61368002B4B
:1013D000FCD0BFF35F8F0D4B1B68BFF35F8F002204
:1013E0001A6081F3108820BF094B5B6A9D42E5D8E3
:1013F0000749896AA14203D29D42DDD00123DEE77D
:101400000123DCE7108F0010050E00109827002044
:101410000040054070B504000D0000F0FDF8001913
:101420006941002902DBFFF791FF70BD01204042B6
:101430000049F8E7FFFFFF7F10B5FA229200002372
:10144000002101F0E3FAFFF7E5FF10BD70B584B0AD
:1014500005000C00EFF30583002B12D03E4B5B6AB6
:101460008B4209D33C4A926A824208D28B4201D015
:10147000012002E0002000E0002004B070BD012047
:10148000FBE7FFF799FEC16803788A6A2E00A81A65
:1014900004339B005B589B1A984212D320BF2E4BFB
:1014A0005B6A9C4209D82C4A926A954207D99C42B1
:1014B00001D00120E1E70020DFE70020DDE7012087
:1014C000DBE7FFF779FE002302930193234B0093A0
:1014D0002A002300FFF7DEFE051E0BDD1E4B5B6AB4
:1014E0009C421BD81C4A926A96422CD99C4213D02B
:1014F000012314E0184B5B6A9C4209D8164A926A91
:10150000964207D99C4201D00120B6E70020B4E7FB
:101510000020B2E70120B0E7002300E00023002B09
:1015200000D120BFFFF748FE2900FFF7D1FE0A4B8C
:101530005B6A9C420BD8084A926A964209D99C423F
:1015400003D0012099E70123E9E7002095E7002077
:1015500093E7012091E7C04600400540050E0010CA
:10156000004870470040054010B50B4B1B69002B2D
:1015700004D00A210948FFF7E3FB10BDFFF7F0FF95
:101580000400032100F00CF810230322210002487C
:10159000FFF7C8FDEDE7C046500D0020982700205A
:1015A00010B5024A0248FEF7FDFF10BD908F0010F3
:1015B0007C2000200200436A906A1900536A994215
:1015C000FAD17047416A00E0416A9942FCD300E0D9
:1015D000416A994202D1816A9142F9D37047F0B5CC
:1015E000C64600B5804614001D00FFF7E3FF060065
:1015F0000F0022002B0092197B41994202D804D19E
:10160000904202D901225242D3174046FFF7DAFF37
:1016100080BCB846F0BD000010B50248FFF7CAFF15
:1016200010BDC0460040054010B502000B00024846
:10163000FFF7D5FF10BDC0460040054010B50200C1
:101640000B000248FFF7BEFF10BDC046004005403A
:1016500070B5046BE30701D4200070BD0B4BC318B9
:101660000B4A1A60456A826AAD01AD18AD020620C8
:1016700000F026F9074900F08FFB0100280000F078
:101680008BFB0021FFF7D0FFE6E7C04630300000BB
:10169000010300004E0E000070B504000E0015009E
:1016A000FFF7D6FFE16A4E403540024BE3181D605C
:1016B000206370BD2C10000070B505000C000620E2
:1016C00000F0FEF8C000210000F066FB0130C60902
:1016D00007D00E4B9E4215D8400834003F260640E6
:1016E00000E001246C62AE62002200212800FFF7B6
:1016F000D3FF062000F0E4F88000A101891900F072
:101700004BFB70BD0026024CECE7C046FEFF00001C
:10171000FFFF0000002909D00A22064B9C466044C6
:10172000434258414000044BC2527047802252004D
:10173000F3E7C0460080FCBFA427002070B5050079
:101740000C00062000F0BCF8002828D0164B9D4263
:1017500026D0162201239340144A1360124B9D4257
:1017600020D0162301229A40114B1A60114B1B689E
:1017700011009943FAD100212800FFF7CBFF210087
:101780002800FFF799FFEB6A70225A407E2313402E
:10179000094AAA181360094B2B630323AB6470BD7D
:1017A0001722D7E71723DDE70080034000E0004061
:1017B00000F0004008C000402C10000001030000B1
:1017C000F8B5D646474680B506000D001700984686
:1017D00044002418A400294B9C4664446368089A7A
:1017E000934200D26260331FDBB29A46012B2ED99E
:1017F00080221201C0239B01E3181A60B300204A23
:101800009958002907D0506900F0C6FA431C5800C7
:10181000C0180338FDD27F0122685740E0221740EC
:1018200080235B01E3181F605246012A1AD98023E6
:101830009B01E318802212011A60089B6360B600C6
:101840000F4B4246F250C0BCBA46B046F8BD012D1F
:10185000CED10322C0239B01E3181A60A368DB07E3
:10186000FCD5D8E72168694003220A401A60A368C2
:101870000122AA401A42FAD0D9E7C04600800040AF
:1018800080200020F0B583B005000E00170018007E
:10189000089900F081FA0300089A140200943A00B3
:1018A00031002800FFF78CFF03B0F0BD10B582B007
:1018B000802464000094FFF783FF02B010BD000095
:1018C0008000014BC058704780200020F0B5C6460C
:1018D00000B504000E0017001D00364800F05CFA49
:1018E0008046354BFA18354B9A4238D801003800FB
:1018F00000F052FA0200103A98235B009A4234D862
:101900006B1E062B37D8069B013B062B33D83F09AD
:10191000474536D32D04069B1A0315432368002B35
:1019200035DB274B9C4243D00C2301229A40254BA8
:101930001A60254B1A60254B1B6811009943FAD198
:101940002660A060224BE218212313602368002B3D
:10195000FCDAE5600823136080BCB846F0BD1D4B7F
:101960001D4A11211D4802F003FA1D4B1A4A192184
:101970001A4802F0FDF91B4B174A1C21174802F0C8
:10198000F7F9194B144A2321144802F0F1F922689F
:101990003F231340B342C4D1A3681B051B0D8342F0
:1019A000BFD1E368EE22D2021340AB42B9D1D3E7F4
:1019B0000D23BAE7001BB70080E84BD380F8A932AB
:1019C00000C0024000E0004000F0004008C00040BD
:1019D00004300000B48F0010BC9000100490001080
:1019E0003890001054900010A0900010024B1A681C
:1019F000024B5A607047C046E42400200080054036
:101A000010B5184B8022D2051A60174B174A1A607E
:101A100000290AD0164BE022D2041A60002809D10E
:101A2000134B802212061A6010BD0E4BE022D20426
:101A30001A60F3E74201121A93001B18DB000D4AEB
:101A400013605B00136080225204934202D3094B5F
:101A5000094A1A60FFF7CAFF054B8022D2051A60B7
:101A6000E2E7C04600B0054008200140FCFF01004D
:101A700000A00540E4240020FFFFFF0010B5030094
:101A800010000C4A8024E4051460002B0DD00122C4
:101A90001343094A094CD461094C5C4014625162F9
:101AA00093620021FFF7ACFF10BD034B0022DA6107
:101AB000F7E7C04600B0054000800540D3C007B03E
:101AC0002D3FF84F80239B000B43014AD3627047A0
:101AD0000080054010B5010018231B8814221088CF
:101AE000984710BD10B5010018231B8816221088D6
:101AF000984710BDF0B5C64600B507000E0000259A
:101B00000123984600E00135B5420AD2AC003C19E9
:101B10002068FFF7DFFF20600028F4D100239846FB
:101B2000F1E7404680BCB846F0BD000070B5040047
:101B30000D000648FFF7CEFF0300002C03DB012059
:101B4000A040290098470020FBE7C046554200000E
:101B5000064BAA2212011A602F22DA60044B054AB2
:101B60001A60024B5B68002BFBDA704700400240B2
:101B70000060024000B0FA0010B5040001E008CC9B
:101B80009847024B9C42FAD310BDC0468C89001086
:101B90007047000010B50248FFF7EEFF10BDC046C9
:101BA00050890010054B064A1A60064B064A1A6017
:101BB000064B1A68044B9343FAD1704700E000408B
:101BC000BFCDFBFE00F00040FE7F3C0008C000409F
:101BD000044BDB6C002B03D1034B8022D2021A6032
:101BE0007047C046000011504C201150044B054A6C
:101BF0001A60054B1B68DB43DB01FAD17047C04616
:101C000000F00040FFFFFF0108C00040034B4022EE
:101C10009A675A671A67DA667047C04600F0014053
:101C200010B5FEF71FFD10BD70B5044CA168044D42
:101C3000C022280000F0D0FFA56070BD00ED00E0DC
:101C40000000002070B50420FFF73AFE064900F0BE
:101C5000A3F805000024002C00DD70BDE0B22900CF
:101C6000FFF730FF0134F6E740420F0030B583B094
:101C7000274B00229A67FFF76BFF264B01221A6061
:101C8000234B5B6C012BFBD1234B03221A60204BAF
:101C90009B6B012BFBD10133009304331F4A0121BD
:101CA0001F48FFF713FE052300931E4A01211E481B
:101CB000FFF70CFE1D4B002202210420FFF7F6FD6A
:101CC0001B4D2B00002201210520FFF7EFFD194CD1
:101CD0002300002200210720FFF7E8FD2300002257
:101CE00000210820FFF7E2FD8023DB0000932300A2
:101CF000002200210920FFF7C5FD2B000022002152
:101D00000620FFF7D3FDFFF79DFF03B030BDC046AF
:101D1000008000403CB0004030B00040002F6859C7
:101D200000800240008C864700C00240001BB700C4
:101D300040597307006CDC0201480421014B18472D
:101D4000700D0020F51A0010124A936F9B0815D2EF
:101D50009066D166002905D0FFE7FFE7FFE7516FE6
:101D6000106F704704B580210906C2175140002842
:101D700000D0C84306F09CFD002104BDF0B5146EF0
:101D8000556E576F166FFFF7E3FF1466556657677A
:101D90001667F0BD000000D0114A936F9B0813D264
:101DA00010665166002905D0FFE7FFE7FFE7516F96
:101DB000106F704704B5002801D00020C04306F022
:101DC00077FD002104BDC046F0B5146E556E576F07
:101DD000166FFFF7E5FF1466556657671667F0BD87
:101DE000000000D094464A4A926F9208624601D29F
:101DF00028E0C046F0B5464E346E756E776F366F8C
:101E000000F020F89446424A1466556657671667F4
:101E10006246F0BD94463E4A926F9208624601D2F5
:101E200054E0C046F0B53A4E346E756E776F366F3B
:101E300000F04CF89446364A1466556657671667A4
:101E40006246F0BD002B24DB11D000293EDA00B53C
:101E5000C943404200D1013100F038F8C943404243
:101E600000D10131DB43524200D1013300BD002AD1
:101E7000EBD1002801D1002905D00020C90FC907E6
:101E800001D1C043410800B506F00AFD002200233D
:101E900000BD00B500290ADBDB43524200D101330B
:101EA00000F014F8C943404200D1013100BDC943DC
:101EB000404200D10131DB43524200D1013300F0F6
:101EC00005F8DB43524200D1013300BD002923D184
:101ED000002B18D1002A0CD0BC460D4F38667A660C
:101EE00000210023FFE7FFE7FFE77A6F386F6746BF
:101EF0007047002801D00748010000B506F0D0FC6B
:101F00000022002300BD02000B00002000217047CA
:101F1000000000D0FFFFFFFF002B00D0BFE0130C3C
:101F200028D1002AE7D080B4114F39667A66FFE7DE
:101F3000FFE730B4040C7B6F396F1B0423433B660F
:101F40007A66FFE7FFE7FFE7C04684B27B6F3D6F2D
:101F50001B0423433B667A66FFE7FFE7C046002386
:101F60002C042D0C7A6F386F00196941B0BC704792
:101F7000000000D0F0B594460025140E01D11202E5
:101F80000835140F01D112010435940F01D19200CC
:101F90000235D40F01D152000135D40B0134254F45
:101FA0007C66254C3C660E0C93B2FFE7FFE7FFE72B
:101FB0003C6F6643360C7703BE467343DF0B5B040E
:101FC000C01AB941130C7343DB18C91ACE08664313
:101FD000360CB64493B273431F0F1B01C01AB941AC
:101FE000130C73431F0B1B05C01AB941860D8F02DA
:101FF0003E436643360C092D24DB520A7243801A95
:102000007703460A6643360C16235B1BDE40DF402F
:10201000BF1964466643821B7046043506330100CF
:10202000D940A840C01900D30131A24206D20023F2
:10203000F0BD0000000000D0FFFFFFFF121B0130C9
:10204000F3D3F1E709277F1BFE406446A2B2724337
:10205000801A00D20139220C7243130C1204821A26
:1020600099410B007046043513370100F940A84030
:10207000801900D30131002B02D1A2420AD2F0BD57
:10208000013000D30131121BFAD2013BF8D1A24238
:1020900000D2F0BD013000D30131121BF7E7F0B5DB
:1020A0001C0C00D080E00CB400251C0A04D11B02DB
:1020B000160E3343120208351C0B04D11B01160FF8
:1020C0003343120104359C0B04D19B00960F33431C
:1020D00092000235DC0B02D192185B4101351C00E5
:1020E000971864410134464F7C66464C3C660E0CA2
:1020F000FFE7FFE7FFE7C0463C6F6643360C770318
:10210000BE4697B27743C01B00D20139C01B00D234
:1021100001399FB27743C91BC91B170C77437E0453
:10212000FF0B801BB941CE086643360C0C2D33DB08
:10213000B644120B1F053A431B0B97B27743C01BE3
:1021400000D201399FB27743C91B170C77433E0475
:102150003F0C801BB941860D8F023E436643292701
:102160007F1BFE400C3D7746AF40BF1930BCA2B28A
:10217000ABB272437343801A9941220C7243130C21
:102180001204801A994102000B000137001BA9417B
:10219000F9D2781E0021F0BD0C277F1BFE40774648
:1021A0007F0BAF40FF19E0E700245D1C07D0144F00
:1021B0007D663966FFE7FFE7FFE7FFE73C6F95B213
:1021C0009EB265436643401BB141150C1E0C65432E
:1021D000664336042F0C3E432D04401BB141994207
:1021E00004D202000B0020000021F0BD01D190427A
:1021F000F7D3801A994101349942F2D3F6E70000EF
:10220000000000D0FFFFFFFF48404140484018B4A5
:102210001B4B5B68FC46019308BD04DFDF24001004
:1022200018B4174B1B68FC46019308BD00DFE92476
:1022300000109446134A926F920809D2624618B46D
:102240000F4BDB68FC46019308BD0CDFA127001093
:102250000C4AF0B5146E556E576F166F6246FFF755
:10226000EEFF084A1466556657671667F0BD18B446
:10227000034B9B68FC46019308BD08DF4526001010
:1022800094250020000000D0FFB55040424050404F
:1022900059404B40594000E0FFB5154F4C00640DCC
:1022A00003D0BC4204D10C0314D80020090D090549
:1022B0005C00640D03D0BC4204D11C030AD8002288
:1022C0001B0D1B0501264B4009D44B4003D58B4207
:1022D00000D18242FFBD9942FCD19042FFBD0B4329
:1022E000DB1803431343F5D0C9434918FFBD000071
:1022F000FF07000000B5FFF7CFFF804100BDC046DB
:1023000000B5FFF7C9FF01D9002000BD012000BDC5
:1023100000B5FFF7B9FF01D9002000BD012000BDC5
:1023200000B5FFF7B1FF804100BD012040054A0024
:10233000121804D85A00121801D800207047012042
:10234000704700000021002805D17047C1174840A0
:10235000401AFAD0C90713B5064B1B6898470CBC46
:10236000441CA2401005120B0349091B090519431F
:10237000114310BD942600201F04000010B54C002E
:10238000620D8023D218DB00D21A5B057E2A10DD95
:102390009E3A13DACC170903490819435242D14037
:1023A000640001341532202A05DAD0400843604326
:1023B00010BD002010BD0846604310BDC80FC018F6
:1023C000013810BD18B4044B5B6AFC46019308BD8C
:1023D00024DF5129001000009425002070B513233C
:1023E0001C78012C14D0012C14DC022C02DC1F4AB6
:1023F0001F4B9A641F48FFF76DFB1F4B186070BDA1
:1024000099001A481A4A885001331F2BF8D9EAE775
:102410000023FAE71948FFF765FB05001848FFF7A6
:1024200061FB023803789B007F2B19DD8022290095
:102430000F4800F0D1FB022CD7D1124B1A88B523DC
:102440001B029A4209D1104B1A88104B9A4204D1B0
:102450000F4B1A880F4B9A42C7D00020FEF774F832
:102460000D4B0E4A33210E4801F082FCA5240010CA
:10247000942500204C330000942600205344000093
:102480005346000054380000D83800004946000088
:102490009C38000059460000C8900010549100106C
:1024A0000C91001007B56046002800D100BE0188DD
:1024B0000A0A0230DF2AFAD1C9B2820804D302889C
:1024C00040880004104300E00068024A5050039026
:1024D00007BD0000942500200FB403BC0CBCF0B570
:1024E0000124E407634000E0F0B50C0DCF0F661E39
:1024F0003605891B640503D3C943404200D301312B
:10250000640D03D0661CF60A07D0E41B00207F0090
:10251000791C89078912803C24031D0DDF0F6E1E74
:1025200036059B1B6D0503D3DB43524200D30133B9
:102530006D0D03D06E1CF60A07D0ED1B00227F0044
:102540007B1C9B079B12803D2D032F1B661B58D4C1
:10255000A446202E46DA20371400BC401D00BD40A2
:10256000F24033412A4380185941CB0F05D0C9436B
:10257000C043002264425041514162464D0D28D172
:102580000D0D07D100281FD0241940414941013ABF
:102590000D0DF9D0640006D3013000D30131002CB9
:1025A00001D140084000013A0BD4941CE40A04D144
:1025B00012051144DB071944F0BDD907204B19431C
:1025C00000E0D9070020F0BD0029DDD1002CDBD1CF
:1025D000F0BD0132C6074008CD0728434908002E48
:1025E000E1D0D9E73C2E29DA203E40371400BC4028
:1025F00000D00124F24014431A00BB401C43D317FF
:10260000ACE7AC46202F08DA20360400B4400D00B9
:10261000B540F84039412843A5E73C2F0CDA203F6C
:1026200040360400B44000D00124F84004430800C0
:10263000B1400C43C117EAE710001900002494E7E9
:102640000000F07FF0B50C0D661E3605891BE60A0A
:102650006405640D02D0651CED0A04D00020012140
:102660000905803C2403A4461C0D671E3F05DB1BA7
:10267000E70A6405640D02D0651CED0A04D000224F
:1026800001231B05803C24037740644497B484B243
:1026900096B27443070C7E43150C6F4380B26843B7
:1026A000361802D3012000043F183004350C0019FD
:1026B0007D41844688B29AB250430C0C62431F0C91
:1026C0007C438EB27E43921902D301263604A419AC
:1026D0001604170C3618674101BC81B29AB25143F7
:1026E000040C62431B0C5C4380B25843121802D3A3
:1026F0000120000424181004130C401863412D1805
:102700005E410020474106BC88B293B258430C0C8E
:102710006343120C544389B251435B1802D3012125
:102720000904641819041A0C091862416D185641FD
:102730000020474118BCF902720D1143F0026A0DE6
:102740001043ED020A0D03D16D1940414941013B8F
:10275000124E9B1B7600B3420ED26D0007D30130A0
:10276000002671416646354301D1400840001B05F3
:10277000C918E4072144F0BD0BDA013306D101305A
:1027800004D101314F0D01D04908F2E7E1070020E3
:10279000F0BD013631050020EBE70000FF0300002B
:1027A000F0B51C0D671E3F05DB1BE70A6405640DD1
:1027B00002D0661CF60A04D0002201231B05803CCF
:1027C0002403D0252D060026F6432E661E096E66CC
:1027D000CE0FF619B44649004F0D02D07E1CF60A02
:1027E00003D000200021403F3F033E1BB600B4440D
:1027F000013F7F05C91B49082E6F013676089C02F0
:10280000950D25437543ED137543AD1301356D10DB
:10281000F603761B0CB4CC02450D2C43A2B2B3B226
:102820005A43270C7B43350C6F43A4B26C431B19EE
:1028300002D3012424043F191C041D0CA4187D415B
:1028400024196D41009A91B2ACB26143170C7C43DC
:102850002B0C5F4392B25A43A41802D301221204F4
:10286000BF182204230C52187B41019C6C431B1996
:10287000520ED9010A434401A01A81B2B2B25143A7
:1028800003145A43360C734387B27743D617D219D1
:1028900000277E4136049B191704160C7F185E41F1
:1028A0007316ED18F301002680337541A90F06D188
:1028B0006400690AE8055B0A184309D22FE0042284
:1028C000944480337541A90AA8059B0A184326D36E
:1028D000404149412404009A019B0D005543641B6B
:1028E0004343E41A95B286B27543170C7E43030C3A
:1028F0005F4392B25A43B61802D301221204BF18A2
:102900003204330C52197B4152429C41002C02D4B8
:102910000022013051414008CA071043490802B063
:102920006246D7079210084BD218084B9A4203D23E
:1029300012058918C919F0BD0020002A01DC3900F0
:10294000F0BD01331905F5E7FD030000FE070000A7
:10295000002200B5203200F004F8080000BD00009D
:1029600000220B150AD410B5944600F031F8141467
:10297000013400DA0021CB17144C2047002000213D
:1029800070476244343A0CD40C2A07DA04009140B0
:10299000904052422032D440214310BDD843D94305
:1029A00010BD203207D40C469440524220321141CF
:1029B000D040204310BD0800C917203203D4524232
:1029C0002032104110BD1800190010BD83290010DD
:1029D0000A0DCC0F531E1B05C91A520503D3C94358
:1029E000404200D30131520D03D0531CDB0A07D003
:1029F000121B00206400611C89078912803A1203AF
:102A0000014BD21A70470000FF03000051434343BB
:102A1000C9188C46110C83B24B4310B4040C6143AB
:102A200092B280B2504362431C041B0C001910BCCC
:102A300059411304120CC018514161447047000001
:102A4000034BDB6FFC4618477CDF852B0010000032
:102A50009826002070B513231D782A48FFF742F806
:102A60000400012D11D0012D09DDA31E1B789B0050
:102A70007F2B40DD80222100234800F0ADF8234861
:102A8000FFF728F8224B186070BD542201001E4841
:102A900000F0A2F81F4B1A881F4B9A421CD1A723A3
:102AA0009B011A881D4B9A4216D11D4B1A881D4B4B
:102AB0009A4211D11C4B1A8894239B019A420BD144
:102AC0001A4B1A881A4B9A4206D11A4B1A681A4B9B
:102AD0009A4201D1152307E01848FDF735FD99000A
:102AE0001748094A885001331F2BF8D9144A064B5E
:102AF0001A62DA61B7E7134B134A4221134801F017
:102B000037F9C04653460000982600204C33000099
:102B100094260020EE290000C40F0000C20D000022
:102B2000962B0000C0B50000182B0000CC2A000036
:102B300010B50000FC2C000051ED8764DC940010FF
:102B4000512B001068910010E09100109C91001032
:102B500007B56046002800D100BE01880A0A02308D
:102B6000DF2AFAD1C9B2820804D30288408800045F
:102B7000104300E00068024A5050039007BD000077
:102B800098260020C30FDB0741000A0E07D0FF2A5A
:102B900008D00909054A89181943400770471900E8
:102BA000002070470249C918FAE700000000003809
:102BB0000000F07F10B505F08FFC10BD0148042126
:102BC000014B1847800D0020F51A0010014B1B68BF
:102BD00018470000800D0020014B5B68184700007B
:102BE000800D002010B5FFF7E5FF10BD704710B550
:102BF000002802D00B684968984710BD01000020EA
:102C000007E083001B185B00501C08601078C01898
:102C100030380A681378303BDBB2092BF1D97047A2
:102C2000F0B5DE4657464E464546E0B583B093467E
:102C30001F000C9B9A460D9C0E9B99460F9B9B0771
:102C400003D0B8460F00060022E00192A346884652
:102C50004E46B9460700B44207D2551C4B46414682
:102C60002020B84701342A00F5E73D004F465C4676
:102C7000019B9B46B1464646B84637002E0007E00A
:102C8000013C551C5346185D43463900B0472A00A5
:102C9000002CF5D135003E0047460F9B9B0707D41B
:102CA000100003B0F0BCBB46B246A946A046F0BD3A
:102CB000B0464E46B9462F005D46531BB342EFD295
:102CC000541C4B4641462020B8472200F5E7F0B59A
:102CD000CE46474680B585B0944698460C9D0D9CDF
:102CE0000EAB1B789946109A119B129EB7071CD405
:102CF000002B0CD0F7070AD54F46002F02D10C3716
:102D0000374204D0013B02E030272F550134944272
:102D100001D21F2CF8D9F70707D59C4205D21F2CEA
:102D200003D830272F550134F5E7F70615D5770579
:102D300005D4002C03D0944224D09C4222D00F9A78
:102D4000102A2BD00F9A102A30D00F9A022A35D091
:102D50001F2C02D830222A5501341F2C05D84A4690
:102D6000002A31D02D222A55013403960293019472
:102D7000009543466246FFF753FF05B0C0BCB94615
:102D8000B046F0BD621E012C06D00F9F102F01D05F
:102D90001400D4E7023CD2E71400D0E7B206D1D445
:102DA0001F2CCFD878222A550134D1E7B206CCD5D2
:102DB0001F2CCAD858222A550134C9E71F2CC7D85E
:102DC00060322A550134C3E7720703D52B222A55F6
:102DD0000134CAE73207C8D520222A550134C4E796
:102DE000F0B5DE4657464E464546E0B593B08146BF
:102DF0008A46089209931CAB10CB1B789B461E9DFC
:102E0000219B9846002C03D1102342469A439046BA
:102E10008023DB0046461E4042461A4212D0002C58
:102E200022D000260EE03033D9B2771C0AAB995578
:102E300029002000FEF7B0FFAC4216D31F2F14D894
:102E40003E00040029002000FEF7A6FFCBB2092BAC
:102E5000E9D94246920605D54121C918C9B20A39B5
:102E6000C9B2E2E76121F8E7270043460693209BB9
:102E700005931F9B049303955B46029301970AAB4E
:102E80000093099B089A51464846FFF720FF13B06C
:102E9000F0BCBB46B246A946A046F0BDF0B5DE4642
:102EA00057464E464546E0B595B0089009910A92BE
:102EB0000B931E9E1F9C20AB1B789B46229B994622
:102EC000239D269B9A463300234303D11033524659
:102ED0009A4392468023DB0057461F4052461A42CF
:102EE00019D0330023432DD0002714E03033DAB259
:102EF0007B1C98460CABDA554A462B00300021006B
:102F0000FEF788FFA5421FD819D043461F2B1BD8B8
:102F1000474606000C004A462B0030002100FEF711
:102F200079FFD3B2092BE1D95246920605D5412249
:102F3000D218D2B20A3AD2B2DAE76122F8E7B14542
:102F4000E3D901E00023984653460693259B059359
:102F5000249B04934B4603935B46029343460193A1
:102F60000CAB00930B9B0A9A09990898FFF7AFFEE8
:102F700015B0F0BCBB46B246A946A046F0BD000065
:102F8000F0B5DE4657464E464546E0B591B083461D
:102F90008A460C9298461A9C08941B9D099522001B
:102FA0002B0020002900FFF7C0F9002800D0E5E041
:102FB00001225242D74B20002900FFF7B1F9002827
:102FC00000D0DBE001225242D34B20002900FFF762
:102FD00091F9002800D0D1E000220023089E3000A3
:102FE000099D2900FFF786F9002800D0DDE0089848
:102FF0000999069007918023DB001E9A1A400D92D2
:103000001E9A1A4201D106231C93069807990400C0
:103010000D000A000600024300D1D1E0080D400572
:10302000400DBE4CA44660440A03120BBC4B134334
:103030001F00FFF78BF9BB4ABB4BFFF718F9BB4AE0
:10304000BB4BFFF7EDF804000D000022B94B300038
:103050003900FFF7DCF8B84AB84BFFF708F902006F
:103060000B0020002900FFF7DBF8FFF787F9814606
:10307000FFF76CF904000D00B14AB24BFFF7F7F807
:103080000022B14BFFF7CCF8FFF778F90600AF4A02
:10309000AF4B20002900FFF7EAF804000D003000D4
:1030A000FFF754F9AB4AAC4BFFF7E1F802000B0015
:1030B00020002900FFF7ABF804000D0002000B0010
:1030C000FFF7D5F80A900B91A44BF31800261F05C3
:1030D00022002B0020002900FFF7A2F80E900F918C
:1030E00022002B0000208021C905FFF790F8040082
:1030F0000D0000229A4B0A980B99FFF79AF80022CC
:10310000984BFFF78DF802000B000A980B99FFF718
:1031100090F80022944BFFF783F802000B000A9806
:103120000B99FFF786F802000B0020002900FFF73B
:1031300077F802000B000E980F99FFF77AF800223B
:10314000774BFFF76DF832003B00FFF790F8060071
:103150000F0004000D00069A079BFFF7E1F8002816
:1031600030D001235B429C46E14400227D4B30007D
:103170003900FFF75EF804000D0023E01E9B049366
:103180001D9B03931C9B0293089A099B0092019339
:1031900043460C9A5146584600F0FCF811B0F0BC7A
:1031A000BB46B246A946A046F0BD002300240693C4
:1031B0000794069680231B069C46654407951AE7EC
:1031C000002399464B466333C62B1ED804261E9B0C
:1031D0001B0526D52B0023430FD0644A644B069869
:1031E0000799FFF795F8002879D00022614B0698DF
:1031F0000799FFF77FF8002871D01C9B4B4506DD2F
:103200004A46981A431E1C9303E00526DFE7002375
:103210001C938023DB001E9A1A431E920026002373
:1032200099461D9B9E4264D29F1B02231E9A1A4000
:103230000A921E9A134202D0002E00D000274B465D
:10324000002B07D022002B0006980799FEF7F1FF0C
:10325000069007910022002308980999FFF74AF881
:10326000002848D1444B1E9A1340049303971C9B9B
:103270000293069B079C0093019443460C9A514687
:10328000584600F087F8002E00D187E71E9B9B066A
:103290003DD54525441C4346020051462800D847E9
:1032A0004B46DA179B18534005220592013E0496BF
:1032B000002203920A3202924A46D00F01900093F4
:1032C0004346220051465846FFF78AFD0A9B002BD1
:1032D00000D163E702005F460C9E1D9D54E01C9BDD
:1032E000002B9ED00D9B002B9BD01C9B013B1C9365
:1032F00097E7002799E7069C079D22002900802078
:103300000006844661440B0006920793AAE76525F0
:10331000C0E7C046FFFFEF7FFFFFEFFF01FCFFFFAD
:103320000000F03FFB799F501344D33FB3C8608B3C
:10333000288AC63F0000F83F61436F63A787D23FEA
:1033400071A379094F930A400000E03F1655B5BBC1
:10335000B16B0240EF39FAFE422EE63FFF03000058
:1033600000002C4000002440000018402D431CEBBE
:10337000E2361A3F80842E41FFF7FFFF541C43467C
:1033800051462020B8472200931BAB42F6D31000D1
:1033900004E7C046F0B5DE4657464E464546E0B522
:1033A00095B00690079193469946209F1E9A1F9BC1
:1033B00010001900FEF7B9FF002831D10122524256
:1033C000BF4B1E981F99FEF795FF002837D10122A9
:1033D0005242BC4B1E981F99FEF7A2FF00283DD118
:1033E0000022B94B1E981F99FEF79AFF002850D172
:1033F0000022B64B1E981F99FEF77CFF002848D18B
:10340000002200231E981F99FEF774FF002850D158
:1034100000239846229B5B0500D4B6E0002458E0C8
:10342000229B0393219B029303230193A84B0093B8
:103430004B465A4607990698FFF7F2FB0EE1229B8E
:103440000393219B029304230193A24B00934B46C9
:103450005A4607990698FFF7E3FBFFE00423229AF8
:103460001A4022990B4210D09B4B002A0FD0042205
:103470002299039121990291019200934B465A4659
:1034800007990698FFF7CCFBE8E0944BEDE70322A1
:10349000EEE7229B0493219B039302971E9B1F9CA4
:1034A000009301944B465A4607990698FFF768FD2A
:1034B000D4E01E9A1F9B00200021FEF7A8FE1E905C
:1034C0001F9101239846A5E70CAB30221A55013F06
:1034D00001341F2C01D8092FF6D81E981F99FEF72A
:1034E0004DFF0500FEF732FF02000B001E981F99EA
:1034F000FEF78DFEFA007A4B9B181A685B680A92F9
:103500000B93FEF7B4FE08900991FEF75BFF0600EF
:10351000FEF718FF02000B0008980999FEF777FEE6
:103520000890099100226F4BFEF7FAFE00282ED07A
:1035300001363000FEF706FF02000B000A980B99D7
:10354000FEF7DEFE002801D001350026002F2CD129
:103550002800FEF7FBFE02000B001E981F99FEF7E5
:1035600056FE06000F0000225E4BFEF7C3FE002849
:1035700046D100225B4B30003900FEF7D1FE002817
:103580003ED1EB073CD501353AE0062746E700225D
:10359000544B08980999FEF7ADFE0028D6D1002EAD
:1035A00001D0F307D2D50136D0E7AA461F2C11D897
:1035B000013F0A213000FEF7EFFB651C30310CABF8
:1035C00019550A213000FEF7E7FB092E0ED9060037
:1035D0002C00EBE755461F2C0CD87B1E002F09D082
:1035E0000CAA302111551F000134F4E72B00554679
:1035F0001C00F0E71F2C03D80CAB2E221A55013407
:103600001F2C10D80A212800FEF79EFB661C3031C3
:103610000CAB19550A212800FEF796FB051E01D0B8
:103620003400EDE734000323229A1340012B1CD011
:103630001F2C06D84346002B32D00CAB2D221A5536
:103640000134229B0393219B029301940CAB0093C2
:103650004B465A4607990698FFF7E2FA15B0F0BCB8
:10366000BB46B246A946A046F0BD219B002B13D015
:103670004346002B02D10C3313420FD0219B013B58
:103680002193190003E00CAB30221A5501348C420F
:10369000CED21F2CF7D9CBE72199F8E72199F6E78D
:1036A000229B5B0704D50CAB2B221A550134C8E7CB
:1036B000229B1B07C5D50CAB20221A550134C0E74D
:1036C000FFFFEFFFFFFFEF7F65CDCD4165CDCDC1A2
:1036D0009092001094920010889200108492001032
:1036E000809400100000E03FF0B5DE4657464E469D
:1036F0004546E0B593B082468B469046119300292B
:1037000000D1EBE200275546119B1878002800D124
:10371000E7E2252809D07C1C43463A005946A847D1
:10372000119B013311932700EEE70133119300241D
:10373000119A11780B00203BD8B2102803D88300CF
:10374000D048C3589F460B00303BDBB2092B2CD925
:103750002A292FD000230A93119B1A782E2A39D0B8
:1037600000239A46119A1378683BD9B2122976D869
:103770008B00C549CB589F4601231C43013211924F
:10378000D6E702231C4301321192D1E704231C43E4
:1037900001321192CCE708231C4301321192C7E792
:1037A00010231C4301321192C2E711A8FFF726FA39
:1037B0000A90D1E71C9B1A1D1C921868002804DB94
:1037C0000A90119B01331193C6E702231C43434225
:1037D0000A93F6E78022D20014435A1C11925A78B9
:1037E0001300303BDBB2092B04D92A2A07D000236F
:1037F0009A46B7E711A8FFF701FA8246B2E71C9B89
:103800001A1D1C921868002804DB8246119B0133A4
:103810001193A7E70020F8E780235B002343511CA6
:10382000119152786C2A01D01C0018E0C0239B0033
:103830001C430131119112E080232343511C11914B
:103840005278682A01D01C0009E0C0231C430131D2
:10385000119104E080235B001C4301321192119B03
:1038600018780300253BDAB2532A00D92CE29300E2
:10387000864AD3589F4680239B001C4301321192F5
:10388000EDE780235B001C4301321192E7E77828C3
:1038900009D0582838D06F2838D0622838D0102363
:1038A0009C430A2600E01026582833D0692803D00C
:1038B000642801D00C229443630501D5012294436E
:1038C00069282AD0642828D0A30500D59FE0E30505
:1038D00000D5B8E0630600D4CAE01C9A111D1C9103
:1038E0001168FF220A4005940A9B049353460393F0
:1038F000029600230193009243463A00594628005D
:10390000FFF76EFA070027E01026CDE70826CBE781
:103910000226C9E720221443C8E7A30520D4E30503
:1039200050D4630666D51C9A111D1C911168FF22A4
:103930000A40D317D118594005940A9B0493534663
:1039400003930296D20F0192009143463A005946E2
:103950002800FFF745FA0700119B01331193D3E6C6
:103960001C9BDA1D07218A43110008311C91116844
:1039700053689C46DB170C930D930C9A0D9B10001B
:1039800048400E90624653400F930E980F990C9A40
:103990000D9B801A99410E900F9108940A9B0793F2
:1039A000534606930496002305936346DA0F02926A
:1039B0000090019143463A0059462800FFF76EFAFD
:1039C0000700C9E71C9A111D1C911268D317D11862
:1039D000594005940A9B0493534603930296D20FD1
:1039E0000192009143463A0059462800FFF7F8F942
:1039F0000700B1E7230605D51C9A111D1C91002371
:103A0000D25E96E71C9A111D1C91126891E71C9BCF
:103A1000DA1D07218A43110008311C9108940A9B82
:103A20000793534606930496002305930293136865
:103A300054680093019443463A0059462800FFF722
:103A40002DFA070088E71C9A111D1C9105940A9B0A
:103A50000493534603930296002301931368009343
:103A600043463A0059462800FFF7BAF9070073E7C2
:103A700023060DD51C9A111D1C9112681204120CFC
:103A800031E7C0469C920010E09200102C93001089
:103A90001C9A111D1C91126825E746281AD01C9B00
:103AA0000733072293431A0008321C9204940A9A9F
:103AB0000392524602925C681B680093019443464D
:103AC0003A0059462800FFF765FC0700119B0133B7
:103AD000119319E620231C43E1E7672801D047280A
:103AE00002D180231B011C43452801D0472801D166
:103AF00020231C431C9B0733072293431A000832E0
:103B00001C9204940A9A0392524602925C681B68C3
:103B10000093019443463A0059462800FFF730FAD3
:103B20000700119B01331193EEE502231A00224096
:103B3000924623421FD001241C9B1A1D1C927A1C02
:103B40009146187843463A005946A8475346002BF9
:103B500016D1119B013311934F46D5E5561C4346B0
:103B600059462020B847230032005C1C9D42F5D8FE
:103B70003D001700E0E701233A002F000A9DF4E71B
:103B80004A46A9460A9D06E0571C4346594620204E
:103B9000C84734003A00661CA542F5D84D46914608
:103BA000D7E71C9B1A1D1C921B6899465346002B95
:103BB00000D1013B4E4601E0013613003278002A65
:103BC00002D05A1E002BF7D14B46F21A10928023D6
:103BD000DB0026001E401C4203D0524501D953464B
:103BE000109302231A0022400B92234205D03A0080
:103BF00037004C46A946554620E03A00109B5F46E8
:103C0000B3462E0006E0551C434639002020B0473D
:103C100023002A005C1C0A999942F4D835005E46BC
:103C2000BB46109437004C46A946554606E01D0099
:103C30000134561C43465946C847320020780028B4
:103C400004D0002FF4D06B1E002DF0D117004D468C
:103C50000B9B002B03D1119B0133119354E50A9F59
:103C6000109B06E0561C434659462020A8472300D7
:103C700032005C1C9F42F5D81700ECE721231C435F
:103C80001C9B1A1D1C921B68009305940823049327
:103C900053460393102302930023019343463A00B3
:103CA00059462800FFF79CF80700119B0133119338
:103CB0002AE57C1C43463A0059462520A847119B1B
:103CC0000133119327001FE57C1C43463A005946F7
:103CD000A847119B01331193270015E50A4B9A461B
:103CE00010E5AA46474502D343465A1E00E03A0073
:103CF000434659460020D047380013B0F0BCBB46BD
:103D0000B246A946A046F0BDED2B001000B585B027
:103D1000029003910121009313004A4202A9024834
:103D2000FFF7E2FC05B000BDEF2B001000BEFDE781
:103D300003000A4A1268002A08D0084A1068C3180B
:103D4000074A9A4206D3054A13607047034A054959
:103D50001160F2E701204042F7E7C046E020002072
:103D600000000420C827002010B5FFF7DFFF000087
:103D700010B582B00C001900002A0CD0084B002AA4
:103D80000BD00192009323000200064800F062F974
:103D90000120FFF7CBFF044BF1E7034AF1E7C046F0
:103DA000D0940010E0940010DC94001010B5EFF3F4
:103DB0000583002B00D000BEFDF7ECFE034C01E0B4
:103DC00008CC9847024B9C42FAD310BD8C89001056
:103DD0009889001010B50300080011001B6898476F
:103DE00010BD0000F8B507000D001600437D002B44
:103DF00002D0002400200CE003681100280098473E
:103E00002DE03B7D10E0022115483B689847601C7F
:103E10000134B44214DA002CF3DD2B19013B1B787A
:103E20000D3B5A425341DBB22A5D0A2AF0D1002BE6
:103E3000EED1A042E7DA211A28183B689847E2E75A
:103E4000B04203DA311A28183B689847002E06DD85
:103E5000AD19013D2B780D3B5A4253413B75F8BDDE
:103E60001095001070B505000368002B16D00C4BA0
:103E70001C6805E0290004C92000FFF7B3FF24698E
:103E8000002C09D02368002BF9D0064B1B68002BAF
:103E9000F0D0A342F3D1EDE700232B6070BDC04604
:103EA000D0200020DC20002070B505000C000B683D
:103EB000802B05D021684B1C23606418257170BDD0
:103EC0000800FFF7CFFFF5E710B5FDF7A5FB074AA0
:103ED000002312184B41002B03DB054804F008FDBA
:103EE00010BD01225242034BF7E7C04640420F008B
:103EF00060160020FFFFFF7F10B5024804F0C8FCE9
:103F000010BDC04660160020F0B5CE46474680B5CD
:103F100083B006000D0090461C00FFF7D5FF8146D8
:103F20006B1C05D0002C08D0184F194B1C6807E0FB
:103F3000300004F0FDFA0500F4E7164FF5E72469B8
:103F4000002C17D02368002BF9D0134B1B68002BD3
:103F500001D0A342F3D12A0031002000B8474346E4
:103F6000002BECD06B46D91D0A230B7001222000D8
:103F7000B847E4E74B46002B05D1280003B0C0BC8E
:103F8000B946B046F0BDFFF7B7FFF6E7E53D0010D4
:103F9000D0200020D53D0010DC200020094A01E09F
:103FA00010331A001368002B08D08342F8D100297F
:103FB00007D1036913600023036102E0002900D0E8
:103FC00010607047D020002010B5064B1C6801E03F
:103FD00098472469002C03D06368002BF8D1F8E7D8
:103FE00010BDC046D020002010B500F041F900F00F
:103FF000BDFA012010BD70B5050004F099FA040067
:104000000123012201002800FFF77EFFFFF7DCFFFC
:10401000200070BD70B5A2B004000E00FFF754FF81
:104020000500002301933300220001A90848FFF78F
:104030006DFE040001A8FFF715FFFFF7C5FF002D77
:1040400002D1200022B070BDFFF756FFF9E7C0464D
:10405000A93E00100FB400B583B004A901C90191B5
:10406000FFF7D8FF03B008BC04B01847F0B583B021
:1040700005000E0000240FE06B46D91D0D230B70C8
:104080000020002816D193699B06FCD40B7813609E
:1040900001300131F5E70134B44219DA0D4B1A68E9
:1040A0002F5D0D4BD31859424B415B000B495B5EB2
:1040B000BB42E1D06B46D91D0F7000200028EAD129
:1040C00093699B06FCD40B78136001300131F5E74E
:1040D00003B0F0BDA82700200080FCBFA42700206B
:1040E000F0B583B006000F00002504E06B460733EF
:1040F0001B782B702500BD4215DA164B1A689369A0
:104100001024210019401C420DD16C1C75196B46FE
:10411000D81D0029EAD19369DB06FCD4136803702B
:1041200001310130F5E70C4B1B68002B0AD0094B1D
:104130001B6850229A63596B183A0A4007498C460B
:1041400063441A60002D02D0280003B0F0BD033D87
:10415000FAE7C046A827002068200020341000009D
:1041600010B5064B1B68002B06D0054A12680021CB
:104170009163044A1068984710BDC046682000202B
:10418000A827002070200020024B1A6893691B07A3
:10419000FCD47047A827002070B51E4B1B681E4A30
:1041A000934209D01424002803D01C4A1268002A24
:1041B00004D000281AD070BD1524F4E7174B1860FE
:1041C000174B196017492000FCF70EFB0121200056
:1041D000FCF7DEFA0F4B1B6850229A63596B183AB2
:1041E0000A4011498C4663441A60E4E70B4A12689E
:1041F000002AE0D000259D6300212000FCF7C8FACA
:1042000008492000FCF736FC044B1D60044B1D6080
:10421000D1E7C046A8270020008003406820002086
:1042200070200020614100103410000070B50D00B6
:104230001C000D4B1860002A0BDA002C0EDA0A4B1A
:1042400018682900FDF77AFA01210848FFF7A6FE51
:1042500070BD02211000FCF72BF9EEE702212000CF
:10426000FCF726F9EBE7C046A8270020900D0020B8
:1042700010B5074B1B78074B1B78074B1B78E121C8
:104280000123002249020548FFF7D0FF10BDC046B8
:10429000C49E0010C89E0010CC9E00100040034039
:1042A00070470000014B00221A707047C22700209F
:1042B0004B79FF2B0CD18B79002B0BD1CB79012BB8
:1042C0000AD1082A0AD98A78054B1A70092000E019
:1042D000002070470020FCE70020FAE70020F8E704
:1042E000C22700200120704710B5012928D111797B
:1042F00053791B020B43134909788B4201D00020EC
:104300001FE05378012B03D0022B12D0002018E0BD
:104310009178D3781B021943DB0507D5480A4A0A6E
:1043200001231A407E331940FDF700FC0120404272
:10433000F5E7642200210020FDF7A0FB012000E04A
:10434000012010BDC2270020004870477C95001056
:1043500010B51400012910D15378012B0FD1127917
:1043600063791B021343072B01D0002006E09F3323
:10437000044A210001F032FB00E0012010BD0020C2
:10438000FCE7C046A0950010012303700048704769
:104390005C95001010B50B784878000218438A78B5
:1043A00012041043CB781B0603439622D20093429B
:1043B00000D010BD0120002211004042FDF7B6FBE5
:1043C000024B1860024B19607047C0466C200020F9
:1043D0007420002010B5FDF71FF90E4A00231218B3
:1043E0004B41002B12DB0C4804F082FA00280CD061
:1043F00001200021404201F0B9F9002001F05EFCEB
:104400000028F5D1044804F043FA10BD01225242BD
:10441000024BE8E740420F009C270020FFFFFF7F90
:1044200010B5024B1878FCF7BDF910BDC32700206A
:1044300010B584B000212B4804F042FA002821D1A5
:10444000294B1B68002B1BD0274B1968EFF31082F8
:1044500072B60B68002BFCD0BFF35F8F22494A6015
:104460002248037801246340DBB201240470096808
:10447000BFF35F8F0020086082F31088002B17D1F4
:1044800004B010BD01200021404201F06FF900206E
:1044900001F0ECFB0400134804F0FAF9002CEFD013
:1044A000134B1B68002BEBD0124A10689847E7E7C4
:1044B000FCF782FE0400FDF7AFF8FA229200002319
:1044C00012184B41002B09DB0121029100210191BF
:1044D000094900912000FCF7DDFED1E7012252429C
:1044E000064BF1E79C270020F4240020C42700207D
:1044F0006C2000207420002001450010FFFFFF7F8A
:1045000070B5174B1B68002B21D0154B1968EFF3C2
:10451000108372B60A68002AFCD0BFF35F8F10497F
:104520004B6000220F4802700968BFF35F8F0A607A
:1045300083F31088002400250B4B1878FCF70EF944
:10454000002808D1002400252000290070BDFA248D
:10455000A4000025F0E7044B1878FCF723F9F3E7F3
:10456000F4240020C4270020C327002010B584B005
:10457000D0231B061C68FCF71FFEFCF7E5FEA042DB
:104580002CD12D4B1B7802F079F82C4B1B68002B9B
:104590002AD00120FCF7C0FBC0B2294C2070294969
:1045A000FCF722F920780121FCF7F2F80520FCF74E
:1045B00009F9041E1CD00120FCF744F80100224830
:1045C000FCF708FC002221490520FCF737F90121FE
:1045D0001F48FFF7E3FC200004B010BD1D4B1E4A2E
:1045E000C1211E48FFF7C4FB1448FCF7B1FBD0E71C
:1045F000082200211448FEF7E9FAFCF7DDFD04006B
:10460000FDF70AF8FA229200002312184B41002B02
:104610000DDB01210291002101911149009120003F
:10462000FCF738FEC043C40F0028D4DACFE70122DC
:1046300052420C4BEDE7C046D09E00109C27002054
:10464000C327002031440010F4240020214400102E
:10465000A80D0020C48C0010A496001048960010ED
:1046600001450010FFFFFF7F10B5002001F0DCFACC
:1046700010BD000070B505000C00FFF7F5FF002825
:1046800034D0002001F0F2FA002832D0FCF7C4FF49
:104690001B4A002312184B41002B19DB194804F068
:1046A00027F9002828D0FFF7DFFF002804D00020DA
:1046B00001F0DCFA00280FD101200021404201F076
:1046C00055F8032464420F4804F0E2F8200070BD5E
:1046D000012252420C4BE1E722002900002001F0A8
:1046E000D1FA041EEFD103246442ECE703246442B0
:1046F000ECE703246442E9E703246442E6E7C046AA
:1047000040420F009C270020FFFFFF7FF0B5C64608
:1047100000B580460C00FCF77FFF314A00231218D9
:104720004B41002B07DB2F4804F0E2F8002806D1AC
:1047300080BCB846F0BD012252422B4BF3E7FFF795
:1047400093FF002849D1294B0020002118605960AF
:10475000244804F09DF8EBE701200021404201F0DD
:1047600005F8002001F0AAFAFFF77EFF0028EFD03D
:10477000002001F02DFB002820D0A542E8DA661BBE
:10478000002001F025FB0200864200DC3200002AF6
:10479000E2D043465919002001F0F6FA0600012044
:1047A0000021404200F0E2FF002001F087FAAD193D
:1047B000FCF732FF0D4B18605960DEE7FCF72CFF69
:1047C0000A4B1E685F680A4A002392197B4199428E
:1047D000BED8D2D19042D0D9BAE70025CDE7C046A5
:1047E00040420F009C270020FFFFFF7FE8170020BA
:1047F00020A1070000487047349700100048704718
:10480000E096001010B50400154B1B78002B0ED05D
:10481000002C11D1134B144A5A80012301335B0041
:104820001BB2C022920013430E48038010BD112119
:104830000B4800F02DF8EBE7052C0ED8A4000B4B2D
:10484000E4580023122BE9D8E25C002AE6D00133B9
:10485000590004484252DBB2F4E70020E6E7C046C4
:10486000AC270020A8200020090400004897001071
:1048700010B5024800F03CF810BDC0468C25002061
:1048800010B508220149FEF7A7F910BD8C250020BC
:1048900010B5002901D000230AE0114B114A35312F
:1048A0001148FFF765FA00240DE03732C254013396
:1048B0004A1E9A420FD90F2B0DD85A080B4CA25CF6
:1048C000DC07F0D40424224114000F222240092ADC
:1048D000EBDC3032EAE7C0180023037010BDC0469D
:1048E00060970010A4970010689700108C25002096
:1048F00070B588B0040004AD00260496092200219A
:1049000005A8FEF763F900960922002101A8FEF729
:104910005DF94B232B700D226946280003F0A8FF98
:10492000002304E05A1D69468A5CE2540133072BD8
:10493000F8DD08B070BD000010B5038B3F333F2297
:104940009343022915D0124C2268C260D318236009
:104950009C0610D10F4C6240634080246401A34246
:104960000FD88906114380231B0619434368196039
:1049700010BD5B00E7E7084B084A51210848FFF7E4
:10498000F7F9084B054A53210548FFF7F1F9C046EE
:10499000F0240020000010505C9900106C9A001068
:1049A0008C990010D899001070B504007F23034043
:1049B000C509580040194001264E801984706C4288
:1049C0006C4144700024C4700183C276012D1DD057
:1049D000DE0021498C4666445900491949011D4CA5
:1049E00061188E605C00641964011A490C19A16891
:1049F00000240C60002B0FD15B005B195B01154D8F
:104A0000EB1800225A60154ADA6070BDDE001449C6
:104A10008C4666448660E5E7012D0ED0591EC9001C
:104A2000104CA44661445B005B195B01094CE31820
:104A300059601100FFF780FFE7E7591EC9000A4CD3
:104A4000A44661445B005B195B01024DEB185960A1
:104A5000EFE7C046E4200020840010500001105011
:104A6000800010500C0010500800105010B50400C9
:104A70007F202040E409400000194001024BC0188B
:104A800000F032F910BDC046E420002010B5002827
:104A900004D101210520FBF77BFE10BDD421034B7F
:104AA000034A49000348FFF763F9C046209A001003
:104AB0005C9A00108C99001010B5002805D10022D6
:104AC00000218020FFF7D2FF10BDD921024B034AFD
:104AD00049000348FFF74CF9209A00104C9A001047
:104AE0008C990010024B80225202DA647047C04653
:104AF0000020115070B5041E26D100F0D3F8164DD9
:104B00000C23AB67FF2215490520FBF797FE4022D7
:104B100000211348FEF75AF8002240210020FFF739
:104B200043FF002240218020FFF73EFF03F0A8FE54
:104B300001232B6480239B05EB649023094AEA50F0
:104B40002000FFF7CFFF70BD7621074B074AFF31EA
:104B50000748FFF70DF9C04600001150750400200A
:104B6000E420002010D00100209A0010809A00104C
:104B70008C990010044B1970002904D0034A90232B
:104B800080218902D1507047BE270020002011509B
:104B90000B785B0602D14B78052B00D070478A78E2
:104BA000014B1A60FAE7C0460000115010B50C0026
:104BB00000280DD1097963791B020B435B05590D60
:104BC000E2789207920FA078FFF7EEFE012010BD69
:104BD000F021034B034AFF310348FFF7C9F8C046F1
:104BE000209A00103C9A00108C99001010B503F028
:104BF00047FE10BD10B50400080011001A00002C7B
:104C000003D1FFF733FF012010BDFE21024B034A01
:104C100049000348FFF7ACF8209A00102C9A0010C6
:104C20008C99001010B57F2213000B400A4205D169
:104C3000CA09012A0ED00220074A9066C909580005
:104C4000401840010549401880221201002103F05C
:104C500077FE10BD0120EFE700201150E420002076
:104C600010B57F22100008400A4200D110BDC909CA
:104C7000400040184001044940180023C37000223E
:104C8000024903F05DFEF1E7E4200020FFF7FFFF9B
:104C900004E00A780270013101301A00531E002A24
:104CA000F7D1704710B580235B040A4A13600A4AA3
:104CB00013600A4B1A6880235B049343F9D1802266
:104CC000520100210648FDF781FF064B09225A6771
:104CD00010BDC04600E0004000F0004008C00040A9
:104CE000000010500000115070B504000D001600B7
:104CF000837E002B17D1A6820023E3820133A376A3
:104D00002561200003F014FE002804D00C4A9023F3
:104D100080218902D150200003F002FE00280AD031
:104D20000123237770BD81780648FFF793F92000AF
:104D300003F0EEFDDFE7200003F0E2FDF2E7C046FE
:104D400000201150609B001070B5050000240AE09F
:104D5000D21A5201164B9B18002B11D0DB68280089
:104D600098470134E4B2134B1B78591C2200A1422E
:104D70000CDBA342ECD9104B1B6862019B18EBE7DC
:104D80000E4A0F490F48FFF765F910E00E4C542208
:104D900000212000FDF71AFF201D1022FF21FDF742
:104DA00015FF200014302022FF21FDF70FFF70BDFA
:104DB0001C9D0010BD270020541800201602000082
:104DC000F89C0010A89B0010801B002010B5FFF776
:104DD000BBFF00F057FE10BD70B505000C001600BB
:104DE000486900F059FE63693200012128009847A4
:104DF00070BD0000F0B5DE4657464E464546E0B56C
:104E000083B082460139C8B2FFF7F8FC002803D00E
:104E100043780193022B0CD0514A52495248FFF774
:104E200019F9002003B0F0BCBB46B246A946A04623
:104E3000F0BDC5796A1101234C491A4014010A7862
:104E40001026B24322430A70AD112B405B01D2B24F
:104E50002024A24313430B70060009368278C378DE
:104E60001B02134383469B445E4577D273780B2B1A
:104E70000AD0012399467378042B0AD15B469B1B09
:104E80009BB2984600243DE0F37899463378F618B3
:104E9000F1E7374A33493448FFF7DCF80020C1E72F
:104EA0007D1B6D01334B5D1938E0334A2D492E4887
:104EB000FFF7D0F80020B5E72A69304B9A423CD181
:104EC000019B994639E02E4A26492748FFF7C2F848
:104ED0000020A7E725482300009C22003100143061
:104EE00001F07AFCA4466644264B1B7801339F42AE
:104EF000BADD254A1B491C48FFF7ACF8002091E7B2
:104F00000134E4B21F4B1D786B1C2700A342EBDB7E
:104F1000A542C5D91D4B1D686301ED18002DC4D0F5
:104F20004246310050462B69984700900828E7D93F
:104F30008045E5D34B46012BBED000218945C9D918
:104F4000B3785B18DBB2094AD2181279FF2ABAD1BA
:104F5000064AD3181C710131C9B2EFE7012061E79D
:104F6000C7030000CC9C0010A89B0010801B0020F1
:104F7000E20300001C9D0010EB030000755F0010B1
:104F80000A040000BD270020190400005418002066
:104F900070477047002070470020704770B50500CB
:104FA0000C00CB7888780F2B53D89A002E498A585A
:104FB0009746FFF71FFC021E05D012232100280090
:104FC00000F00CFD46E0294A29492A48FFF742F83B
:104FD00000203FE0FFF7B8F9021E3CD08178C3788B
:104FE0001B020B432100280000F0F8FC32E0022BEA
:104FF0000CD0FFF7D1FF021E2FD09178D3781B027F
:105000000B432100280000F0E9FC23E0FFF7F6FB4A
:10501000021EF2D1184A16491648FFF71BF8002065
:1050200018E02379617909021943FFF7EBFB021EAF
:1050300015D003782100280000F0D0FC0AE0FFF72B
:10504000A9FF021E0DD003782100280000F0C6FC45
:1050500000E0002070BD0020FCE70020FAE70020FF
:10506000F8E70020F6E7C046C09B00102B040000C4
:10507000B49C0010A89B00105204000070477047B9
:1050800070477047024B5878431E9841C0B2704732
:10509000801B0020024B18784007C00F7047C046A5
:1050A000801B0020034B1878FF38431E9841C0B284
:1050B0007047C046DC0D002070B50500FFF7F2FF19
:1050C000061E01D0300070BD542200212448FDF797
:1050D0007DFD244B00221A70234C2000FBF738FE84
:1050E000224B1C60224C20001430FBF77DFE200078
:1050F00001F00EFF1F4B1C601F4B002B04D01F48FC
:10510000FFF742F91E4B186000240BE0D21A52013F
:105110001C4B9B18002B12D05B68002B0FD09847BC
:105120000134E4B2154B1B78591C2200A1420DDB5F
:10513000A342EBD9124B1B6862019B18EAE7F122EC
:10514000520011491148FEF785FFBBE7104B1D7057
:105150002800FFF7CFFC2800FFF798FC0126B1E7F5
:10516000801B0020BF270020381B0020D41B0020FC
:10517000C00D0020D81B002089430010BD2700204F
:10518000541800201C9D0010789C0010A89B001053
:10519000DC0D002070B50D00104B1E788B7870224E
:1051A0001A420DD10E4B9978280001F0BFFA041E67
:1051B0000DD029003000FFF7F9FC0400200070BD7D
:1051C000084A09490948FEF745FF0024F6E7084A5E
:1051D00005490648FEF73EFFF0E7C046DC0D00201B
:1051E000801B0020FC040000849C0010A89B001081
:1051F000FD040000F0B5D6464F464646C0B5814690
:105200000C0017009846089B9A46002517E09B2241
:10521000D20017491748FEF71DFF00263000E0BCFA
:10522000BA46B146A846F0BD134A11491148FEF7E7
:1052300011FFF3E7099A13702378E4180135AF42A0
:1052400014DD6378052BE2D1E1788907890F4145A8
:10525000DDD121004846FFF79DFF061EE4D0A3786C
:10526000DA09012AE6D052461370E5E70126D5E7B0
:10527000949C0010A89B0010D904000010B57F205A
:105280000840C9094000401830300449081804306B
:10529000034B196801F004FA10BDC046801B0020C2
:1052A000D41B002010B57F200840C90940004018D9
:1052B0003030044908180430034B196801F018FA1B
:1052C00010BDC046801B0020D41B0020F0B5C64690
:1052D00000B582B001931A4800787F250D40CE09B1
:1052E0006F00184CE419A41930342479E4071DD454
:1052F0006F00144CE419A419303423790127BC46FB
:1053000067463B432371019BFFF774FC002813D1D0
:105310006D000C4B5D19AE19303633790122934381
:105320003371337903329343337105E0064A0749F9
:105330000748FEF78FFE002002B080BCB846F0BDE3
:10534000DC0D0020801B00202A050000689C001056
:10535000A89B001070B50A4B18787F240C40CD092B
:10536000FFF760FC6400074B1B195B1930331A7997
:1053700002210A431A711A7901210A431A7170BD78
:10538000DC0D0020801B002070B50A4B18787F24AC
:105390000C40CD09FFF764FC6400074B1B195B1937
:1053A00030331A7902218A431A711A7901398A43F2
:1053B0001A7170BDDC0D0020801B00207F220A4086
:1053C000CB09520003498918C91830310879800780
:1053D000C00F7047801B0020F0B5C64600B582B0F4
:1053E00004000D00002000F057FB2B7860221A40CB
:1053F000602A12D0402A17D02B78DB06DB0E012B57
:1054000000D1DAE0022B00D11AE1002B16D00026E1
:10541000300002B080BCB846F0BDC94AC949CA488C
:10542000FEF718FE0026F3E7C84800F035FB2A0017
:1054300001212000FEF78CFF0600E9E7202A0AD0B0
:10544000002A00D06EE16B78092B00D96CE19B003B
:10545000BF4AD3589F462B790F2B00D95CE1BD4A38
:10546000D3181B79BC4A11788B420CD2BB4A126804
:1054700059015118002900D152E12A002000FFF7FC
:10548000ABFC0600C4E74A1C9A4200DA46E1591A0E
:105490004901B34B5918EDE7280000F003FBA97848
:1054A0002000FFF709FBAB4A137802210B4313706E
:1054B0000126ADE7A74B5B786A46063213700123DD
:1054C0002900200000F08AFA0126A1E7AE78A14B5E
:1054D0005B78DBB2B3422BD09E4B5B78002B0CD1B8
:1054E0009C4B5E70002E21D031002000FFF782FC23
:1054F000061E12D0FFF7C2FD1AE000212000FFF7C0
:1055000039FB2000FFF772FB924FBB7898462000D2
:10551000FFF71AFC4346BB70E2E7924A89498A4882
:10552000FEF798FD8B4B00225A7071E7FFF7A7FD3D
:105530002900200000F036FA012669E72900200042
:10554000FFF72CFD060063E7A978EB781B020B43FD
:10555000012B01D000265BE77E4A137808210B431C
:1055600013702900200000F01DFA012650E7A978E9
:10557000EB781B020B43012B01D0002648E7754A4C
:10558000137808218B4313702900200000F00AFAD9
:1055900001263DE76F4B1A785109920801230B4011
:1055A00002210A4013436A4606321380022329006F
:1055B000200000F013FA01262AE72B790F2B00D9DF
:1055C000B4E0644AD3181B79634A11788B4223D222
:1055D000624A126859015118002900D1AAE02A0034
:1055E0002000FFF7F9FB061E00D011E72B786022A0
:1055F0001A4200D00CE76B780A3B012B00D907E771
:10560000002000F049FA6B780A2B0ED02900200008
:1056100000F0C8F90126FBE64A1C9A4200DA87E04E
:10562000591A49014E4B5918D6E76B469A1D00236B
:10563000137001332900200000F0D0F90136E7E6AD
:1056400029797F230B40CE097020084217D15B00D7
:105650004048C3189B191B7D3F480078834215D2F0
:105660003E4806685B01F618002A19D0002E63D068
:105670002A0031002000FFF7AFFB0600C8E63A4AD7
:1056800030493148FEF7E6FC0026C1E6461C9E4242
:1056900004DB1B1A5B01324EF618E5E70026E3E750
:1056A0006A78012A12D0032A10D0002A01D00026DD
:1056B000AEE62000FFF782FE6B469A1D10800223A3
:1056C0002900200000F08AF90126A1E6A878EB78ED
:1056D0001B02034304D1012A1AD02000FFF73AFE2F
:1056E000002E2BD02A0031002000FFF775FB002090
:1056F00000F0D2F9174A3523D35CDB07DE0F002B0D
:1057000000D085E62900200000F04CF901267FE654
:105710002000FFF739FEE3E7002679E6002677E66A
:10572000002675E6002673E6002671E600266FE681
:1057300000266DE600266BE6002669E6012667E690
:10574000C5020000E09C0010A89B0010514300100F
:105750001C9C0010801B0020BD2700205418002036
:105760001C9D0010150300008603000030B585B0B5
:10577000FFF798FC002808D105B030BD01AC2078B7
:10578000FFF724FB2279644B9A70644B1C6821005C
:1057900014316269EFF3108072B61368002BFCD0ED
:1057A000BFF35F8F486001A9200001F054FB6269DC
:1057B000A369BFF35F8F0021116083F31088002875
:1057C000DAD001AB5B78082BDFD89B00544AD35862
:1057D0009F4601AB1878FFF7F9FAFFF750FCD4E7C2
:1057E000504B1B78002B2DD04E4A1378013BDBB277
:1057F00013701378002BC8D1474B1A78012401216C
:105800000A431A703422995CA1439954995C04208C
:10581000814399540132995CA1439954995C814325
:10582000995401AB187802A9FFF7D6FD0028ACD136
:1058300001AC20780021FFF7F5F920788021FFF7EF
:10584000F1F9A2E7384A39493948FEF703FC93E7F2
:1058500001AB19797F220A40CC0950002E4B1B184E
:105860001B19303318790125A843187118790335AD
:10587000A8431871002A15D05200274B9A18121904
:10588000137D2C4A1278934213D22B4A12685B0183
:10589000D318002B15D09C6901A84279039B00788E
:1058A000A04772E701A84279039B007800F008F94D
:1058B0006BE7501C984204DB9B1A5B011F4AD3180C
:1058C000E7E71F4A19491A48FEF7C4FB54E7124B91
:1058D0001B78DB0700D458E70F4B18780007C00F80
:1058E000FFF7CEFB51E70C4B1B78DB0700D44CE7EE
:1058F000FFF7C7FB49E7029B002B00D145E7039860
:10590000984742E7044BDB78DB0700D43DE7029879
:10591000FFF73FFB39E7C046801B0020D81B002063
:10592000449C0010BF270020560200000C9D001070
:10593000A89B0010BD270020541800201C9D0010BB
:1059400081020000F8B50500144B9F89DE89BB1B5E
:105950009BB21C1C402B00D94024A4B20F4B1B78D7
:105960005BB2002B08DB0021B74213D00C4A2300A6
:105970002800FFF7ABFCF8BDB74209D0074B996888
:10598000402C09D822000648FDF726F98021EBE7D4
:105990008021E9E70022EAE70020ECE7241B002051
:1059A000401B002070B506000C000B4D082228009B
:1059B000FDF712F90023AB60EB81AB810023E356C6
:1059C000002B06DB8021002300223000FFF77EFC45
:1059D00070BD0021F7E7C046241B0020F0B5C64685
:1059E00000B580460C0016001D00234F0822380029
:1059F000FDF7F2F8BE600023FB81A379E17909028B
:105A000019430B1CA94200D92B1C99B21A4A938145
:105A1000A279E3791B02134319D0002901D0002E8B
:105A200008D04046FFF78EFF041E0AD0200080BC3D
:105A3000B846F0BD772211491148FEF70BFB002450
:105A4000F4E77D220D490E48FEF704FBEEE7002344
:105A5000E356002B0DDB8021002300224046FFF798
:105A600035FC041EE2D1802204490548FEF7F2FA13
:105A7000DCE70021F0E7C046241B0020749D0010E5
:105A8000A89B001010B5142200210248FDF79EF8D3
:105A900010BDC046241B0020014B18617047C04652
:105AA000241B002010B50100044C08222000FDF743
:105AB00093F80023A360E381A38110BD241B002081
:105AC00070B505001C00C909364B1B78DB098B42F9
:105AD00016D0002C07D0A72233493448FEF7BAFA73
:105AE0000024200070BD2F4C2100FFF751F82369DE
:105AF000002B03D02B4A0321280098470124F0E70C
:105B0000284B1B785BB2002B07DB264B98680028DC
:105B100045D022002649FDF75FF8A2B22149CB8982
:105B2000D3189BB2CB818A6812198A60CA889342C3
:105B300001D03F2C28D81B4B1B69002B05D0194ADC
:105B4000022128009847002814D0164B1B785BB21E
:105B5000002B0DDB8021002300222800FFF7B6FB7D
:105B6000041EBED1D02210491048FEF773FAB8E7E0
:105B70000021F0E700212800FFF754F880212800D9
:105B8000FFF750F80124ACE72800FFF7DBFE041E06
:105B9000A7D1D82204490548FEF75CFAA1E7002402
:105BA0009FE7C046241B00205C9D0010A89B0010AE
:105BB000401B002070B50400FFF764FA002807D1ED
:105BC0000020002803D0E378002B09D1002070BD0D
:105BD000FFF760FA002801D10130F2E70020F0E77A
:105BE00025001035280001F020F93F2801D80020B9
:105BF000EDE7E1780020FFF741FB0028E7D028001F
:105C000001F013F93F2808D992239B00E218E178AC
:105C100040230020FFF75AFBD9E7E1780020FFF787
:105C200041FB0020D3E7000010B50400FFF72AFA7B
:105C300000280CD10022002A11D0B2239B0063431C
:105C40000948C0180379DB070BD5012008E0FFF7EE
:105C500021FA002801D10122EDE70022EBE7002024
:105C600010BD0020FCE7C0465C18002010B5B22330
:105C70009B0058431030024BC01801F0A5F810BD2E
:105C80005C18002070B5B2239B005843084BC51820
:105C90001030C018074B9A4208D892B201F0FCF8B5
:105CA00004002800FFF786FF200070BD024AF5E7D8
:105CB0005C180020FEFF0000FFFF000070B505002B
:105CC000FFF7E0F9002804D10023002B09D10020C0
:105CD00070BDFFF7DFF9002801D10123F5E70023AC
:105CE000F3E7B224A4006C432034244BE4180434BA
:105CF000200001F069F8002801D10020E8E7B22275
:105D000092006A431D4B9B1899780020FFF7B6FA62
:105D1000002801D10020DBE7B226B6006E43A223A3
:105D20009B009C466644154BF6184022310020002B
:105D300001F0B2F8041E15D0B220800068430F4D68
:105D40002D18A978230032000020FFF7BFFA0028A1
:105D500001D02000BCE7CD2209490A48FEF77AF9B4
:105D60000020B5E7B22080006843044D2D18A978C3
:105D70000020FFF797FA0020AAE7C0465C18002031
:105D8000A49D0010A89B001070B50500B224A400CB
:105D9000444320340B4BE41804340B4B9A420BD889
:105DA00092B2200001F0AFF80600200001F00CF8DC
:105DB0003F2803D8300070BD044AF2E72800FFF7FF
:105DC0007DFFF7E75C180020FEFF0000FFFF0000EA
:105DD00010B5B2239B0058432030034BC018043049
:105DE00001F023F810BDC0465C180020F0B5CE4687
:105DF000474680B583B0B222920000212948FCF7C3
:105E0000E5FE294B00221A700026002E04D003B0B4
:105E1000C0BCB946B046F0BD224FB224A4007443C2
:105E20003D19FF236B71E1235B02AB6000239846B1
:105E30002B736B730833AB7321003831C919F833F6
:105E4000994620001030C0194346009301334A465A
:105E500000F07CFF21003931FF31C91920002030CA
:105E6000C0190430012300934A4600F06FFF8E23CF
:105E70009B00E3189946B9444846FAF769FF902316
:105E80009B009C466444E4192000FAF761FF4346F6
:105E9000EB614B462B622C6343466B630136F6B2D3
:105EA000B3E7C0465C1800205818002010B5002346
:105EB000002B01D0012010BD1800B22189005943E8
:105EC0000D4A5218116A146B002907D0B2229200B1
:105ED0005A43094989180022CA610A62002C07D076
:105EE000B22292005043044A1218002111635163F8
:105EF0000133DBB2DCE7C0465C18002070B500243B
:105F0000002C00D070BD2500B22080006043174BEC
:105F1000C01805220021FCF759FE154B1B78DB0742
:105F200010D5134B1B789B0715D5B2208000684312
:105F300020300E4BC0180430012101F008F8013464
:105F4000E4B2DDE7B220800060431030074BC01898
:105F500000F0DEFFE5E7B220800068432030034B0D
:105F6000C018043000F0D4FFDFE7C0465C18002002
:105F700058180020F0B583B006004B79022B68D189
:105F80008B79022B69D10023002B08D00027002F2A
:105F900013D08B783B700C780C19092519E0B224CA
:105FA000A4005C432E4800198078002802D00133F9
:105FB000DBB2E9E72A4FE719E9E79A2252002949BB
:105FC0002948FEF747F8002544E021784D19ADB285
:105FD00064186378242B01D19542F6D9052B09D09A
:105FE0006378042B02D163790A2B18D03800FFF7AD
:105FF000E1FD2FE021003000FFF7CCF8002806D0AB
:10600000A3787B7022785519ADB2A418E8E7A322D3
:10601000520014491448FEF71DF800251AE02178B3
:106020004D19ADB26118BB1C0193FB1C00930223F8
:1060300002223000FFF7DEF8002802D00E35ADB2A4
:10604000D4E75622FF3207490748FEF703F8002538
:1060500000E00025280003B0F0BD0025FAE7C046A7
:106060005C180020989D0010A89B0010F8B5140043
:10607000127860231340202B00D080E0454A002591
:10608000002D00D07DE01678277963791B023B4311
:106090009E4206D00135EDB2B2239B009C4662447D
:1060A000EEE76378222B32D009D8202B11D0212B98
:1060B00003D1012924D0012062E0002060E0232BDD
:1060C00005D101294AD003294DD0012058E00020F4
:1060D00056E0012903D0032908D0012050E00832FE
:1060E00007232100FFF77AFC012049E02A4B002B0F
:1060F00049D0083211002800FEF74CF901203FE09A
:10610000083207232100FFF769FC012038E001294C
:1061100003D0032906D0012032E02100FFF742FC22
:1061200001202DE0A178E3781B020B430120190028
:1061300001400E005C08044013714B425941C9B242
:106140002432100000F003FF144B002B1DD022005E
:106150003100280000E000BF012011E02100FFF71E
:1061600021FC01200CE00E4B002B10D0A378E1782D
:1061700009021943280000E000BF012000E00020D0
:10618000F8BD0020FCE70120FAE70120F8E7012034
:10619000F6E7C0465C1800209543001000000000A0
:1061A00000000000F0B5D64600B582B001900F00A7
:1061B00000930024002C0DD0002C19D1EB78BB42A9
:1061C0001ED0AB78BB4255D00124200002B080BC69
:1061D000BA46F0BDB225AD0065433D4BED18EB78F6
:1061E000BB42E9D0AB78BB42E6D00134E4B2E1E790
:1061F000B622FF3237493848FDF72CFF0024E4E788
:1062000010239A46AA4492239B00E9186B461A88E9
:10621000504600F078FE314B002B1BD06B79FF2BE2
:1062200018D0002600E00136009B9E4212D26A7907
:10623000AB19922189008C4663441B789A42F2D1B3
:10624000504600F0D6FD0028EDD16979200000E02D
:1062500000BFE8E7224B002B04D0504600F0C9FDF8
:10626000002803D02800FFF7A5FCAAE7200000E0E3
:1062700000BFF7E71B4B002B02D0200000E000BF5F
:106280002000FFF71BFD002801D001249DE7280016
:10629000243000F099FD002815D1009B002B14D06C
:1062A0009B0601D0012490E7A9780198FEF7E6FF4C
:1062B000041E01D1012488E7A97800230022019857
:1062C000FFF704F881E701247FE701247DE7C0465A
:1062D0005C180020889D0010A89B001000000000A2
:1062E0000000000000000000002815D1B322920039
:1062F00042430A4B9B18AA33FF331B78002B07D16C
:106300000648801885300378002B03D0012004E074
:10631000012002E0002000E0002070479C1C0020CB
:1063200010B5002801D0002010BDB32189004143E1
:106330008031034809180431002000F0D7FAF3E750
:106340009C1C0020F0B5C64600B584B0B322920074
:1063500000211F48FCF73AFC0025002D03D004B0B3
:1063600080BCB846F0BDB324A4006C432300C933FD
:10637000FF33174E9B190433A21904322000A930B1
:10638000FF308019402188460391029280277F00C8
:106390000197009300230022002100F030FA23002F
:1063A000A0339B1908332200403292190432200096
:1063B0008030801904304146039102920197009386
:1063C00000230122002100F01AFA0135EDB2C4E7E2
:1063D0009C1C002070B50025002D01D0012070BD4F
:1063E000B324A4006C432000A930FF30064E80196E
:1063F00000F039FA200080308019043000F033FAC0
:106400000135EDB2E8E7C0469C1C002070B50025C0
:10641000002D00D070BDB324A4006C43094EA31915
:1064200000221A702000B130FF30801900F070FD9A
:10643000200088308019043000F06AFD0135EDB28B
:10644000E6E7C0469C1C0020F0B5D6464F464646BF
:10645000C0B5824689464B79FF2B00D09EE00C7870
:106460004C44A5180026002E09D00026002E00D18D
:106470009AE04B469B7833700023984649E0300001
:10648000FFF732FF002802D00136F6B2EBE7B32364
:106490009B005E43454BF618E8E72378E4186378E1
:1064A000052B01D0AC42F8D3AC4236D22100504685
:1064B000FEF770FE002834D043460133DBB2984625
:1064C000A378DB09012B33D03700A937FF37300021
:1064D000B130FF3000F01CFDA178D4225200797059
:1064E000207963791B0203435B055B0D30498C46C1
:1064F000634459424B415B00B15C022081430B4332
:10650000B3543900504600F033FA00283FD02378C6
:10651000E4184B461B794345C1D84B46E01A80B27C
:106520003DE0DA2223492448FDF794FD002036E0BF
:106530003700843730008C3000F0EAFCA3788422E6
:106540007B70207963791B0203435B055B0D18495F
:106550008C46634459424B415B00B15C022081434D
:106560000B43B3541148301A821053009B18590240
:106570005B189802181880008018400080180301EA
:10658000C0180301C018C0B2FFF7CAFEBFE7E2227D
:1065900008490948FDF75EFD002000E00020E0BC4E
:1065A000BA46B146A846F0BD0020F8E79C1C002082
:1065B00000FEFFFFBC9D0010A89B0010F8B5060070
:1065C0001D002B4F0024002C50D1AA23FF33FB5C6D
:1065D0008B420AD08522BA5C8A4206D00134E4B2EA
:1065E000B3239B009C466744EDE78B4205D085238F
:1065F000FB5C8B4222D0012039E03B00B133FF33FA
:106600009B88002B0FD11B4B002B04D0391DAAB245
:10661000200000E000BF3900A931FF31300000F058
:10662000A7F9012023E03B00A933FF335968AAB240
:106630003800B130FF3000F066FCE4E70E4B002B71
:1066400004D02904090C200000E000BF8437390081
:10665000300000F04BF9002801D0012007E02A00AB
:106660003900300000F002F9012000E00020F8BD00
:106670009C1C0020000000000000000010B500205D
:10668000FEF71AFD041E01D0200010BD3122024980
:106690000248FDF7DFFCF7E73C9E0010A89B0010C6
:1066A00070B504000D000378DB07DE0F002B1CD152
:1066B00003785B071AD401214942280002F008F947
:1066C0002378DB0704D423785B070CD5002600E091
:1066D0000026002E03D023780422134323702800C1
:1066E00002F0D6F802E00126F3E70026300070BD84
:1066F00070B504000E0001214942300002F0E8F8B4
:1067000023785B070BD40025002D03D023780422C7
:1067100093432370300002F0BBF8280070BD23784B
:10672000DB0701D50025EFE70125EDE710B504797A
:1067300043791B0223435B055B0DC2789207920FDE
:10674000022A16D0032A2FD0012A01D0002010BD22
:10675000022904D01D4A9A4204D30120F7E780227F
:10676000D200F8E790221A491A48FDF773FC00207E
:10677000EDE7022903D0402B0FD80120E7E7802264
:106780009200934201D10120E1E76A3AFF3A1049B1
:106790001048FDF75FFC0020D9E79A220C490D480C
:1067A000FDF758FC0020D2E7022904D040229A428B
:1067B00004D30120CBE78022D200F8E7A0220449CD
:1067C0000448FDF747FC0020C1E7C046FF03000076
:1067D000289E0010A89B001030B58A1801E00C78A4
:1067E000091991420AD24C78052CF8D18D787A3467
:1067F0002C4064000419ED096355F0E730BDF0B595
:1068000085B0040003920AAA40CA17880DAA158809
:1068100001220A40017801208143114321702000A8
:106820000830009301233A00310000F08FFA002E67
:1068300001D0002F05D10C9B63606580012005B05D
:10684000F0BD26001C363000FAF782FA039B002BBD
:1068500007D03300039A002A00D000266361A661A6
:10686000E9E70023F6E7012070470000F8B50600CD
:106870000C0015000B789B0711D58027BF00200066
:10688000083000F0A1FA002825D1002D25D0013FC5
:106890003D4224D12378DB0703D500201CE04027AC
:1068A000EDE761783000FEF7E9FC0028F5D02378A9
:1068B000DB0707D52622FF320A490B48FDF7CAFB42
:1068C000002009E06178002300223000FEF7FEFC82
:1068D000002801D1EEE70020F8BD0020FCE70020F1
:1068E000FAE7C046049E0010A89B001070B5050092
:1068F0000C000E000836300000F066FA002830D098
:106900002378DB0701D5002070BD61782800FEF7F1
:10691000B5FC0028F7D062886168300000F0BCFA4E
:10692000061E14D02378DB0707D53422FF320E4928
:106930000E48FDF78FFB0020E6E7626861780300F0
:106940002800FEF7C3FC0028EFD03000DCE72378F6
:10695000DB0701D50020D7E761782800FEF7A2FC0D
:10696000F8E70020D0E7C046E89D0010A89B001083
:10697000F8B505000C008B89002B22D10B78DB07C2
:1069800001D50020F8BD4978FEF778FC0028F8D042
:1069900063882278D20707D56E22FF322F4930480C
:1069A000FDF758FB0020EDE76178002B07D0626807
:1069B0002800FEF78BFC0028EED06088E2E700227A
:1069C000F6E70B789B070DD58026B6002700083721
:1069D000380000F02AFA86423DD82378DB0703D539
:1069E0000020CFE74026F1E761782800FEF746FC5B
:1069F0000028F5D0380000F018FA864221D87642F7
:106A00000640B6B26388181CB34200D9301C86B267
:106A10002378DB0707D5C122520010491048FDF743
:106A200019FB0020AEE76178002E08D062683300C1
:106A30002800FEF74BFC0028EDD03000A2E7002232
:106A4000F5E72378DB0701D500209BE76178280074
:106A5000FEF728FCF8E7002094E7C046CC9D001024
:106A6000A89B001003008A1890B2814202D85A00F5
:106A7000904203DB5B009BB2C01A80B2704770B5D6
:106A800005000800AC889A420BD3D11A89B20029BC
:106A90001ED08C4210D2944209D8131B9BB26B813A
:106AA0000AE0D11A89B26600891989B2EFE7A21803
:106AB00093B2F4E71B1B9BB29C42FBD92968EA887E
:106AC0005204520C5343C918FCF786F8012070BDDC
:106AD0000020FCE7F8B5CE46474680B5050088465D
:106AE00008A909788488E01A80B21C1B1419A4B282
:106AF000EF887F047E0C07007743BFB27443A4B2D3
:106B0000A14673432C68A4466344002906D19042F1
:106B100008D3724319004046FCF75EF8C0BCB94682
:106B2000B046F8BD3A00190044464046FCF754F818
:106B30002968E0194A46FCF74FF8EFE7F0B5C6467A
:106B400000B582B01E0008AB1B8809AC277884888A
:106B50009E420FD3F51AADB2002D1FD0AC4205D224
:106B6000B44210D8331B9BB24381250095420FD30A
:106B700015000DE0F51AADB2A8466500AC464546D5
:106B80006544ADB2E8E7A619B3B2EDE71B1B9BB2B3
:106B90009C42FBD900972A00FFF79CFF280002B017
:106BA00080BCB846F0BDF0B583B004000D001600FF
:106BB0001F000069002803D00121494201F088FE2E
:106BC00023899BB26289019700923200290020003C
:106BD000FFF7B4FF0500618989B2A0882A00FFF79A
:106BE00041FF60812069002801D001F051FE28009A
:106BF00003B0F0BDF8B5CE46474680B505008846DF
:106C000008A90878AC88E11A89B21C1B1419A4B22F
:106C1000EF887F047E0C0F007743BFB27443A4B2A9
:106C2000A14673432C68A4466344002806D19142D0
:106C300008D3724341461800FBF7CEFFC0BCB946EB
:106C4000B046F8BD3A00444641461800FBF7C4FF81
:106C50002868E1194A46FBF7BFFFEFE7F0B585B0BA
:106C600006000391151E029300D16DE0C068002854
:106C700003D00121494201F02BFE3489A4B271896D
:106C800089B2F379DB091AD1B3888C420FD3611A28
:106C900089B28B4211D95B1A9BB22F1C9D4200D93D
:106CA0001F1CBFB2002F47D0B288230035E0611A05
:106CB00089B25A00891889B2EBE70023EDE7B7885B
:106CC000AF420ED8029B002B21D1ED1BF3885B0451
:106CD0005A0C6A43039B9C469444634603930C00FE
:106CE000E0E78C420DD3631A9BB25B197A009342A2
:106CF0000FDB7A1B92B23800FFF7B4FE04002F00BE
:106D0000D0E7631A9BB27A009B189BB2EDE70C00A8
:106D1000C8E72F00C6E79B1A9BB29A42FBD9029A9A
:106D200000923A0003993000FFF764FFB0883A0000
:106D30002100FFF797FE3081F068002801D001F0B4
:106D4000A7FD380005B0F0BD1700FAE7F0B583B035
:106D50000400019116001D0008AB1F7880231B0260
:106D60009A422DD8C068002803D00121494201F081
:106D7000AFFD2069002803D00121494201F0A8FDA0
:106D8000019B2360A6806D046B0CE288D20BD503B7
:106D90001D43E580FB01E2797F2717401F43E77120
:106DA000002363812381E068002801D001F070FD99
:106DB0002069002806D001F06BFD012003B0F0BD72
:106DC0000020FBE70120F9E7818803899BB2428913
:106DD00092B2934207D39B1A9BB2081C994200D9E6
:106DE000181C80B270479B1A9BB24A009B189BB23A
:106DF000F3E7030000895B89C01A43425841C0B2DF
:106E00007047818803899BB2428992B2934206D32C
:106E10009B1A9BB200208B424041C0B270479B1A24
:106E20009BB24A009B189BB2F4E7828803899BB20D
:106E3000408980B2834206D31B1A9BB29A4208D97A
:106E4000D31A98B270471B1A9BB250001B189BB202
:106E5000F4E70020F6E770B504000D000069002893
:106E600003D00121494201F033FD228992B26389A6
:106E70009BB229002000FFF702FE0500618989B25C
:106E800082B2A088FFF7EEFD60812069002801D062
:106E900001F0FEFC280070BD10B50023FFF783FE53
:106EA00010BDF8B504000E00C068002803D0012111
:106EB000494201F00DFD2589ADB22000FFF7A1FF89
:106EC000002802D0E779FF0916D0A2882B0001E044
:106ED0009B1A9BB29A42FBD9E2885204520C53434C
:106EE0002168C8183100FBF777FEA088012229002D
:106EF000FFF7B8FD20810127E068002801D001F0EC
:106F0000C7FC3800F8BD10B50023FFF7A7FE10BD81
:106F100010B50400C068002803D00121494201F0E7
:106F2000D7FC2069002803D00121494201F0D0FCA0
:106F3000002363812381E068002801D001F0A8FCD0
:106F40002069002801D001F0A3FC012010BD70B51C
:106F500004000D00C068002803D00121494201F05F
:106F6000B7FC2069002803D00121494201F0B0FCA0
:106F7000ED01E3797F2119402943E171E0680028A0
:106F800001D001F085FC2069002801D001F080FCCF
:106F9000012070BD094BC31802221A60084BC318A8
:106FA00001321A60074B984205D011220123934009
:106FB000054A136070470D32F8E7C0460430000000
:106FC0002430000000C0034000E00040F8B5DE4679
:106FD00057464E464546E0B581460E000620FAF774
:106FE0006FFC80464B465A6802231A40934604229F
:106FF0004A449246214A4A441360022400E0023483
:10700000FE2C1AD800252002320000230021FBF7B5
:10701000FDFC002903D1A942F1D14045EFD98027D9
:107020007F00012F0CD97D1E210069434046FAF7ED
:10703000B3FEB04204D82F00F3E780277F00F0E7CB
:107040004B461C617B1E1B024A4612685340FF22BE
:1070500012021340802040014844036080239B01BA
:1070600053445A461A60390061434046FAF794FE89
:10707000F0BCBB46B246A946A046F8BD04300000AD
:1070800070B504001A4B98422DD011220123934071
:10709000184A1360164B9C4227D0112301229A40B4
:1070A000154B1A60154B1B6810009843FAD120004D
:1070B000FFF78CFF626802231A40114961180B60C8
:1070C000216807254D40CF21294080256D01651994
:1070D00029600C4961180A600B4A944664440322F3
:1070E00022600B6070BD1022D0E71023D6E7C046A7
:1070F00000C0034000E0004000F0004008C0004035
:1071000004300000042000002420000010B504001A
:10711000407900F05EFB206E0021FAF77BF910BD8C
:1071200010B5030000795B79984200D110BD00F0E2
:1071300050FBFBE7F0B5C64600B580460D001700D2
:107140001E008168006800F091FB00214046FFF7B7
:10715000DDFF41462D31741CE4B243462E332D220F
:107160004046855403E0FF221A7001332E00751E3D
:10717000EDB2002EF7D142460C32230040460068A3
:1071800000F06EFB43460D334246117B4E224046D3
:10719000815403E01A783A7001330137013CE4B2BC
:1071A000002CF7D101214046FFF7B0FF4346186895
:1071B00000F07AFB80BCB846F0BD70B504000D004D
:1071C0008168006800F052FB00212000FFF79EFF5D
:1071D00021002D312D23E5540133FF22E2542200FA
:1071E0000C322C3B206800F03BFB227B4E23E25408
:1071F000657B01212000FFF789FF206800F054FB28
:10720000280070BDF8B507000C0016001D0081684D
:10721000006800F02BFB00213800FFF777FF3900F2
:107220002D316B1CDBB23A002E32202004432D207E
:107230003C5404E0357815700132250001366C1E8F
:10724000E4B2002DF6D13A000C32386800F008FBA9
:107250003A7B4E23FA5401213800FFF757FF386874
:1072600000F022FBF8BD70B504000D001600816827
:10727000006800F0FBFA00212000FFF747FF210023
:107280002D3120231D432D23E5540133E6542200E4
:107290000C322C3B206800F0E3FA227B4E23E254B0
:1072A00001212000FFF732FF206800F0FDFA70BDD9
:1072B000F8B506000F0015005A23C35C002B1BD144
:1072C0004F33C45C944200D82500641BE4B2B1681B
:1072D000306800F0CBFA00213000FFF717FF3100D3
:1072E0002D312C19E3B20133DBB232002E322D20C6
:1072F000612434541C0009E0131C202A00D92023E7
:10730000DDB20024E3E7FF2010700132013CE4B25B
:10731000002CF8D132000C32306800F0A1FA3300B2
:107320000D33317B4E22B154002D0AD0013DEDB218
:10733000002D04D01A783A7001330137F6E71B7834
:107340003B7001213000FFF7E1FE306800F0ACFA3D
:10735000F8BD10B5040000230022E221FFF7EAFE89
:107360004E23E05C10BD10B5040000230022E12193
:10737000FFF7E0FE4E23E05C10BD0000502300222A
:10738000C254034B82689A4201D8024B8360704713
:10739000B88800008096980010B504000171427111
:1073A00083604F232022C25400233632835401329B
:1073B0008354523A59214254013101206054013121
:1073C000635422662000FFF7D9FF200010BD10B5DE
:1073D0000A007C2900D97D220521FFF744FF10BD5A
:1073E00070B50500002908D00B1C202900D92023E6
:1073F000DBB24F22AB5400240BE00123F9E74F230B
:10740000EA5C21001131C9B22800FFF72CFF0134DA
:10741000E4B2052CF3D970BD0379FF2B06D0437974
:10742000FF2B01D0012070470020FCE70020FAE785
:1074300070B50400FFF7F0FF051E0BD020796379CB
:10744000984209D100212000FFF76AFE01212000A7
:10745000FFF75CFE280070BD012100F0A9F96079FA
:10746000012100F0A5F9EDE710B55523C25C9307A3
:1074700000D510BD02231A43D2B25523C2540021B5
:10748000FFF7F1FE02480021F9F7C4FFF1E7C0461B
:107490008813000010B51721FFF78FFE012343402A
:1074A0000120184010BD10B50400FFF701FF402275
:1074B00007212000FFF7D7FE10BD70B50400023988
:1074C000C9B2002909D003250D402A000321FFF786
:1074D000CAFE02355923E55470BD00220321FFF78F
:1074E000C2FE59230222E254F6E7000070B50500FF
:1074F0000C00160000291AD0052C17D8012C20D911
:10750000144B195D012332002800FFF77BFE022196
:107510002800FFF752FE42B20F4B1B5D012098403E
:107520000243D2B202212800FFF79DFE70BD503009
:107530005923EA5C3100FBF74FFB57230122EA5441
:10754000DAE75923EB5C034A115D32002800FFF7AC
:1075500059FEDCE7489E0010509E001070B50400F4
:107560000D000221FFF729FE42B2084B595D0123AD
:107570008B409A43D2B202212000FFF774FE002D07
:1075800002D157230022E25470BDC046509E001025
:1075900010B50400FFF768FF5523E25C01210A43A0
:1075A000D2B2E25400212000FFF75DFE70220721D5
:1075B0002000FFF758FE01212000FFF7B1FD5723FF
:1075C000E35C002B08D0220050325923E35C0A21EF
:1075D0002000FFF717FE10BD00212000FFF7BEFFBF
:1075E000F9E710B504008168006800F03FF9002158
:1075F0002000FFF78BFD5021206800F01FF94E237B
:10760000E0547321206800F019F901212000FFF7F0
:107610007DFD206800F048F910BDE0B505000E00C2
:1076200017000621FFF7C9FD07239843C0B2331C9A
:10763000032E00D903235B00DBB2DB19DAB202436D
:1076400006212800FFF70FFEE0BD70B505000E0013
:107650000621FFF7B2FD28239843C4B2F033EB654F
:10766000022E10D0012E13D0002004432200062148
:107670002800FFF7F8FD06212800FFF79EFDA04235
:107680000AD0002070BDFA23FF33EB652020ECE721
:10769000F023EB650820E8E70120F3E710B50B1CA9
:1076A0000F2900D90F23DBB21901131C0F2A00D9AF
:1076B0000F235AB20A43D2B20421FFF7D4FD10BD02
:1076C00070B504000520F9F7B7FE0F220521200050
:1076D000FFF7E4FF00212000FFF7B7FF1D21200086
:1076E000FFF76BFD05002000FFF77BFF1D21200049
:1076F000FFF763FD2D1A6B425D41EDB25622A55492
:10770000002806D0002D43D100221D212000FFF7C4
:10771000AAFD00255823E55400221C212000FFF774
:10772000A2FD5A23E5543F2201212000FFF79BFDD3
:10773000032202212000FFF796FD20212000FFF701
:107740004FFE05212000FFF7B8FE4C212000FFF777
:107750003EFE702207212000FFF785FD2000FFF785
:10776000F8FD2000FFF7FFFD0C2200212000FFF7AD
:107770007AFD00212000FFF720FD553560552000DF
:10778000FFF772FE605D0E3843425841C0B270BDD3
:107790002000FFF726FFB7E710B504000160FFF7F0
:1077A00047FE002800D110BD2000FFF789FFFAE74F
:1077B00070B504000D00F8F795FE0123A340002DDD
:1077C00003D0D0221206536270BDD02212069362FB
:1077D000FAE701238340002903D0D0221206536127
:1077E0007047D02212069361FAE70000014B08337C
:1077F00003607047589E001010B50400FFF7F6FFB5
:1078000008212000FBF7EEF9200010BD014B0833E2
:1078100003607047589E001070B51C0004AB1D78C3
:10782000416001211000F8F743FE01212000F8F724
:107830003FFE01212800F8F73BFE70BD00B585B082
:107840000B006A46D11D0B700023D37340680133CF
:107850000F226A4401F044F86B46D87B05B000BDA6
:1078600010B5406801F03CF810BD000010B50400F0
:107870004068FFF705FC63685A6802210A4008481F
:1078800018180160196807204840CF210140802066
:1078900040011818016003498C4663441A6010BD0A
:1078A000043000000420000010B54068FFF772FBB0
:1078B00010BD0000054B1B78002B05D0034B58680A
:1078C000002800D0986870470020FCE70C180020C2
:1078D00010B5FFF7EFFF002802D09423C05810BD69
:1078E0000020FCE7F0B5C64600B505000C000028F6
:1078F00035D0002919D1002398461DE00134E4B2A7
:10790000042C2DD863001B199B00174A995810228C
:10791000280000F03BFE0028F0D166003419A400D6
:10792000114EB046A0440524E8E700240023984601
:10793000E6E7B8460136F4B20C4B1E7CA6420FD9DE
:1079400063001B199B00094AD768FF181022396889
:10795000280000F01BFE0028EBD02600EAE7804656
:10796000404680BCB846F0BDE00D00200C18002059
:1079700070B515790F242C404B789B061B0F9C4249
:1079800007D04A783C231340082B2DD00324200035
:1079900070BD6DB2002C0ED18B78D90603D51F2196
:1079A0001800884302D10F218B43F0D19368002B3C
:1079B0001CD09847EBE703689B039B0D18D0002D64
:1079C00018DB048B0B889B059B0DE518D1888D4235
:1079D00001DD0224DBE7926801001C3110191A0056
:1079E000FBF7FAF80024D2E70024D0E70124CEE721
:1079F0000024CCE70224CAE7F0B5D6464F464646F7
:107A0000C0B594B00023139313AA137801210B433C
:107A10001370DBB23C218B4304210B431370002510
:107A200000260023984610E0FFF752FFB3B203AFE1
:107A30000097214A13A900F0E8FB402200213800FA
:107A4000FBF7C4F800260135EDB21C4B1F7CAF429A
:107A50002AD91A4BDB6899466B005B199B004A4692
:107A6000D3589A46180000F063FDC4B20134E4B262
:107A700003AB981922005146FBF7AEF83619F6B25F
:107A800043460133DBB29846013FAF42CCDD6A1C6E
:107A900053009B189B004A46D05800F049FD3F23F5
:107AA0001B1AB342CFD2BFE7404614B0E0BCBA467F
:107AB000B146A846F0BDC046689E00100C180020D4
:107AC00030B585B00F256D4400242C70FFF794FF6E
:107AD0002870029402AC2378012213432370DBB296
:107AE0003C229343182213432370FFF7F1FE0095C5
:107AF0000123034A210000F088FB05B030BDC046D9
:107B00006C9E0010F0B5CE46474680B585B00500A6
:107B10000C0016008B781F211800884304D0102217
:107B2000100018401A4204D105B0C0BCB946B04696
:107B3000F0BD6B469B899B0A9B026A469381327912
:107B40000F270D236B443A4091001A783C20824362
:107B50000A431A7062785106C90F8901894619785B
:107B60008846402140468843010048460143197039
:107B7000D209D201C8B27F2101400A431A7033688A
:107B80009846180000F0D4FC0E236B4438401F7850
:107B90000F22974307431F70FAB210218A431A70CD
:107BA000A2785209510118781F2202400A431A7024
:107BB0002B8B9422A858B2680092424603A900F089
:107BC000ADFAB1E710B50021FFF78CFE10BDF0B59E
:107BD000DE4657464E464546E0B585B082460F0024
:107BE000150099460EAB1C88002603960A79CB88AF
:107BF0000F218B460A4001396944019103A9009184
:107C00002100484600F0EEF902962B78D9070925A5
:107C10006D44490E2A78402082430A432A709B070C
:107C20000A366E44DB0F1B01327810218A4313435E
:107C300033703B689846180000F07AFC5B460340BE
:107C400030780F229043184330706B461B899B0A93
:107C50009B02042213436A4613812B783C26B343CC
:107C6000082213432B7003AB00930023424602A962
:107C7000504600F053FA2A7880235B4213432B705E
:107C80003B795A4613409B002A78B24313432B702A
:107C900014E002AA9B059B0D1188890A89020B43F7
:107CA000138002A90B889B059B0DE41AA4B2BB6844
:107CB000009323003A68504600F030FA4C450ED944
:107CC00000280CD14B46E31A9BB2782BE1D902AACB
:107CD00013889B0A9B0278210B431380E1E705B0D0
:107CE000F0BCBB46B246A946A046F0BD30B583B055
:107CF000140000281AD000291BD00A790F231A403B
:107D0000920023783C25AB4313432370CB88782B18
:107D100006D80A6889680091210000F076FA06E02A
:107D2000009300232200FFF752FF00E0012003B080
:107D300030BD0120FBE710B582B000230193002481
:107D40000CE0FFF7C5FD610009198900064BDB68EF
:107D5000591801AAFFF7CAFF0134E4B2024B1B7C99
:107D6000A342EED802B010BD0C18002070B584B04C
:107D700014008B780F229343102B02D0002004B004
:107D800070BD4D78690603ABC90F1A780126B2435E
:107D90000A431A70D2B202218A431A7021790F2243
:107DA000114089001A783B36B2430A431A703C23CB
:107DB0002B40082B06D09423C05803AA2100FFF7BC
:107DC00095FFDCE7427F1202037F1343C17F090264
:107DD000827F0A4394214058009203AA2100FFF7B2
:107DE000F6FE4000C0B2CAE770B582B00C0000F0E9
:107DF00049FB03231D000540034204D0022D44D05B
:107E0000280002B070BD274B9C606368019320007E
:107E100008306B4659794906C90FFFF763FD061E06
:107E20002CD0020001A92000FFF7A2FD032303408C
:107E30009B001D430C232B4216D0320001A92000C9
:107E4000FFF794FF0323184040015D339D43054332
:107E50003833E358002B01D00120984794220021A9
:107E60002000FAF7B3FECBE7320001A92000FFF7AC
:107E700049FE012303401B011D43DEE79823E3581D
:107E8000002BEBD002209847E8E79823E358002B1B
:107E900001D003209847942200212000FAF796FE93
:107EA000AEE7C0460C18002030B583B0041E0DD0DC
:107EB00000230193FFF70CFD050000212000FFF7D0
:107EC00011FD010001AA2800FFF710FF03B030BD2B
:107ED00010B582B00C0000280CD000290AD0002375
:107EE00001930021FFF7FEFC01009423E05801AA52
:107EF000FFF7FCFE02B010BD10B582B0041E07D023
:107F000000230193FFF7E4FC01AA2100FFF7EEFE36
:107F100002B010BD00B583B0031E09D0002907D000
:107F2000002201929432885801AA1900FFF7DEFE60
:107F300003B000BD002806D0002904D0054B5860CE
:107F40001970986004E0034B00225A601A709A601E
:107F50007047C0460C18002010B50121FFF7EAFF5A
:107F600010BD002805D0002903D0044BD860197437
:107F700003E0024B0022DA601A7470470C180020EC
:107F800070B506000D00002801D000290DD1084B66
:107F900000225A8270BD0649305D123100F00AF8A5
:107FA0000134E4B2AC42F6D3F4E70024FAE7C04669
:107FB0000C1800200A88130A120213439BB20B808C
:107FC00058400880C3B21B0958400880030358403A
:107FD00003B280B208804001FF2252011040584095
:107FE00008807047F0B5CE4600B50F001C000B2A84
:107FF00009D8092A2ED2073AD2B2012A01D802267C
:1080000004E0012602E00C2A26D10826731E9946B8
:1080100048443100F9F798FEB5B27043069B1880CA
:108020004B46F8183100F9F78FFE6843079B18801C
:10803000A74201D8002F01D1079B1C80069B1A88FC
:10804000079B1B889A4202D35B1B069A138080BC55
:10805000B946F0BD0426D9E70126D7E700282FD07E
:1080600000292FD003889B059B0D0B7003889B056F
:108070009B0F4A7813434B7042789206120F92007E
:1080800013434B7042785206D20F920113434B7048
:108090004278D209D20113434B7083781B071B0F20
:1080A0008A7813438B708278D206D20F1201134361
:1080B0008B7082785209520113438B7003207047F2
:1080C0000020FCE70020FAE770B50123002403E05C
:1080D000FF2A0ED001339BB28B421BD2DAB2E5B23B
:1080E000521BD2B2C618C55C002DF1D102551C003E
:1080F000F0E70255FE3A06E08C1A0419651E2D7849
:108100002570013292B2CC1AA242F5DBEE22327017
:108110001C00DFE700230370002070BDF0B5ABB09A
:1081200006000C0015006A46D380002864D00029A0
:1081300065D0002D65D0309B002B64D000230493C4
:108140009122002105A8FAF741FD1221694420007F
:10815000FFF784FF87B20237BFB204ABD819A27809
:108160001207120F2900FAF737FDA5782D072D0FFA
:10817000EF19BFB20123E356002B17DB04ABD8196C
:1081800022889205920D6B46D988309B9C466144AB
:10819000FAF722FD23889B059D0DED19ADB20E2344
:1081A0006B44012252421A80022411E004ABD81918
:1081B00002226B46991DFAF70FFD0237BFB2DDE7C9
:1081C00004AB185D0E216944FFF7F4FE0134A4B23C
:1081D000AC42F5D304AB581902220E216944FAF7D8
:1081E000FBFC0335ADB2290004A8FFF76DFF2900A1
:1081F00004A8B047002000E001202BB0F0BD012012
:10820000FBE70120F9E70120F7E7F0B5C64600B526
:1082100084B0804616001D000978C8070D236B4402
:10822000400E1A784024A24302431A708A07323C57
:108230006C44D20F100122781027BA4302432270F7
:108240008906090F89001A783C208243114319706E
:1082500021781F220A40227019787F220A401A7062
:10826000300000F065F90F23034020780F2290437F
:1082700018432070AD05AB0D6A469289920A9502AB
:108280001D436B469D810A9B00930023320003A986
:108290004046FFF743FF04B080BCB846F0BD30B5A0
:1082A0000B781B071B0F092B00D9E3E09B00744AD6
:1082B000D3589F460B780F229343012213430B7030
:1082C000012030BD8B889B0A9B02184388800B7865
:1082D0000F229343022213430B700120F1E70302A4
:1082E000C022920013408A889405A40D23439B0565
:1082F0009B0D920A920213438B8082080F231A402F
:1083000092004B793C24A34313434B718209012310
:108310001A4094014A794025AA4322434A71C00970
:108320000340DB01D2B27F20104003434B710B7836
:108330000F229343032213430B700120C1E70F2444
:108340000F2202408B79A34313438B71020901234F
:108350001A4012018B791025AB4313438B714009EE
:1083600043018A791F201040184388710B78A3437A
:10837000042213430B700120A3E70B781B09CA18D2
:10838000107201330F22134018010C78224002436F
:108390000A708A791207120F93426DD3CB1800220C
:1083A0001A720523CB56002B0ADB8B889B050FD056
:1083B0000B780F229343072213430B70012080E7B1
:1083C0000B780F329343052213430B70012078E79B
:1083D0000B780F229343082213430B70012070E7A0
:1083E00008830B780F229343062213430B7001205E
:1083F00067E700020B8B184308830B780F22934327
:10840000072213430B7001205BE70B689B039B0D56
:10841000CA18107701339B059B0D4B70180A032473
:1084200020408A78A24302438A708A889205920D7E
:10843000934201D2772B21D90B780F229343082244
:1084400013430B7001203CE78B7E984201D0022041
:1084500037E70B780F229343092213430B70012057
:108460002FE780B24B8B1B0A984201D0022028E7ED
:10847000002026E7022024E7012022E7012020E750
:10848000809E001070B505000C00002808D10B7804
:108490000F2293430B7001235B424B83012070BD7D
:1084A000CB78012B0ED9013BCB7023781B071B0F18
:1084B000072B02D823781B0707D121002800FFF7DC
:1084C000EEFEECE7C8700025EFE721001A31280026
:1084D000FFF770FDF1E7C04610B5034B01001868C7
:1084E00000F0DCF810BDC046200E002010B5024898
:1084F00000F0B6F910BDC0462418002010B502489F
:1085000000F0B0F910BDC04624180020002370B55B
:10851000064D040008002B60FBF70AFC431C00D04A
:1085200070BD2B68002BFBD02360F9E7D82000201A
:1085300010B583070AD00300032102E001330B4288
:1085400005D01A78002AF9D1181A10BD030019684D
:108550000C4A0D4C8A188A4322420FD15968094AA5
:1085600004338A188A43224208D15968054A0433E1
:108570008A188A432242F1D000E001331A78002A97
:10858000FBD1E1E7FFFEFEFE8080808030B5002A4F
:1085900026D003000B439B0724D1032A22D9164D72
:1085A0000BE0043A002A1BD0144C1C199C432C42AB
:1085B00016D104300431032A14D903680C68A3428D
:1085C000EFD004780D78AC4213D1012306E0C45CEF
:1085D000CD5CAC420DD10133934201D0002CF6D1D9
:1085E000002030BD04780D78A54202D1012AECD1DB
:1085F000F6E7601BF5E7C04680808080FFFEFEFE48
:10860000F8B50C000500FFF771FF204FBB685E68EE
:1086100003239E431E4B341B9C466444240B013CA5
:10862000113324039C4207DB00212800FFF76EFF73
:10863000BB689B19984204D02800FFF75FFF002019
:10864000F8BD28006142FFF761FF431C0DD00122F5
:10865000BB68361B16435E600E4B28001A68141B5D
:108660001C60FFF74BFF0120EAE700212800FFF71D
:108670004DFFBA68831A0F2BDEDD07490968401ADF
:108680000449086001210B435360D5E750120020D4
:10869000EF0F00002818002058160020F0B5C6463D
:1086A00005000C0000B500294FD0FFF71FFF210087
:1086B00008394C68012622000320B2438F187B68DA
:1086C0008343624898468368BB426AD043467B60D6
:1086D00026421ED108239C460C688444091B1219AB
:1086E0008C6864454FD0CB68E3609C604346FC18BF
:1086F0006468344211D1BB68554C4244A34200D156
:108700007EE0FC68DC60A360012313434B608A5069
:1087100006E0FC1864683442EDD016434E603A60BF
:1087200080239B009A4213D25409D3080122A2400D
:108730004468DB002243426018188368C8608B607D
:108740008160D9602800FFF7D9FE80BCB846F0BD33
:10875000530A042B3ED89409260039343836E400F5
:1087600004192368083C03279C4242D05868B84348
:10877000904202D99B689C42F8D1DC68CC608B6047
:10878000A160D960DEE74346F8184068304257D10F
:10879000FB68B86842441643C36098604E608A50D4
:1087A000D0E713004344264206D10A68891A8C6830
:1087B0009B18CA68E260946001221A434A60254A05
:1087C000816012689A42BDD8234B28001968FFF7D0
:1087D00017FFB7E7142B07D9542B1AD8140B260010
:1087E0006F346E36E400BBE71E005C335B36DC00A2
:1087F000B6E70122B610B240466832434260BDE798
:10880000D9609960CB608B60012313434B608A5021
:1088100098E7AA246400A34205D8D40B2600783434
:108820007736E4009CE70D4CA34205D8940C260053
:108830007D347C36E40093E7FE247E26A4008FE797
:10884000330013434B603A607CE7C046501200206F
:10885000581200205C16002050180020540500001B
:108860007047C0467047C046F8B5C04600000000DB
:1088700001B40248844601BC604700BFB902002031
:1088800001B40248844601BC604700BF9103002048
:1088900001B40248844601BC604700BF05020020C5
:1088A00001B40248844601BC604700BF850B00202C
:1088B00001B40248844601BC604700BF850B00201C
:1088C00001B40248844601BC604700BFC1000020DB
:1088D00001B40248844601BC604700BFC9010020C2
:1088E00001B40248844601BC604700BF410B002030
:1088F00001B40248844601BC604700BF95010020D6
:1089000001B40248844601BC604700BF69080020EA
:1089100001B40248844601BC604700BF1108002032
:1089200001B40248844601BC604700BF3D070020F7
:1089300001B40248844601BC604700BF1107002013
:1089400001B40248844601BC604700BF1D080020F6
:10895000A51B0010D11B0010391D0010BD2B0010ED
:10896000DD230010552A00106D1C0010ED1B0010B7
:108970000D1C0010211C0010890D0010291C001076
:1089800069150010911B0010B5060010B10200100F
:08899000A10400107148001061
:10899800526164696F206861726477617265206EE4
:1089A8006F7420726573706F6E64696E6721000062
:1089B8004D756C74692D7661726961626C6520729F
:1089C8006563656976657220726561647921000066
:1089D8005265636569766564202D2054656D703A2B
:1089E80020252E3166432C2048756D3A20256425B4
:1089F800252C205374617475733A2025642C204DFE
:108A080073673A2025730A0074656D706572617426
:108A18007572650068756D69646974790000000095
:108A280073746174757300006D65737361676500B5
:108A3800314E6F646500324E6F6465006D616E750E
:108A48006661637475726572203D3D204D414E55D7
:108A580046414354555245525F5250490000000068
:108A6800433A5C5069636F5C7069636F2D73646B24
:108A78005C7372635C7270323034305C7069636F3F
:108A88005F706C6174666F726D5C706C6174666F38
:108A9800726D2E630000000070617274203D3D20ED
:108AA800504152545F525032000000007270323010
:108AB80034305F636869705F76657273696F6E00E2
:108AC8000A2A2A2A2050414E4943202A2A2A0A00E3
:108AD8000A0000004E6F207370696E6C6F636B73D1
:108AE8002061726520617661696C61626C65000065
:108AF80064656C7461203E3D202D32303438202668
:108B0800262064656C7461203C3D20323034362068
:108B1800262620212864656C7461202620312900CE
:108B2800433A5C5069636F5C7069636F2D73646B63
:108B38005C7372635C7270325F636F6D6D6F6E5CD5
:108B480068617264776172655F6972715C6972717C
:108B58002E630000212864656C7461203E3E20313C
:108B68003175290063757272656E74203D3D205F12
:108B78005F756E68616E646C65645F757365725F5E
:108B8800697271207C7C2063757272656E74203DF9
:108B98003D2068616E646C65720000006972715FE7
:108BA80068616E646C65725F636861696E5F667246
:108BB80065655F736C6F745F68656164203E3D2016
:108BC80030000000767461626C655F68616E646C89
:108BD8006572203D3D205F5F756E68616E646C65EF
:108BE800645F757365725F697271000021282828B7
:108BF8002875696E747074725F742972656D6F760A
:108C0800655F7468756D625F626974287674616205
:108C18006C655F68616E646C65722929202D202857
:108C28002875696E747074725F74296972715F68EF
:108C3800616E646C65725F636861696E5F736C6FA7
:108C48007473292920252073697A656F66287374DF
:108C580072756374206972715F68616E646C6572A5
:108C68005F636861696E5F736C6F74292900000027
:108C780030783163203D3D20282A696E7374293E7F
:108C88003E313175000000002165786365707469B4
:108C98006F6E207C7C20657863657074696F6E20C8
:108CA8003D3D206E756D202B20565441424C455F4A
:108CB80046495253545F49525100000066616C7333
:108CC8006500000069735F7368617265645F69724B
:108CD800715F7261775F68616E646C657228736C2E
:108CE8006F745F68616E646C65722900657863658E
:108CF8007074696F6E000000666F756E6400000026
:108D08004E6F2075736572204952517320617265E8
:108D180020617661696C61626C6500006972715FDF
:108D28006164645F7461696C5F746F5F66726565C6
:108D38005F6C697374000000696E736572745F62BA
:108D48006C5F3332000000006972715F72656D6F8D
:108D580076655F68616E646C657200006D616B6555
:108D68005F6A5F31360000007265736F6C76655F0D
:108D78006A5F3136000000006972715F6164645F88
:108D88007368617265645F68616E646C6572000027
:108D98006972715F7365745F6578636C7573697602
:108DA800655F68616E646C657200000031203D3D4E
:108DB800202875696E747074725F74296C2D3E7307
:108DC80070696E5F6C6F636B00000000433A5C5023
:108DD80069636F5C7069636F2D73646B5C73726336
:108DE8005C636F6D6D6F6E5C7069636F5F73796ED6
:108DF800635C6D757465782E63000000746F746130
:108E08006C0000006D74782D3E636F72652E737070
:108E1800696E5F6C6F636B006C6F636B5F69735F28
:108E28006F776E65725F69645F76616C6964286DDF
:108E380074782D3E6F776E65722900006D74782DF9
:108E48003E656E7465725F636F756E740000000036
:108E58006D757465785F6578697400006D75746503
:108E6800785F656E7465725F626C6F636B5F756E59
:108E780074696C0072756E74696D655F696E69748A
:108E88005F6D757465780000706F6F6C2D3E746946
:108E98006D65725F616C61726D5F6E756D203D3DD1
:108EA8002074696D65725F616C61726D5F6E756D5E
:108EB80000000000433A5C5069636F5C7069636F3F
:108EC8002D73646B5C7372635C636F6D6D6F6E5C46
:108ED8007069636F5F74696D655C74696D652E6335
:108EE8000000000064656661756C745F616C617296
:108EF8006D5F706F6F6C5F696E697469616C697AB8
:108F08006564282900000000417474656D707465FB
:108F18006420746F20736C65657020696E73696472
:108F280065206F6620616E20657863657074696F6F
:108F38006E2068616E646C65723B20757365206293
:108F48007573795F7761697420696620796F752018
:108F58006D75737400000000616C61726D5F706FF5
:108F68006F6C5F6765745F64656661756C7400003B
:108F7800616C61726D5F706F6F6C5F6972715F6851
:108F8800616E646C65720000486172647761726535
:108F980020616C61726D20256420616C726561646A
:108FA8007920636C61696D656400000076636F5FAA
:108FB80066726571203E3D205049434F5F504C4CCE
:108FC8005F56434F5F4D494E5F465245515F485A81
:108FD8002026262076636F5F66726571203C3D20EF
:108FE8005049434F5F504C4C5F56434F5F4D41587B
:108FF8005F465245515F485A00000000433A5C50B2
:1090080069636F5C7069636F2D73646B5C73726303
:109018005C7270325F636F6D6D6F6E5C68617264F5
:10902800776172655F706C6C5C706C6C2E630000AD
:109038006662646976203E3D203136202626206609
:1090480062646976203C3D203332300028706F73AB
:10905800745F64697631203E3D20312026262070D9
:109068006F73745F64697631203C3D203729202670
:10907800262028706F73745F64697632203E3D2025
:109088003120262620706F73745F64697632203C25
:109098003D203729000000007265665F66726571C1
:1090A800203C3D202876636F5F66726571202F2013
:1090B80031362900706C6C5F696E697400000000BD
:1090C8002A282875696E74385F74202A2928282868
:1090D800766F6964202A29726F6D5F7461626C65AE
:1090E8005F666C6F6174292D322929202A2034206B
:1090F8003E3D2053465F5441424C455F56325F53D4
:10910800495A4500433A5C5069636F5C7069636F04
:109118002D73646B5C7372635C7270325F636F6D26
:109128006D6F6E5C7069636F5F646F75626C655CB0
:10913800646F75626C655F696E69745F726F6D5F8D
:109148007270323034302E63000000005F5F61655A
:109158006162695F646F75626C655F696E697400EE
:109168002A282875696E74385F74202A29726F6DF1
:109178005F7461626C652D3229202A2034203E3DBF
:109188002053465F5441424C455F56325F53495A1B
:1091980045000000433A5C5069636F5C7069636F17
:1091A8002D73646B5C7372635C7270325F636F6D96
:1091B8006D6F6E5C7069636F5F666C6F61745C661F
:1091C8006C6F61745F696E69745F726F6D5F7270E6
:1091D800323034302E6300005F5F61656162695F21
:1091E800666C6F61745F696E6974000044656275CE
:1091F80067000000626F6F74325F77323571303804
:1092080030000000322E312E300000007069636F8C
:109218000000000072656369766572004D61722016
:10922800323920323032350005005250DE65F4689C
:109238007CB40010060052505422A29D24920010C3
:1092480006005250861C03021C9200100600525061
:10925800BBFF3CB61492001006005250ABB36053EB
:109268000C92001006005250E182887FFC91001099
:1092780006005250D3F07542F4910010666E6900F2
:10928800666E692B000000006E616E00666E692DC7
:1092980000000000963700104637001046370010CF
:1092A800A037001046370010463700104637001028
:1092B8004637001046370010463700104637001072
:1092C8008C370010463700108237001046370010E0
:1092D8004637001078370010383800105E38001014
:1092E800763800105E380010183800105E3800100C
:1092F8005E3800105E3800105E3800105E380010CE
:109308005E3800105E380010543800105E380010C7
:109318005E3800105E3800105E3800105E380010AD
:1093280082380010B23C0010C83C0010C83C001045
:10933800C83C0010C83C0010C83C0010C83C0010D5
:10934800C83C0010C83C0010C83C0010C83C0010C5
:10935800C83C0010C83C0010C83C0010C83C0010B5
:10936800C83C0010C83C0010C83C0010C83C0010A5
:10937800C83C0010C83C0010C83C0010C83C001095
:10938800C83C0010C83C0010C83C0010C83C001085
:10939800C83C0010C83C0010C83C0010C83C001075
:1093A800C83C0010DA3A00109A3A0010DA3A001075
:1093B800C83C0010C83C0010C83C0010C83C001055
:1093C800C83C0010C83C0010C83C0010C83C001045
:1093D800C83C0010C83C0010C83C0010C83C001035
:1093E800C83C0010C83C0010C83C0010C83C001025
:1093F8008E380010C83C0010C83C0010C83C001053
:10940800C83C0010C83C0010C83C0010C83C001004
:10941800C83C0010C83C00108E3800102A3B0010D1
:109428008E380010DA3A00109A3A0010DA3A001032
:10943800C83C00108E380010C83C0010C83C001012
:10944800C83C0010C83C0010C83C00108E38001002
:109458007C3C0010C83C0010C83C0010A23B001027
:10946800C83C00108E380010C83C0010C83C0010E2
:109478008E38001000000000000000000000F03FDF
:1094880000000000000024400000000000005940D7
:109498000000000000408F40000000000088C3402A
:1094A80000000000006AF8400000000080842E419F
:1094B80000000000D01263410000000084D79741EB
:1094C8000000000065CDCD412C2066756E6374697F
:1094D8006F6E3A2000000000617373657274696FE3
:1094E8006E2022257322206661696C65643A2066C5
:1094F800696C6520222573222C206C696E652025F5
:1095080064257325730A00000D0A00005541525462
:1095180020737464696E000055415254207374645A
:109528006F7574005541525420737464696E202F0E
:10953800207374646F7574000600525053B4F4A11C
:109548002C950010080052501200000008005250DC
:109558009210000000000000A1420010000000006E
:10956800A5420010B1420010E9420010E542001087
:1095780000000000050F2100011C100500DF60DD60
:10958800D88945C74C9CD2659D9E648A9F0000037C
:1095980006A60001000000000A0000000000030603
:1095A800A6000800020002009C00140003005749AE
:1095B8004E555342000000000000000000008000EB
:1095C800040001002800440065007600690063007B
:1095D800650049006E007400650072006600610055
:1095E80063006500470055004900440000004E0034
:1095F8007B006200630037003300390038006300E5
:1096080031002D0037003300630064002D00340062
:109618006300620037002D0039003800620038000E
:109628002D00390031003300610038006600630006
:10963800610037006200660036007D00000000000F
:10964800433A5C5069636F5C7069636F2D73646B38
:109658005C7372635C7270325F636F6D6D6F6E5CAA
:109668007069636F5F737464696F5F7573625C734D
:109678007464696F5F7573622E63000055534220EE
:10968800737464696E202F207374646F757400009E
:109698000600525053B4F4A18496001073746469A0
:1096A8006F5F7573625F696E6974000052617370F1
:1096B8006265727279205069000000005069636F1A
:1096C80000000000426F61726420434443000000C0
:1096D800526573657400000009025400030100809C
:1096E8007D080B00020202000009040000010202CA
:1096F80000040524002001052401000104240206B9
:10970800052406000107058103080010090401006B
:10971800020A000000070502024000000705820255
:109728004000000904020000FF00010512011002B8
:10973800EF0201408A2E0A00000101020301000025
:1097480000000000B4960010C4960010AC2700205A
:10975800CC960010D89600106C656E203E20300024
:10976800433A5C5069636F5C7069636F2D73646B17
:109778005C7372635C7270325F636F6D6D6F6E5C89
:109788007069636F5F756E697175655F69645C7533
:109798006E697175655F69642E6300007069636F37
:1097A8005F6765745F756E697175655F626F617219
:1097B800645F69645F737472696E6700666C617375
:1097C800685F6F666673202B20636F756E74203C2C
:1097D8003D205049434F5F464C4153485F53495AD7
:1097E800455F425954455300433A5C5069636F5C86
:1097F8007069636F2D73646B5C7372635C72703233
:109808005F636F6D6D6F6E5C6861726477617265BE
:109818005F666C6173685C666C6173682E630000D8
:10982800636F6E6E6563745F696E7465726E616C8A
:109838005F666C6173685F66756E632026262066B6
:109848006C6173685F657869745F7869705F667565
:109858006E6320262620666C6173685F72616E678E
:10986800655F65726173655F66756E632026262085
:10987800666C6173685F666C7573685F6361636863
:10988800655F66756E630000636F6E6E6563745F17
:10989800696E7465726E616C5F666C6173685F6631
:1098A800756E6320262620666C6173685F6578692B
:1098B800745F7869705F66756E6320262620666C13
:1098C8006173685F72616E67655F70726F677261FE
:1098D8006D5F66756E6320262620666C6173685F0F
:1098E800666C7573685F63616368655F66756E63F0
:1098F80000000000636F6E6E6563745F696E746567
:10990800726E616C5F666C6173685F66756E63200A
:10991800262620666C6173685F657869745F78696C
:10992800705F66756E6320262620666C6173685FBB
:10993800666C7573685F63616368655F66756E639F
:1099480000000000666C6173685F646F5F636D643C
:1099580000000000282875696E747074725F74299D
:10996800206E6578745F6275666665725F70747282
:1099780020262030623131313131317529203D3D89
:1099880020300000433A5C5069636F5C7069636F14
:109998002D73646B5C6C69625C74696E7975736253
:1099A8005C7372635C706F727461626C655C726127
:1099B8007370626572727970695C727032303430BB
:1099C8005C6463645F7270323034302E6300000070
:1099D80068775F646174615F6F6666736574286E2B
:1099E8006578745F6275666665725F707472292047
:1099F8003C3D205553425F445052414D5F4D4158C4
:109A080000000000556E68616E646C656420495200
:109A18005120307825780A007268706F7274203D82
:109A28003D2030006463645F656470745F786665C8
:109A3800720000006463645F656470745F6F7065D2
:109A48006E0000006463645F7365745F61646472D0
:109A5800657373006463645F696E745F656E6162E9
:109A68006C6500005F68775F656E64706F696E741F
:109A78005F616C6C6F6300006463645F696E697436
:109A88000000000021286275665F6374726C2026EE
:109A9800205553425F4255465F4354524C5F4655EA
:109AA8004C4C2900433A5C5069636F5C7069636F82
:109AB8002D73646B5C6C69625C74696E7975736232
:109AC8005C7372635C706F727461626C655C726106
:109AD8007370626572727970695C7270323034309A
:109AE8005C7270323034305F7573622E6300000030
:109AF8006275665F6374726C2026205553425F421C
:109B080055465F4354524C5F46554C4C000000008C
:109B1800657020253032582077617320616C72653A
:109B280061647920617661696C61626C650000002E
:109B380043616E277420636F6E74696E7565207853
:109B4800666572206F6E20696E6163746976652040
:109B580065702025303258005741524E3A207374B0
:109B6800617274696E67206E6577207472616E73B6
:109B7800666572206F6E20616C7265616479206120
:109B8800637469766520657020253032580D0A00A7
:109B980073796E635F65705F6275666665720000F3
:109BA80025732025643A2041535345525420464199
:109BB800494C45440D0A000052500010B24F0010A5
:109BC800EE4F00102250001052500010525000105A
:109BD8003E500010EE4F001052500010525000102E
:109BE80052500010525000105250001052500010A5
:109BF80052500010D44F001064090020640900205E
:109C0800460900200C0A0020AC090020C0090020E9
:109C1800000B0020945500106E55001028570010B6
:109C28004855001028570010985400103C55001053
:109C380028570010B4540010CC5400108A57001054
:109C48007C570010D257001004590010CE5800104D
:109C5800E6580010E057001050580010F658001051
:109C6800757362645F656470745F7866657200001E
:109C78007475645F696E69740000000075736264CE
:109C88005F656470745F6F70656E00007573626401
:109C98005F6F70656E5F656470745F706169720094
:109CA80071756575655F6576656E740070726F6352
:109CB8006573735F6765745F6465736372697074F5
:109CC8006F72000070726F636573735F7365745FA2
:109CD800636F6E666967000070726F636573735FA8
:109CE800636F6E74726F6C5F726571756573740003
:109CF800636F6E66696775726174696F6E5F7265AE
:109D0800736574007475645F7461736B5F657874F0
:109D18000000000000000000ED5D0010AD5E0010C6
:109D2800FD5E0010755F00106D600010A5610010E9
:109D3800000000000000000045630010D56300101B
:109D48000D6400104964001051430010BD650010F7
:109D580000000000757362645F636F6E74726F6CED
:109D68005F786665725F6362000000007475645F07
:109D7800636F6E74726F6C5F7866657200000000C6
:109D8800636463645F786665725F63620000000005
:109D9800636463645F6F70656E0000007475645F70
:109DA8006364635F6E5F77726974655F666C757311
:109DB8006800000076656E646F72645F6F70656E30
:109DC8000000000074755F656470745F7374726579
:109DD800616D5F726561645F78666572000000009E
:109DE80074755F656470745F73747265616D5F77B5
:109DF800726974655F7866657200000074755F65E6
:109E08006470745F73747265616D5F77726974658D
:109E18005F7A6C705F69665F6E6565646564000093
:109E280074755F656470745F76616C69646174658C
:109E380000000000747573625F696E697400000049
:109E48000A0B0C0D0E0F00000001020304050000B0
:109E58000000000000000000ED770010F977001006
:109E68007500000076000000680000006F00000028
:109E78006900000077000000B4820010C48200105E
:109E8800DE8200103E8300107A830010E083001009
:109E9800F28300100A8400104884001062840010C5
:109EA800309200103C92001048920010549200101A
:109EB800609200106C92001078920010409500108B
:0C9EC8004C950010549500109896001066
:109ED40003000068EFF3108C72B60268002AFCD00D
:109EE400BFF35F8F04229A56002A0BDB002910D09F
:109EF4000A6000201B68BFF35F8F00221A608CF396
:109F040010887047D0221206127852B21A710120BA
:109F1400F0E70020EEE70000F8B5CE46474680B5EE
:109F24000400170098460368002B20D0D0231B069A
:109F34001B785BB299462668EFF3108C72B63568CD
:109F4400002DFCD0BFF35F8F04256557002D14DB73
:109F54002368BFF35F8F00221A608CF310883800E7
:109F6400414600F049FD0028E5D000200FE00A4BEF
:109F74000A4AA6210A4800F01FFD4B4623712368B4
:109F8400BFF35F8F00221A608CF310880120C0BCDD
:109F9400B946B046F8BDC0460C8E0010648E001061
:109FA400D48D001070B582B0060015001C0001A904
:109FB400FFF78EFF002807D1019B5BB2D022120667
:109FC400127852B2934201D102B070BD2A0023002C
:109FD4003000FFF7A1FFF7E7F8B506000F0000F027
:109FE40003FD04000D00FA22920000233800002132
:109FF40000F012FD22002B0012184B41002B03DB52
:10A004003000FFF789FFF8BD01225242004BF7E709
:10A01400FFFFFF7F10B50268EFF3108172B613687B
:10A02400002BFCD0BFF35F8F0423C356002B0ADB45
:10A03400FF2303710368BFF35F8F00221A6081F36B
:10A04400108840BF10BD034B034AD521034800F0DC
:10A05400B3FCC046208E0010588E0010D48D001022
:10A06400094B1B78002B08D00CE09A00802149058D
:10A07400511808680549505001333F2BF5DD024B58
:10A0840001221A707047C046C0270020681F0020B4
:10A0940010B5024B0133984710BDC046681F00201D
:10A0A40000280AD003231B02054A12685340C02229
:10A0B40092001340034A136070470223F3E7C0463B
:10A0C4000C8001400C900140F0B5D6464F46464600
:10A0D400C0B507000E00150018239A461B881422E9
:10A0E4009046108828499847814653461B88424623
:10A0F400108826499847040053461B884246108816
:10A104002349984780464B46002B0CD0002C0AD09C
:10A11400002808D0FFF7A4FFC847A0470020FFF796
:10A12400BFFF2A000FE01B4B1B4AD1211B4800F044
:10A1340043FC002B07D0002A05D0C0235B051B6E0F
:10A144003370013A01362B00134312D0C0235B0550
:10A154009C6A08232340A107EBD5002DE9D0511BAD
:10A164000D29E6D83878C02149050866013D013734
:10A17400DFE70120FFF794FFC047FFF789FFE0BC4A
:10A18400BA46B146A846F0BD49460000455800000D
:10A1940046430000FC9800104C990010F097001002
:10A1A40010B5002308E00133DA00002108481150FB
:10A1B400844662445160DBB20E2BF4D9F022920043
:10A1C4000021044800F030FC034B044A1A6010BD1F
:10A1D4000000105024210020F024002080011050A1
:10A1E400F0B5CE46474680B585B0234B9F6D00241D
:10A1F400012603E0B74376000134E4B2002F36D0E1
:10A204001F2C34D83E42F6D01C4B9E6563089946F9
:10A214000123634001221A4090464B465D004544A9
:10A224006D01174BED18280000F06AFA0028E1D000
:10A234004B465B0043445B01114AD3189A7891461C
:10A24400DB8A98460C22002101A800F0EDFB0723CD
:10A254006A4653716B464A461A7243460393012178
:10A2640001A800F06DFA280000F0DAF9C2E705B0A1
:10A27400C0BCB946B046F0BD0000115000301150CA
:10A28400E4200020F0B5CE46474680B585B07F4A2D
:10A294009823D55880239B022F001F401D4248D08D
:10A2A4007B4B9A6A7B4B1A600024002609E07A4BA8
:10A2B40099183C3100230B7000F0DEF93E000134A4
:10A2C400E4B20F2C17D8A20110002030724BC01832
:10A2D4009B183B331B78022BF1D16F4B9B183A33FD
:10A2E4001F78002FEBD06C4B9B183C331B78002B52
:10A2F400DDD13E00E3E7002E08D1684B1B78002B2C
:10A3040004D1674A903380218902D1505F4B9C6C01
:10A314006405640D01AE0C220021300000F084FBC2
:10A324000323737002940121300000F009FA80279E
:10A33400BF02EB0606D4EB0355D580235B021F4313
:10A34400002419E010231F43FFF74AFFF3E7022319
:10A3540098461EE0534B42461A664C4B5B6E42468F
:10A3640013409845F9D118E04B465A014A4B9B18C3
:10A374000122DA700134E4B2012C20D8A146630131
:10A38400454E9E19B37E002BEED0002CDFD0012366
:10A39400984600F019FB0128DCD8C0229201002164
:10A3A400300000F043F9300000F03AF900F00CFB03
:10A3B4000128D9D93A4B42465A661A66D4E701AC09
:10A3C4000C220021200000F02FFB06236370364A84
:10A3D40002AB03CA03C30121200000F0B1F9304BE2
:10A3E400802292021A65EB040AD46B0421D42B0454
:10A3F40032D4AF4244D105B0C0BCB946B046F0BD7A
:10A4040080235B011F43214B00221A60FFF7C8FE23
:10A4140001AC0C220021200000F006FB0123637034
:10A424000121200000F08CF91D4B802212031A65D3
:10A43400DBE78023DB011F4301AC0C220021200059
:10A4440000F0F2FA042363700121200000F078F98F
:10A45400134B10221A65CAE780231B021F4301AC69
:10A464000C220021200000F0DFFA05236370012193
:10A47400200000F065F90A4B802212011A65B8E742
:10A4840039006940094800F0A7FAC046000011509D
:10A4940000400540D4200020E4200020BE270020F6
:10A4A4000030115000201150000010500C9A001080
:10A4B400F8B504000F00838A028B1E1C934200D956
:10A4C400161CB6B29B1BA3828025ED003543E378AE
:10A4D400002B13D080229201154301225340E370D4
:10A4E4006378002B0CD0A38A002B02D18023DB01DC
:10A4F4001D43002F00D02D042800F8BD0022EBE7F7
:10A50400B801E3689C4660443200216900F044FAD3
:10A5140023699C466644266180231B021D43E2E7AF
:10A52400094B1B6C9B070CD48378DB09012B01D0EE
:10A53400002007E0C37E022B01D0002002E00120AE
:10A5440000E000207047C0460000115010B5FFF72E
:10A55400E7FF002809D0064B9B6A064A12689B1A3B
:10A56400054A94466344C62B00D810BD0020FCE77E
:10A5740000400540D4200020E0FCFFFF70B504003B
:10A5840083681B68002900D01B0C9D05AD0D627803
:10A59400002A11D11B0409D4E38A5B19E382238BBB
:10A5A400AB4201D90023A382280070BD0E4B0F4A91
:10A5B400E8210F4800F000FA1B040ED58901E36876
:10A5C4009C4661442A00206900F0E6F9E38A5B199D
:10A5D400E38223695B192361E1E7064B034AEE2119
:10A5E400034800F0E9F9C0468C9A0010989B0010CB
:10A5F400AC9A0010F89A001010B5040083681B6828
:10A604000021FFF7BBFF63681B685B0002D5238B47
:10A61400834200D010BD01212000FFF7AFFFF9E70E
:10A62400002383768382C3820361704710B50029B7
:10A6340002D083681B681940002A10D011435305C7
:10A644000DD5826813685B050CD4084B0B4013606E
:10A65400074B1B6C9B0702D40C23033BFDD283687E
:10A66400196010BD8178034800F0B6F9FFFBFFFFC5
:10A6740000001150189B001070B5040043681E6858
:10A684000021FFF715FF80256D010543194B1B6C55
:10A694000222110019401A4202D1A378DB0906D024
:10A6A400002906D0A3785B0616D1002302E001231B
:10A6B40000E00023A28A002A01D0002B0ED00E4B0A
:10A6C4001E4080239B053343626813602A000021E7
:10A6D4002000FFF7ABFF70BD0123EBE70121200051
:10A6E400FFF7E6FE0543054B1E40A023DB0533437D
:10A6F400EAE7C04600001150FFFFFFAFFFFFFFDF96
:10A7040070B50400857E002D06D0FFF775FFA38A7F
:10A71400002B05D1280070BD8178084800F05CF951
:10A724002000FFF713FF051E03D001232377002524
:10A73400F0E72000FFF7A0FFECE7C046389B0010CD
:10A7440070B586B005000E004378062B12D89B0026
:10A75400764AD3589F46764B1A7801218A431A7059
:10A764001A7801318A431A7000225A701A78023119
:10A774008A431A706F4B1C68210014316269EFF32D
:10A78400108072B61368002BFCD0BFF35F8F486053
:10A794002900200000F008F96269A369BFF35F8F04
:10A7A4000021116083F31088002800D1B6E0697895
:10A7B4002878320000F040F906B070BD5C4B1B787D
:10A7C400DB07F9D55A4A137804210B431370D1E7F8
:10A7D400574B1B78DB07EFD5554A137804218B437D
:10A7E4001370C7E7D21A5201534B9B180DE0013482
:10A7F400E4B2524B1B78591C2200A14210DBA34245
:10A80400F0D94F4B1B6862019B18002BEFD0DB691A
:10A81400002BECD0287869689847E8E70024E8E73B
:10A82400434B1B785B0733D4414BDB78DB07C3D541
:10A834000C22002103A800F0F7F82B7802AA137168
:10A84400032353716B68019304933A4B1C682100F2
:10A8540014316269EFF3108072B61368002BFCD0D8
:10A86400BFF35F8F486003A9200000F09DF8626980
:10A87400A369BFF35F8F0021116083F31088002860
:10A884003FD003AB59781878320000F0D5F893E73D
:10A89400274A137804218B4313700C22002103A848
:10A8A40000F0C2F82B7802AA137105235371214BCF
:10A8B4001C68210014316269EFF3108072B61368CA
:10A8C400002BFCD0BFF35F8F486003A9200000F089
:10A8D4006BF86269A369BFF35F8F0021116083F392
:10A8E4001088002806D003AB59781878320000F09D
:10A8F400A3F899E7AD2252001249134800F084F8F6
:10A9040092E7AD2252000F490F4800F07DF853E75B
:10A914000E4A13780133DBB213702BE7AD225200D9
:10A924000849094800F070F846E7C046009C00104A
:10A93400801B0020D81B00201C9D0010BD27002078
:10A9440054180020A89C0010A89B0010BF270020CA
:10A95400F0B5070018001D001C0008E0002C06D00C
:10A96400FE68730703D5BB681370013C01322600EF
:10A974002E430DD0002DF1D0FE68B307EED52B0089
:10A984000833A342EAD90B78BB60013D0131E5E706
:10A99400F0BD00007047C04601B40248844601BCC3
:10A9A400604700BF914C001001B40248844601BCCA
:10A9B400604700BFA36E001001B40248844601BC86
:10A9C400604700BF713D001001B40248844601BCD9
:10A9D400604700BFFD04001001B40248844601BC76
:10A9E400604700BF4905001001B40248844601BC19
:10A9F400604700BF1916001001B40248844601BC28
:10AA0400604700BF4D14001001B40248844601BCE5
:10AA1400604700BF5540001001B40248844601BCA1
:10AA2400604700BF0D2A001001B40248844601BCEF
:10AA3400604700BFCD2B001001B40248844601BC1E
:10AA4400604700BF914F00100000000000000000AC
:10AA540000000000000000000000000000000000F2
:10AA640000000000000000000000000000000000E2
:10AA740000000000000000000000000000000000D2
:10AA840000000000000000000000000000000000C2
:10AA940000000000000000000000000000000000B2
:10AAA40000000000000000000000000000000000A2
:10AAB4000000000000000000000000000000000092
:10AAC4000000000000000000000000000000000082
:10AAD400000000000000000000000000D10200108F
:10AAE40000000000108A00100B00040070250020F4
:10AAF4001C8A00100B00040074250020288A001012
:10AB04000B00040078250020308A00108400100017
:10AB14007925002010000000000000000000010062
:10AB2400000000000000000000000200000000001F
:10AB3400000000000000030000000000000000000E
:10AB44000000FF000000000001B5486801318E4696
:10AB54000047704609380149884701BD250C00109B
:10AB640000000000000000000000000000000000E1
:10AB74000000000068160020000000000000000033
:10AB8400503300004C3300005433000052330000B3
:10AB94004D5300004D430000533400004334000083
:10ABA4006D40001089410010E140001099410010EF
:10ABB40000000000000100000D470010D543001004
:10ABC40075460010C14300100000000000010000A1
:10ABD400DC1B002010000C0000000000000000003E
:10ABE400000000000000000000000000FF00000062
:10ABF400709E00100600010020180020749E0010B2
:10AC0400860001001C0E0020789E001088000200BF
:10AC14001E180020DC96001080000000C17A00108D
:10AC24007C9E001080000000377D001008000000AA
:10AC3400280E002000000000000000001411002075
:10AC44007C110020E411002000000000000000003E
:10AC540000000000000000000000000000000000F0
:10AC640000000000000000000000000000000000E0
:10AC740000000000000000000000000000000000D0
:10AC840000000000000000000000000000000000C0
:10AC940000000000000000000000000000000000B0
:10ACA40000000000000000000000000000000000A0
:10ACB4000000000000000000000000000000000090
:10ACC4000000000000000000000000000000000080
:10ACD4000000000000000000000000000000000070
:10ACE40001000000000000000E33CDAB34126DE60D
:10ACF400ECDE05000B000000000000000000000076
:10AD0400000000000000000000000000000000003F
:10AD1400000000000000000000000000000000002F
:10AD2400000000000000000000000000000000001F
:10AD3400000000000000000000000000000000000F
:10AD440000000000000000000000000000000000FF
:10AD540000000000000000000000000000000000EF
:10AD640000000000000000000000000000000000DF
:10AD740000000000000000000000000000000000CF
:10AD840000000000000000000000000000000000BF
:10AD940000000000000000000000000000000000AF
:10ADA400000000000000000000000000000000009F
:10ADB400000000000000000000000000000000008F
:10ADC400000000000000000000000000000000007F
:10ADD400000000000000000000000000000000006F
:10ADE400000000000000000000000000000000005F
:10ADF400000000000000000000000000000000004F
:10AE0400000000000000000000000000000000003E
:10AE1400000000000000000000000000000000002E
:10AE2400000000000000000000000000000000001E
:10AE3400000000000000000000000000000000000E
:10AE440000000000000000000000000000000000FE
:10AE540000000000000000000000000000000000EE
:10AE640000000000000000000000000000000000DE
:10AE740000000000000000000000000000000000CE
:10AE840000000000000000000000000000000000BE
:10AE940000000000000000000000000000000000AE
:10AEA400000000000000000000000000000000009E
:10AEB400000000000000000000000000000000008E
:10AEC400000000000000000000000000000000007E
:10AED400000000000000000000000000000000006E
:10AEE400000000000000000000000000000000005E
:10AEF400000000000000000000000000000000004E
:10AF0400000000000000000000000000000000003D
:10AF1400000000000000000000000000000000002D
:10AF2400000000000000000000000000000000001D
:10AF3400000000000000000000000000000000000D
:10AF440000000000000000000000000000000000FD
:10AF540000000000000000000000000000000000ED
:10AF640000000000000000000000000000000000DD
:10AF740000000000000000000000000000000000CD
:10AF840000000000000000000000000000000000BD
:10AF940000000000000000000000000000000000AD
:10AFA400000000000000000000000000000000009D
:10AFB400000000000000000000000000000000008D
:10AFC400000000000000000000000000000000007D
:10AFD400000000000000000000000000000000006D
:10AFE400000000000000000000000000000000005D
:10AFF400000000000000000000000000000000004D
:10B00400000000000000000000000000000000003C
:10B01400000000000000000000000000000000002C
:10B02400000000000000000000000000000000001C
:10B03400000000000000000000000000000000000C
:10B0440000000000000000000000000000000000FC
:10B0540000000000000000000000000000000000EC
:10B0640000000000000000005012002050120020D8
:10B074005812002058120020601200206012002094
:10B084006812002068120020701200207012002044
:10B0940078120020781200208012002080120020F4
:10B0A40088120020881200209012002090120020A4
:10B0B4009812002098120020A0120020A012002054
:10B0C400A8120020A8120020B0120020B012002004
:10B0D400B8120020B8120020C0120020C0120020B4
:10B0E400C8120020C8120020D0120020D012002064
:10B0F400D8120020D8120020E0120020E012002014
:10B10400E8120020E8120020F0120020F0120020C3
:10B11400F8120020F8120020001300200013002071
:10B12400081300200813002010130020101300201F
:10B1340018130020181300202013002020130020CF
:10B14400281300202813002030130020301300207F
:10B15400381300203813002040130020401300202F
:10B1640048130020481300205013002050130020DF
:10B17400581300205813002060130020601300208F
:10B18400681300206813002070130020701300203F
:10B1940078130020781300208013002080130020EF
:10B1A400881300208813002090130020901300209F
:10B1B4009813002098130020A0130020A01300204F
:10B1C400A8130020A8130020B0130020B0130020FF
:10B1D400B8130020B8130020C0130020C0130020AF
:10B1E400C8130020C8130020D0130020D01300205F
:10B1F400D8130020D8130020E0130020E01300200F
:10B20400E8130020E8130020F0130020F0130020BE
:10B21400F8130020F813002000140020001400206C
:10B22400081400200814002010140020101400201A
:10B2340018140020181400202014002020140020CA
:10B24400281400202814002030140020301400207A
:10B25400381400203814002040140020401400202A
:10B2640048140020481400205014002050140020DA
:10B27400581400205814002060140020601400208A
:10B28400681400206814002070140020701400203A
:10B2940078140020781400208014002080140020EA
:10B2A400881400208814002090140020901400209A
:10B2B4009814002098140020A0140020A01400204A
:10B2C400A8140020A8140020B0140020B0140020FA
:10B2D400B8140020B8140020C0140020C0140020AA
:10B2E400C8140020C8140020D0140020D01400205A
:10B2F400D8140020D8140020E0140020E01400200A
:10B30400E8140020E8140020F0140020F0140020B9
:10B31400F8140020F8140020001500200015002067
:10B324000815002008150020101500201015002015
:10B3340018150020181500202015002020150020C5
:10B344002815002028150020301500203015002075
:10B354003815002038150020401500204015002025
:10B3640048150020481500205015002050150020D5
:10B374005815002058150020601500206015002085
:10B384006815002068150020701500207015002035
:10B3940078150020781500208015002080150020E5
:10B3A4008815002088150020901500209015002095
:10B3B4009815002098150020A0150020A015002045
:10B3C400A8150020A8150020B0150020B0150020F5
:10B3D400B8150020B8150020C0150020C0150020A5
:10B3E400C8150020C8150020D0150020D015002055
:10B3F400D8150020D8150020E0150020E015002005
:10B40400E8150020E8150020F0150020F0150020B4
:10B41400F8150020F8150020001600200016002062
:10B424000816002008160020101600201016002010
:10B4340018160020181600202016002020160020C0
:10B444002816002028160020301600203016002070
:10B454003816002038160020401600204016002020
:10B464004816002048160020FFFFFFFF00000200DE
:08B474000000000000000000D0
:04000005100001E9FD
:00000001FF
