
C:/Pico/Telemetry/build/Reciver/reciver.elf:     file format elf32-littlearm

Sections:
Idx Name          Size      VMA       LMA       File off  Algn
  0 .boot2        00000100  10000000  10000000  00001000  2**0
                  CONTENTS, ALLOC, LOAD, READONLY, CODE
  1 .text         00008a30  10000100  10000100  00001100  2**3
                  CONTENTS, ALLOC, LOAD, READONLY, CODE
  2 .rodata       0000156c  10008b30  10008b30  00009b30  2**3
                  CONTENTS, ALLOC, LOAD, READONLY, DATA
  3 .binary_info  0000002c  1000a09c  1000a09c  0000b09c  2**2
                  CONTENTS, ALLOC, LOAD, READONLY, DATA
  4 .ram_vector_table 000000c0  20000000  20000000  0000e000  2**2
                  ALLOC
  5 .uninitialized_data 00000000  200000c0  200000c0  0000d6b0  2**0
                  CONTENTS
  6 .data         000015f0  200000c0  1000a0c8  0000c0c0  2**4
                  CONTENTS, ALLOC, LOAD, READONLY, CODE
  7 .tdata        00000000  200016b0  200016b0  0000d6b0  2**0
                  CONTENTS, ALLOC, LOAD, DATA, THREAD_LOCAL
  8 .tbss         00000000  200016b0  200016b0  00000000  2**0
                  ALLOC, THREAD_LOCAL
  9 .bss          00001160  200016b0  1000b6b8  0000d6b0  2**3
                  ALLOC
 10 .heap         00000800  20002810  20002810  0000d6b0  2**2
                  CONTENTS, READONLY
 11 .scratch_x    00000000  20040000  20040000  0000deb0  2**0
                  CONTENTS
 12 .scratch_y    00000000  20041000  20041000  0000deb0  2**0
                  CONTENTS
 13 .stack1_dummy 00000800  20040000  20040000  0000e000  2**2
                  ALLOC
 14 .stack_dummy  00000800  20041000  20041000  0000dec0  2**5
                  CONTENTS, READONLY
 15 .ARM.attributes 00000028  00000000  00000000  0000e6c0  2**0
                  CONTENTS, READONLY
 16 .comment      00000049  00000000  00000000  0000e6e8  2**0
                  CONTENTS, READONLY
 17 .debug_info   000398a6  00000000  00000000  0000e731  2**0
                  CONTENTS, READONLY, DEBUGGING, OCTETS
 18 .debug_abbrev 00009f57  00000000  00000000  00047fd7  2**0
                  CONTENTS, READONLY, DEBUGGING, OCTETS
 19 .debug_loc    000226dd  00000000  00000000  00051f2e  2**0
                  CONTENTS, READONLY, DEBUGGING, OCTETS
 20 .debug_aranges 00001de0  00000000  00000000  00074610  2**3
                  CONTENTS, READONLY, DEBUGGING, OCTETS
 21 .debug_ranges 00006198  00000000  00000000  000763f0  2**3
                  CONTENTS, READONLY, DEBUGGING, OCTETS
 22 .debug_line   00021074  00000000  00000000  0007c588  2**0
                  CONTENTS, READONLY, DEBUGGING, OCTETS
 23 .debug_str    0000b231  00000000  00000000  0009d5fc  2**0
                  CONTENTS, READONLY, DEBUGGING, OCTETS
 24 .debug_frame  00004834  00000000  00000000  000a8830  2**2
                  CONTENTS, READONLY, DEBUGGING, OCTETS

C:/Pico/Telemetry/build/Reciver/reciver.elf:     file format elf32-littlearm


Disassembly of section .boot2:

10000000 <__boot2_start__>:
10000000:	4b32b500 	.word	0x4b32b500
10000004:	60582021 	.word	0x60582021
10000008:	21026898 	.word	0x21026898
1000000c:	60984388 	.word	0x60984388
10000010:	611860d8 	.word	0x611860d8
10000014:	4b2e6158 	.word	0x4b2e6158
10000018:	60992100 	.word	0x60992100
1000001c:	61592102 	.word	0x61592102
10000020:	22f02101 	.word	0x22f02101
10000024:	492b5099 	.word	0x492b5099
10000028:	21016019 	.word	0x21016019
1000002c:	20356099 	.word	0x20356099
10000030:	f844f000 	.word	0xf844f000
10000034:	42902202 	.word	0x42902202
10000038:	2106d014 	.word	0x2106d014
1000003c:	f0006619 	.word	0xf0006619
10000040:	6e19f834 	.word	0x6e19f834
10000044:	66192101 	.word	0x66192101
10000048:	66182000 	.word	0x66182000
1000004c:	f000661a 	.word	0xf000661a
10000050:	6e19f82c 	.word	0x6e19f82c
10000054:	6e196e19 	.word	0x6e196e19
10000058:	f0002005 	.word	0xf0002005
1000005c:	2101f82f 	.word	0x2101f82f
10000060:	d1f94208 	.word	0xd1f94208
10000064:	60992100 	.word	0x60992100
10000068:	6019491b 	.word	0x6019491b
1000006c:	60592100 	.word	0x60592100
10000070:	481b491a 	.word	0x481b491a
10000074:	21016001 	.word	0x21016001
10000078:	21eb6099 	.word	0x21eb6099
1000007c:	21a06619 	.word	0x21a06619
10000080:	f0006619 	.word	0xf0006619
10000084:	2100f812 	.word	0x2100f812
10000088:	49166099 	.word	0x49166099
1000008c:	60014814 	.word	0x60014814
10000090:	60992101 	.word	0x60992101
10000094:	2800bc01 	.word	0x2800bc01
10000098:	4700d000 	.word	0x4700d000
1000009c:	49134812 	.word	0x49134812
100000a0:	c8036008 	.word	0xc8036008
100000a4:	8808f380 	.word	0x8808f380
100000a8:	b5034708 	.word	0xb5034708
100000ac:	20046a99 	.word	0x20046a99
100000b0:	d0fb4201 	.word	0xd0fb4201
100000b4:	42012001 	.word	0x42012001
100000b8:	bd03d1f8 	.word	0xbd03d1f8
100000bc:	6618b502 	.word	0x6618b502
100000c0:	f7ff6618 	.word	0xf7ff6618
100000c4:	6e18fff2 	.word	0x6e18fff2
100000c8:	bd026e18 	.word	0xbd026e18
100000cc:	40020000 	.word	0x40020000
100000d0:	18000000 	.word	0x18000000
100000d4:	00070000 	.word	0x00070000
100000d8:	005f0300 	.word	0x005f0300
100000dc:	00002221 	.word	0x00002221
100000e0:	180000f4 	.word	0x180000f4
100000e4:	a0002022 	.word	0xa0002022
100000e8:	10000100 	.word	0x10000100
100000ec:	e000ed08 	.word	0xe000ed08
	...
100000fc:	7a4eb274 	.word	0x7a4eb274

Disassembly of section .text:

10000100 <__VECTOR_TABLE>:
10000100:	20042000 	.word	0x20042000
10000104:	100001f7 	.word	0x100001f7
10000108:	100001c3 	.word	0x100001c3
1000010c:	100001c5 	.word	0x100001c5
10000110:	100001c1 	.word	0x100001c1
10000114:	100001c1 	.word	0x100001c1
10000118:	100001c1 	.word	0x100001c1
1000011c:	100001c1 	.word	0x100001c1
10000120:	100001c1 	.word	0x100001c1
10000124:	100001c1 	.word	0x100001c1
10000128:	100001c1 	.word	0x100001c1
1000012c:	100001c7 	.word	0x100001c7
10000130:	100001c1 	.word	0x100001c1
10000134:	100001c1 	.word	0x100001c1
10000138:	100001c9 	.word	0x100001c9
1000013c:	100001cb 	.word	0x100001cb
10000140:	100001cd 	.word	0x100001cd
10000144:	100001cd 	.word	0x100001cd
10000148:	100001cd 	.word	0x100001cd
1000014c:	100001cd 	.word	0x100001cd
10000150:	100001cd 	.word	0x100001cd
10000154:	100001cd 	.word	0x100001cd
10000158:	100001cd 	.word	0x100001cd
1000015c:	100001cd 	.word	0x100001cd
10000160:	100001cd 	.word	0x100001cd
10000164:	100001cd 	.word	0x100001cd
10000168:	100001cd 	.word	0x100001cd
1000016c:	100001cd 	.word	0x100001cd
10000170:	100001cd 	.word	0x100001cd
10000174:	100001cd 	.word	0x100001cd
10000178:	100001cd 	.word	0x100001cd
1000017c:	100001cd 	.word	0x100001cd
10000180:	100001cd 	.word	0x100001cd
10000184:	100001cd 	.word	0x100001cd
10000188:	100001cd 	.word	0x100001cd
1000018c:	100001cd 	.word	0x100001cd
10000190:	100001cd 	.word	0x100001cd
10000194:	100001cd 	.word	0x100001cd
10000198:	100001cd 	.word	0x100001cd
1000019c:	100001cd 	.word	0x100001cd
100001a0:	100001cd 	.word	0x100001cd
100001a4:	100001cd 	.word	0x100001cd
100001a8:	100001cd 	.word	0x100001cd
100001ac:	100001cd 	.word	0x100001cd
100001b0:	100001cd 	.word	0x100001cd
100001b4:	100001cd 	.word	0x100001cd
100001b8:	100001cd 	.word	0x100001cd
100001bc:	100001cd 	.word	0x100001cd

100001c0 <isr_invalid>:
100001c0:	be00      	bkpt	0x0000

100001c2 <isr_nmi>:
100001c2:	be00      	bkpt	0x0000

100001c4 <isr_hardfault>:
100001c4:	be00      	bkpt	0x0000

100001c6 <isr_svcall>:
100001c6:	be00      	bkpt	0x0000

100001c8 <isr_pendsv>:
100001c8:	be00      	bkpt	0x0000

100001ca <isr_systick>:
100001ca:	be00      	bkpt	0x0000

100001cc <__unhandled_user_irq>:
100001cc:	f3ef 8005 	mrs	r0, IPSR
100001d0:	3810      	subs	r0, #16

100001d2 <unhandled_user_irq_num_in_r0>:
100001d2:	be00      	bkpt	0x0000

100001d4 <binary_info_header>:
100001d4:	7188ebf2 	.word	0x7188ebf2
100001d8:	1000a09c 	.word	0x1000a09c
100001dc:	1000a0c8 	.word	0x1000a0c8
100001e0:	10000238 	.word	0x10000238
100001e4:	e71aa390 	.word	0xe71aa390

100001e8 <_entry_point>:
100001e8:	481e      	ldr	r0, [pc, #120]	; (10000264 <data_cpy_table+0x2c>)

100001ea <_enter_vtable_in_r0>:
100001ea:	491f      	ldr	r1, [pc, #124]	; (10000268 <data_cpy_table+0x30>)
100001ec:	6008      	str	r0, [r1, #0]
100001ee:	c806      	ldmia	r0!, {r1, r2}
100001f0:	f381 8808 	msr	MSP, r1
100001f4:	4710      	bx	r2

100001f6 <_reset_handler>:
100001f6:	481d      	ldr	r0, [pc, #116]	; (1000026c <data_cpy_table+0x34>)
100001f8:	6800      	ldr	r0, [r0, #0]
100001fa:	2800      	cmp	r0, #0
100001fc:	d001      	beq.n	10000202 <hold_non_core0_in_bootrom+0x4>

100001fe <hold_non_core0_in_bootrom>:
100001fe:	4819      	ldr	r0, [pc, #100]	; (10000264 <data_cpy_table+0x2c>)
10000200:	e7f3      	b.n	100001ea <_enter_vtable_in_r0>
10000202:	a40d      	add	r4, pc, #52	; (adr r4, 10000238 <data_cpy_table>)
10000204:	cc0e      	ldmia	r4!, {r1, r2, r3}
10000206:	2900      	cmp	r1, #0
10000208:	d002      	beq.n	10000210 <hold_non_core0_in_bootrom+0x12>
1000020a:	f000 f812 	bl	10000232 <data_cpy>
1000020e:	e7f9      	b.n	10000204 <hold_non_core0_in_bootrom+0x6>
10000210:	4917      	ldr	r1, [pc, #92]	; (10000270 <data_cpy_table+0x38>)
10000212:	4a18      	ldr	r2, [pc, #96]	; (10000274 <data_cpy_table+0x3c>)
10000214:	2000      	movs	r0, #0
10000216:	e000      	b.n	1000021a <bss_fill_test>

10000218 <bss_fill_loop>:
10000218:	c101      	stmia	r1!, {r0}

1000021a <bss_fill_test>:
1000021a:	4291      	cmp	r1, r2
1000021c:	d1fc      	bne.n	10000218 <bss_fill_loop>

1000021e <platform_entry>:
1000021e:	4916      	ldr	r1, [pc, #88]	; (10000278 <data_cpy_table+0x40>)
10000220:	4788      	blx	r1
10000222:	4916      	ldr	r1, [pc, #88]	; (1000027c <data_cpy_table+0x44>)
10000224:	4788      	blx	r1
10000226:	4916      	ldr	r1, [pc, #88]	; (10000280 <data_cpy_table+0x48>)
10000228:	4788      	blx	r1
1000022a:	be00      	bkpt	0x0000
1000022c:	e7fd      	b.n	1000022a <platform_entry+0xc>

1000022e <data_cpy_loop>:
1000022e:	c901      	ldmia	r1!, {r0}
10000230:	c201      	stmia	r2!, {r0}

10000232 <data_cpy>:
10000232:	429a      	cmp	r2, r3
10000234:	d3fb      	bcc.n	1000022e <data_cpy_loop>
10000236:	4770      	bx	lr

10000238 <data_cpy_table>:
10000238:	1000a0c8 	.word	0x1000a0c8
1000023c:	200000c0 	.word	0x200000c0
10000240:	200016b0 	.word	0x200016b0
10000244:	1000b6b8 	.word	0x1000b6b8
10000248:	20040000 	.word	0x20040000
1000024c:	20040000 	.word	0x20040000
10000250:	1000b6b8 	.word	0x1000b6b8
10000254:	20041000 	.word	0x20041000
10000258:	20041000 	.word	0x20041000
1000025c:	00000000 	.word	0x00000000
10000260:	4770      	bx	lr
10000262:	0000      	.short	0x0000
10000264:	00000000 	.word	0x00000000
10000268:	e000ed08 	.word	0xe000ed08
1000026c:	d0000000 	.word	0xd0000000
10000270:	200016b0 	.word	0x200016b0
10000274:	20002810 	.word	0x20002810
10000278:	10003e1d 	.word	0x10003e1d
1000027c:	100003d9 	.word	0x100003d9
10000280:	10003dd9 	.word	0x10003dd9

10000284 <_init>:
10000284:	b5f8      	push	{r3, r4, r5, r6, r7, lr}
10000286:	46c0      	nop			; (mov r8, r8)

10000288 <__do_global_dtors_aux>:
10000288:	b510      	push	{r4, lr}
1000028a:	4c06      	ldr	r4, [pc, #24]	; (100002a4 <__do_global_dtors_aux+0x1c>)
1000028c:	7823      	ldrb	r3, [r4, #0]
1000028e:	2b00      	cmp	r3, #0
10000290:	d107      	bne.n	100002a2 <__do_global_dtors_aux+0x1a>
10000292:	4b05      	ldr	r3, [pc, #20]	; (100002a8 <__do_global_dtors_aux+0x20>)
10000294:	2b00      	cmp	r3, #0
10000296:	d002      	beq.n	1000029e <__do_global_dtors_aux+0x16>
10000298:	4804      	ldr	r0, [pc, #16]	; (100002ac <__do_global_dtors_aux+0x24>)
1000029a:	e000      	b.n	1000029e <__do_global_dtors_aux+0x16>
1000029c:	bf00      	nop
1000029e:	2301      	movs	r3, #1
100002a0:	7023      	strb	r3, [r4, #0]
100002a2:	bd10      	pop	{r4, pc}
100002a4:	20001838 	.word	0x20001838
100002a8:	00000000 	.word	0x00000000
100002ac:	10008b30 	.word	0x10008b30

100002b0 <frame_dummy>:
100002b0:	4b04      	ldr	r3, [pc, #16]	; (100002c4 <frame_dummy+0x14>)
100002b2:	b510      	push	{r4, lr}
100002b4:	2b00      	cmp	r3, #0
100002b6:	d003      	beq.n	100002c0 <frame_dummy+0x10>
100002b8:	4903      	ldr	r1, [pc, #12]	; (100002c8 <frame_dummy+0x18>)
100002ba:	4804      	ldr	r0, [pc, #16]	; (100002cc <frame_dummy+0x1c>)
100002bc:	e000      	b.n	100002c0 <frame_dummy+0x10>
100002be:	bf00      	nop
100002c0:	bd10      	pop	{r4, pc}
100002c2:	46c0      	nop			; (mov r8, r8)
100002c4:	00000000 	.word	0x00000000
100002c8:	2000183c 	.word	0x2000183c
100002cc:	10008b30 	.word	0x10008b30

100002d0 <_Z9eui_writePht>:
100002d0:	b570      	push	{r4, r5, r6, lr}
100002d2:	b082      	sub	sp, #8
100002d4:	0006      	movs	r6, r0
100002d6:	000d      	movs	r5, r1
100002d8:	2400      	movs	r4, #0
100002da:	e001      	b.n	100002e0 <_Z9eui_writePht+0x10>
100002dc:	3401      	adds	r4, #1
100002de:	b2a4      	uxth	r4, r4
100002e0:	42ac      	cmp	r4, r5
100002e2:	d210      	bcs.n	10000306 <_Z9eui_writePht+0x36>
100002e4:	5d33      	ldrb	r3, [r6, r4]
100002e6:	466a      	mov	r2, sp
100002e8:	3207      	adds	r2, #7
100002ea:	7013      	strb	r3, [r2, #0]
100002ec:	2100      	movs	r1, #0
100002ee:	2900      	cmp	r1, #0
100002f0:	d1f4      	bne.n	100002dc <_Z9eui_writePht+0xc>
100002f2:	4b06      	ldr	r3, [pc, #24]	; (1000030c <_Z9eui_writePht+0x3c>)
100002f4:	699b      	ldr	r3, [r3, #24]
100002f6:	069b      	lsls	r3, r3, #26
100002f8:	d4fb      	bmi.n	100002f2 <_Z9eui_writePht+0x22>
100002fa:	7810      	ldrb	r0, [r2, #0]
100002fc:	4b03      	ldr	r3, [pc, #12]	; (1000030c <_Z9eui_writePht+0x3c>)
100002fe:	6018      	str	r0, [r3, #0]
10000300:	3101      	adds	r1, #1
10000302:	3201      	adds	r2, #1
10000304:	e7f3      	b.n	100002ee <_Z9eui_writePht+0x1e>
10000306:	b002      	add	sp, #8
10000308:	bd70      	pop	{r4, r5, r6, pc}
1000030a:	46c0      	nop			; (mov r8, r8)
1000030c:	40034000 	.word	0x40034000

10000310 <_Z11core1_entryv>:
10000310:	4770      	bx	lr
	...

10000314 <_Z5setupv>:
10000314:	b530      	push	{r4, r5, lr}
10000316:	b087      	sub	sp, #28
10000318:	4c17      	ldr	r4, [pc, #92]	; (10000378 <_Z5setupv+0x64>)
1000031a:	2310      	movs	r3, #16
1000031c:	9300      	str	r3, [sp, #0]
1000031e:	3303      	adds	r3, #3
10000320:	2212      	movs	r2, #18
10000322:	4916      	ldr	r1, [pc, #88]	; (1000037c <_Z5setupv+0x68>)
10000324:	0020      	movs	r0, r4
10000326:	f007 faaf 	bl	10007888 <_ZN3SPI5beginEP8spi_insthhh>
1000032a:	4815      	ldr	r0, [pc, #84]	; (10000380 <_Z5setupv+0x6c>)
1000032c:	f001 f8a8 	bl	10001480 <sleep_ms>
10000330:	aa03      	add	r2, sp, #12
10000332:	4b14      	ldr	r3, [pc, #80]	; (10000384 <_Z5setupv+0x70>)
10000334:	cb23      	ldmia	r3!, {r0, r1, r5}
10000336:	c223      	stmia	r2!, {r0, r1, r5}
10000338:	0021      	movs	r1, r4
1000033a:	4813      	ldr	r0, [pc, #76]	; (10000388 <_Z5setupv+0x74>)
1000033c:	f007 fa64 	bl	10007808 <_ZN4RF245beginEP3SPI>
10000340:	1e04      	subs	r4, r0, #0
10000342:	d102      	bne.n	1000034a <_Z5setupv+0x36>
10000344:	0020      	movs	r0, r4
10000346:	b007      	add	sp, #28
10000348:	bd30      	pop	{r4, r5, pc}
1000034a:	4d0f      	ldr	r5, [pc, #60]	; (10000388 <_Z5setupv+0x74>)
1000034c:	2201      	movs	r2, #1
1000034e:	2103      	movs	r1, #3
10000350:	0028      	movs	r0, r5
10000352:	f007 f99a 	bl	1000768a <_ZN4RF2410setPALevelEhb>
10000356:	2100      	movs	r1, #0
10000358:	0028      	movs	r0, r5
1000035a:	f007 f9ae 	bl	100076ba <_ZN4RF2411setDataRateE15rf24_datarate_e>
1000035e:	211c      	movs	r1, #28
10000360:	0028      	movs	r0, r5
10000362:	f007 f875 	bl	10007450 <_ZN4RF2414setPayloadSizeEh>
10000366:	aa03      	add	r2, sp, #12
10000368:	2101      	movs	r1, #1
1000036a:	0028      	movs	r0, r5
1000036c:	f007 f8f6 	bl	1000755c <_ZN4RF2415openReadingPipeEhPKh>
10000370:	0028      	movs	r0, r5
10000372:	f007 f945 	bl	10007600 <_ZN4RF2414startListeningEv>
10000376:	e7e5      	b.n	10000344 <_Z5setupv+0x30>
10000378:	20002530 	.word	0x20002530
1000037c:	4003c000 	.word	0x4003c000
10000380:	00000bb8 	.word	0x00000bb8
10000384:	10008b98 	.word	0x10008b98
10000388:	20002554 	.word	0x20002554

1000038c <_Z4loopv>:
1000038c:	b570      	push	{r4, r5, r6, lr}
1000038e:	b084      	sub	sp, #16
10000390:	480e      	ldr	r0, [pc, #56]	; (100003cc <_Z4loopv+0x40>)
10000392:	f007 f8b7 	bl	10007504 <_ZN4RF249availableEv>
10000396:	1e04      	subs	r4, r0, #0
10000398:	d102      	bne.n	100003a0 <_Z4loopv+0x14>
1000039a:	0020      	movs	r0, r4
1000039c:	b004      	add	sp, #16
1000039e:	bd70      	pop	{r4, r5, r6, pc}
100003a0:	4d0b      	ldr	r5, [pc, #44]	; (100003d0 <_Z4loopv+0x44>)
100003a2:	221c      	movs	r2, #28
100003a4:	0029      	movs	r1, r5
100003a6:	4809      	ldr	r0, [pc, #36]	; (100003cc <_Z4loopv+0x40>)
100003a8:	f007 f8b5 	bl	10007516 <_ZN4RF244readEPvh>
100003ac:	7a2e      	ldrb	r6, [r5, #8]
100003ae:	6828      	ldr	r0, [r5, #0]
100003b0:	f002 fb72 	bl	10002a98 <__wrap___aeabi_f2d>
100003b4:	0002      	movs	r2, r0
100003b6:	000b      	movs	r3, r1
100003b8:	0029      	movs	r1, r5
100003ba:	3109      	adds	r1, #9
100003bc:	9102      	str	r1, [sp, #8]
100003be:	9601      	str	r6, [sp, #4]
100003c0:	6869      	ldr	r1, [r5, #4]
100003c2:	9100      	str	r1, [sp, #0]
100003c4:	4803      	ldr	r0, [pc, #12]	; (100003d4 <_Z4loopv+0x48>)
100003c6:	f003 fe7d 	bl	100040c4 <__wrap_printf>
100003ca:	e7e6      	b.n	1000039a <_Z4loopv+0xe>
100003cc:	20002554 	.word	0x20002554
100003d0:	200025b8 	.word	0x200025b8
100003d4:	10008b30 	.word	0x10008b30

100003d8 <main>:
100003d8:	b500      	push	{lr}
100003da:	b085      	sub	sp, #20
100003dc:	f003 fe3c 	bl	10004058 <stdio_init_all>
100003e0:	2019      	movs	r0, #25
100003e2:	f000 f8a3 	bl	1000052c <gpio_init>
100003e6:	23d0      	movs	r3, #208	; 0xd0
100003e8:	061b      	lsls	r3, r3, #24
100003ea:	2280      	movs	r2, #128	; 0x80
100003ec:	0492      	lsls	r2, r2, #18
100003ee:	625a      	str	r2, [r3, #36]	; 0x24
100003f0:	f7ff ff90 	bl	10000314 <_Z5setupv>
100003f4:	21e1      	movs	r1, #225	; 0xe1
100003f6:	0249      	lsls	r1, r1, #9
100003f8:	4824      	ldr	r0, [pc, #144]	; (1000048c <main+0xb4>)
100003fa:	f001 f9c3 	bl	10001784 <uart_init>
100003fe:	2102      	movs	r1, #2
10000400:	2000      	movs	r0, #0
10000402:	f000 f879 	bl	100004f8 <gpio_set_function>
10000406:	2102      	movs	r1, #2
10000408:	2001      	movs	r0, #1
1000040a:	f000 f875 	bl	100004f8 <gpio_set_function>
1000040e:	4820      	ldr	r0, [pc, #128]	; (10000490 <main+0xb8>)
10000410:	f007 fb02 	bl	10007a18 <multicore_launch_core1>
10000414:	481f      	ldr	r0, [pc, #124]	; (10000494 <main+0xbc>)
10000416:	f007 fe63 	bl	100080e0 <eui_setup_interface>
1000041a:	2104      	movs	r1, #4
1000041c:	481e      	ldr	r0, [pc, #120]	; (10000498 <main+0xc0>)
1000041e:	f007 fe64 	bl	100080ea <eui_setup_tracked>
10000422:	a802      	add	r0, sp, #8
10000424:	f004 fa64 	bl	100048f0 <pico_get_unique_board_id>
10000428:	2108      	movs	r1, #8
1000042a:	a802      	add	r0, sp, #8
1000042c:	f007 fe6c 	bl	10008108 <eui_setup_identifier>
10000430:	e00c      	b.n	1000044c <main+0x74>
10000432:	466b      	mov	r3, sp
10000434:	79d8      	ldrb	r0, [r3, #7]
10000436:	4917      	ldr	r1, [pc, #92]	; (10000494 <main+0xbc>)
10000438:	f007 fd9a 	bl	10007f70 <eui_parse>
1000043c:	4817      	ldr	r0, [pc, #92]	; (1000049c <main+0xc4>)
1000043e:	f003 fe41 	bl	100040c4 <__wrap_printf>
10000442:	23d0      	movs	r3, #208	; 0xd0
10000444:	061b      	lsls	r3, r3, #24
10000446:	2280      	movs	r2, #128	; 0x80
10000448:	0492      	lsls	r2, r2, #18
1000044a:	615a      	str	r2, [r3, #20]
1000044c:	4b0f      	ldr	r3, [pc, #60]	; (1000048c <main+0xb4>)
1000044e:	699b      	ldr	r3, [r3, #24]
10000450:	2110      	movs	r1, #16
10000452:	000a      	movs	r2, r1
10000454:	401a      	ands	r2, r3
10000456:	4219      	tst	r1, r3
10000458:	d10d      	bne.n	10000476 <main+0x9e>
1000045a:	466b      	mov	r3, sp
1000045c:	1dd9      	adds	r1, r3, #7
1000045e:	2a00      	cmp	r2, #0
10000460:	d1e7      	bne.n	10000432 <main+0x5a>
10000462:	4b0a      	ldr	r3, [pc, #40]	; (1000048c <main+0xb4>)
10000464:	699b      	ldr	r3, [r3, #24]
10000466:	06db      	lsls	r3, r3, #27
10000468:	d4fb      	bmi.n	10000462 <main+0x8a>
1000046a:	4b08      	ldr	r3, [pc, #32]	; (1000048c <main+0xb4>)
1000046c:	681b      	ldr	r3, [r3, #0]
1000046e:	700b      	strb	r3, [r1, #0]
10000470:	3201      	adds	r2, #1
10000472:	3101      	adds	r1, #1
10000474:	e7f3      	b.n	1000045e <main+0x86>
10000476:	f7ff ff89 	bl	1000038c <_Z4loopv>
1000047a:	2800      	cmp	r0, #0
1000047c:	d1e6      	bne.n	1000044c <main+0x74>
1000047e:	23d0      	movs	r3, #208	; 0xd0
10000480:	061b      	lsls	r3, r3, #24
10000482:	2280      	movs	r2, #128	; 0x80
10000484:	0492      	lsls	r2, r2, #18
10000486:	619a      	str	r2, [r3, #24]
10000488:	e7e0      	b.n	1000044c <main+0x74>
1000048a:	46c0      	nop			; (mov r8, r8)
1000048c:	40034000 	.word	0x40034000
10000490:	10000311 	.word	0x10000311
10000494:	20000c80 	.word	0x20000c80
10000498:	20000d1c 	.word	0x20000d1c
1000049c:	10008b68 	.word	0x10008b68

100004a0 <_Z41__static_initialization_and_destruction_0ii>:
100004a0:	b570      	push	{r4, r5, r6, lr}
100004a2:	0004      	movs	r4, r0
100004a4:	000d      	movs	r5, r1
100004a6:	2801      	cmp	r0, #1
100004a8:	d005      	beq.n	100004b6 <_Z41__static_initialization_and_destruction_0ii+0x16>
100004aa:	2c00      	cmp	r4, #0
100004ac:	d102      	bne.n	100004b4 <_Z41__static_initialization_and_destruction_0ii+0x14>
100004ae:	4b0a      	ldr	r3, [pc, #40]	; (100004d8 <_Z41__static_initialization_and_destruction_0ii+0x38>)
100004b0:	429d      	cmp	r5, r3
100004b2:	d00d      	beq.n	100004d0 <_Z41__static_initialization_and_destruction_0ii+0x30>
100004b4:	bd70      	pop	{r4, r5, r6, pc}
100004b6:	4b08      	ldr	r3, [pc, #32]	; (100004d8 <_Z41__static_initialization_and_destruction_0ii+0x38>)
100004b8:	4299      	cmp	r1, r3
100004ba:	d1f6      	bne.n	100004aa <_Z41__static_initialization_and_destruction_0ii+0xa>
100004bc:	4b07      	ldr	r3, [pc, #28]	; (100004dc <_Z41__static_initialization_and_destruction_0ii+0x3c>)
100004be:	220f      	movs	r2, #15
100004c0:	210e      	movs	r1, #14
100004c2:	4807      	ldr	r0, [pc, #28]	; (100004e0 <_Z41__static_initialization_and_destruction_0ii+0x40>)
100004c4:	f006 ffa0 	bl	10007408 <_ZN4RF24C1Ehhm>
100004c8:	4806      	ldr	r0, [pc, #24]	; (100004e4 <_Z41__static_initialization_and_destruction_0ii+0x44>)
100004ca:	f007 f9d7 	bl	1000787c <_ZN3SPIC1Ev>
100004ce:	e7ec      	b.n	100004aa <_Z41__static_initialization_and_destruction_0ii+0xa>
100004d0:	4804      	ldr	r0, [pc, #16]	; (100004e4 <_Z41__static_initialization_and_destruction_0ii+0x44>)
100004d2:	f007 f9c3 	bl	1000785c <_ZN3SPID1Ev>
100004d6:	e7ed      	b.n	100004b4 <_Z41__static_initialization_and_destruction_0ii+0x14>
100004d8:	0000ffff 	.word	0x0000ffff
100004dc:	00989680 	.word	0x00989680
100004e0:	20002554 	.word	0x20002554
100004e4:	20002530 	.word	0x20002530

100004e8 <_GLOBAL__sub_I_radio>:
100004e8:	b510      	push	{r4, lr}
100004ea:	4902      	ldr	r1, [pc, #8]	; (100004f4 <_GLOBAL__sub_I_radio+0xc>)
100004ec:	2001      	movs	r0, #1
100004ee:	f7ff ffd7 	bl	100004a0 <_Z41__static_initialization_and_destruction_0ii>
100004f2:	bd10      	pop	{r4, pc}
100004f4:	0000ffff 	.word	0x0000ffff

100004f8 <gpio_set_function>:
100004f8:	b510      	push	{r4, lr}
100004fa:	0083      	lsls	r3, r0, #2
100004fc:	4a08      	ldr	r2, [pc, #32]	; (10000520 <gpio_set_function+0x28>)
100004fe:	189a      	adds	r2, r3, r2
10000500:	6812      	ldr	r2, [r2, #0]
10000502:	2440      	movs	r4, #64	; 0x40
10000504:	4054      	eors	r4, r2
10000506:	22c0      	movs	r2, #192	; 0xc0
10000508:	4022      	ands	r2, r4
1000050a:	4c06      	ldr	r4, [pc, #24]	; (10000524 <gpio_set_function+0x2c>)
1000050c:	46a4      	mov	ip, r4
1000050e:	4463      	add	r3, ip
10000510:	601a      	str	r2, [r3, #0]
10000512:	00c0      	lsls	r0, r0, #3
10000514:	4b04      	ldr	r3, [pc, #16]	; (10000528 <gpio_set_function+0x30>)
10000516:	469c      	mov	ip, r3
10000518:	4460      	add	r0, ip
1000051a:	6041      	str	r1, [r0, #4]
1000051c:	bd10      	pop	{r4, pc}
1000051e:	46c0      	nop			; (mov r8, r8)
10000520:	4001c004 	.word	0x4001c004
10000524:	4001d004 	.word	0x4001d004
10000528:	40014000 	.word	0x40014000

1000052c <gpio_init>:
1000052c:	b510      	push	{r4, lr}
1000052e:	2301      	movs	r3, #1
10000530:	4083      	lsls	r3, r0
10000532:	22d0      	movs	r2, #208	; 0xd0
10000534:	0612      	lsls	r2, r2, #24
10000536:	6293      	str	r3, [r2, #40]	; 0x28
10000538:	6193      	str	r3, [r2, #24]
1000053a:	2105      	movs	r1, #5
1000053c:	f7ff ffdc 	bl	100004f8 <gpio_set_function>
10000540:	bd10      	pop	{r4, pc}
	...

10000544 <rp2040_chip_version>:
10000544:	b510      	push	{r4, lr}
10000546:	2380      	movs	r3, #128	; 0x80
10000548:	05db      	lsls	r3, r3, #23
1000054a:	6818      	ldr	r0, [r3, #0]
1000054c:	0502      	lsls	r2, r0, #20
1000054e:	0d12      	lsrs	r2, r2, #20
10000550:	0b03      	lsrs	r3, r0, #12
10000552:	041b      	lsls	r3, r3, #16
10000554:	0c1b      	lsrs	r3, r3, #16
10000556:	4909      	ldr	r1, [pc, #36]	; (1000057c <rp2040_chip_version+0x38>)
10000558:	428a      	cmp	r2, r1
1000055a:	d103      	bne.n	10000564 <rp2040_chip_version+0x20>
1000055c:	2b02      	cmp	r3, #2
1000055e:	d107      	bne.n	10000570 <rp2040_chip_version+0x2c>
10000560:	0f00      	lsrs	r0, r0, #28
10000562:	bd10      	pop	{r4, pc}
10000564:	4b06      	ldr	r3, [pc, #24]	; (10000580 <rp2040_chip_version+0x3c>)
10000566:	4a07      	ldr	r2, [pc, #28]	; (10000584 <rp2040_chip_version+0x40>)
10000568:	2122      	movs	r1, #34	; 0x22
1000056a:	4807      	ldr	r0, [pc, #28]	; (10000588 <rp2040_chip_version+0x44>)
1000056c:	f003 fc38 	bl	10003de0 <__assert_func>
10000570:	4b06      	ldr	r3, [pc, #24]	; (1000058c <rp2040_chip_version+0x48>)
10000572:	4a04      	ldr	r2, [pc, #16]	; (10000584 <rp2040_chip_version+0x40>)
10000574:	2123      	movs	r1, #35	; 0x23
10000576:	4804      	ldr	r0, [pc, #16]	; (10000588 <rp2040_chip_version+0x44>)
10000578:	f003 fc32 	bl	10003de0 <__assert_func>
1000057c:	00000927 	.word	0x00000927
10000580:	10008ba4 	.word	0x10008ba4
10000584:	10008c14 	.word	0x10008c14
10000588:	10008bc8 	.word	0x10008bc8
1000058c:	10008c00 	.word	0x10008c00

10000590 <panic>:
10000590:	b40f      	push	{r0, r1, r2, r3}
10000592:	b500      	push	{lr}
10000594:	b083      	sub	sp, #12
10000596:	4808      	ldr	r0, [pc, #32]	; (100005b8 <panic+0x28>)
10000598:	f003 fd65 	bl	10004066 <__wrap_puts>
1000059c:	9b04      	ldr	r3, [sp, #16]
1000059e:	2b00      	cmp	r3, #0
100005a0:	d007      	beq.n	100005b2 <panic+0x22>
100005a2:	a905      	add	r1, sp, #20
100005a4:	9101      	str	r1, [sp, #4]
100005a6:	0018      	movs	r0, r3
100005a8:	f003 fd6c 	bl	10004084 <__wrap_vprintf>
100005ac:	4803      	ldr	r0, [pc, #12]	; (100005bc <panic+0x2c>)
100005ae:	f003 fd5a 	bl	10004066 <__wrap_puts>
100005b2:	2001      	movs	r0, #1
100005b4:	f003 fbf2 	bl	10003d9c <_exit>
100005b8:	10008c28 	.word	0x10008c28
100005bc:	10008c38 	.word	0x10008c38

100005c0 <hw_claim_lock>:
100005c0:	f3ef 8010 	mrs	r0, PRIMASK
100005c4:	b672      	cpsid	i
100005c6:	4b03      	ldr	r3, [pc, #12]	; (100005d4 <hw_claim_lock+0x14>)
100005c8:	681b      	ldr	r3, [r3, #0]
100005ca:	2b00      	cmp	r3, #0
100005cc:	d0fb      	beq.n	100005c6 <hw_claim_lock+0x6>
100005ce:	f3bf 8f5f 	dmb	sy
100005d2:	4770      	bx	lr
100005d4:	d000012c 	.word	0xd000012c

100005d8 <hw_claim_unlock>:
100005d8:	f3bf 8f5f 	dmb	sy
100005dc:	4b02      	ldr	r3, [pc, #8]	; (100005e8 <hw_claim_unlock+0x10>)
100005de:	2200      	movs	r2, #0
100005e0:	601a      	str	r2, [r3, #0]
100005e2:	f380 8810 	msr	PRIMASK, r0
100005e6:	4770      	bx	lr
100005e8:	d000012c 	.word	0xd000012c

100005ec <hw_claim_or_assert>:
100005ec:	b5f8      	push	{r3, r4, r5, r6, r7, lr}
100005ee:	0006      	movs	r6, r0
100005f0:	000c      	movs	r4, r1
100005f2:	0015      	movs	r5, r2
100005f4:	f7ff ffe4 	bl	100005c0 <hw_claim_lock>
100005f8:	08e3      	lsrs	r3, r4, #3
100005fa:	18f7      	adds	r7, r6, r3
100005fc:	5cf1      	ldrb	r1, [r6, r3]
100005fe:	2207      	movs	r2, #7
10000600:	4022      	ands	r2, r4
10000602:	2301      	movs	r3, #1
10000604:	4093      	lsls	r3, r2
10000606:	420b      	tst	r3, r1
10000608:	d105      	bne.n	10000616 <hw_claim_or_assert+0x2a>
1000060a:	b2db      	uxtb	r3, r3
1000060c:	430b      	orrs	r3, r1
1000060e:	703b      	strb	r3, [r7, #0]
10000610:	f7ff ffe2 	bl	100005d8 <hw_claim_unlock>
10000614:	bdf8      	pop	{r3, r4, r5, r6, r7, pc}
10000616:	0021      	movs	r1, r4
10000618:	0028      	movs	r0, r5
1000061a:	f7ff ffb9 	bl	10000590 <panic>

1000061e <hw_claim_unused_from_range>:
1000061e:	b5f0      	push	{r4, r5, r6, r7, lr}
10000620:	b083      	sub	sp, #12
10000622:	0006      	movs	r6, r0
10000624:	9101      	str	r1, [sp, #4]
10000626:	0014      	movs	r4, r2
10000628:	001f      	movs	r7, r3
1000062a:	f7ff ffc9 	bl	100005c0 <hw_claim_lock>
1000062e:	e000      	b.n	10000632 <hw_claim_unused_from_range+0x14>
10000630:	3401      	adds	r4, #1
10000632:	42bc      	cmp	r4, r7
10000634:	d80c      	bhi.n	10000650 <hw_claim_unused_from_range+0x32>
10000636:	08e3      	lsrs	r3, r4, #3
10000638:	18f5      	adds	r5, r6, r3
1000063a:	5cf3      	ldrb	r3, [r6, r3]
1000063c:	2107      	movs	r1, #7
1000063e:	4021      	ands	r1, r4
10000640:	2201      	movs	r2, #1
10000642:	408a      	lsls	r2, r1
10000644:	421a      	tst	r2, r3
10000646:	d1f3      	bne.n	10000630 <hw_claim_unused_from_range+0x12>
10000648:	b2d2      	uxtb	r2, r2
1000064a:	431a      	orrs	r2, r3
1000064c:	702a      	strb	r2, [r5, #0]
1000064e:	e001      	b.n	10000654 <hw_claim_unused_from_range+0x36>
10000650:	2401      	movs	r4, #1
10000652:	4264      	negs	r4, r4
10000654:	f7ff ffc0 	bl	100005d8 <hw_claim_unlock>
10000658:	2c00      	cmp	r4, #0
1000065a:	db02      	blt.n	10000662 <hw_claim_unused_from_range+0x44>
1000065c:	0020      	movs	r0, r4
1000065e:	b003      	add	sp, #12
10000660:	bdf0      	pop	{r4, r5, r6, r7, pc}
10000662:	9b01      	ldr	r3, [sp, #4]
10000664:	2b00      	cmp	r3, #0
10000666:	d0f9      	beq.n	1000065c <hw_claim_unused_from_range+0x3e>
10000668:	9808      	ldr	r0, [sp, #32]
1000066a:	f7ff ff91 	bl	10000590 <panic>
	...

10000670 <next_striped_spin_lock_num>:
10000670:	4a05      	ldr	r2, [pc, #20]	; (10000688 <next_striped_spin_lock_num+0x18>)
10000672:	7810      	ldrb	r0, [r2, #0]
10000674:	1c43      	adds	r3, r0, #1
10000676:	b2db      	uxtb	r3, r3
10000678:	7013      	strb	r3, [r2, #0]
1000067a:	2b17      	cmp	r3, #23
1000067c:	d902      	bls.n	10000684 <next_striped_spin_lock_num+0x14>
1000067e:	0013      	movs	r3, r2
10000680:	2210      	movs	r2, #16
10000682:	701a      	strb	r2, [r3, #0]
10000684:	4770      	bx	lr
10000686:	46c0      	nop			; (mov r8, r8)
10000688:	20000d4c 	.word	0x20000d4c

1000068c <spin_lock_claim_unused>:
1000068c:	b500      	push	{lr}
1000068e:	b083      	sub	sp, #12
10000690:	0001      	movs	r1, r0
10000692:	4b04      	ldr	r3, [pc, #16]	; (100006a4 <spin_lock_claim_unused+0x18>)
10000694:	9300      	str	r3, [sp, #0]
10000696:	231f      	movs	r3, #31
10000698:	2218      	movs	r2, #24
1000069a:	4803      	ldr	r0, [pc, #12]	; (100006a8 <spin_lock_claim_unused+0x1c>)
1000069c:	f7ff ffbf 	bl	1000061e <hw_claim_unused_from_range>
100006a0:	b003      	add	sp, #12
100006a2:	bd00      	pop	{pc}
100006a4:	10008c3c 	.word	0x10008c3c
100006a8:	200020c0 	.word	0x200020c0

100006ac <spin_locks_reset>:
100006ac:	2300      	movs	r3, #0
100006ae:	e007      	b.n	100006c0 <spin_locks_reset+0x14>
100006b0:	4a05      	ldr	r2, [pc, #20]	; (100006c8 <spin_locks_reset+0x1c>)
100006b2:	189a      	adds	r2, r3, r2
100006b4:	0092      	lsls	r2, r2, #2
100006b6:	f3bf 8f5f 	dmb	sy
100006ba:	2100      	movs	r1, #0
100006bc:	6011      	str	r1, [r2, #0]
100006be:	3301      	adds	r3, #1
100006c0:	2b1f      	cmp	r3, #31
100006c2:	d9f5      	bls.n	100006b0 <spin_locks_reset+0x4>
100006c4:	4770      	bx	lr
100006c6:	46c0      	nop			; (mov r8, r8)
100006c8:	34000040 	.word	0x34000040

100006cc <set_raw_irq_handler_and_unlock>:
100006cc:	4b07      	ldr	r3, [pc, #28]	; (100006ec <set_raw_irq_handler_and_unlock+0x20>)
100006ce:	689b      	ldr	r3, [r3, #8]
100006d0:	3010      	adds	r0, #16
100006d2:	0080      	lsls	r0, r0, #2
100006d4:	5019      	str	r1, [r3, r0]
100006d6:	f3bf 8f5f 	dmb	sy
100006da:	f3bf 8f5f 	dmb	sy
100006de:	4b04      	ldr	r3, [pc, #16]	; (100006f0 <set_raw_irq_handler_and_unlock+0x24>)
100006e0:	2100      	movs	r1, #0
100006e2:	6019      	str	r1, [r3, #0]
100006e4:	f382 8810 	msr	PRIMASK, r2
100006e8:	4770      	bx	lr
100006ea:	46c0      	nop			; (mov r8, r8)
100006ec:	e000ed00 	.word	0xe000ed00
100006f0:	d0000124 	.word	0xd0000124

100006f4 <nvic_ipr0>:
100006f4:	4800      	ldr	r0, [pc, #0]	; (100006f8 <nvic_ipr0+0x4>)
100006f6:	4770      	bx	lr
100006f8:	e000e400 	.word	0xe000e400

100006fc <runtime_init_per_core_irq_priorities>:
100006fc:	b510      	push	{r4, lr}
100006fe:	f7ff fff9 	bl	100006f4 <nvic_ipr0>
10000702:	2300      	movs	r3, #0
10000704:	e002      	b.n	1000070c <runtime_init_per_core_irq_priorities+0x10>
10000706:	4a03      	ldr	r2, [pc, #12]	; (10000714 <runtime_init_per_core_irq_priorities+0x18>)
10000708:	c004      	stmia	r0!, {r2}
1000070a:	3301      	adds	r3, #1
1000070c:	2b07      	cmp	r3, #7
1000070e:	d9fa      	bls.n	10000706 <runtime_init_per_core_irq_priorities+0xa>
10000710:	bd10      	pop	{r4, pc}
10000712:	46c0      	nop			; (mov r8, r8)
10000714:	80808080 	.word	0x80808080

10000718 <make_j_16>:
10000718:	b510      	push	{r4, lr}
1000071a:	1a09      	subs	r1, r1, r0
1000071c:	1f08      	subs	r0, r1, #4
1000071e:	4b0b      	ldr	r3, [pc, #44]	; (1000074c <make_j_16+0x34>)
10000720:	469c      	mov	ip, r3
10000722:	4461      	add	r1, ip
10000724:	4a0a      	ldr	r2, [pc, #40]	; (10000750 <make_j_16+0x38>)
10000726:	4291      	cmp	r1, r2
10000728:	d808      	bhi.n	1000073c <make_j_16+0x24>
1000072a:	07c3      	lsls	r3, r0, #31
1000072c:	d406      	bmi.n	1000073c <make_j_16+0x24>
1000072e:	1040      	asrs	r0, r0, #1
10000730:	0540      	lsls	r0, r0, #21
10000732:	0d40      	lsrs	r0, r0, #21
10000734:	4b07      	ldr	r3, [pc, #28]	; (10000754 <make_j_16+0x3c>)
10000736:	4318      	orrs	r0, r3
10000738:	b280      	uxth	r0, r0
1000073a:	bd10      	pop	{r4, pc}
1000073c:	2102      	movs	r1, #2
1000073e:	4b06      	ldr	r3, [pc, #24]	; (10000758 <make_j_16+0x40>)
10000740:	4a06      	ldr	r2, [pc, #24]	; (1000075c <make_j_16+0x44>)
10000742:	31ff      	adds	r1, #255	; 0xff
10000744:	4806      	ldr	r0, [pc, #24]	; (10000760 <make_j_16+0x48>)
10000746:	f003 fb4b 	bl	10003de0 <__assert_func>
1000074a:	46c0      	nop			; (mov r8, r8)
1000074c:	000007fc 	.word	0x000007fc
10000750:	00000ffe 	.word	0x00000ffe
10000754:	ffffe000 	.word	0xffffe000
10000758:	10008c58 	.word	0x10008c58
1000075c:	10008ec4 	.word	0x10008ec4
10000760:	10008c88 	.word	0x10008c88

10000764 <insert_bl_32>:
10000764:	b510      	push	{r4, lr}
10000766:	1a09      	subs	r1, r1, r0
10000768:	3904      	subs	r1, #4
1000076a:	084c      	lsrs	r4, r1, #1
1000076c:	0b09      	lsrs	r1, r1, #12
1000076e:	d108      	bne.n	10000782 <insert_bl_32+0x1e>
10000770:	0549      	lsls	r1, r1, #21
10000772:	0d49      	lsrs	r1, r1, #21
10000774:	4a06      	ldr	r2, [pc, #24]	; (10000790 <insert_bl_32+0x2c>)
10000776:	4311      	orrs	r1, r2
10000778:	8001      	strh	r1, [r0, #0]
1000077a:	4b06      	ldr	r3, [pc, #24]	; (10000794 <insert_bl_32+0x30>)
1000077c:	4323      	orrs	r3, r4
1000077e:	8043      	strh	r3, [r0, #2]
10000780:	bd10      	pop	{r4, pc}
10000782:	210a      	movs	r1, #10
10000784:	4b04      	ldr	r3, [pc, #16]	; (10000798 <insert_bl_32+0x34>)
10000786:	4a05      	ldr	r2, [pc, #20]	; (1000079c <insert_bl_32+0x38>)
10000788:	31ff      	adds	r1, #255	; 0xff
1000078a:	4805      	ldr	r0, [pc, #20]	; (100007a0 <insert_bl_32+0x3c>)
1000078c:	f003 fb28 	bl	10003de0 <__assert_func>
10000790:	fffff000 	.word	0xfffff000
10000794:	fffff800 	.word	0xfffff800
10000798:	10008cbc 	.word	0x10008cbc
1000079c:	10008ea0 	.word	0x10008ea0
100007a0:	10008c88 	.word	0x10008c88

100007a4 <irq_is_enabled>:
100007a4:	2301      	movs	r3, #1
100007a6:	4083      	lsls	r3, r0
100007a8:	4a03      	ldr	r2, [pc, #12]	; (100007b8 <irq_is_enabled+0x14>)
100007aa:	6810      	ldr	r0, [r2, #0]
100007ac:	4018      	ands	r0, r3
100007ae:	1e43      	subs	r3, r0, #1
100007b0:	4198      	sbcs	r0, r3
100007b2:	b2c0      	uxtb	r0, r0
100007b4:	4770      	bx	lr
100007b6:	46c0      	nop			; (mov r8, r8)
100007b8:	e000e100 	.word	0xe000e100

100007bc <irq_set_mask_n_enabled>:
100007bc:	2a00      	cmp	r2, #0
100007be:	d005      	beq.n	100007cc <irq_set_mask_n_enabled+0x10>
100007c0:	4b04      	ldr	r3, [pc, #16]	; (100007d4 <irq_set_mask_n_enabled+0x18>)
100007c2:	22c0      	movs	r2, #192	; 0xc0
100007c4:	0052      	lsls	r2, r2, #1
100007c6:	5099      	str	r1, [r3, r2]
100007c8:	6019      	str	r1, [r3, #0]
100007ca:	4770      	bx	lr
100007cc:	4a01      	ldr	r2, [pc, #4]	; (100007d4 <irq_set_mask_n_enabled+0x18>)
100007ce:	2380      	movs	r3, #128	; 0x80
100007d0:	50d1      	str	r1, [r2, r3]
100007d2:	e7fa      	b.n	100007ca <irq_set_mask_n_enabled+0xe>
100007d4:	e000e100 	.word	0xe000e100

100007d8 <irq_set_enabled>:
100007d8:	b510      	push	{r4, lr}
100007da:	000a      	movs	r2, r1
100007dc:	231f      	movs	r3, #31
100007de:	4003      	ands	r3, r0
100007e0:	2101      	movs	r1, #1
100007e2:	4099      	lsls	r1, r3
100007e4:	0940      	lsrs	r0, r0, #5
100007e6:	f7ff ffe9 	bl	100007bc <irq_set_mask_n_enabled>
100007ea:	bd10      	pop	{r4, pc}

100007ec <irq_set_pending>:
100007ec:	2301      	movs	r3, #1
100007ee:	4083      	lsls	r3, r0
100007f0:	4a01      	ldr	r2, [pc, #4]	; (100007f8 <irq_set_pending+0xc>)
100007f2:	6013      	str	r3, [r2, #0]
100007f4:	4770      	bx	lr
100007f6:	46c0      	nop			; (mov r8, r8)
100007f8:	e000e200 	.word	0xe000e200

100007fc <irq_get_vtable_handler>:
100007fc:	4b02      	ldr	r3, [pc, #8]	; (10000808 <irq_get_vtable_handler+0xc>)
100007fe:	689b      	ldr	r3, [r3, #8]
10000800:	3010      	adds	r0, #16
10000802:	0080      	lsls	r0, r0, #2
10000804:	58c0      	ldr	r0, [r0, r3]
10000806:	4770      	bx	lr
10000808:	e000ed00 	.word	0xe000ed00

1000080c <irq_has_shared_handler>:
1000080c:	b510      	push	{r4, lr}
1000080e:	f7ff fff5 	bl	100007fc <irq_get_vtable_handler>
10000812:	2800      	cmp	r0, #0
10000814:	d005      	beq.n	10000822 <irq_has_shared_handler+0x16>
10000816:	4b05      	ldr	r3, [pc, #20]	; (1000082c <irq_has_shared_handler+0x20>)
10000818:	1ac0      	subs	r0, r0, r3
1000081a:	282f      	cmp	r0, #47	; 0x2f
1000081c:	d803      	bhi.n	10000826 <irq_has_shared_handler+0x1a>
1000081e:	2001      	movs	r0, #1
10000820:	bd10      	pop	{r4, pc}
10000822:	2000      	movs	r0, #0
10000824:	e7fc      	b.n	10000820 <irq_has_shared_handler+0x14>
10000826:	2000      	movs	r0, #0
10000828:	e7fa      	b.n	10000820 <irq_has_shared_handler+0x14>
1000082a:	46c0      	nop			; (mov r8, r8)
1000082c:	20000d50 	.word	0x20000d50

10000830 <irq_set_exclusive_handler>:
10000830:	b570      	push	{r4, r5, r6, lr}
10000832:	0004      	movs	r4, r0
10000834:	000d      	movs	r5, r1
10000836:	f3ef 8610 	mrs	r6, PRIMASK
1000083a:	b672      	cpsid	i
1000083c:	4b0c      	ldr	r3, [pc, #48]	; (10000870 <irq_set_exclusive_handler+0x40>)
1000083e:	681b      	ldr	r3, [r3, #0]
10000840:	2b00      	cmp	r3, #0
10000842:	d0fb      	beq.n	1000083c <irq_set_exclusive_handler+0xc>
10000844:	f3bf 8f5f 	dmb	sy
10000848:	0020      	movs	r0, r4
1000084a:	f7ff ffd7 	bl	100007fc <irq_get_vtable_handler>
1000084e:	4b09      	ldr	r3, [pc, #36]	; (10000874 <irq_set_exclusive_handler+0x44>)
10000850:	4298      	cmp	r0, r3
10000852:	d001      	beq.n	10000858 <irq_set_exclusive_handler+0x28>
10000854:	42a8      	cmp	r0, r5
10000856:	d105      	bne.n	10000864 <irq_set_exclusive_handler+0x34>
10000858:	0032      	movs	r2, r6
1000085a:	0029      	movs	r1, r5
1000085c:	0020      	movs	r0, r4
1000085e:	f7ff ff35 	bl	100006cc <set_raw_irq_handler_and_unlock>
10000862:	bd70      	pop	{r4, r5, r6, pc}
10000864:	4b04      	ldr	r3, [pc, #16]	; (10000878 <irq_set_exclusive_handler+0x48>)
10000866:	4a05      	ldr	r2, [pc, #20]	; (1000087c <irq_set_exclusive_handler+0x4c>)
10000868:	21e1      	movs	r1, #225	; 0xe1
1000086a:	4805      	ldr	r0, [pc, #20]	; (10000880 <irq_set_exclusive_handler+0x50>)
1000086c:	f003 fab8 	bl	10003de0 <__assert_func>
10000870:	d0000124 	.word	0xd0000124
10000874:	100001cd 	.word	0x100001cd
10000878:	10008ccc 	.word	0x10008ccc
1000087c:	10008ef8 	.word	0x10008ef8
10000880:	10008c88 	.word	0x10008c88

10000884 <irq_add_shared_handler>:
10000884:	b5f0      	push	{r4, r5, r6, r7, lr}
10000886:	46de      	mov	lr, fp
10000888:	4657      	mov	r7, sl
1000088a:	464e      	mov	r6, r9
1000088c:	4645      	mov	r5, r8
1000088e:	b5e0      	push	{r5, r6, r7, lr}
10000890:	b089      	sub	sp, #36	; 0x24
10000892:	4681      	mov	r9, r0
10000894:	9101      	str	r1, [sp, #4]
10000896:	0015      	movs	r5, r2
10000898:	f3ef 8b10 	mrs	fp, PRIMASK
1000089c:	b672      	cpsid	i
1000089e:	4b75      	ldr	r3, [pc, #468]	; (10000a74 <irq_add_shared_handler+0x1f0>)
100008a0:	681b      	ldr	r3, [r3, #0]
100008a2:	2b00      	cmp	r3, #0
100008a4:	d0fb      	beq.n	1000089e <irq_add_shared_handler+0x1a>
100008a6:	f3bf 8f5f 	dmb	sy
100008aa:	4b73      	ldr	r3, [pc, #460]	; (10000a78 <irq_add_shared_handler+0x1f4>)
100008ac:	2700      	movs	r7, #0
100008ae:	57df      	ldrsb	r7, [r3, r7]
100008b0:	2f00      	cmp	r7, #0
100008b2:	db3f      	blt.n	10000934 <irq_add_shared_handler+0xb0>
100008b4:	007c      	lsls	r4, r7, #1
100008b6:	19e4      	adds	r4, r4, r7
100008b8:	00a4      	lsls	r4, r4, #2
100008ba:	4870      	ldr	r0, [pc, #448]	; (10000a7c <irq_add_shared_handler+0x1f8>)
100008bc:	1824      	adds	r4, r4, r0
100008be:	2206      	movs	r2, #6
100008c0:	56a2      	ldrsb	r2, [r4, r2]
100008c2:	4b6d      	ldr	r3, [pc, #436]	; (10000a78 <irq_add_shared_handler+0x1f4>)
100008c4:	701a      	strb	r2, [r3, #0]
100008c6:	4b6e      	ldr	r3, [pc, #440]	; (10000a80 <irq_add_shared_handler+0x1fc>)
100008c8:	689a      	ldr	r2, [r3, #8]
100008ca:	464b      	mov	r3, r9
100008cc:	3310      	adds	r3, #16
100008ce:	009b      	lsls	r3, r3, #2
100008d0:	58d3      	ldr	r3, [r2, r3]
100008d2:	4698      	mov	r8, r3
100008d4:	1a1b      	subs	r3, r3, r0
100008d6:	2b2f      	cmp	r3, #47	; 0x2f
100008d8:	d93a      	bls.n	10000950 <irq_add_shared_handler+0xcc>
100008da:	4b6a      	ldr	r3, [pc, #424]	; (10000a84 <irq_add_shared_handler+0x200>)
100008dc:	4598      	cmp	r8, r3
100008de:	d130      	bne.n	10000942 <irq_add_shared_handler+0xbe>
100008e0:	ae05      	add	r6, sp, #20
100008e2:	4b69      	ldr	r3, [pc, #420]	; (10000a88 <irq_add_shared_handler+0x204>)
100008e4:	8033      	strh	r3, [r6, #0]
100008e6:	007b      	lsls	r3, r7, #1
100008e8:	469a      	mov	sl, r3
100008ea:	19d8      	adds	r0, r3, r7
100008ec:	0080      	lsls	r0, r0, #2
100008ee:	4b63      	ldr	r3, [pc, #396]	; (10000a7c <irq_add_shared_handler+0x1f8>)
100008f0:	4698      	mov	r8, r3
100008f2:	4440      	add	r0, r8
100008f4:	3002      	adds	r0, #2
100008f6:	4965      	ldr	r1, [pc, #404]	; (10000a8c <irq_add_shared_handler+0x208>)
100008f8:	f7ff ff0e 	bl	10000718 <make_j_16>
100008fc:	8070      	strh	r0, [r6, #2]
100008fe:	4b64      	ldr	r3, [pc, #400]	; (10000a90 <irq_add_shared_handler+0x20c>)
10000900:	80b3      	strh	r3, [r6, #4]
10000902:	23ff      	movs	r3, #255	; 0xff
10000904:	71b3      	strb	r3, [r6, #6]
10000906:	71f5      	strb	r5, [r6, #7]
10000908:	9b01      	ldr	r3, [sp, #4]
1000090a:	9307      	str	r3, [sp, #28]
1000090c:	4457      	add	r7, sl
1000090e:	00bf      	lsls	r7, r7, #2
10000910:	4447      	add	r7, r8
10000912:	ce0e      	ldmia	r6!, {r1, r2, r3}
10000914:	c70e      	stmia	r7!, {r1, r2, r3}
10000916:	2301      	movs	r3, #1
10000918:	431c      	orrs	r4, r3
1000091a:	46a0      	mov	r8, r4
1000091c:	465a      	mov	r2, fp
1000091e:	4641      	mov	r1, r8
10000920:	4648      	mov	r0, r9
10000922:	f7ff fed3 	bl	100006cc <set_raw_irq_handler_and_unlock>
10000926:	b009      	add	sp, #36	; 0x24
10000928:	bcf0      	pop	{r4, r5, r6, r7}
1000092a:	46bb      	mov	fp, r7
1000092c:	46b2      	mov	sl, r6
1000092e:	46a9      	mov	r9, r5
10000930:	46a0      	mov	r8, r4
10000932:	bdf0      	pop	{r4, r5, r6, r7, pc}
10000934:	216e      	movs	r1, #110	; 0x6e
10000936:	4b57      	ldr	r3, [pc, #348]	; (10000a94 <irq_add_shared_handler+0x210>)
10000938:	4a57      	ldr	r2, [pc, #348]	; (10000a98 <irq_add_shared_handler+0x214>)
1000093a:	31ff      	adds	r1, #255	; 0xff
1000093c:	4857      	ldr	r0, [pc, #348]	; (10000a9c <irq_add_shared_handler+0x218>)
1000093e:	f003 fa4f 	bl	10003de0 <__assert_func>
10000942:	21ba      	movs	r1, #186	; 0xba
10000944:	4b56      	ldr	r3, [pc, #344]	; (10000aa0 <irq_add_shared_handler+0x21c>)
10000946:	4a54      	ldr	r2, [pc, #336]	; (10000a98 <irq_add_shared_handler+0x214>)
10000948:	0049      	lsls	r1, r1, #1
1000094a:	4854      	ldr	r0, [pc, #336]	; (10000a9c <irq_add_shared_handler+0x218>)
1000094c:	f003 fa48 	bl	10003de0 <__assert_func>
10000950:	2301      	movs	r3, #1
10000952:	4642      	mov	r2, r8
10000954:	439a      	bics	r2, r3
10000956:	4692      	mov	sl, r2
10000958:	1a10      	subs	r0, r2, r0
1000095a:	210c      	movs	r1, #12
1000095c:	f001 fa48 	bl	10001df0 <__wrap___aeabi_uidiv>
10000960:	2900      	cmp	r1, #0
10000962:	d10f      	bne.n	10000984 <irq_add_shared_handler+0x100>
10000964:	4653      	mov	r3, sl
10000966:	2600      	movs	r6, #0
10000968:	79da      	ldrb	r2, [r3, #7]
1000096a:	42aa      	cmp	r2, r5
1000096c:	d912      	bls.n	10000994 <irq_add_shared_handler+0x110>
1000096e:	2106      	movs	r1, #6
10000970:	5659      	ldrsb	r1, [r3, r1]
10000972:	2900      	cmp	r1, #0
10000974:	db0d      	blt.n	10000992 <irq_add_shared_handler+0x10e>
10000976:	004a      	lsls	r2, r1, #1
10000978:	1852      	adds	r2, r2, r1
1000097a:	0092      	lsls	r2, r2, #2
1000097c:	001e      	movs	r6, r3
1000097e:	4b3f      	ldr	r3, [pc, #252]	; (10000a7c <irq_add_shared_handler+0x1f8>)
10000980:	189b      	adds	r3, r3, r2
10000982:	e7f1      	b.n	10000968 <irq_add_shared_handler+0xe4>
10000984:	2186      	movs	r1, #134	; 0x86
10000986:	4b47      	ldr	r3, [pc, #284]	; (10000aa4 <irq_add_shared_handler+0x220>)
10000988:	4a43      	ldr	r2, [pc, #268]	; (10000a98 <irq_add_shared_handler+0x214>)
1000098a:	31ff      	adds	r1, #255	; 0xff
1000098c:	4843      	ldr	r0, [pc, #268]	; (10000a9c <irq_add_shared_handler+0x218>)
1000098e:	f003 fa27 	bl	10003de0 <__assert_func>
10000992:	001e      	movs	r6, r3
10000994:	2e00      	cmp	r6, #0
10000996:	d03b      	beq.n	10000a10 <irq_add_shared_handler+0x18c>
10000998:	ab05      	add	r3, sp, #20
1000099a:	4a43      	ldr	r2, [pc, #268]	; (10000aa8 <irq_add_shared_handler+0x224>)
1000099c:	801a      	strh	r2, [r3, #0]
1000099e:	3a81      	subs	r2, #129	; 0x81
100009a0:	805a      	strh	r2, [r3, #2]
100009a2:	2306      	movs	r3, #6
100009a4:	56f3      	ldrsb	r3, [r6, r3]
100009a6:	9302      	str	r3, [sp, #8]
100009a8:	2b00      	cmp	r3, #0
100009aa:	da17      	bge.n	100009dc <irq_add_shared_handler+0x158>
100009ac:	483f      	ldr	r0, [pc, #252]	; (10000aac <irq_add_shared_handler+0x228>)
100009ae:	ab05      	add	r3, sp, #20
100009b0:	469a      	mov	sl, r3
100009b2:	8098      	strh	r0, [r3, #4]
100009b4:	9a02      	ldr	r2, [sp, #8]
100009b6:	719a      	strb	r2, [r3, #6]
100009b8:	71dd      	strb	r5, [r3, #7]
100009ba:	9a01      	ldr	r2, [sp, #4]
100009bc:	9207      	str	r2, [sp, #28]
100009be:	1d30      	adds	r0, r6, #4
100009c0:	0021      	movs	r1, r4
100009c2:	f7ff fea9 	bl	10000718 <make_j_16>
100009c6:	80b0      	strh	r0, [r6, #4]
100009c8:	71b7      	strb	r7, [r6, #6]
100009ca:	007b      	lsls	r3, r7, #1
100009cc:	19db      	adds	r3, r3, r7
100009ce:	009b      	lsls	r3, r3, #2
100009d0:	4f2a      	ldr	r7, [pc, #168]	; (10000a7c <irq_add_shared_handler+0x1f8>)
100009d2:	18ff      	adds	r7, r7, r3
100009d4:	4653      	mov	r3, sl
100009d6:	cb07      	ldmia	r3!, {r0, r1, r2}
100009d8:	c707      	stmia	r7!, {r0, r1, r2}
100009da:	e79f      	b.n	1000091c <irq_add_shared_handler+0x98>
100009dc:	0078      	lsls	r0, r7, #1
100009de:	19c0      	adds	r0, r0, r7
100009e0:	0080      	lsls	r0, r0, #2
100009e2:	4b26      	ldr	r3, [pc, #152]	; (10000a7c <irq_add_shared_handler+0x1f8>)
100009e4:	18c0      	adds	r0, r0, r3
100009e6:	3004      	adds	r0, #4
100009e8:	1d32      	adds	r2, r6, #4
100009ea:	88b3      	ldrh	r3, [r6, #4]
100009ec:	0ad9      	lsrs	r1, r3, #11
100009ee:	291c      	cmp	r1, #28
100009f0:	d107      	bne.n	10000a02 <irq_add_shared_handler+0x17e>
100009f2:	055b      	lsls	r3, r3, #21
100009f4:	1559      	asrs	r1, r3, #21
100009f6:	3102      	adds	r1, #2
100009f8:	0049      	lsls	r1, r1, #1
100009fa:	1851      	adds	r1, r2, r1
100009fc:	f7ff fe8c 	bl	10000718 <make_j_16>
10000a00:	e7d5      	b.n	100009ae <irq_add_shared_handler+0x12a>
10000a02:	2110      	movs	r1, #16
10000a04:	4b2a      	ldr	r3, [pc, #168]	; (10000ab0 <irq_add_shared_handler+0x22c>)
10000a06:	4a2b      	ldr	r2, [pc, #172]	; (10000ab4 <irq_add_shared_handler+0x230>)
10000a08:	31ff      	adds	r1, #255	; 0xff
10000a0a:	4824      	ldr	r0, [pc, #144]	; (10000a9c <irq_add_shared_handler+0x218>)
10000a0c:	f003 f9e8 	bl	10003de0 <__assert_func>
10000a10:	ae05      	add	r6, sp, #20
10000a12:	4b1d      	ldr	r3, [pc, #116]	; (10000a88 <irq_add_shared_handler+0x204>)
10000a14:	8033      	strh	r3, [r6, #0]
10000a16:	007b      	lsls	r3, r7, #1
10000a18:	9302      	str	r3, [sp, #8]
10000a1a:	19d8      	adds	r0, r3, r7
10000a1c:	0080      	lsls	r0, r0, #2
10000a1e:	4a17      	ldr	r2, [pc, #92]	; (10000a7c <irq_add_shared_handler+0x1f8>)
10000a20:	4690      	mov	r8, r2
10000a22:	0002      	movs	r2, r0
10000a24:	4442      	add	r2, r8
10000a26:	9203      	str	r2, [sp, #12]
10000a28:	1c90      	adds	r0, r2, #2
10000a2a:	4918      	ldr	r1, [pc, #96]	; (10000a8c <irq_add_shared_handler+0x208>)
10000a2c:	f7ff fe74 	bl	10000718 <make_j_16>
10000a30:	8070      	strh	r0, [r6, #2]
10000a32:	9a03      	ldr	r2, [sp, #12]
10000a34:	1d10      	adds	r0, r2, #4
10000a36:	4651      	mov	r1, sl
10000a38:	f7ff fe6e 	bl	10000718 <make_j_16>
10000a3c:	80b0      	strh	r0, [r6, #4]
10000a3e:	4b1e      	ldr	r3, [pc, #120]	; (10000ab8 <irq_add_shared_handler+0x234>)
10000a40:	4652      	mov	r2, sl
10000a42:	4641      	mov	r1, r8
10000a44:	1a52      	subs	r2, r2, r1
10000a46:	4152      	adcs	r2, r2
10000a48:	4353      	muls	r3, r2
10000a4a:	0d1b      	lsrs	r3, r3, #20
10000a4c:	71b3      	strb	r3, [r6, #6]
10000a4e:	71f5      	strb	r5, [r6, #7]
10000a50:	9a01      	ldr	r2, [sp, #4]
10000a52:	9207      	str	r2, [sp, #28]
10000a54:	9b02      	ldr	r3, [sp, #8]
10000a56:	469c      	mov	ip, r3
10000a58:	4467      	add	r7, ip
10000a5a:	00bf      	lsls	r7, r7, #2
10000a5c:	4447      	add	r7, r8
10000a5e:	ce0e      	ldmia	r6!, {r1, r2, r3}
10000a60:	c70e      	stmia	r7!, {r1, r2, r3}
10000a62:	4b11      	ldr	r3, [pc, #68]	; (10000aa8 <irq_add_shared_handler+0x224>)
10000a64:	4652      	mov	r2, sl
10000a66:	8013      	strh	r3, [r2, #0]
10000a68:	3b81      	subs	r3, #129	; 0x81
10000a6a:	8053      	strh	r3, [r2, #2]
10000a6c:	2301      	movs	r3, #1
10000a6e:	431c      	orrs	r4, r3
10000a70:	46a0      	mov	r8, r4
10000a72:	e753      	b.n	1000091c <irq_add_shared_handler+0x98>
10000a74:	d0000124 	.word	0xd0000124
10000a78:	20002809 	.word	0x20002809
10000a7c:	20000d50 	.word	0x20000d50
10000a80:	e000ed00 	.word	0xe000ed00
10000a84:	100001cd 	.word	0x100001cd
10000a88:	ffffa100 	.word	0xffffa100
10000a8c:	20000d80 	.word	0x20000d80
10000a90:	ffffbd01 	.word	0xffffbd01
10000a94:	10008d04 	.word	0x10008d04
10000a98:	10008ee0 	.word	0x10008ee0
10000a9c:	10008c88 	.word	0x10008c88
10000aa0:	10008d2c 	.word	0x10008d2c
10000aa4:	10008d54 	.word	0x10008d54
10000aa8:	00004801 	.word	0x00004801
10000aac:	0000bd01 	.word	0x0000bd01
10000ab0:	10008dd8 	.word	0x10008dd8
10000ab4:	10008ed0 	.word	0x10008ed0
10000ab8:	0000aaaa 	.word	0x0000aaaa

10000abc <irq_remove_handler>:
10000abc:	b5f0      	push	{r4, r5, r6, r7, lr}
10000abe:	46ce      	mov	lr, r9
10000ac0:	4647      	mov	r7, r8
10000ac2:	b580      	push	{r7, lr}
10000ac4:	b083      	sub	sp, #12
10000ac6:	0006      	movs	r6, r0
10000ac8:	000d      	movs	r5, r1
10000aca:	f3ef 8810 	mrs	r8, PRIMASK
10000ace:	b672      	cpsid	i
10000ad0:	4b56      	ldr	r3, [pc, #344]	; (10000c2c <irq_remove_handler+0x170>)
10000ad2:	681b      	ldr	r3, [r3, #0]
10000ad4:	2b00      	cmp	r3, #0
10000ad6:	d0fb      	beq.n	10000ad0 <irq_remove_handler+0x14>
10000ad8:	f3bf 8f5f 	dmb	sy
10000adc:	4b54      	ldr	r3, [pc, #336]	; (10000c30 <irq_remove_handler+0x174>)
10000ade:	689a      	ldr	r2, [r3, #8]
10000ae0:	0034      	movs	r4, r6
10000ae2:	3410      	adds	r4, #16
10000ae4:	00a3      	lsls	r3, r4, #2
10000ae6:	58d7      	ldr	r7, [r2, r3]
10000ae8:	4b52      	ldr	r3, [pc, #328]	; (10000c34 <irq_remove_handler+0x178>)
10000aea:	429f      	cmp	r7, r3
10000aec:	d007      	beq.n	10000afe <irq_remove_handler+0x42>
10000aee:	42af      	cmp	r7, r5
10000af0:	d100      	bne.n	10000af4 <irq_remove_handler+0x38>
10000af2:	e098      	b.n	10000c26 <irq_remove_handler+0x16a>
10000af4:	9701      	str	r7, [sp, #4]
10000af6:	4b50      	ldr	r3, [pc, #320]	; (10000c38 <irq_remove_handler+0x17c>)
10000af8:	1afb      	subs	r3, r7, r3
10000afa:	2b2f      	cmp	r3, #47	; 0x2f
10000afc:	d909      	bls.n	10000b12 <irq_remove_handler+0x56>
10000afe:	4642      	mov	r2, r8
10000b00:	0039      	movs	r1, r7
10000b02:	0030      	movs	r0, r6
10000b04:	f7ff fde2 	bl	100006cc <set_raw_irq_handler_and_unlock>
10000b08:	b003      	add	sp, #12
10000b0a:	bcc0      	pop	{r6, r7}
10000b0c:	46b9      	mov	r9, r7
10000b0e:	46b0      	mov	r8, r6
10000b10:	bdf0      	pop	{r4, r5, r6, r7, pc}
10000b12:	0030      	movs	r0, r6
10000b14:	f7ff fe46 	bl	100007a4 <irq_is_enabled>
10000b18:	4681      	mov	r9, r0
10000b1a:	2100      	movs	r1, #0
10000b1c:	0030      	movs	r0, r6
10000b1e:	f7ff fe5b 	bl	100007d8 <irq_set_enabled>
10000b22:	f3bf 8f5f 	dmb	sy
10000b26:	f3ef 8105 	mrs	r1, IPSR
10000b2a:	2900      	cmp	r1, #0
10000b2c:	d001      	beq.n	10000b32 <irq_remove_handler+0x76>
10000b2e:	428c      	cmp	r4, r1
10000b30:	d111      	bne.n	10000b56 <irq_remove_handler+0x9a>
10000b32:	2301      	movs	r3, #1
10000b34:	9c01      	ldr	r4, [sp, #4]
10000b36:	439c      	bics	r4, r3
10000b38:	2200      	movs	r2, #0
10000b3a:	68a3      	ldr	r3, [r4, #8]
10000b3c:	429d      	cmp	r5, r3
10000b3e:	d012      	beq.n	10000b66 <irq_remove_handler+0xaa>
10000b40:	2206      	movs	r2, #6
10000b42:	56a2      	ldrsb	r2, [r4, r2]
10000b44:	2a00      	cmp	r2, #0
10000b46:	db0d      	blt.n	10000b64 <irq_remove_handler+0xa8>
10000b48:	0053      	lsls	r3, r2, #1
10000b4a:	189b      	adds	r3, r3, r2
10000b4c:	009b      	lsls	r3, r3, #2
10000b4e:	0022      	movs	r2, r4
10000b50:	4c39      	ldr	r4, [pc, #228]	; (10000c38 <irq_remove_handler+0x17c>)
10000b52:	18e4      	adds	r4, r4, r3
10000b54:	e7f1      	b.n	10000b3a <irq_remove_handler+0x7e>
10000b56:	21f4      	movs	r1, #244	; 0xf4
10000b58:	4b38      	ldr	r3, [pc, #224]	; (10000c3c <irq_remove_handler+0x180>)
10000b5a:	4a39      	ldr	r2, [pc, #228]	; (10000c40 <irq_remove_handler+0x184>)
10000b5c:	31ff      	adds	r1, #255	; 0xff
10000b5e:	4839      	ldr	r0, [pc, #228]	; (10000c44 <irq_remove_handler+0x188>)
10000b60:	f003 f93e 	bl	10003de0 <__assert_func>
10000b64:	0022      	movs	r2, r4
10000b66:	429d      	cmp	r5, r3
10000b68:	d157      	bne.n	10000c1a <irq_remove_handler+0x15e>
10000b6a:	2506      	movs	r5, #6
10000b6c:	5765      	ldrsb	r5, [r4, r5]
10000b6e:	2d00      	cmp	r5, #0
10000b70:	db39      	blt.n	10000be6 <irq_remove_handler+0x12a>
10000b72:	006b      	lsls	r3, r5, #1
10000b74:	195b      	adds	r3, r3, r5
10000b76:	009a      	lsls	r2, r3, #2
10000b78:	4b2f      	ldr	r3, [pc, #188]	; (10000c38 <irq_remove_handler+0x17c>)
10000b7a:	189b      	adds	r3, r3, r2
10000b7c:	689a      	ldr	r2, [r3, #8]
10000b7e:	60a2      	str	r2, [r4, #8]
10000b80:	79da      	ldrb	r2, [r3, #7]
10000b82:	71e2      	strb	r2, [r4, #7]
10000b84:	2206      	movs	r2, #6
10000b86:	569a      	ldrsb	r2, [r3, r2]
10000b88:	71a2      	strb	r2, [r4, #6]
10000b8a:	799b      	ldrb	r3, [r3, #6]
10000b8c:	b25b      	sxtb	r3, r3
10000b8e:	2b00      	cmp	r3, #0
10000b90:	da0f      	bge.n	10000bb2 <irq_remove_handler+0xf6>
10000b92:	482d      	ldr	r0, [pc, #180]	; (10000c48 <irq_remove_handler+0x18c>)
10000b94:	80a0      	strh	r0, [r4, #4]
10000b96:	006b      	lsls	r3, r5, #1
10000b98:	195b      	adds	r3, r3, r5
10000b9a:	009b      	lsls	r3, r3, #2
10000b9c:	4a26      	ldr	r2, [pc, #152]	; (10000c38 <irq_remove_handler+0x17c>)
10000b9e:	18d3      	adds	r3, r2, r3
10000ba0:	4a2a      	ldr	r2, [pc, #168]	; (10000c4c <irq_remove_handler+0x190>)
10000ba2:	7811      	ldrb	r1, [r2, #0]
10000ba4:	7199      	strb	r1, [r3, #6]
10000ba6:	7015      	strb	r5, [r2, #0]
10000ba8:	4649      	mov	r1, r9
10000baa:	0030      	movs	r0, r6
10000bac:	f7ff fe14 	bl	100007d8 <irq_set_enabled>
10000bb0:	e7a5      	b.n	10000afe <irq_remove_handler+0x42>
10000bb2:	1d20      	adds	r0, r4, #4
10000bb4:	006b      	lsls	r3, r5, #1
10000bb6:	195b      	adds	r3, r3, r5
10000bb8:	009b      	lsls	r3, r3, #2
10000bba:	4a1f      	ldr	r2, [pc, #124]	; (10000c38 <irq_remove_handler+0x17c>)
10000bbc:	189b      	adds	r3, r3, r2
10000bbe:	1d1a      	adds	r2, r3, #4
10000bc0:	889b      	ldrh	r3, [r3, #4]
10000bc2:	0ad9      	lsrs	r1, r3, #11
10000bc4:	291c      	cmp	r1, #28
10000bc6:	d107      	bne.n	10000bd8 <irq_remove_handler+0x11c>
10000bc8:	055b      	lsls	r3, r3, #21
10000bca:	155b      	asrs	r3, r3, #21
10000bcc:	3302      	adds	r3, #2
10000bce:	0059      	lsls	r1, r3, #1
10000bd0:	1851      	adds	r1, r2, r1
10000bd2:	f7ff fda1 	bl	10000718 <make_j_16>
10000bd6:	e7dd      	b.n	10000b94 <irq_remove_handler+0xd8>
10000bd8:	2110      	movs	r1, #16
10000bda:	4b1d      	ldr	r3, [pc, #116]	; (10000c50 <irq_remove_handler+0x194>)
10000bdc:	4a1d      	ldr	r2, [pc, #116]	; (10000c54 <irq_remove_handler+0x198>)
10000bde:	31ff      	adds	r1, #255	; 0xff
10000be0:	4818      	ldr	r0, [pc, #96]	; (10000c44 <irq_remove_handler+0x188>)
10000be2:	f003 f8fd 	bl	10003de0 <__assert_func>
10000be6:	2900      	cmp	r1, #0
10000be8:	d112      	bne.n	10000c10 <irq_remove_handler+0x154>
10000bea:	2a00      	cmp	r2, #0
10000bec:	d00e      	beq.n	10000c0c <irq_remove_handler+0x150>
10000bee:	23ff      	movs	r3, #255	; 0xff
10000bf0:	7193      	strb	r3, [r2, #6]
10000bf2:	4b19      	ldr	r3, [pc, #100]	; (10000c58 <irq_remove_handler+0x19c>)
10000bf4:	8093      	strh	r3, [r2, #4]
10000bf6:	4a15      	ldr	r2, [pc, #84]	; (10000c4c <irq_remove_handler+0x190>)
10000bf8:	7813      	ldrb	r3, [r2, #0]
10000bfa:	71a3      	strb	r3, [r4, #6]
10000bfc:	4b17      	ldr	r3, [pc, #92]	; (10000c5c <irq_remove_handler+0x1a0>)
10000bfe:	490e      	ldr	r1, [pc, #56]	; (10000c38 <irq_remove_handler+0x17c>)
10000c00:	1a64      	subs	r4, r4, r1
10000c02:	4164      	adcs	r4, r4
10000c04:	4363      	muls	r3, r4
10000c06:	0d1b      	lsrs	r3, r3, #20
10000c08:	7013      	strb	r3, [r2, #0]
10000c0a:	e7cd      	b.n	10000ba8 <irq_remove_handler+0xec>
10000c0c:	4f09      	ldr	r7, [pc, #36]	; (10000c34 <irq_remove_handler+0x178>)
10000c0e:	e7f2      	b.n	10000bf6 <irq_remove_handler+0x13a>
10000c10:	1d20      	adds	r0, r4, #4
10000c12:	4913      	ldr	r1, [pc, #76]	; (10000c60 <irq_remove_handler+0x1a4>)
10000c14:	f7ff fda6 	bl	10000764 <insert_bl_32>
10000c18:	e7c6      	b.n	10000ba8 <irq_remove_handler+0xec>
10000c1a:	4b12      	ldr	r3, [pc, #72]	; (10000c64 <irq_remove_handler+0x1a8>)
10000c1c:	4a08      	ldr	r2, [pc, #32]	; (10000c40 <irq_remove_handler+0x184>)
10000c1e:	4912      	ldr	r1, [pc, #72]	; (10000c68 <irq_remove_handler+0x1ac>)
10000c20:	4808      	ldr	r0, [pc, #32]	; (10000c44 <irq_remove_handler+0x188>)
10000c22:	f003 f8dd 	bl	10003de0 <__assert_func>
10000c26:	4f03      	ldr	r7, [pc, #12]	; (10000c34 <irq_remove_handler+0x178>)
10000c28:	e769      	b.n	10000afe <irq_remove_handler+0x42>
10000c2a:	46c0      	nop			; (mov r8, r8)
10000c2c:	d0000124 	.word	0xd0000124
10000c30:	e000ed00 	.word	0xe000ed00
10000c34:	100001cd 	.word	0x100001cd
10000c38:	20000d50 	.word	0x20000d50
10000c3c:	10008df0 	.word	0x10008df0
10000c40:	10008eb0 	.word	0x10008eb0
10000c44:	10008c88 	.word	0x10008c88
10000c48:	0000bd01 	.word	0x0000bd01
10000c4c:	20002809 	.word	0x20002809
10000c50:	10008dd8 	.word	0x10008dd8
10000c54:	10008ed0 	.word	0x10008ed0
10000c58:	ffffbd01 	.word	0xffffbd01
10000c5c:	0000aaaa 	.word	0x0000aaaa
10000c60:	20000d8a 	.word	0x20000d8a
10000c64:	10008e24 	.word	0x10008e24
10000c68:	00000235 	.word	0x00000235

10000c6c <irq_add_tail_to_free_list>:
10000c6c:	b570      	push	{r4, r5, r6, lr}
10000c6e:	2101      	movs	r1, #1
10000c70:	4301      	orrs	r1, r0
10000c72:	4b2c      	ldr	r3, [pc, #176]	; (10000d24 <irq_add_tail_to_free_list+0xb8>)
10000c74:	1acb      	subs	r3, r1, r3
10000c76:	2b2f      	cmp	r3, #47	; 0x2f
10000c78:	d828      	bhi.n	10000ccc <irq_add_tail_to_free_list+0x60>
10000c7a:	f3ef 8305 	mrs	r3, IPSR
10000c7e:	2b00      	cmp	r3, #0
10000c80:	d02a      	beq.n	10000cd8 <irq_add_tail_to_free_list+0x6c>
10000c82:	f3ef 8c10 	mrs	ip, PRIMASK
10000c86:	b672      	cpsid	i
10000c88:	4a27      	ldr	r2, [pc, #156]	; (10000d28 <irq_add_tail_to_free_list+0xbc>)
10000c8a:	6812      	ldr	r2, [r2, #0]
10000c8c:	2a00      	cmp	r2, #0
10000c8e:	d0fb      	beq.n	10000c88 <irq_add_tail_to_free_list+0x1c>
10000c90:	f3bf 8f5f 	dmb	sy
10000c94:	4a25      	ldr	r2, [pc, #148]	; (10000d2c <irq_add_tail_to_free_list+0xc0>)
10000c96:	0004      	movs	r4, r0
10000c98:	4d22      	ldr	r5, [pc, #136]	; (10000d24 <irq_add_tail_to_free_list+0xb8>)
10000c9a:	1b64      	subs	r4, r4, r5
10000c9c:	4164      	adcs	r4, r4
10000c9e:	4362      	muls	r2, r4
10000ca0:	0d12      	lsrs	r2, r2, #20
10000ca2:	b254      	sxtb	r4, r2
10000ca4:	4a22      	ldr	r2, [pc, #136]	; (10000d30 <irq_add_tail_to_free_list+0xc4>)
10000ca6:	6892      	ldr	r2, [r2, #8]
10000ca8:	009b      	lsls	r3, r3, #2
10000caa:	58d2      	ldr	r2, [r2, r3]
10000cac:	428a      	cmp	r2, r1
10000cae:	d019      	beq.n	10000ce4 <irq_add_tail_to_free_list+0x78>
10000cb0:	2200      	movs	r2, #0
10000cb2:	2a03      	cmp	r2, #3
10000cb4:	d830      	bhi.n	10000d18 <irq_add_tail_to_free_list+0xac>
10000cb6:	0053      	lsls	r3, r2, #1
10000cb8:	189b      	adds	r3, r3, r2
10000cba:	009b      	lsls	r3, r3, #2
10000cbc:	4919      	ldr	r1, [pc, #100]	; (10000d24 <irq_add_tail_to_free_list+0xb8>)
10000cbe:	18cb      	adds	r3, r1, r3
10000cc0:	799b      	ldrb	r3, [r3, #6]
10000cc2:	b25b      	sxtb	r3, r3
10000cc4:	42a3      	cmp	r3, r4
10000cc6:	d01d      	beq.n	10000d04 <irq_add_tail_to_free_list+0x98>
10000cc8:	3201      	adds	r2, #1
10000cca:	e7f2      	b.n	10000cb2 <irq_add_tail_to_free_list+0x46>
10000ccc:	4b19      	ldr	r3, [pc, #100]	; (10000d34 <irq_add_tail_to_free_list+0xc8>)
10000cce:	4a1a      	ldr	r2, [pc, #104]	; (10000d38 <irq_add_tail_to_free_list+0xcc>)
10000cd0:	491a      	ldr	r1, [pc, #104]	; (10000d3c <irq_add_tail_to_free_list+0xd0>)
10000cd2:	481b      	ldr	r0, [pc, #108]	; (10000d40 <irq_add_tail_to_free_list+0xd4>)
10000cd4:	f003 f884 	bl	10003de0 <__assert_func>
10000cd8:	4b1a      	ldr	r3, [pc, #104]	; (10000d44 <irq_add_tail_to_free_list+0xd8>)
10000cda:	4a17      	ldr	r2, [pc, #92]	; (10000d38 <irq_add_tail_to_free_list+0xcc>)
10000cdc:	491a      	ldr	r1, [pc, #104]	; (10000d48 <irq_add_tail_to_free_list+0xdc>)
10000cde:	4818      	ldr	r0, [pc, #96]	; (10000d40 <irq_add_tail_to_free_list+0xd4>)
10000ce0:	f003 f87e 	bl	10003de0 <__assert_func>
10000ce4:	4a12      	ldr	r2, [pc, #72]	; (10000d30 <irq_add_tail_to_free_list+0xc4>)
10000ce6:	6892      	ldr	r2, [r2, #8]
10000ce8:	4918      	ldr	r1, [pc, #96]	; (10000d4c <irq_add_tail_to_free_list+0xe0>)
10000cea:	50d1      	str	r1, [r2, r3]
10000cec:	4b18      	ldr	r3, [pc, #96]	; (10000d50 <irq_add_tail_to_free_list+0xe4>)
10000cee:	781a      	ldrb	r2, [r3, #0]
10000cf0:	7182      	strb	r2, [r0, #6]
10000cf2:	701c      	strb	r4, [r3, #0]
10000cf4:	f3bf 8f5f 	dmb	sy
10000cf8:	4b0b      	ldr	r3, [pc, #44]	; (10000d28 <irq_add_tail_to_free_list+0xbc>)
10000cfa:	2200      	movs	r2, #0
10000cfc:	601a      	str	r2, [r3, #0]
10000cfe:	f38c 8810 	msr	PRIMASK, ip
10000d02:	bd70      	pop	{r4, r5, r6, pc}
10000d04:	000d      	movs	r5, r1
10000d06:	0053      	lsls	r3, r2, #1
10000d08:	1899      	adds	r1, r3, r2
10000d0a:	0089      	lsls	r1, r1, #2
10000d0c:	1869      	adds	r1, r5, r1
10000d0e:	26ff      	movs	r6, #255	; 0xff
10000d10:	718e      	strb	r6, [r1, #6]
10000d12:	4a10      	ldr	r2, [pc, #64]	; (10000d54 <irq_add_tail_to_free_list+0xe8>)
10000d14:	808a      	strh	r2, [r1, #4]
10000d16:	e7e9      	b.n	10000cec <irq_add_tail_to_free_list+0x80>
10000d18:	4b0f      	ldr	r3, [pc, #60]	; (10000d58 <irq_add_tail_to_free_list+0xec>)
10000d1a:	4a07      	ldr	r2, [pc, #28]	; (10000d38 <irq_add_tail_to_free_list+0xcc>)
10000d1c:	490f      	ldr	r1, [pc, #60]	; (10000d5c <irq_add_tail_to_free_list+0xf0>)
10000d1e:	4808      	ldr	r0, [pc, #32]	; (10000d40 <irq_add_tail_to_free_list+0xd4>)
10000d20:	f003 f85e 	bl	10003de0 <__assert_func>
10000d24:	20000d50 	.word	0x20000d50
10000d28:	d0000124 	.word	0xd0000124
10000d2c:	0000aaaa 	.word	0x0000aaaa
10000d30:	e000ed00 	.word	0xe000ed00
10000d34:	10008e2c 	.word	0x10008e2c
10000d38:	10008e84 	.word	0x10008e84
10000d3c:	0000026e 	.word	0x0000026e
10000d40:	10008c88 	.word	0x10008c88
10000d44:	10008e54 	.word	0x10008e54
10000d48:	00000271 	.word	0x00000271
10000d4c:	100001cd 	.word	0x100001cd
10000d50:	20002809 	.word	0x20002809
10000d54:	ffffbd01 	.word	0xffffbd01
10000d58:	10008e60 	.word	0x10008e60
10000d5c:	00000282 	.word	0x00000282

10000d60 <user_irq_claim_unused>:
10000d60:	b500      	push	{lr}
10000d62:	b083      	sub	sp, #12
10000d64:	0001      	movs	r1, r0
10000d66:	4b06      	ldr	r3, [pc, #24]	; (10000d80 <user_irq_claim_unused+0x20>)
10000d68:	9300      	str	r3, [sp, #0]
10000d6a:	2305      	movs	r3, #5
10000d6c:	2200      	movs	r2, #0
10000d6e:	4805      	ldr	r0, [pc, #20]	; (10000d84 <user_irq_claim_unused+0x24>)
10000d70:	f7ff fc55 	bl	1000061e <hw_claim_unused_from_range>
10000d74:	2800      	cmp	r0, #0
10000d76:	db01      	blt.n	10000d7c <user_irq_claim_unused+0x1c>
10000d78:	231f      	movs	r3, #31
10000d7a:	1a18      	subs	r0, r3, r0
10000d7c:	b003      	add	sp, #12
10000d7e:	bd00      	pop	{pc}
10000d80:	10008e68 	.word	0x10008e68
10000d84:	2000280d 	.word	0x2000280d

10000d88 <lock_init>:
10000d88:	4b02      	ldr	r3, [pc, #8]	; (10000d94 <lock_init+0xc>)
10000d8a:	469c      	mov	ip, r3
10000d8c:	4461      	add	r1, ip
10000d8e:	0089      	lsls	r1, r1, #2
10000d90:	6001      	str	r1, [r0, #0]
10000d92:	4770      	bx	lr
10000d94:	34000040 	.word	0x34000040

10000d98 <mutex_init>:
10000d98:	b510      	push	{r4, lr}
10000d9a:	0004      	movs	r4, r0
10000d9c:	f7ff fc68 	bl	10000670 <next_striped_spin_lock_num>
10000da0:	0001      	movs	r1, r0
10000da2:	0020      	movs	r0, r4
10000da4:	f7ff fff0 	bl	10000d88 <lock_init>
10000da8:	23ff      	movs	r3, #255	; 0xff
10000daa:	7123      	strb	r3, [r4, #4]
10000dac:	f3bf 8f5f 	dmb	sy
10000db0:	bd10      	pop	{r4, pc}

10000db2 <recursive_mutex_init>:
10000db2:	b510      	push	{r4, lr}
10000db4:	0004      	movs	r4, r0
10000db6:	f7ff fc5b 	bl	10000670 <next_striped_spin_lock_num>
10000dba:	0001      	movs	r1, r0
10000dbc:	0020      	movs	r0, r4
10000dbe:	f7ff ffe3 	bl	10000d88 <lock_init>
10000dc2:	23ff      	movs	r3, #255	; 0xff
10000dc4:	7123      	strb	r3, [r4, #4]
10000dc6:	2300      	movs	r3, #0
10000dc8:	7163      	strb	r3, [r4, #5]
10000dca:	f3bf 8f5f 	dmb	sy
10000dce:	bd10      	pop	{r4, pc}

10000dd0 <runtime_init_mutex>:
10000dd0:	b510      	push	{r4, lr}
10000dd2:	4c0d      	ldr	r4, [pc, #52]	; (10000e08 <runtime_init_mutex+0x38>)
10000dd4:	e009      	b.n	10000dea <runtime_init_mutex+0x1a>
10000dd6:	4b0d      	ldr	r3, [pc, #52]	; (10000e0c <runtime_init_mutex+0x3c>)
10000dd8:	4a0d      	ldr	r2, [pc, #52]	; (10000e10 <runtime_init_mutex+0x40>)
10000dda:	211a      	movs	r1, #26
10000ddc:	480d      	ldr	r0, [pc, #52]	; (10000e14 <runtime_init_mutex+0x44>)
10000dde:	f002 ffff 	bl	10003de0 <__assert_func>
10000de2:	0020      	movs	r0, r4
10000de4:	f7ff ffd8 	bl	10000d98 <mutex_init>
10000de8:	3408      	adds	r4, #8
10000dea:	4b0b      	ldr	r3, [pc, #44]	; (10000e18 <runtime_init_mutex+0x48>)
10000dec:	429c      	cmp	r4, r3
10000dee:	d209      	bcs.n	10000e04 <runtime_init_mutex+0x34>
10000df0:	6823      	ldr	r3, [r4, #0]
10000df2:	2b00      	cmp	r3, #0
10000df4:	d0f5      	beq.n	10000de2 <runtime_init_mutex+0x12>
10000df6:	2b01      	cmp	r3, #1
10000df8:	d1ed      	bne.n	10000dd6 <runtime_init_mutex+0x6>
10000dfa:	0020      	movs	r0, r4
10000dfc:	f7ff ffd9 	bl	10000db2 <recursive_mutex_init>
10000e00:	3408      	adds	r4, #8
10000e02:	e7f2      	b.n	10000dea <runtime_init_mutex+0x1a>
10000e04:	bd10      	pop	{r4, pc}
10000e06:	46c0      	nop			; (mov r8, r8)
10000e08:	200016a0 	.word	0x200016a0
10000e0c:	10008f14 	.word	0x10008f14
10000e10:	10008fdc 	.word	0x10008fdc
10000e14:	10008f34 	.word	0x10008f34
10000e18:	200016b0 	.word	0x200016b0

10000e1c <critical_section_init_with_lock_num>:
10000e1c:	4b03      	ldr	r3, [pc, #12]	; (10000e2c <critical_section_init_with_lock_num+0x10>)
10000e1e:	469c      	mov	ip, r3
10000e20:	4461      	add	r1, ip
10000e22:	0089      	lsls	r1, r1, #2
10000e24:	6001      	str	r1, [r0, #0]
10000e26:	f3bf 8f5f 	dmb	sy
10000e2a:	4770      	bx	lr
10000e2c:	34000040 	.word	0x34000040

10000e30 <critical_section_init>:
10000e30:	b510      	push	{r4, lr}
10000e32:	0004      	movs	r4, r0
10000e34:	2001      	movs	r0, #1
10000e36:	f7ff fc29 	bl	1000068c <spin_lock_claim_unused>
10000e3a:	0001      	movs	r1, r0
10000e3c:	0020      	movs	r0, r4
10000e3e:	f7ff ffed 	bl	10000e1c <critical_section_init_with_lock_num>
10000e42:	bd10      	pop	{r4, pc}

10000e44 <make_alarm_id>:
10000e44:	0400      	lsls	r0, r0, #16
10000e46:	4308      	orrs	r0, r1
10000e48:	4770      	bx	lr
	...

10000e4c <sleep_until_callback>:
10000e4c:	4b0a      	ldr	r3, [pc, #40]	; (10000e78 <sleep_until_callback+0x2c>)
10000e4e:	681a      	ldr	r2, [r3, #0]
10000e50:	f3ef 8110 	mrs	r1, PRIMASK
10000e54:	b672      	cpsid	i
10000e56:	6813      	ldr	r3, [r2, #0]
10000e58:	2b00      	cmp	r3, #0
10000e5a:	d0fc      	beq.n	10000e56 <sleep_until_callback+0xa>
10000e5c:	f3bf 8f5f 	dmb	sy
10000e60:	4b05      	ldr	r3, [pc, #20]	; (10000e78 <sleep_until_callback+0x2c>)
10000e62:	681b      	ldr	r3, [r3, #0]
10000e64:	f3bf 8f5f 	dmb	sy
10000e68:	2200      	movs	r2, #0
10000e6a:	601a      	str	r2, [r3, #0]
10000e6c:	f381 8810 	msr	PRIMASK, r1
10000e70:	bf40      	sev
10000e72:	2000      	movs	r0, #0
10000e74:	2100      	movs	r1, #0
10000e76:	4770      	bx	lr
10000e78:	200027e0 	.word	0x200027e0

10000e7c <alarm_pool_irq_handler>:
10000e7c:	b5f0      	push	{r4, r5, r6, r7, lr}
10000e7e:	46de      	mov	lr, fp
10000e80:	4657      	mov	r7, sl
10000e82:	464e      	mov	r6, r9
10000e84:	4645      	mov	r5, r8
10000e86:	b5e0      	push	{r5, r6, r7, lr}
10000e88:	b085      	sub	sp, #20
10000e8a:	f3ef 8305 	mrs	r3, IPSR
10000e8e:	2203      	movs	r2, #3
10000e90:	401a      	ands	r2, r3
10000e92:	4693      	mov	fp, r2
10000e94:	0092      	lsls	r2, r2, #2
10000e96:	4bae      	ldr	r3, [pc, #696]	; (10001150 <alarm_pool_irq_handler+0x2d4>)
10000e98:	58d3      	ldr	r3, [r2, r3]
10000e9a:	4698      	mov	r8, r3
10000e9c:	781b      	ldrb	r3, [r3, #0]
10000e9e:	455b      	cmp	r3, fp
10000ea0:	d107      	bne.n	10000eb2 <alarm_pool_irq_handler+0x36>
10000ea2:	2301      	movs	r3, #1
10000ea4:	465a      	mov	r2, fp
10000ea6:	4093      	lsls	r3, r2
10000ea8:	001a      	movs	r2, r3
10000eaa:	9303      	str	r3, [sp, #12]
10000eac:	4ba9      	ldr	r3, [pc, #676]	; (10001154 <alarm_pool_irq_handler+0x2d8>)
10000eae:	601a      	str	r2, [r3, #0]
10000eb0:	e112      	b.n	100010d8 <alarm_pool_irq_handler+0x25c>
10000eb2:	4ba9      	ldr	r3, [pc, #676]	; (10001158 <alarm_pool_irq_handler+0x2dc>)
10000eb4:	4aa9      	ldr	r2, [pc, #676]	; (1000115c <alarm_pool_irq_handler+0x2e0>)
10000eb6:	2192      	movs	r1, #146	; 0x92
10000eb8:	48a9      	ldr	r0, [pc, #676]	; (10001160 <alarm_pool_irq_handler+0x2e4>)
10000eba:	f002 ff91 	bl	10003de0 <__assert_func>
10000ebe:	005b      	lsls	r3, r3, #1
10000ec0:	444b      	add	r3, r9
10000ec2:	00db      	lsls	r3, r3, #3
10000ec4:	4642      	mov	r2, r8
10000ec6:	6952      	ldr	r2, [r2, #20]
10000ec8:	4692      	mov	sl, r2
10000eca:	449a      	add	sl, r3
10000ecc:	4653      	mov	r3, sl
10000ece:	689e      	ldr	r6, [r3, #8]
10000ed0:	68df      	ldr	r7, [r3, #12]
10000ed2:	48a4      	ldr	r0, [pc, #656]	; (10001164 <alarm_pool_irq_handler+0x2e8>)
10000ed4:	f000 fb92 	bl	100015fc <timer_time_us_64>
10000ed8:	1b80      	subs	r0, r0, r6
10000eda:	41b9      	sbcs	r1, r7
10000edc:	2900      	cmp	r1, #0
10000ede:	da00      	bge.n	10000ee2 <alarm_pool_irq_handler+0x66>
10000ee0:	e104      	b.n	100010ec <alarm_pool_irq_handler+0x270>
10000ee2:	2f00      	cmp	r7, #0
10000ee4:	db60      	blt.n	10000fa8 <alarm_pool_irq_handler+0x12c>
10000ee6:	4653      	mov	r3, sl
10000ee8:	691c      	ldr	r4, [r3, #16]
10000eea:	4b9f      	ldr	r3, [pc, #636]	; (10001168 <alarm_pool_irq_handler+0x2ec>)
10000eec:	429c      	cmp	r4, r3
10000eee:	d044      	beq.n	10000f7a <alarm_pool_irq_handler+0xfe>
10000ef0:	4643      	mov	r3, r8
10000ef2:	2008      	movs	r0, #8
10000ef4:	5e18      	ldrsh	r0, [r3, r0]
10000ef6:	4653      	mov	r3, sl
10000ef8:	8859      	ldrh	r1, [r3, #2]
10000efa:	b289      	uxth	r1, r1
10000efc:	f7ff ffa2 	bl	10000e44 <make_alarm_id>
10000f00:	4653      	mov	r3, sl
10000f02:	6959      	ldr	r1, [r3, #20]
10000f04:	47a0      	blx	r4
10000f06:	0004      	movs	r4, r0
10000f08:	000d      	movs	r5, r1
10000f0a:	0023      	movs	r3, r4
10000f0c:	432b      	orrs	r3, r5
10000f0e:	d04b      	beq.n	10000fa8 <alarm_pool_irq_handler+0x12c>
10000f10:	2d00      	cmp	r5, #0
10000f12:	da3c      	bge.n	10000f8e <alarm_pool_irq_handler+0x112>
10000f14:	0030      	movs	r0, r6
10000f16:	0039      	movs	r1, r7
10000f18:	1b00      	subs	r0, r0, r4
10000f1a:	41a9      	sbcs	r1, r5
10000f1c:	9000      	str	r0, [sp, #0]
10000f1e:	9101      	str	r1, [sp, #4]
10000f20:	4653      	mov	r3, sl
10000f22:	9800      	ldr	r0, [sp, #0]
10000f24:	9901      	ldr	r1, [sp, #4]
10000f26:	6098      	str	r0, [r3, #8]
10000f28:	60d9      	str	r1, [r3, #12]
10000f2a:	2500      	movs	r5, #0
10000f2c:	5f5d      	ldrsh	r5, [r3, r5]
10000f2e:	2d00      	cmp	r5, #0
10000f30:	da00      	bge.n	10000f34 <alarm_pool_irq_handler+0xb8>
10000f32:	e0db      	b.n	100010ec <alarm_pool_irq_handler+0x270>
10000f34:	4643      	mov	r3, r8
10000f36:	695c      	ldr	r4, [r3, #20]
10000f38:	006b      	lsls	r3, r5, #1
10000f3a:	195b      	adds	r3, r3, r5
10000f3c:	00db      	lsls	r3, r3, #3
10000f3e:	18e3      	adds	r3, r4, r3
10000f40:	689a      	ldr	r2, [r3, #8]
10000f42:	68db      	ldr	r3, [r3, #12]
10000f44:	1a80      	subs	r0, r0, r2
10000f46:	4199      	sbcs	r1, r3
10000f48:	2900      	cmp	r1, #0
10000f4a:	da00      	bge.n	10000f4e <alarm_pool_irq_handler+0xd2>
10000f4c:	e0ce      	b.n	100010ec <alarm_pool_irq_handler+0x270>
10000f4e:	4643      	mov	r3, r8
10000f50:	811d      	strh	r5, [r3, #8]
10000f52:	4647      	mov	r7, r8
10000f54:	3708      	adds	r7, #8
10000f56:	2300      	movs	r3, #0
10000f58:	5efe      	ldrsh	r6, [r7, r3]
10000f5a:	2e00      	cmp	r6, #0
10000f5c:	db1f      	blt.n	10000f9e <alarm_pool_irq_handler+0x122>
10000f5e:	0075      	lsls	r5, r6, #1
10000f60:	19ad      	adds	r5, r5, r6
10000f62:	00ed      	lsls	r5, r5, #3
10000f64:	1965      	adds	r5, r4, r5
10000f66:	9a00      	ldr	r2, [sp, #0]
10000f68:	9b01      	ldr	r3, [sp, #4]
10000f6a:	68a8      	ldr	r0, [r5, #8]
10000f6c:	68e9      	ldr	r1, [r5, #12]
10000f6e:	1a12      	subs	r2, r2, r0
10000f70:	418b      	sbcs	r3, r1
10000f72:	2b00      	cmp	r3, #0
10000f74:	db13      	blt.n	10000f9e <alarm_pool_irq_handler+0x122>
10000f76:	002f      	movs	r7, r5
10000f78:	e7ed      	b.n	10000f56 <alarm_pool_irq_handler+0xda>
10000f7a:	4653      	mov	r3, sl
10000f7c:	695c      	ldr	r4, [r3, #20]
10000f7e:	0020      	movs	r0, r4
10000f80:	6923      	ldr	r3, [r4, #16]
10000f82:	4798      	blx	r3
10000f84:	2800      	cmp	r0, #0
10000f86:	d00f      	beq.n	10000fa8 <alarm_pool_irq_handler+0x12c>
10000f88:	6865      	ldr	r5, [r4, #4]
10000f8a:	6824      	ldr	r4, [r4, #0]
10000f8c:	e7bd      	b.n	10000f0a <alarm_pool_irq_handler+0x8e>
10000f8e:	4875      	ldr	r0, [pc, #468]	; (10001164 <alarm_pool_irq_handler+0x2e8>)
10000f90:	f000 fb34 	bl	100015fc <timer_time_us_64>
10000f94:	1900      	adds	r0, r0, r4
10000f96:	4169      	adcs	r1, r5
10000f98:	9000      	str	r0, [sp, #0]
10000f9a:	9101      	str	r1, [sp, #4]
10000f9c:	e7c0      	b.n	10000f20 <alarm_pool_irq_handler+0xa4>
10000f9e:	4653      	mov	r3, sl
10000fa0:	801e      	strh	r6, [r3, #0]
10000fa2:	464b      	mov	r3, r9
10000fa4:	803b      	strh	r3, [r7, #0]
10000fa6:	e0a1      	b.n	100010ec <alarm_pool_irq_handler+0x270>
10000fa8:	4653      	mov	r3, sl
10000faa:	2200      	movs	r2, #0
10000fac:	5e9b      	ldrsh	r3, [r3, r2]
10000fae:	4642      	mov	r2, r8
10000fb0:	8113      	strh	r3, [r2, #8]
10000fb2:	6912      	ldr	r2, [r2, #16]
10000fb4:	f3ef 8310 	mrs	r3, PRIMASK
10000fb8:	b672      	cpsid	i
10000fba:	6811      	ldr	r1, [r2, #0]
10000fbc:	2900      	cmp	r1, #0
10000fbe:	d0fc      	beq.n	10000fba <alarm_pool_irq_handler+0x13e>
10000fc0:	f3bf 8f5f 	dmb	sy
10000fc4:	4642      	mov	r2, r8
10000fc6:	2102      	movs	r1, #2
10000fc8:	5e52      	ldrsh	r2, [r2, r1]
10000fca:	4651      	mov	r1, sl
10000fcc:	800a      	strh	r2, [r1, #0]
10000fce:	4642      	mov	r2, r8
10000fd0:	4649      	mov	r1, r9
10000fd2:	8051      	strh	r1, [r2, #2]
10000fd4:	6912      	ldr	r2, [r2, #16]
10000fd6:	f3bf 8f5f 	dmb	sy
10000fda:	2100      	movs	r1, #0
10000fdc:	6011      	str	r1, [r2, #0]
10000fde:	f383 8810 	msr	PRIMASK, r3
10000fe2:	e083      	b.n	100010ec <alarm_pool_irq_handler+0x270>
10000fe4:	4643      	mov	r3, r8
10000fe6:	691a      	ldr	r2, [r3, #16]
10000fe8:	f3ef 8110 	mrs	r1, PRIMASK
10000fec:	b672      	cpsid	i
10000fee:	6813      	ldr	r3, [r2, #0]
10000ff0:	2b00      	cmp	r3, #0
10000ff2:	d0fc      	beq.n	10000fee <alarm_pool_irq_handler+0x172>
10000ff4:	f3bf 8f5f 	dmb	sy
10000ff8:	4643      	mov	r3, r8
10000ffa:	889b      	ldrh	r3, [r3, #4]
10000ffc:	b21b      	sxth	r3, r3
10000ffe:	4699      	mov	r9, r3
10001000:	2301      	movs	r3, #1
10001002:	425b      	negs	r3, r3
10001004:	4642      	mov	r2, r8
10001006:	8093      	strh	r3, [r2, #4]
10001008:	6913      	ldr	r3, [r2, #16]
1000100a:	f3bf 8f5f 	dmb	sy
1000100e:	2200      	movs	r2, #0
10001010:	601a      	str	r2, [r3, #0]
10001012:	f381 8810 	msr	PRIMASK, r1
10001016:	e018      	b.n	1000104a <alarm_pool_irq_handler+0x1ce>
10001018:	0026      	movs	r6, r4
1000101a:	2300      	movs	r3, #0
1000101c:	5ef5      	ldrsh	r5, [r6, r3]
1000101e:	2d00      	cmp	r5, #0
10001020:	db0b      	blt.n	1000103a <alarm_pool_irq_handler+0x1be>
10001022:	006c      	lsls	r4, r5, #1
10001024:	1964      	adds	r4, r4, r5
10001026:	00e4      	lsls	r4, r4, #3
10001028:	193c      	adds	r4, r7, r4
1000102a:	9a00      	ldr	r2, [sp, #0]
1000102c:	9b01      	ldr	r3, [sp, #4]
1000102e:	68a0      	ldr	r0, [r4, #8]
10001030:	68e1      	ldr	r1, [r4, #12]
10001032:	1a12      	subs	r2, r2, r0
10001034:	418b      	sbcs	r3, r1
10001036:	2b00      	cmp	r3, #0
10001038:	daee      	bge.n	10001018 <alarm_pool_irq_handler+0x19c>
1000103a:	464b      	mov	r3, r9
1000103c:	8033      	strh	r3, [r6, #0]
1000103e:	4663      	mov	r3, ip
10001040:	2200      	movs	r2, #0
10001042:	5e9b      	ldrsh	r3, [r3, r2]
10001044:	4699      	mov	r9, r3
10001046:	4663      	mov	r3, ip
10001048:	801d      	strh	r5, [r3, #0]
1000104a:	464b      	mov	r3, r9
1000104c:	2b00      	cmp	r3, #0
1000104e:	db53      	blt.n	100010f8 <alarm_pool_irq_handler+0x27c>
10001050:	4643      	mov	r3, r8
10001052:	695f      	ldr	r7, [r3, #20]
10001054:	464b      	mov	r3, r9
10001056:	005b      	lsls	r3, r3, #1
10001058:	444b      	add	r3, r9
1000105a:	00db      	lsls	r3, r3, #3
1000105c:	469c      	mov	ip, r3
1000105e:	44bc      	add	ip, r7
10001060:	4663      	mov	r3, ip
10001062:	68dc      	ldr	r4, [r3, #12]
10001064:	689b      	ldr	r3, [r3, #8]
10001066:	9300      	str	r3, [sp, #0]
10001068:	9401      	str	r4, [sp, #4]
1000106a:	4646      	mov	r6, r8
1000106c:	3608      	adds	r6, #8
1000106e:	e7d4      	b.n	1000101a <alarm_pool_irq_handler+0x19e>
10001070:	2300      	movs	r3, #0
10001072:	4642      	mov	r2, r8
10001074:	7193      	strb	r3, [r2, #6]
10001076:	4641      	mov	r1, r8
10001078:	3108      	adds	r1, #8
1000107a:	4643      	mov	r3, r8
1000107c:	2008      	movs	r0, #8
1000107e:	5e18      	ldrsh	r0, [r3, r0]
10001080:	e011      	b.n	100010a6 <alarm_pool_irq_handler+0x22a>
10001082:	2201      	movs	r2, #1
10001084:	4252      	negs	r2, r2
10001086:	17d3      	asrs	r3, r2, #31
10001088:	60a2      	str	r2, [r4, #8]
1000108a:	60e3      	str	r3, [r4, #12]
1000108c:	4643      	mov	r3, r8
1000108e:	2208      	movs	r2, #8
10001090:	5e9b      	ldrsh	r3, [r3, r2]
10001092:	4283      	cmp	r3, r0
10001094:	d006      	beq.n	100010a4 <alarm_pool_irq_handler+0x228>
10001096:	800d      	strh	r5, [r1, #0]
10001098:	4643      	mov	r3, r8
1000109a:	2208      	movs	r2, #8
1000109c:	5e9b      	ldrsh	r3, [r3, r2]
1000109e:	8023      	strh	r3, [r4, #0]
100010a0:	4643      	mov	r3, r8
100010a2:	8118      	strh	r0, [r3, #8]
100010a4:	0028      	movs	r0, r5
100010a6:	1c43      	adds	r3, r0, #1
100010a8:	d02a      	beq.n	10001100 <alarm_pool_irq_handler+0x284>
100010aa:	4643      	mov	r3, r8
100010ac:	695a      	ldr	r2, [r3, #20]
100010ae:	0043      	lsls	r3, r0, #1
100010b0:	181b      	adds	r3, r3, r0
100010b2:	00db      	lsls	r3, r3, #3
100010b4:	18d4      	adds	r4, r2, r3
100010b6:	5ed5      	ldrsh	r5, [r2, r3]
100010b8:	8863      	ldrh	r3, [r4, #2]
100010ba:	b21b      	sxth	r3, r3
100010bc:	2b00      	cmp	r3, #0
100010be:	dbe0      	blt.n	10001082 <alarm_pool_irq_handler+0x206>
100010c0:	0021      	movs	r1, r4
100010c2:	e7ef      	b.n	100010a4 <alarm_pool_irq_handler+0x228>
100010c4:	1c6b      	adds	r3, r5, #1
100010c6:	d12b      	bne.n	10001120 <alarm_pool_irq_handler+0x2a4>
100010c8:	4826      	ldr	r0, [pc, #152]	; (10001164 <alarm_pool_irq_handler+0x2e8>)
100010ca:	f000 fa97 	bl	100015fc <timer_time_us_64>
100010ce:	1a24      	subs	r4, r4, r0
100010d0:	418d      	sbcs	r5, r1
100010d2:	2d00      	cmp	r5, #0
100010d4:	dc34      	bgt.n	10001140 <alarm_pool_irq_handler+0x2c4>
100010d6:	d031      	beq.n	1000113c <alarm_pool_irq_handler+0x2c0>
100010d8:	4b22      	ldr	r3, [pc, #136]	; (10001164 <alarm_pool_irq_handler+0x2e8>)
100010da:	9a03      	ldr	r2, [sp, #12]
100010dc:	635a      	str	r2, [r3, #52]	; 0x34
100010de:	4643      	mov	r3, r8
100010e0:	2208      	movs	r2, #8
100010e2:	5e9b      	ldrsh	r3, [r3, r2]
100010e4:	4699      	mov	r9, r3
100010e6:	2b00      	cmp	r3, #0
100010e8:	db00      	blt.n	100010ec <alarm_pool_irq_handler+0x270>
100010ea:	e6e8      	b.n	10000ebe <alarm_pool_irq_handler+0x42>
100010ec:	4643      	mov	r3, r8
100010ee:	889b      	ldrh	r3, [r3, #4]
100010f0:	b21b      	sxth	r3, r3
100010f2:	2b00      	cmp	r3, #0
100010f4:	db00      	blt.n	100010f8 <alarm_pool_irq_handler+0x27c>
100010f6:	e775      	b.n	10000fe4 <alarm_pool_irq_handler+0x168>
100010f8:	4643      	mov	r3, r8
100010fa:	799b      	ldrb	r3, [r3, #6]
100010fc:	2b00      	cmp	r3, #0
100010fe:	d1b7      	bne.n	10001070 <alarm_pool_irq_handler+0x1f4>
10001100:	4643      	mov	r3, r8
10001102:	2208      	movs	r2, #8
10001104:	5e9a      	ldrsh	r2, [r3, r2]
10001106:	2a00      	cmp	r2, #0
10001108:	db1a      	blt.n	10001140 <alarm_pool_irq_handler+0x2c4>
1000110a:	0053      	lsls	r3, r2, #1
1000110c:	189b      	adds	r3, r3, r2
1000110e:	00db      	lsls	r3, r3, #3
10001110:	4642      	mov	r2, r8
10001112:	6952      	ldr	r2, [r2, #20]
10001114:	4694      	mov	ip, r2
10001116:	4463      	add	r3, ip
10001118:	689c      	ldr	r4, [r3, #8]
1000111a:	68dd      	ldr	r5, [r3, #12]
1000111c:	1c63      	adds	r3, r4, #1
1000111e:	d0d1      	beq.n	100010c4 <alarm_pool_irq_handler+0x248>
10001120:	4b10      	ldr	r3, [pc, #64]	; (10001164 <alarm_pool_irq_handler+0x2e8>)
10001122:	6a99      	ldr	r1, [r3, #40]	; 0x28
10001124:	1a60      	subs	r0, r4, r1
10001126:	465a      	mov	r2, fp
10001128:	3204      	adds	r2, #4
1000112a:	0092      	lsls	r2, r2, #2
1000112c:	58d3      	ldr	r3, [r2, r3]
1000112e:	1a5b      	subs	r3, r3, r1
10001130:	4298      	cmp	r0, r3
10001132:	d2c9      	bcs.n	100010c8 <alarm_pool_irq_handler+0x24c>
10001134:	0013      	movs	r3, r2
10001136:	4a0b      	ldr	r2, [pc, #44]	; (10001164 <alarm_pool_irq_handler+0x2e8>)
10001138:	509c      	str	r4, [r3, r2]
1000113a:	e7c5      	b.n	100010c8 <alarm_pool_irq_handler+0x24c>
1000113c:	2c00      	cmp	r4, #0
1000113e:	d0cb      	beq.n	100010d8 <alarm_pool_irq_handler+0x25c>
10001140:	bf40      	sev
10001142:	b005      	add	sp, #20
10001144:	bcf0      	pop	{r4, r5, r6, r7}
10001146:	46bb      	mov	fp, r7
10001148:	46b2      	mov	sl, r6
1000114a:	46a9      	mov	r9, r5
1000114c:	46a0      	mov	r8, r4
1000114e:	bdf0      	pop	{r4, r5, r6, r7, pc}
10001150:	20002544 	.word	0x20002544
10001154:	4005703c 	.word	0x4005703c
10001158:	10008ff0 	.word	0x10008ff0
1000115c:	100090d8 	.word	0x100090d8
10001160:	1000901c 	.word	0x1000901c
10001164:	40054000 	.word	0x40054000
10001168:	10000e7d 	.word	0x10000e7d

1000116c <alarm_pool_post_alloc_init>:
1000116c:	b5f8      	push	{r3, r4, r5, r6, r7, lr}
1000116e:	46ce      	mov	lr, r9
10001170:	4647      	mov	r7, r8
10001172:	b580      	push	{r7, lr}
10001174:	0006      	movs	r6, r0
10001176:	4688      	mov	r8, r1
10001178:	4691      	mov	r9, r2
1000117a:	001f      	movs	r7, r3
1000117c:	60c1      	str	r1, [r0, #12]
1000117e:	f7ff fa77 	bl	10000670 <next_striped_spin_lock_num>
10001182:	4b1b      	ldr	r3, [pc, #108]	; (100011f0 <alarm_pool_post_alloc_init+0x84>)
10001184:	469c      	mov	ip, r3
10001186:	4460      	add	r0, ip
10001188:	0080      	lsls	r0, r0, #2
1000118a:	6130      	str	r0, [r6, #16]
1000118c:	464b      	mov	r3, r9
1000118e:	7033      	strb	r3, [r6, #0]
10001190:	b2bb      	uxth	r3, r7
10001192:	8173      	strh	r3, [r6, #10]
10001194:	22d0      	movs	r2, #208	; 0xd0
10001196:	0612      	lsls	r2, r2, #24
10001198:	7812      	ldrb	r2, [r2, #0]
1000119a:	7072      	strb	r2, [r6, #1]
1000119c:	2201      	movs	r2, #1
1000119e:	4252      	negs	r2, r2
100011a0:	8132      	strh	r2, [r6, #8]
100011a2:	80b2      	strh	r2, [r6, #4]
100011a4:	189b      	adds	r3, r3, r2
100011a6:	8073      	strh	r3, [r6, #2]
100011a8:	2400      	movs	r4, #0
100011aa:	e006      	b.n	100011ba <alarm_pool_post_alloc_init+0x4e>
100011ac:	1e63      	subs	r3, r4, #1
100011ae:	0065      	lsls	r5, r4, #1
100011b0:	192d      	adds	r5, r5, r4
100011b2:	00ed      	lsls	r5, r5, #3
100011b4:	6972      	ldr	r2, [r6, #20]
100011b6:	5353      	strh	r3, [r2, r5]
100011b8:	3401      	adds	r4, #1
100011ba:	42bc      	cmp	r4, r7
100011bc:	d3f6      	bcc.n	100011ac <alarm_pool_post_alloc_init+0x40>
100011be:	464b      	mov	r3, r9
100011c0:	009a      	lsls	r2, r3, #2
100011c2:	4b0c      	ldr	r3, [pc, #48]	; (100011f4 <alarm_pool_post_alloc_init+0x88>)
100011c4:	50d6      	str	r6, [r2, r3]
100011c6:	2401      	movs	r4, #1
100011c8:	464b      	mov	r3, r9
100011ca:	409c      	lsls	r4, r3
100011cc:	4643      	mov	r3, r8
100011ce:	621c      	str	r4, [r3, #32]
100011d0:	4909      	ldr	r1, [pc, #36]	; (100011f8 <alarm_pool_post_alloc_init+0x8c>)
100011d2:	4648      	mov	r0, r9
100011d4:	f7ff fb2c 	bl	10000830 <irq_set_exclusive_handler>
100011d8:	2101      	movs	r1, #1
100011da:	4648      	mov	r0, r9
100011dc:	f7ff fafc 	bl	100007d8 <irq_set_enabled>
100011e0:	4906      	ldr	r1, [pc, #24]	; (100011fc <alarm_pool_post_alloc_init+0x90>)
100011e2:	4441      	add	r1, r8
100011e4:	600c      	str	r4, [r1, #0]
100011e6:	bcc0      	pop	{r6, r7}
100011e8:	46b9      	mov	r9, r7
100011ea:	46b0      	mov	r8, r6
100011ec:	bdf8      	pop	{r3, r4, r5, r6, r7, pc}
100011ee:	46c0      	nop			; (mov r8, r8)
100011f0:	34000040 	.word	0x34000040
100011f4:	20002544 	.word	0x20002544
100011f8:	10000e7d 	.word	0x10000e7d
100011fc:	00002038 	.word	0x00002038

10001200 <alarm_pool_get_default>:
10001200:	b510      	push	{r4, lr}
10001202:	4b06      	ldr	r3, [pc, #24]	; (1000121c <alarm_pool_get_default+0x1c>)
10001204:	691b      	ldr	r3, [r3, #16]
10001206:	2b00      	cmp	r3, #0
10001208:	d001      	beq.n	1000120e <alarm_pool_get_default+0xe>
1000120a:	4804      	ldr	r0, [pc, #16]	; (1000121c <alarm_pool_get_default+0x1c>)
1000120c:	bd10      	pop	{r4, pc}
1000120e:	4b04      	ldr	r3, [pc, #16]	; (10001220 <alarm_pool_get_default+0x20>)
10001210:	4a04      	ldr	r2, [pc, #16]	; (10001224 <alarm_pool_get_default+0x24>)
10001212:	2165      	movs	r1, #101	; 0x65
10001214:	4804      	ldr	r0, [pc, #16]	; (10001228 <alarm_pool_get_default+0x28>)
10001216:	f002 fde3 	bl	10003de0 <__assert_func>
1000121a:	46c0      	nop			; (mov r8, r8)
1000121c:	20000d98 	.word	0x20000d98
10001220:	1000904c 	.word	0x1000904c
10001224:	100090c0 	.word	0x100090c0
10001228:	1000901c 	.word	0x1000901c

1000122c <alarm_pool_add_alarm_at_force_in_context>:
1000122c:	b5f0      	push	{r4, r5, r6, r7, lr}
1000122e:	46c6      	mov	lr, r8
10001230:	b500      	push	{lr}
10001232:	0004      	movs	r4, r0
10001234:	6900      	ldr	r0, [r0, #16]
10001236:	f3ef 8c10 	mrs	ip, PRIMASK
1000123a:	b672      	cpsid	i
1000123c:	6801      	ldr	r1, [r0, #0]
1000123e:	2900      	cmp	r1, #0
10001240:	d0fc      	beq.n	1000123c <alarm_pool_add_alarm_at_force_in_context+0x10>
10001242:	f3bf 8f5f 	dmb	sy
10001246:	2102      	movs	r1, #2
10001248:	5e66      	ldrsh	r6, [r4, r1]
1000124a:	0075      	lsls	r5, r6, #1
1000124c:	19ad      	adds	r5, r5, r6
1000124e:	00ed      	lsls	r5, r5, #3
10001250:	6961      	ldr	r1, [r4, #20]
10001252:	4688      	mov	r8, r1
10001254:	4445      	add	r5, r8
10001256:	2e00      	cmp	r6, #0
10001258:	db02      	blt.n	10001260 <alarm_pool_add_alarm_at_force_in_context+0x34>
1000125a:	2000      	movs	r0, #0
1000125c:	5e29      	ldrsh	r1, [r5, r0]
1000125e:	8061      	strh	r1, [r4, #2]
10001260:	6921      	ldr	r1, [r4, #16]
10001262:	f3bf 8f5f 	dmb	sy
10001266:	2000      	movs	r0, #0
10001268:	6008      	str	r0, [r1, #0]
1000126a:	f38c 8810 	msr	PRIMASK, ip
1000126e:	2e00      	cmp	r6, #0
10001270:	db2e      	blt.n	100012d0 <alarm_pool_add_alarm_at_force_in_context+0xa4>
10001272:	9906      	ldr	r1, [sp, #24]
10001274:	6129      	str	r1, [r5, #16]
10001276:	9907      	ldr	r1, [sp, #28]
10001278:	6169      	str	r1, [r5, #20]
1000127a:	60aa      	str	r2, [r5, #8]
1000127c:	60eb      	str	r3, [r5, #12]
1000127e:	886b      	ldrh	r3, [r5, #2]
10001280:	3301      	adds	r3, #1
10001282:	045b      	lsls	r3, r3, #17
10001284:	0c59      	lsrs	r1, r3, #17
10001286:	2b00      	cmp	r3, #0
10001288:	d100      	bne.n	1000128c <alarm_pool_add_alarm_at_force_in_context+0x60>
1000128a:	2101      	movs	r1, #1
1000128c:	8069      	strh	r1, [r5, #2]
1000128e:	0030      	movs	r0, r6
10001290:	f7ff fdd8 	bl	10000e44 <make_alarm_id>
10001294:	6922      	ldr	r2, [r4, #16]
10001296:	f3ef 8110 	mrs	r1, PRIMASK
1000129a:	b672      	cpsid	i
1000129c:	6813      	ldr	r3, [r2, #0]
1000129e:	2b00      	cmp	r3, #0
100012a0:	d0fc      	beq.n	1000129c <alarm_pool_add_alarm_at_force_in_context+0x70>
100012a2:	f3bf 8f5f 	dmb	sy
100012a6:	88a3      	ldrh	r3, [r4, #4]
100012a8:	802b      	strh	r3, [r5, #0]
100012aa:	80a6      	strh	r6, [r4, #4]
100012ac:	6923      	ldr	r3, [r4, #16]
100012ae:	f3bf 8f5f 	dmb	sy
100012b2:	2200      	movs	r2, #0
100012b4:	601a      	str	r2, [r3, #0]
100012b6:	f381 8810 	msr	PRIMASK, r1
100012ba:	68e3      	ldr	r3, [r4, #12]
100012bc:	7821      	ldrb	r1, [r4, #0]
100012be:	3201      	adds	r2, #1
100012c0:	408a      	lsls	r2, r1
100012c2:	4905      	ldr	r1, [pc, #20]	; (100012d8 <alarm_pool_add_alarm_at_force_in_context+0xac>)
100012c4:	468c      	mov	ip, r1
100012c6:	4463      	add	r3, ip
100012c8:	601a      	str	r2, [r3, #0]
100012ca:	bc80      	pop	{r7}
100012cc:	46b8      	mov	r8, r7
100012ce:	bdf0      	pop	{r4, r5, r6, r7, pc}
100012d0:	2001      	movs	r0, #1
100012d2:	4240      	negs	r0, r0
100012d4:	e7f9      	b.n	100012ca <alarm_pool_add_alarm_at_force_in_context+0x9e>
100012d6:	46c0      	nop			; (mov r8, r8)
100012d8:	0000203c 	.word	0x0000203c

100012dc <alarm_pool_add_alarm_at>:
100012dc:	b570      	push	{r4, r5, r6, lr}
100012de:	b082      	sub	sp, #8
100012e0:	0006      	movs	r6, r0
100012e2:	0014      	movs	r4, r2
100012e4:	001d      	movs	r5, r3
100012e6:	ab08      	add	r3, sp, #32
100012e8:	781b      	ldrb	r3, [r3, #0]
100012ea:	2b00      	cmp	r3, #0
100012ec:	d107      	bne.n	100012fe <alarm_pool_add_alarm_at+0x22>
100012ee:	f000 f9b7 	bl	10001660 <time_us_64>
100012f2:	0022      	movs	r2, r4
100012f4:	002b      	movs	r3, r5
100012f6:	1a12      	subs	r2, r2, r0
100012f8:	418b      	sbcs	r3, r1
100012fa:	2b00      	cmp	r3, #0
100012fc:	db0a      	blt.n	10001314 <alarm_pool_add_alarm_at+0x38>
100012fe:	9b07      	ldr	r3, [sp, #28]
10001300:	9301      	str	r3, [sp, #4]
10001302:	9b06      	ldr	r3, [sp, #24]
10001304:	9300      	str	r3, [sp, #0]
10001306:	0022      	movs	r2, r4
10001308:	002b      	movs	r3, r5
1000130a:	0030      	movs	r0, r6
1000130c:	f7ff ff8e 	bl	1000122c <alarm_pool_add_alarm_at_force_in_context>
10001310:	b002      	add	sp, #8
10001312:	bd70      	pop	{r4, r5, r6, pc}
10001314:	2000      	movs	r0, #0
10001316:	e7fb      	b.n	10001310 <alarm_pool_add_alarm_at+0x34>

10001318 <alarm_pool_cancel_alarm>:
10001318:	b510      	push	{r4, lr}
1000131a:	0003      	movs	r3, r0
1000131c:	1408      	asrs	r0, r1, #16
1000131e:	895a      	ldrh	r2, [r3, #10]
10001320:	4290      	cmp	r0, r2
10001322:	da2f      	bge.n	10001384 <alarm_pool_cancel_alarm+0x6c>
10001324:	0042      	lsls	r2, r0, #1
10001326:	1812      	adds	r2, r2, r0
10001328:	00d2      	lsls	r2, r2, #3
1000132a:	6958      	ldr	r0, [r3, #20]
1000132c:	4684      	mov	ip, r0
1000132e:	4462      	add	r2, ip
10001330:	691c      	ldr	r4, [r3, #16]
10001332:	f3ef 8c10 	mrs	ip, PRIMASK
10001336:	b672      	cpsid	i
10001338:	6820      	ldr	r0, [r4, #0]
1000133a:	2800      	cmp	r0, #0
1000133c:	d0fc      	beq.n	10001338 <alarm_pool_cancel_alarm+0x20>
1000133e:	f3bf 8f5f 	dmb	sy
10001342:	8850      	ldrh	r0, [r2, #2]
10001344:	b280      	uxth	r0, r0
10001346:	0409      	lsls	r1, r1, #16
10001348:	0c09      	lsrs	r1, r1, #16
1000134a:	4288      	cmp	r0, r1
1000134c:	d012      	beq.n	10001374 <alarm_pool_cancel_alarm+0x5c>
1000134e:	2000      	movs	r0, #0
10001350:	691a      	ldr	r2, [r3, #16]
10001352:	f3bf 8f5f 	dmb	sy
10001356:	2100      	movs	r1, #0
10001358:	6011      	str	r1, [r2, #0]
1000135a:	f38c 8810 	msr	PRIMASK, ip
1000135e:	2800      	cmp	r0, #0
10001360:	d011      	beq.n	10001386 <alarm_pool_cancel_alarm+0x6e>
10001362:	68da      	ldr	r2, [r3, #12]
10001364:	781b      	ldrb	r3, [r3, #0]
10001366:	3101      	adds	r1, #1
10001368:	4099      	lsls	r1, r3
1000136a:	4b07      	ldr	r3, [pc, #28]	; (10001388 <alarm_pool_cancel_alarm+0x70>)
1000136c:	469c      	mov	ip, r3
1000136e:	4462      	add	r2, ip
10001370:	6011      	str	r1, [r2, #0]
10001372:	e008      	b.n	10001386 <alarm_pool_cancel_alarm+0x6e>
10001374:	4905      	ldr	r1, [pc, #20]	; (1000138c <alarm_pool_cancel_alarm+0x74>)
10001376:	4308      	orrs	r0, r1
10001378:	b280      	uxth	r0, r0
1000137a:	8050      	strh	r0, [r2, #2]
1000137c:	2201      	movs	r2, #1
1000137e:	719a      	strb	r2, [r3, #6]
10001380:	2001      	movs	r0, #1
10001382:	e7e5      	b.n	10001350 <alarm_pool_cancel_alarm+0x38>
10001384:	2000      	movs	r0, #0
10001386:	bd10      	pop	{r4, pc}
10001388:	0000203c 	.word	0x0000203c
1000138c:	ffff8000 	.word	0xffff8000

10001390 <alarm_pool_core_num>:
10001390:	7840      	ldrb	r0, [r0, #1]
10001392:	4770      	bx	lr

10001394 <sleep_until>:
10001394:	b5f0      	push	{r4, r5, r6, r7, lr}
10001396:	b085      	sub	sp, #20
10001398:	0006      	movs	r6, r0
1000139a:	000f      	movs	r7, r1
1000139c:	f3ef 8305 	mrs	r3, IPSR
100013a0:	2b00      	cmp	r3, #0
100013a2:	d11a      	bne.n	100013da <sleep_until+0x46>
100013a4:	2406      	movs	r4, #6
100013a6:	4264      	negs	r4, r4
100013a8:	17e5      	asrs	r5, r4, #31
100013aa:	19a4      	adds	r4, r4, r6
100013ac:	417d      	adcs	r5, r7
100013ae:	428d      	cmp	r5, r1
100013b0:	d802      	bhi.n	100013b8 <sleep_until+0x24>
100013b2:	d103      	bne.n	100013bc <sleep_until+0x28>
100013b4:	4284      	cmp	r4, r0
100013b6:	d901      	bls.n	100013bc <sleep_until+0x28>
100013b8:	2400      	movs	r4, #0
100013ba:	2500      	movs	r5, #0
100013bc:	f000 f950 	bl	10001660 <time_us_64>
100013c0:	0022      	movs	r2, r4
100013c2:	002b      	movs	r3, r5
100013c4:	1a12      	subs	r2, r2, r0
100013c6:	418b      	sbcs	r3, r1
100013c8:	2b00      	cmp	r3, #0
100013ca:	dc0b      	bgt.n	100013e4 <sleep_until+0x50>
100013cc:	d008      	beq.n	100013e0 <sleep_until+0x4c>
100013ce:	0030      	movs	r0, r6
100013d0:	0039      	movs	r1, r7
100013d2:	f000 f957 	bl	10001684 <busy_wait_until>
100013d6:	b005      	add	sp, #20
100013d8:	bdf0      	pop	{r4, r5, r6, r7, pc}
100013da:	481c      	ldr	r0, [pc, #112]	; (1000144c <sleep_until+0xb8>)
100013dc:	f7ff f8d8 	bl	10000590 <panic>
100013e0:	2a00      	cmp	r2, #0
100013e2:	d0f4      	beq.n	100013ce <sleep_until+0x3a>
100013e4:	f7ff ff0c 	bl	10001200 <alarm_pool_get_default>
100013e8:	2300      	movs	r3, #0
100013ea:	9302      	str	r3, [sp, #8]
100013ec:	9301      	str	r3, [sp, #4]
100013ee:	4b18      	ldr	r3, [pc, #96]	; (10001450 <sleep_until+0xbc>)
100013f0:	9300      	str	r3, [sp, #0]
100013f2:	0022      	movs	r2, r4
100013f4:	002b      	movs	r3, r5
100013f6:	f7ff ff71 	bl	100012dc <alarm_pool_add_alarm_at>
100013fa:	2800      	cmp	r0, #0
100013fc:	da18      	bge.n	10001430 <sleep_until+0x9c>
100013fe:	e7e6      	b.n	100013ce <sleep_until+0x3a>
10001400:	2300      	movs	r3, #0
10001402:	e000      	b.n	10001406 <sleep_until+0x72>
10001404:	2300      	movs	r3, #0
10001406:	2b00      	cmp	r3, #0
10001408:	d1e1      	bne.n	100013ce <sleep_until+0x3a>
1000140a:	4b12      	ldr	r3, [pc, #72]	; (10001454 <sleep_until+0xc0>)
1000140c:	681a      	ldr	r2, [r3, #0]
1000140e:	f3ef 8110 	mrs	r1, PRIMASK
10001412:	b672      	cpsid	i
10001414:	6813      	ldr	r3, [r2, #0]
10001416:	2b00      	cmp	r3, #0
10001418:	d0fc      	beq.n	10001414 <sleep_until+0x80>
1000141a:	f3bf 8f5f 	dmb	sy
1000141e:	4b0d      	ldr	r3, [pc, #52]	; (10001454 <sleep_until+0xc0>)
10001420:	681b      	ldr	r3, [r3, #0]
10001422:	f3bf 8f5f 	dmb	sy
10001426:	2200      	movs	r2, #0
10001428:	601a      	str	r2, [r3, #0]
1000142a:	f381 8810 	msr	PRIMASK, r1
1000142e:	bf20      	wfe
10001430:	4b09      	ldr	r3, [pc, #36]	; (10001458 <sleep_until+0xc4>)
10001432:	6a5b      	ldr	r3, [r3, #36]	; 0x24
10001434:	429d      	cmp	r5, r3
10001436:	d8e5      	bhi.n	10001404 <sleep_until+0x70>
10001438:	4907      	ldr	r1, [pc, #28]	; (10001458 <sleep_until+0xc4>)
1000143a:	6a89      	ldr	r1, [r1, #40]	; 0x28
1000143c:	42a1      	cmp	r1, r4
1000143e:	d203      	bcs.n	10001448 <sleep_until+0xb4>
10001440:	429d      	cmp	r5, r3
10001442:	d0dd      	beq.n	10001400 <sleep_until+0x6c>
10001444:	2301      	movs	r3, #1
10001446:	e7de      	b.n	10001406 <sleep_until+0x72>
10001448:	2301      	movs	r3, #1
1000144a:	e7dc      	b.n	10001406 <sleep_until+0x72>
1000144c:	10009070 	.word	0x10009070
10001450:	10000e4d 	.word	0x10000e4d
10001454:	200027e0 	.word	0x200027e0
10001458:	40054000 	.word	0x40054000

1000145c <sleep_us>:
1000145c:	b570      	push	{r4, r5, r6, lr}
1000145e:	0004      	movs	r4, r0
10001460:	000d      	movs	r5, r1
10001462:	f000 f8fd 	bl	10001660 <time_us_64>
10001466:	1900      	adds	r0, r0, r4
10001468:	4169      	adcs	r1, r5
1000146a:	2900      	cmp	r1, #0
1000146c:	db02      	blt.n	10001474 <sleep_us+0x18>
1000146e:	f7ff ff91 	bl	10001394 <sleep_until>
10001472:	bd70      	pop	{r4, r5, r6, pc}
10001474:	2001      	movs	r0, #1
10001476:	4240      	negs	r0, r0
10001478:	4900      	ldr	r1, [pc, #0]	; (1000147c <sleep_us+0x20>)
1000147a:	e7f8      	b.n	1000146e <sleep_us+0x12>
1000147c:	7fffffff 	.word	0x7fffffff

10001480 <sleep_ms>:
10001480:	b510      	push	{r4, lr}
10001482:	22fa      	movs	r2, #250	; 0xfa
10001484:	0092      	lsls	r2, r2, #2
10001486:	2300      	movs	r3, #0
10001488:	2100      	movs	r1, #0
1000148a:	f001 faeb 	bl	10002a64 <__wrap___aeabi_lmul>
1000148e:	f7ff ffe5 	bl	1000145c <sleep_us>
10001492:	bd10      	pop	{r4, pc}

10001494 <best_effort_wfe_or_timeout>:
10001494:	b570      	push	{r4, r5, r6, lr}
10001496:	b084      	sub	sp, #16
10001498:	0005      	movs	r5, r0
1000149a:	000c      	movs	r4, r1
1000149c:	f3ef 8305 	mrs	r3, IPSR
100014a0:	2b00      	cmp	r3, #0
100014a2:	d012      	beq.n	100014ca <best_effort_wfe_or_timeout+0x36>
100014a4:	4b3e      	ldr	r3, [pc, #248]	; (100015a0 <best_effort_wfe_or_timeout+0x10c>)
100014a6:	6a5b      	ldr	r3, [r3, #36]	; 0x24
100014a8:	428b      	cmp	r3, r1
100014aa:	d309      	bcc.n	100014c0 <best_effort_wfe_or_timeout+0x2c>
100014ac:	4a3c      	ldr	r2, [pc, #240]	; (100015a0 <best_effort_wfe_or_timeout+0x10c>)
100014ae:	6a92      	ldr	r2, [r2, #40]	; 0x28
100014b0:	4282      	cmp	r2, r0
100014b2:	d208      	bcs.n	100014c6 <best_effort_wfe_or_timeout+0x32>
100014b4:	428b      	cmp	r3, r1
100014b6:	d001      	beq.n	100014bc <best_effort_wfe_or_timeout+0x28>
100014b8:	2001      	movs	r0, #1
100014ba:	e002      	b.n	100014c2 <best_effort_wfe_or_timeout+0x2e>
100014bc:	2000      	movs	r0, #0
100014be:	e000      	b.n	100014c2 <best_effort_wfe_or_timeout+0x2e>
100014c0:	2000      	movs	r0, #0
100014c2:	b004      	add	sp, #16
100014c4:	bd70      	pop	{r4, r5, r6, pc}
100014c6:	2001      	movs	r0, #1
100014c8:	e7fb      	b.n	100014c2 <best_effort_wfe_or_timeout+0x2e>
100014ca:	f7ff fe99 	bl	10001200 <alarm_pool_get_default>
100014ce:	68c1      	ldr	r1, [r0, #12]
100014d0:	7803      	ldrb	r3, [r0, #0]
100014d2:	6a8a      	ldr	r2, [r1, #40]	; 0x28
100014d4:	002e      	movs	r6, r5
100014d6:	1aa8      	subs	r0, r5, r2
100014d8:	3304      	adds	r3, #4
100014da:	009b      	lsls	r3, r3, #2
100014dc:	585b      	ldr	r3, [r3, r1]
100014de:	1a9b      	subs	r3, r3, r2
100014e0:	4298      	cmp	r0, r3
100014e2:	d312      	bcc.n	1000150a <best_effort_wfe_or_timeout+0x76>
100014e4:	bf20      	wfe
100014e6:	4b2e      	ldr	r3, [pc, #184]	; (100015a0 <best_effort_wfe_or_timeout+0x10c>)
100014e8:	6a5b      	ldr	r3, [r3, #36]	; 0x24
100014ea:	429c      	cmp	r4, r3
100014ec:	d809      	bhi.n	10001502 <best_effort_wfe_or_timeout+0x6e>
100014ee:	4a2c      	ldr	r2, [pc, #176]	; (100015a0 <best_effort_wfe_or_timeout+0x10c>)
100014f0:	6a92      	ldr	r2, [r2, #40]	; 0x28
100014f2:	4295      	cmp	r5, r2
100014f4:	d907      	bls.n	10001506 <best_effort_wfe_or_timeout+0x72>
100014f6:	429c      	cmp	r4, r3
100014f8:	d001      	beq.n	100014fe <best_effort_wfe_or_timeout+0x6a>
100014fa:	2001      	movs	r0, #1
100014fc:	e7e1      	b.n	100014c2 <best_effort_wfe_or_timeout+0x2e>
100014fe:	2000      	movs	r0, #0
10001500:	e7df      	b.n	100014c2 <best_effort_wfe_or_timeout+0x2e>
10001502:	2000      	movs	r0, #0
10001504:	e7dd      	b.n	100014c2 <best_effort_wfe_or_timeout+0x2e>
10001506:	2001      	movs	r0, #1
10001508:	e7db      	b.n	100014c2 <best_effort_wfe_or_timeout+0x2e>
1000150a:	f7ff fe79 	bl	10001200 <alarm_pool_get_default>
1000150e:	2300      	movs	r3, #0
10001510:	9302      	str	r3, [sp, #8]
10001512:	9301      	str	r3, [sp, #4]
10001514:	4b23      	ldr	r3, [pc, #140]	; (100015a4 <best_effort_wfe_or_timeout+0x110>)
10001516:	9300      	str	r3, [sp, #0]
10001518:	002a      	movs	r2, r5
1000151a:	0023      	movs	r3, r4
1000151c:	f7ff fede 	bl	100012dc <alarm_pool_add_alarm_at>
10001520:	1e05      	subs	r5, r0, #0
10001522:	dd0b      	ble.n	1000153c <best_effort_wfe_or_timeout+0xa8>
10001524:	4b1e      	ldr	r3, [pc, #120]	; (100015a0 <best_effort_wfe_or_timeout+0x10c>)
10001526:	6a5b      	ldr	r3, [r3, #36]	; 0x24
10001528:	429c      	cmp	r4, r3
1000152a:	d81b      	bhi.n	10001564 <best_effort_wfe_or_timeout+0xd0>
1000152c:	4a1c      	ldr	r2, [pc, #112]	; (100015a0 <best_effort_wfe_or_timeout+0x10c>)
1000152e:	6a92      	ldr	r2, [r2, #40]	; 0x28
10001530:	4296      	cmp	r6, r2
10001532:	d92c      	bls.n	1000158e <best_effort_wfe_or_timeout+0xfa>
10001534:	429c      	cmp	r4, r3
10001536:	d013      	beq.n	10001560 <best_effort_wfe_or_timeout+0xcc>
10001538:	2301      	movs	r3, #1
1000153a:	e014      	b.n	10001566 <best_effort_wfe_or_timeout+0xd2>
1000153c:	4b18      	ldr	r3, [pc, #96]	; (100015a0 <best_effort_wfe_or_timeout+0x10c>)
1000153e:	6a5b      	ldr	r3, [r3, #36]	; 0x24
10001540:	429c      	cmp	r4, r3
10001542:	d809      	bhi.n	10001558 <best_effort_wfe_or_timeout+0xc4>
10001544:	4a16      	ldr	r2, [pc, #88]	; (100015a0 <best_effort_wfe_or_timeout+0x10c>)
10001546:	6a92      	ldr	r2, [r2, #40]	; 0x28
10001548:	4296      	cmp	r6, r2
1000154a:	d907      	bls.n	1000155c <best_effort_wfe_or_timeout+0xc8>
1000154c:	429c      	cmp	r4, r3
1000154e:	d001      	beq.n	10001554 <best_effort_wfe_or_timeout+0xc0>
10001550:	2001      	movs	r0, #1
10001552:	e7b6      	b.n	100014c2 <best_effort_wfe_or_timeout+0x2e>
10001554:	2000      	movs	r0, #0
10001556:	e7b4      	b.n	100014c2 <best_effort_wfe_or_timeout+0x2e>
10001558:	2000      	movs	r0, #0
1000155a:	e7b2      	b.n	100014c2 <best_effort_wfe_or_timeout+0x2e>
1000155c:	2001      	movs	r0, #1
1000155e:	e7b0      	b.n	100014c2 <best_effort_wfe_or_timeout+0x2e>
10001560:	2300      	movs	r3, #0
10001562:	e000      	b.n	10001566 <best_effort_wfe_or_timeout+0xd2>
10001564:	2300      	movs	r3, #0
10001566:	2b00      	cmp	r3, #0
10001568:	d100      	bne.n	1000156c <best_effort_wfe_or_timeout+0xd8>
1000156a:	bf20      	wfe
1000156c:	f7ff fe48 	bl	10001200 <alarm_pool_get_default>
10001570:	0029      	movs	r1, r5
10001572:	f7ff fed1 	bl	10001318 <alarm_pool_cancel_alarm>
10001576:	4b0a      	ldr	r3, [pc, #40]	; (100015a0 <best_effort_wfe_or_timeout+0x10c>)
10001578:	6a5b      	ldr	r3, [r3, #36]	; 0x24
1000157a:	429c      	cmp	r4, r3
1000157c:	d80b      	bhi.n	10001596 <best_effort_wfe_or_timeout+0x102>
1000157e:	4a08      	ldr	r2, [pc, #32]	; (100015a0 <best_effort_wfe_or_timeout+0x10c>)
10001580:	6a92      	ldr	r2, [r2, #40]	; 0x28
10001582:	4296      	cmp	r6, r2
10001584:	d909      	bls.n	1000159a <best_effort_wfe_or_timeout+0x106>
10001586:	429c      	cmp	r4, r3
10001588:	d003      	beq.n	10001592 <best_effort_wfe_or_timeout+0xfe>
1000158a:	2001      	movs	r0, #1
1000158c:	e799      	b.n	100014c2 <best_effort_wfe_or_timeout+0x2e>
1000158e:	2301      	movs	r3, #1
10001590:	e7e9      	b.n	10001566 <best_effort_wfe_or_timeout+0xd2>
10001592:	2000      	movs	r0, #0
10001594:	e795      	b.n	100014c2 <best_effort_wfe_or_timeout+0x2e>
10001596:	2000      	movs	r0, #0
10001598:	e793      	b.n	100014c2 <best_effort_wfe_or_timeout+0x2e>
1000159a:	2001      	movs	r0, #1
1000159c:	e791      	b.n	100014c2 <best_effort_wfe_or_timeout+0x2e>
1000159e:	46c0      	nop			; (mov r8, r8)
100015a0:	40054000 	.word	0x40054000
100015a4:	10000e4d 	.word	0x10000e4d

100015a8 <alarm_pool_get_default_timer>:
100015a8:	4800      	ldr	r0, [pc, #0]	; (100015ac <alarm_pool_get_default_timer+0x4>)
100015aa:	4770      	bx	lr
100015ac:	40054000 	.word	0x40054000

100015b0 <runtime_init_default_alarm_pool>:
100015b0:	b510      	push	{r4, lr}
100015b2:	4b0b      	ldr	r3, [pc, #44]	; (100015e0 <runtime_init_default_alarm_pool+0x30>)
100015b4:	691b      	ldr	r3, [r3, #16]
100015b6:	2b00      	cmp	r3, #0
100015b8:	d004      	beq.n	100015c4 <runtime_init_default_alarm_pool+0x14>
100015ba:	210a      	movs	r1, #10
100015bc:	4809      	ldr	r0, [pc, #36]	; (100015e4 <runtime_init_default_alarm_pool+0x34>)
100015be:	f7ff fbe3 	bl	10000d88 <lock_init>
100015c2:	bd10      	pop	{r4, pc}
100015c4:	f7ff fff0 	bl	100015a8 <alarm_pool_get_default_timer>
100015c8:	0004      	movs	r4, r0
100015ca:	2103      	movs	r1, #3
100015cc:	f000 f80c 	bl	100015e8 <timer_hardware_alarm_claim>
100015d0:	2310      	movs	r3, #16
100015d2:	2203      	movs	r2, #3
100015d4:	0021      	movs	r1, r4
100015d6:	4802      	ldr	r0, [pc, #8]	; (100015e0 <runtime_init_default_alarm_pool+0x30>)
100015d8:	f7ff fdc8 	bl	1000116c <alarm_pool_post_alloc_init>
100015dc:	e7ed      	b.n	100015ba <runtime_init_default_alarm_pool+0xa>
100015de:	46c0      	nop			; (mov r8, r8)
100015e0:	20000d98 	.word	0x20000d98
100015e4:	200027e0 	.word	0x200027e0

100015e8 <timer_hardware_alarm_claim>:
100015e8:	b510      	push	{r4, lr}
100015ea:	4a02      	ldr	r2, [pc, #8]	; (100015f4 <timer_hardware_alarm_claim+0xc>)
100015ec:	4802      	ldr	r0, [pc, #8]	; (100015f8 <timer_hardware_alarm_claim+0x10>)
100015ee:	f7fe fffd 	bl	100005ec <hw_claim_or_assert>
100015f2:	bd10      	pop	{r4, pc}
100015f4:	100090f0 	.word	0x100090f0
100015f8:	200020c4 	.word	0x200020c4

100015fc <timer_time_us_64>:
100015fc:	0002      	movs	r2, r0
100015fe:	6a43      	ldr	r3, [r0, #36]	; 0x24
10001600:	6a90      	ldr	r0, [r2, #40]	; 0x28
10001602:	0019      	movs	r1, r3
10001604:	6a53      	ldr	r3, [r2, #36]	; 0x24
10001606:	4299      	cmp	r1, r3
10001608:	d1fa      	bne.n	10001600 <timer_time_us_64+0x4>
1000160a:	4770      	bx	lr

1000160c <timer_busy_wait_until>:
1000160c:	6a41      	ldr	r1, [r0, #36]	; 0x24
1000160e:	e000      	b.n	10001612 <timer_busy_wait_until+0x6>
10001610:	6a41      	ldr	r1, [r0, #36]	; 0x24
10001612:	4299      	cmp	r1, r3
10001614:	d3fc      	bcc.n	10001610 <timer_busy_wait_until+0x4>
10001616:	e000      	b.n	1000161a <timer_busy_wait_until+0xe>
10001618:	6a41      	ldr	r1, [r0, #36]	; 0x24
1000161a:	4299      	cmp	r1, r3
1000161c:	d102      	bne.n	10001624 <timer_busy_wait_until+0x18>
1000161e:	6a81      	ldr	r1, [r0, #40]	; 0x28
10001620:	4291      	cmp	r1, r2
10001622:	d3f9      	bcc.n	10001618 <timer_busy_wait_until+0xc>
10001624:	4770      	bx	lr

10001626 <timer_busy_wait_us>:
10001626:	b5f0      	push	{r4, r5, r6, r7, lr}
10001628:	46c6      	mov	lr, r8
1000162a:	b500      	push	{lr}
1000162c:	4680      	mov	r8, r0
1000162e:	0014      	movs	r4, r2
10001630:	001d      	movs	r5, r3
10001632:	f7ff ffe3 	bl	100015fc <timer_time_us_64>
10001636:	0006      	movs	r6, r0
10001638:	000f      	movs	r7, r1
1000163a:	0022      	movs	r2, r4
1000163c:	002b      	movs	r3, r5
1000163e:	1992      	adds	r2, r2, r6
10001640:	417b      	adcs	r3, r7
10001642:	4299      	cmp	r1, r3
10001644:	d802      	bhi.n	1000164c <timer_busy_wait_us+0x26>
10001646:	d104      	bne.n	10001652 <timer_busy_wait_us+0x2c>
10001648:	4290      	cmp	r0, r2
1000164a:	d902      	bls.n	10001652 <timer_busy_wait_us+0x2c>
1000164c:	2201      	movs	r2, #1
1000164e:	4252      	negs	r2, r2
10001650:	17d3      	asrs	r3, r2, #31
10001652:	4640      	mov	r0, r8
10001654:	f7ff ffda 	bl	1000160c <timer_busy_wait_until>
10001658:	bc80      	pop	{r7}
1000165a:	46b8      	mov	r8, r7
1000165c:	bdf0      	pop	{r4, r5, r6, r7, pc}
	...

10001660 <time_us_64>:
10001660:	b510      	push	{r4, lr}
10001662:	4802      	ldr	r0, [pc, #8]	; (1000166c <time_us_64+0xc>)
10001664:	f7ff ffca 	bl	100015fc <timer_time_us_64>
10001668:	bd10      	pop	{r4, pc}
1000166a:	46c0      	nop			; (mov r8, r8)
1000166c:	40054000 	.word	0x40054000

10001670 <busy_wait_us>:
10001670:	b510      	push	{r4, lr}
10001672:	0002      	movs	r2, r0
10001674:	000b      	movs	r3, r1
10001676:	4802      	ldr	r0, [pc, #8]	; (10001680 <busy_wait_us+0x10>)
10001678:	f7ff ffd5 	bl	10001626 <timer_busy_wait_us>
1000167c:	bd10      	pop	{r4, pc}
1000167e:	46c0      	nop			; (mov r8, r8)
10001680:	40054000 	.word	0x40054000

10001684 <busy_wait_until>:
10001684:	b510      	push	{r4, lr}
10001686:	0002      	movs	r2, r0
10001688:	000b      	movs	r3, r1
1000168a:	4802      	ldr	r0, [pc, #8]	; (10001694 <busy_wait_until+0x10>)
1000168c:	f7ff ffbe 	bl	1000160c <timer_busy_wait_until>
10001690:	bd10      	pop	{r4, pc}
10001692:	46c0      	nop			; (mov r8, r8)
10001694:	40054000 	.word	0x40054000

10001698 <uart_disable_before_lcr_write>:
10001698:	b570      	push	{r4, r5, r6, lr}
1000169a:	6b04      	ldr	r4, [r0, #48]	; 0x30
1000169c:	07e3      	lsls	r3, r4, #31
1000169e:	d401      	bmi.n	100016a4 <uart_disable_before_lcr_write+0xc>
100016a0:	0020      	movs	r0, r4
100016a2:	bd70      	pop	{r4, r5, r6, pc}
100016a4:	4b0b      	ldr	r3, [pc, #44]	; (100016d4 <uart_disable_before_lcr_write+0x3c>)
100016a6:	18c3      	adds	r3, r0, r3
100016a8:	4a0b      	ldr	r2, [pc, #44]	; (100016d8 <uart_disable_before_lcr_write+0x40>)
100016aa:	601a      	str	r2, [r3, #0]
100016ac:	6a45      	ldr	r5, [r0, #36]	; 0x24
100016ae:	6a82      	ldr	r2, [r0, #40]	; 0x28
100016b0:	01ad      	lsls	r5, r5, #6
100016b2:	18ad      	adds	r5, r5, r2
100016b4:	02ad      	lsls	r5, r5, #10
100016b6:	2006      	movs	r0, #6
100016b8:	f000 f926 	bl	10001908 <clock_get_hz>
100016bc:	4907      	ldr	r1, [pc, #28]	; (100016dc <uart_disable_before_lcr_write+0x44>)
100016be:	f000 fb97 	bl	10001df0 <__wrap___aeabi_uidiv>
100016c2:	0001      	movs	r1, r0
100016c4:	0028      	movs	r0, r5
100016c6:	f000 fb93 	bl	10001df0 <__wrap___aeabi_uidiv>
100016ca:	2100      	movs	r1, #0
100016cc:	f7ff ffd0 	bl	10001670 <busy_wait_us>
100016d0:	e7e6      	b.n	100016a0 <uart_disable_before_lcr_write+0x8>
100016d2:	46c0      	nop			; (mov r8, r8)
100016d4:	00003030 	.word	0x00003030
100016d8:	00000301 	.word	0x00000301
100016dc:	00000e4e 	.word	0x00000e4e

100016e0 <uart_write_lcr_bits_masked>:
100016e0:	b570      	push	{r4, r5, r6, lr}
100016e2:	0004      	movs	r4, r0
100016e4:	000e      	movs	r6, r1
100016e6:	0015      	movs	r5, r2
100016e8:	f7ff ffd6 	bl	10001698 <uart_disable_before_lcr_write>
100016ec:	6ae1      	ldr	r1, [r4, #44]	; 0x2c
100016ee:	404e      	eors	r6, r1
100016f0:	4035      	ands	r5, r6
100016f2:	4b02      	ldr	r3, [pc, #8]	; (100016fc <uart_write_lcr_bits_masked+0x1c>)
100016f4:	18e3      	adds	r3, r4, r3
100016f6:	601d      	str	r5, [r3, #0]
100016f8:	6320      	str	r0, [r4, #48]	; 0x30
100016fa:	bd70      	pop	{r4, r5, r6, pc}
100016fc:	0000102c 	.word	0x0000102c

10001700 <uart_set_baudrate>:
10001700:	b570      	push	{r4, r5, r6, lr}
10001702:	0005      	movs	r5, r0
10001704:	000c      	movs	r4, r1
10001706:	2006      	movs	r0, #6
10001708:	f000 f8fe 	bl	10001908 <clock_get_hz>
1000170c:	00c0      	lsls	r0, r0, #3
1000170e:	0021      	movs	r1, r4
10001710:	f000 fb6e 	bl	10001df0 <__wrap___aeabi_uidiv>
10001714:	3001      	adds	r0, #1
10001716:	09c6      	lsrs	r6, r0, #7
10001718:	d007      	beq.n	1000172a <uart_set_baudrate+0x2a>
1000171a:	4b0e      	ldr	r3, [pc, #56]	; (10001754 <uart_set_baudrate+0x54>)
1000171c:	429e      	cmp	r6, r3
1000171e:	d815      	bhi.n	1000174c <uart_set_baudrate+0x4c>
10001720:	0840      	lsrs	r0, r0, #1
10001722:	0034      	movs	r4, r6
10001724:	263f      	movs	r6, #63	; 0x3f
10001726:	4006      	ands	r6, r0
10001728:	e000      	b.n	1000172c <uart_set_baudrate+0x2c>
1000172a:	2401      	movs	r4, #1
1000172c:	626c      	str	r4, [r5, #36]	; 0x24
1000172e:	62ae      	str	r6, [r5, #40]	; 0x28
10001730:	2200      	movs	r2, #0
10001732:	2100      	movs	r1, #0
10001734:	0028      	movs	r0, r5
10001736:	f7ff ffd3 	bl	100016e0 <uart_write_lcr_bits_masked>
1000173a:	2006      	movs	r0, #6
1000173c:	f000 f8e4 	bl	10001908 <clock_get_hz>
10001740:	0080      	lsls	r0, r0, #2
10001742:	01a1      	lsls	r1, r4, #6
10001744:	1989      	adds	r1, r1, r6
10001746:	f000 fb53 	bl	10001df0 <__wrap___aeabi_uidiv>
1000174a:	bd70      	pop	{r4, r5, r6, pc}
1000174c:	2600      	movs	r6, #0
1000174e:	4c02      	ldr	r4, [pc, #8]	; (10001758 <uart_set_baudrate+0x58>)
10001750:	e7ec      	b.n	1000172c <uart_set_baudrate+0x2c>
10001752:	46c0      	nop			; (mov r8, r8)
10001754:	0000fffe 	.word	0x0000fffe
10001758:	0000ffff 	.word	0x0000ffff

1000175c <uart_set_translate_crlf>:
1000175c:	2900      	cmp	r1, #0
1000175e:	d009      	beq.n	10001774 <uart_set_translate_crlf+0x18>
10001760:	220a      	movs	r2, #10
10001762:	4b06      	ldr	r3, [pc, #24]	; (1000177c <uart_set_translate_crlf+0x20>)
10001764:	469c      	mov	ip, r3
10001766:	4460      	add	r0, ip
10001768:	4243      	negs	r3, r0
1000176a:	4158      	adcs	r0, r3
1000176c:	0040      	lsls	r0, r0, #1
1000176e:	4b04      	ldr	r3, [pc, #16]	; (10001780 <uart_set_translate_crlf+0x24>)
10001770:	52c2      	strh	r2, [r0, r3]
10001772:	4770      	bx	lr
10001774:	2280      	movs	r2, #128	; 0x80
10001776:	0052      	lsls	r2, r2, #1
10001778:	e7f3      	b.n	10001762 <uart_set_translate_crlf+0x6>
1000177a:	46c0      	nop			; (mov r8, r8)
1000177c:	bffc8000 	.word	0xbffc8000
10001780:	200027ec 	.word	0x200027ec

10001784 <uart_init>:
10001784:	b570      	push	{r4, r5, r6, lr}
10001786:	0005      	movs	r5, r0
10001788:	000c      	movs	r4, r1
1000178a:	2006      	movs	r0, #6
1000178c:	f000 f8bc 	bl	10001908 <clock_get_hz>
10001790:	2800      	cmp	r0, #0
10001792:	d028      	beq.n	100017e6 <uart_init+0x62>
10001794:	4b16      	ldr	r3, [pc, #88]	; (100017f0 <uart_init+0x6c>)
10001796:	429d      	cmp	r5, r3
10001798:	d026      	beq.n	100017e8 <uart_init+0x64>
1000179a:	2216      	movs	r2, #22
1000179c:	2301      	movs	r3, #1
1000179e:	4093      	lsls	r3, r2
100017a0:	4a14      	ldr	r2, [pc, #80]	; (100017f4 <uart_init+0x70>)
100017a2:	6013      	str	r3, [r2, #0]
100017a4:	4b12      	ldr	r3, [pc, #72]	; (100017f0 <uart_init+0x6c>)
100017a6:	429d      	cmp	r5, r3
100017a8:	d020      	beq.n	100017ec <uart_init+0x68>
100017aa:	2316      	movs	r3, #22
100017ac:	2201      	movs	r2, #1
100017ae:	409a      	lsls	r2, r3
100017b0:	4b11      	ldr	r3, [pc, #68]	; (100017f8 <uart_init+0x74>)
100017b2:	601a      	str	r2, [r3, #0]
100017b4:	4b11      	ldr	r3, [pc, #68]	; (100017fc <uart_init+0x78>)
100017b6:	681b      	ldr	r3, [r3, #0]
100017b8:	0011      	movs	r1, r2
100017ba:	4399      	bics	r1, r3
100017bc:	d1fa      	bne.n	100017b4 <uart_init+0x30>
100017be:	2100      	movs	r1, #0
100017c0:	0028      	movs	r0, r5
100017c2:	f7ff ffcb 	bl	1000175c <uart_set_translate_crlf>
100017c6:	0021      	movs	r1, r4
100017c8:	0028      	movs	r0, r5
100017ca:	f7ff ff99 	bl	10001700 <uart_set_baudrate>
100017ce:	6aeb      	ldr	r3, [r5, #44]	; 0x2c
100017d0:	2270      	movs	r2, #112	; 0x70
100017d2:	405a      	eors	r2, r3
100017d4:	237e      	movs	r3, #126	; 0x7e
100017d6:	4013      	ands	r3, r2
100017d8:	4a09      	ldr	r2, [pc, #36]	; (10001800 <uart_init+0x7c>)
100017da:	18aa      	adds	r2, r5, r2
100017dc:	6013      	str	r3, [r2, #0]
100017de:	4b09      	ldr	r3, [pc, #36]	; (10001804 <uart_init+0x80>)
100017e0:	632b      	str	r3, [r5, #48]	; 0x30
100017e2:	2303      	movs	r3, #3
100017e4:	64ab      	str	r3, [r5, #72]	; 0x48
100017e6:	bd70      	pop	{r4, r5, r6, pc}
100017e8:	2217      	movs	r2, #23
100017ea:	e7d7      	b.n	1000179c <uart_init+0x18>
100017ec:	2317      	movs	r3, #23
100017ee:	e7dd      	b.n	100017ac <uart_init+0x28>
100017f0:	40038000 	.word	0x40038000
100017f4:	4000e000 	.word	0x4000e000
100017f8:	4000f000 	.word	0x4000f000
100017fc:	4000c008 	.word	0x4000c008
10001800:	0000102c 	.word	0x0000102c
10001804:	00000301 	.word	0x00000301

10001808 <clock_configure_internal>:
10001808:	b5f8      	push	{r3, r4, r5, r6, r7, lr}
1000180a:	46d6      	mov	lr, sl
1000180c:	4647      	mov	r7, r8
1000180e:	b580      	push	{r7, lr}
10001810:	0006      	movs	r6, r0
10001812:	000d      	movs	r5, r1
10001814:	0017      	movs	r7, r2
10001816:	4698      	mov	r8, r3
10001818:	0044      	lsls	r4, r0, #1
1000181a:	1824      	adds	r4, r4, r0
1000181c:	00a4      	lsls	r4, r4, #2
1000181e:	4b29      	ldr	r3, [pc, #164]	; (100018c4 <clock_configure_internal+0xbc>)
10001820:	469c      	mov	ip, r3
10001822:	4464      	add	r4, ip
10001824:	6863      	ldr	r3, [r4, #4]
10001826:	9a08      	ldr	r2, [sp, #32]
10001828:	4293      	cmp	r3, r2
1000182a:	d200      	bcs.n	1000182e <clock_configure_internal+0x26>
1000182c:	6062      	str	r2, [r4, #4]
1000182e:	1f33      	subs	r3, r6, #4
10001830:	b2db      	uxtb	r3, r3
10001832:	469a      	mov	sl, r3
10001834:	2b01      	cmp	r3, #1
10001836:	d92e      	bls.n	10001896 <clock_configure_internal+0x8e>
10001838:	2280      	movs	r2, #128	; 0x80
1000183a:	0112      	lsls	r2, r2, #4
1000183c:	23c0      	movs	r3, #192	; 0xc0
1000183e:	019b      	lsls	r3, r3, #6
10001840:	18e3      	adds	r3, r4, r3
10001842:	601a      	str	r2, [r3, #0]
10001844:	00b3      	lsls	r3, r6, #2
10001846:	4a20      	ldr	r2, [pc, #128]	; (100018c8 <clock_configure_internal+0xc0>)
10001848:	5899      	ldr	r1, [r3, r2]
1000184a:	2900      	cmp	r1, #0
1000184c:	d007      	beq.n	1000185e <clock_configure_internal+0x56>
1000184e:	6950      	ldr	r0, [r2, #20]
10001850:	f000 face 	bl	10001df0 <__wrap___aeabi_uidiv>
10001854:	1c43      	adds	r3, r0, #1
10001856:	0058      	lsls	r0, r3, #1
10001858:	18c0      	adds	r0, r0, r3
1000185a:	3803      	subs	r0, #3
1000185c:	d2fd      	bcs.n	1000185a <clock_configure_internal+0x52>
1000185e:	017f      	lsls	r7, r7, #5
10001860:	6822      	ldr	r2, [r4, #0]
10001862:	4057      	eors	r7, r2
10001864:	22e0      	movs	r2, #224	; 0xe0
10001866:	4017      	ands	r7, r2
10001868:	2380      	movs	r3, #128	; 0x80
1000186a:	015b      	lsls	r3, r3, #5
1000186c:	18e3      	adds	r3, r4, r3
1000186e:	601f      	str	r7, [r3, #0]
10001870:	4652      	mov	r2, sl
10001872:	2a01      	cmp	r2, #1
10001874:	d91a      	bls.n	100018ac <clock_configure_internal+0xa4>
10001876:	2380      	movs	r3, #128	; 0x80
10001878:	019b      	lsls	r3, r3, #6
1000187a:	18e3      	adds	r3, r4, r3
1000187c:	2280      	movs	r2, #128	; 0x80
1000187e:	0112      	lsls	r2, r2, #4
10001880:	601a      	str	r2, [r3, #0]
10001882:	9b08      	ldr	r3, [sp, #32]
10001884:	6063      	str	r3, [r4, #4]
10001886:	00b6      	lsls	r6, r6, #2
10001888:	4b0f      	ldr	r3, [pc, #60]	; (100018c8 <clock_configure_internal+0xc0>)
1000188a:	4642      	mov	r2, r8
1000188c:	50f2      	str	r2, [r6, r3]
1000188e:	bcc0      	pop	{r6, r7}
10001890:	46ba      	mov	sl, r7
10001892:	46b0      	mov	r8, r6
10001894:	bdf8      	pop	{r3, r4, r5, r6, r7, pc}
10001896:	2d01      	cmp	r5, #1
10001898:	d1ce      	bne.n	10001838 <clock_configure_internal+0x30>
1000189a:	2203      	movs	r2, #3
1000189c:	23c0      	movs	r3, #192	; 0xc0
1000189e:	019b      	lsls	r3, r3, #6
100018a0:	18e3      	adds	r3, r4, r3
100018a2:	601a      	str	r2, [r3, #0]
100018a4:	68a3      	ldr	r3, [r4, #8]
100018a6:	07db      	lsls	r3, r3, #31
100018a8:	d5fc      	bpl.n	100018a4 <clock_configure_internal+0x9c>
100018aa:	e7d8      	b.n	1000185e <clock_configure_internal+0x56>
100018ac:	6821      	ldr	r1, [r4, #0]
100018ae:	4069      	eors	r1, r5
100018b0:	2203      	movs	r2, #3
100018b2:	400a      	ands	r2, r1
100018b4:	601a      	str	r2, [r3, #0]
100018b6:	68a3      	ldr	r3, [r4, #8]
100018b8:	2201      	movs	r2, #1
100018ba:	40aa      	lsls	r2, r5
100018bc:	421a      	tst	r2, r3
100018be:	d0fa      	beq.n	100018b6 <clock_configure_internal+0xae>
100018c0:	e7d9      	b.n	10001876 <clock_configure_internal+0x6e>
100018c2:	46c0      	nop			; (mov r8, r8)
100018c4:	40008000 	.word	0x40008000
100018c8:	200020c8 	.word	0x200020c8

100018cc <clock_configure_int_divider>:
100018cc:	b5f0      	push	{r4, r5, r6, r7, lr}
100018ce:	b083      	sub	sp, #12
100018d0:	0005      	movs	r5, r0
100018d2:	000e      	movs	r6, r1
100018d4:	0017      	movs	r7, r2
100018d6:	0018      	movs	r0, r3
100018d8:	9908      	ldr	r1, [sp, #32]
100018da:	f000 fa89 	bl	10001df0 <__wrap___aeabi_uidiv>
100018de:	0003      	movs	r3, r0
100018e0:	9a08      	ldr	r2, [sp, #32]
100018e2:	0214      	lsls	r4, r2, #8
100018e4:	9400      	str	r4, [sp, #0]
100018e6:	003a      	movs	r2, r7
100018e8:	0031      	movs	r1, r6
100018ea:	0028      	movs	r0, r5
100018ec:	f7ff ff8c 	bl	10001808 <clock_configure_internal>
100018f0:	b003      	add	sp, #12
100018f2:	bdf0      	pop	{r4, r5, r6, r7, pc}

100018f4 <clock_configure_undivided>:
100018f4:	b510      	push	{r4, lr}
100018f6:	b082      	sub	sp, #8
100018f8:	2480      	movs	r4, #128	; 0x80
100018fa:	0064      	lsls	r4, r4, #1
100018fc:	9400      	str	r4, [sp, #0]
100018fe:	f7ff ff83 	bl	10001808 <clock_configure_internal>
10001902:	b002      	add	sp, #8
10001904:	bd10      	pop	{r4, pc}
	...

10001908 <clock_get_hz>:
10001908:	0080      	lsls	r0, r0, #2
1000190a:	4b01      	ldr	r3, [pc, #4]	; (10001910 <clock_get_hz+0x8>)
1000190c:	58c0      	ldr	r0, [r0, r3]
1000190e:	4770      	bx	lr
10001910:	200020c8 	.word	0x200020c8

10001914 <pll_init>:
10001914:	b5f0      	push	{r4, r5, r6, r7, lr}
10001916:	46c6      	mov	lr, r8
10001918:	b500      	push	{lr}
1000191a:	0004      	movs	r4, r0
1000191c:	000e      	movs	r6, r1
1000191e:	0017      	movs	r7, r2
10001920:	001d      	movs	r5, r3
10001922:	4836      	ldr	r0, [pc, #216]	; (100019fc <pll_init+0xe8>)
10001924:	f000 fa64 	bl	10001df0 <__wrap___aeabi_uidiv>
10001928:	4680      	mov	r8, r0
1000192a:	4b35      	ldr	r3, [pc, #212]	; (10001a00 <pll_init+0xec>)
1000192c:	18fa      	adds	r2, r7, r3
1000192e:	4b35      	ldr	r3, [pc, #212]	; (10001a04 <pll_init+0xf0>)
10001930:	429a      	cmp	r2, r3
10001932:	d838      	bhi.n	100019a6 <pll_init+0x92>
10001934:	0001      	movs	r1, r0
10001936:	0038      	movs	r0, r7
10001938:	f000 fa5a 	bl	10001df0 <__wrap___aeabi_uidiv>
1000193c:	0002      	movs	r2, r0
1000193e:	3a10      	subs	r2, #16
10001940:	2398      	movs	r3, #152	; 0x98
10001942:	005b      	lsls	r3, r3, #1
10001944:	429a      	cmp	r2, r3
10001946:	d834      	bhi.n	100019b2 <pll_init+0x9e>
10001948:	1e6b      	subs	r3, r5, #1
1000194a:	2b06      	cmp	r3, #6
1000194c:	d837      	bhi.n	100019be <pll_init+0xaa>
1000194e:	9b06      	ldr	r3, [sp, #24]
10001950:	3b01      	subs	r3, #1
10001952:	2b06      	cmp	r3, #6
10001954:	d833      	bhi.n	100019be <pll_init+0xaa>
10001956:	093f      	lsrs	r7, r7, #4
10001958:	4547      	cmp	r7, r8
1000195a:	d336      	bcc.n	100019ca <pll_init+0xb6>
1000195c:	042d      	lsls	r5, r5, #16
1000195e:	9b06      	ldr	r3, [sp, #24]
10001960:	031a      	lsls	r2, r3, #12
10001962:	4315      	orrs	r5, r2
10001964:	6823      	ldr	r3, [r4, #0]
10001966:	2b00      	cmp	r3, #0
10001968:	db35      	blt.n	100019d6 <pll_init+0xc2>
1000196a:	4b27      	ldr	r3, [pc, #156]	; (10001a08 <pll_init+0xf4>)
1000196c:	429c      	cmp	r4, r3
1000196e:	d043      	beq.n	100019f8 <pll_init+0xe4>
10001970:	230c      	movs	r3, #12
10001972:	2201      	movs	r2, #1
10001974:	409a      	lsls	r2, r3
10001976:	4b25      	ldr	r3, [pc, #148]	; (10001a0c <pll_init+0xf8>)
10001978:	601a      	str	r2, [r3, #0]
1000197a:	4b25      	ldr	r3, [pc, #148]	; (10001a10 <pll_init+0xfc>)
1000197c:	601a      	str	r2, [r3, #0]
1000197e:	4b25      	ldr	r3, [pc, #148]	; (10001a14 <pll_init+0x100>)
10001980:	681b      	ldr	r3, [r3, #0]
10001982:	0011      	movs	r1, r2
10001984:	4399      	bics	r1, r3
10001986:	d1fa      	bne.n	1000197e <pll_init+0x6a>
10001988:	6026      	str	r6, [r4, #0]
1000198a:	60a0      	str	r0, [r4, #8]
1000198c:	4b22      	ldr	r3, [pc, #136]	; (10001a18 <pll_init+0x104>)
1000198e:	18e2      	adds	r2, r4, r3
10001990:	2321      	movs	r3, #33	; 0x21
10001992:	6013      	str	r3, [r2, #0]
10001994:	6823      	ldr	r3, [r4, #0]
10001996:	2b00      	cmp	r3, #0
10001998:	dafc      	bge.n	10001994 <pll_init+0x80>
1000199a:	60e5      	str	r5, [r4, #12]
1000199c:	2308      	movs	r3, #8
1000199e:	6013      	str	r3, [r2, #0]
100019a0:	bc80      	pop	{r7}
100019a2:	46b8      	mov	r8, r7
100019a4:	bdf0      	pop	{r4, r5, r6, r7, pc}
100019a6:	4b1d      	ldr	r3, [pc, #116]	; (10001a1c <pll_init+0x108>)
100019a8:	4a1d      	ldr	r2, [pc, #116]	; (10001a20 <pll_init+0x10c>)
100019aa:	2111      	movs	r1, #17
100019ac:	481d      	ldr	r0, [pc, #116]	; (10001a24 <pll_init+0x110>)
100019ae:	f002 fa17 	bl	10003de0 <__assert_func>
100019b2:	4b1d      	ldr	r3, [pc, #116]	; (10001a28 <pll_init+0x114>)
100019b4:	4a1a      	ldr	r2, [pc, #104]	; (10001a20 <pll_init+0x10c>)
100019b6:	2119      	movs	r1, #25
100019b8:	481a      	ldr	r0, [pc, #104]	; (10001a24 <pll_init+0x110>)
100019ba:	f002 fa11 	bl	10003de0 <__assert_func>
100019be:	4b1b      	ldr	r3, [pc, #108]	; (10001a2c <pll_init+0x118>)
100019c0:	4a17      	ldr	r2, [pc, #92]	; (10001a20 <pll_init+0x10c>)
100019c2:	211c      	movs	r1, #28
100019c4:	4817      	ldr	r0, [pc, #92]	; (10001a24 <pll_init+0x110>)
100019c6:	f002 fa0b 	bl	10003de0 <__assert_func>
100019ca:	4b19      	ldr	r3, [pc, #100]	; (10001a30 <pll_init+0x11c>)
100019cc:	4a14      	ldr	r2, [pc, #80]	; (10001a20 <pll_init+0x10c>)
100019ce:	2123      	movs	r1, #35	; 0x23
100019d0:	4814      	ldr	r0, [pc, #80]	; (10001a24 <pll_init+0x110>)
100019d2:	f002 fa05 	bl	10003de0 <__assert_func>
100019d6:	6822      	ldr	r2, [r4, #0]
100019d8:	233f      	movs	r3, #63	; 0x3f
100019da:	4013      	ands	r3, r2
100019dc:	42b3      	cmp	r3, r6
100019de:	d1c4      	bne.n	1000196a <pll_init+0x56>
100019e0:	68a3      	ldr	r3, [r4, #8]
100019e2:	051b      	lsls	r3, r3, #20
100019e4:	0d1b      	lsrs	r3, r3, #20
100019e6:	4283      	cmp	r3, r0
100019e8:	d1bf      	bne.n	1000196a <pll_init+0x56>
100019ea:	68e3      	ldr	r3, [r4, #12]
100019ec:	22ee      	movs	r2, #238	; 0xee
100019ee:	02d2      	lsls	r2, r2, #11
100019f0:	4013      	ands	r3, r2
100019f2:	42ab      	cmp	r3, r5
100019f4:	d1b9      	bne.n	1000196a <pll_init+0x56>
100019f6:	e7d3      	b.n	100019a0 <pll_init+0x8c>
100019f8:	230d      	movs	r3, #13
100019fa:	e7ba      	b.n	10001972 <pll_init+0x5e>
100019fc:	00b71b00 	.word	0x00b71b00
10001a00:	d34be880 	.word	0xd34be880
10001a04:	32a9f880 	.word	0x32a9f880
10001a08:	4002c000 	.word	0x4002c000
10001a0c:	4000e000 	.word	0x4000e000
10001a10:	4000f000 	.word	0x4000f000
10001a14:	4000c008 	.word	0x4000c008
10001a18:	00003004 	.word	0x00003004
10001a1c:	10009114 	.word	0x10009114
10001a20:	1000921c 	.word	0x1000921c
10001a24:	10009164 	.word	0x10009164
10001a28:	10009198 	.word	0x10009198
10001a2c:	100091b4 	.word	0x100091b4
10001a30:	10009200 	.word	0x10009200

10001a34 <watchdog_update>:
10001a34:	4b02      	ldr	r3, [pc, #8]	; (10001a40 <watchdog_update+0xc>)
10001a36:	681a      	ldr	r2, [r3, #0]
10001a38:	4b02      	ldr	r3, [pc, #8]	; (10001a44 <watchdog_update+0x10>)
10001a3a:	605a      	str	r2, [r3, #4]
10001a3c:	4770      	bx	lr
10001a3e:	46c0      	nop			; (mov r8, r8)
10001a40:	2000252c 	.word	0x2000252c
10001a44:	40058000 	.word	0x40058000

10001a48 <_watchdog_enable>:
10001a48:	b510      	push	{r4, lr}
10001a4a:	4b18      	ldr	r3, [pc, #96]	; (10001aac <_watchdog_enable+0x64>)
10001a4c:	2280      	movs	r2, #128	; 0x80
10001a4e:	05d2      	lsls	r2, r2, #23
10001a50:	601a      	str	r2, [r3, #0]
10001a52:	4b17      	ldr	r3, [pc, #92]	; (10001ab0 <_watchdog_enable+0x68>)
10001a54:	4a17      	ldr	r2, [pc, #92]	; (10001ab4 <_watchdog_enable+0x6c>)
10001a56:	601a      	str	r2, [r3, #0]
10001a58:	2900      	cmp	r1, #0
10001a5a:	d00a      	beq.n	10001a72 <_watchdog_enable+0x2a>
10001a5c:	4b16      	ldr	r3, [pc, #88]	; (10001ab8 <_watchdog_enable+0x70>)
10001a5e:	22e0      	movs	r2, #224	; 0xe0
10001a60:	04d2      	lsls	r2, r2, #19
10001a62:	601a      	str	r2, [r3, #0]
10001a64:	2800      	cmp	r0, #0
10001a66:	d109      	bne.n	10001a7c <_watchdog_enable+0x34>
10001a68:	4b13      	ldr	r3, [pc, #76]	; (10001ab8 <_watchdog_enable+0x70>)
10001a6a:	2280      	movs	r2, #128	; 0x80
10001a6c:	0612      	lsls	r2, r2, #24
10001a6e:	601a      	str	r2, [r3, #0]
10001a70:	bd10      	pop	{r4, pc}
10001a72:	4b0e      	ldr	r3, [pc, #56]	; (10001aac <_watchdog_enable+0x64>)
10001a74:	22e0      	movs	r2, #224	; 0xe0
10001a76:	04d2      	lsls	r2, r2, #19
10001a78:	601a      	str	r2, [r3, #0]
10001a7a:	e7f3      	b.n	10001a64 <_watchdog_enable+0x1c>
10001a7c:	0142      	lsls	r2, r0, #5
10001a7e:	1a12      	subs	r2, r2, r0
10001a80:	0093      	lsls	r3, r2, #2
10001a82:	181b      	adds	r3, r3, r0
10001a84:	00db      	lsls	r3, r3, #3
10001a86:	4a0d      	ldr	r2, [pc, #52]	; (10001abc <_watchdog_enable+0x74>)
10001a88:	6013      	str	r3, [r2, #0]
10001a8a:	005b      	lsls	r3, r3, #1
10001a8c:	6013      	str	r3, [r2, #0]
10001a8e:	2280      	movs	r2, #128	; 0x80
10001a90:	0452      	lsls	r2, r2, #17
10001a92:	4293      	cmp	r3, r2
10001a94:	d302      	bcc.n	10001a9c <_watchdog_enable+0x54>
10001a96:	4b09      	ldr	r3, [pc, #36]	; (10001abc <_watchdog_enable+0x74>)
10001a98:	4a09      	ldr	r2, [pc, #36]	; (10001ac0 <_watchdog_enable+0x78>)
10001a9a:	601a      	str	r2, [r3, #0]
10001a9c:	f7ff ffca 	bl	10001a34 <watchdog_update>
10001aa0:	4b05      	ldr	r3, [pc, #20]	; (10001ab8 <_watchdog_enable+0x70>)
10001aa2:	2280      	movs	r2, #128	; 0x80
10001aa4:	05d2      	lsls	r2, r2, #23
10001aa6:	601a      	str	r2, [r3, #0]
10001aa8:	e7e2      	b.n	10001a70 <_watchdog_enable+0x28>
10001aaa:	46c0      	nop			; (mov r8, r8)
10001aac:	4005b000 	.word	0x4005b000
10001ab0:	40012008 	.word	0x40012008
10001ab4:	0001fffc 	.word	0x0001fffc
10001ab8:	4005a000 	.word	0x4005a000
10001abc:	2000252c 	.word	0x2000252c
10001ac0:	00ffffff 	.word	0x00ffffff

10001ac4 <watchdog_reboot>:
10001ac4:	b510      	push	{r4, lr}
10001ac6:	0003      	movs	r3, r0
10001ac8:	0010      	movs	r0, r2
10001aca:	4a0c      	ldr	r2, [pc, #48]	; (10001afc <watchdog_reboot+0x38>)
10001acc:	2480      	movs	r4, #128	; 0x80
10001ace:	05e4      	lsls	r4, r4, #23
10001ad0:	6014      	str	r4, [r2, #0]
10001ad2:	2b00      	cmp	r3, #0
10001ad4:	d00d      	beq.n	10001af2 <watchdog_reboot+0x2e>
10001ad6:	2201      	movs	r2, #1
10001ad8:	4313      	orrs	r3, r2
10001ada:	4a09      	ldr	r2, [pc, #36]	; (10001b00 <watchdog_reboot+0x3c>)
10001adc:	4c09      	ldr	r4, [pc, #36]	; (10001b04 <watchdog_reboot+0x40>)
10001ade:	61d4      	str	r4, [r2, #28]
10001ae0:	4c09      	ldr	r4, [pc, #36]	; (10001b08 <watchdog_reboot+0x44>)
10001ae2:	405c      	eors	r4, r3
10001ae4:	6214      	str	r4, [r2, #32]
10001ae6:	6251      	str	r1, [r2, #36]	; 0x24
10001ae8:	6293      	str	r3, [r2, #40]	; 0x28
10001aea:	2100      	movs	r1, #0
10001aec:	f7ff ffac 	bl	10001a48 <_watchdog_enable>
10001af0:	bd10      	pop	{r4, pc}
10001af2:	4b03      	ldr	r3, [pc, #12]	; (10001b00 <watchdog_reboot+0x3c>)
10001af4:	2200      	movs	r2, #0
10001af6:	61da      	str	r2, [r3, #28]
10001af8:	e7f7      	b.n	10001aea <watchdog_reboot+0x26>
10001afa:	46c0      	nop			; (mov r8, r8)
10001afc:	4005b000 	.word	0x4005b000
10001b00:	40058000 	.word	0x40058000
10001b04:	b007c0d3 	.word	0xb007c0d3
10001b08:	4ff83f2d 	.word	0x4ff83f2d

10001b0c <tick_start>:
10001b0c:	2380      	movs	r3, #128	; 0x80
10001b0e:	009b      	lsls	r3, r3, #2
10001b10:	430b      	orrs	r3, r1
10001b12:	4a01      	ldr	r2, [pc, #4]	; (10001b18 <tick_start+0xc>)
10001b14:	62d3      	str	r3, [r2, #44]	; 0x2c
10001b16:	4770      	bx	lr
10001b18:	40058000 	.word	0x40058000

10001b1c <rom_func_lookup>:
10001b1c:	b510      	push	{r4, lr}
10001b1e:	0001      	movs	r1, r0
10001b20:	2318      	movs	r3, #24
10001b22:	881b      	ldrh	r3, [r3, #0]
10001b24:	2214      	movs	r2, #20
10001b26:	8810      	ldrh	r0, [r2, #0]
10001b28:	4798      	blx	r3
10001b2a:	bd10      	pop	{r4, pc}

10001b2c <rom_data_lookup>:
10001b2c:	b510      	push	{r4, lr}
10001b2e:	0001      	movs	r1, r0
10001b30:	2318      	movs	r3, #24
10001b32:	881b      	ldrh	r3, [r3, #0]
10001b34:	2216      	movs	r2, #22
10001b36:	8810      	ldrh	r0, [r2, #0]
10001b38:	4798      	blx	r3
10001b3a:	bd10      	pop	{r4, pc}

10001b3c <rom_funcs_lookup>:
10001b3c:	b5f0      	push	{r4, r5, r6, r7, lr}
10001b3e:	46c6      	mov	lr, r8
10001b40:	b500      	push	{lr}
10001b42:	0007      	movs	r7, r0
10001b44:	000e      	movs	r6, r1
10001b46:	2500      	movs	r5, #0
10001b48:	2301      	movs	r3, #1
10001b4a:	4698      	mov	r8, r3
10001b4c:	e000      	b.n	10001b50 <rom_funcs_lookup+0x14>
10001b4e:	3501      	adds	r5, #1
10001b50:	42b5      	cmp	r5, r6
10001b52:	d20a      	bcs.n	10001b6a <rom_funcs_lookup+0x2e>
10001b54:	00ac      	lsls	r4, r5, #2
10001b56:	193c      	adds	r4, r7, r4
10001b58:	6820      	ldr	r0, [r4, #0]
10001b5a:	f7ff ffdf 	bl	10001b1c <rom_func_lookup>
10001b5e:	6020      	str	r0, [r4, #0]
10001b60:	2800      	cmp	r0, #0
10001b62:	d1f4      	bne.n	10001b4e <rom_funcs_lookup+0x12>
10001b64:	2300      	movs	r3, #0
10001b66:	4698      	mov	r8, r3
10001b68:	e7f1      	b.n	10001b4e <rom_funcs_lookup+0x12>
10001b6a:	4640      	mov	r0, r8
10001b6c:	bc80      	pop	{r7}
10001b6e:	46b8      	mov	r8, r7
10001b70:	bdf0      	pop	{r4, r5, r6, r7, pc}
	...

10001b74 <rom_reset_usb_boot_extra>:
10001b74:	b570      	push	{r4, r5, r6, lr}
10001b76:	0004      	movs	r4, r0
10001b78:	000d      	movs	r5, r1
10001b7a:	4806      	ldr	r0, [pc, #24]	; (10001b94 <rom_reset_usb_boot_extra+0x20>)
10001b7c:	f7ff ffce 	bl	10001b1c <rom_func_lookup>
10001b80:	0003      	movs	r3, r0
10001b82:	2c00      	cmp	r4, #0
10001b84:	db03      	blt.n	10001b8e <rom_reset_usb_boot_extra+0x1a>
10001b86:	2001      	movs	r0, #1
10001b88:	40a0      	lsls	r0, r4
10001b8a:	0029      	movs	r1, r5
10001b8c:	4798      	blx	r3
10001b8e:	2000      	movs	r0, #0
10001b90:	e7fb      	b.n	10001b8a <rom_reset_usb_boot_extra+0x16>
10001b92:	46c0      	nop			; (mov r8, r8)
10001b94:	00004255 	.word	0x00004255

10001b98 <xosc_init>:
10001b98:	4b06      	ldr	r3, [pc, #24]	; (10001bb4 <xosc_init+0x1c>)
10001b9a:	22aa      	movs	r2, #170	; 0xaa
10001b9c:	0112      	lsls	r2, r2, #4
10001b9e:	601a      	str	r2, [r3, #0]
10001ba0:	222f      	movs	r2, #47	; 0x2f
10001ba2:	60da      	str	r2, [r3, #12]
10001ba4:	4b04      	ldr	r3, [pc, #16]	; (10001bb8 <xosc_init+0x20>)
10001ba6:	4a05      	ldr	r2, [pc, #20]	; (10001bbc <xosc_init+0x24>)
10001ba8:	601a      	str	r2, [r3, #0]
10001baa:	4b02      	ldr	r3, [pc, #8]	; (10001bb4 <xosc_init+0x1c>)
10001bac:	685b      	ldr	r3, [r3, #4]
10001bae:	2b00      	cmp	r3, #0
10001bb0:	dafb      	bge.n	10001baa <xosc_init+0x12>
10001bb2:	4770      	bx	lr
10001bb4:	40024000 	.word	0x40024000
10001bb8:	40026000 	.word	0x40026000
10001bbc:	00fab000 	.word	0x00fab000

10001bc0 <runtime_run_initializers_from>:
10001bc0:	b510      	push	{r4, lr}
10001bc2:	0004      	movs	r4, r0
10001bc4:	e001      	b.n	10001bca <runtime_run_initializers_from+0xa>
10001bc6:	cc08      	ldmia	r4!, {r3}
10001bc8:	4798      	blx	r3
10001bca:	4b02      	ldr	r3, [pc, #8]	; (10001bd4 <runtime_run_initializers_from+0x14>)
10001bcc:	429c      	cmp	r4, r3
10001bce:	d3fa      	bcc.n	10001bc6 <runtime_run_initializers_from+0x6>
10001bd0:	bd10      	pop	{r4, pc}
10001bd2:	46c0      	nop			; (mov r8, r8)
10001bd4:	10008b24 	.word	0x10008b24

10001bd8 <first_per_core_initializer>:
10001bd8:	4770      	bx	lr
	...

10001bdc <runtime_run_initializers>:
10001bdc:	b510      	push	{r4, lr}
10001bde:	4802      	ldr	r0, [pc, #8]	; (10001be8 <runtime_run_initializers+0xc>)
10001be0:	f7ff ffee 	bl	10001bc0 <runtime_run_initializers_from>
10001be4:	bd10      	pop	{r4, pc}
10001be6:	46c0      	nop			; (mov r8, r8)
10001be8:	10008ae8 	.word	0x10008ae8

10001bec <runtime_run_per_core_initializers>:
10001bec:	b510      	push	{r4, lr}
10001bee:	4802      	ldr	r0, [pc, #8]	; (10001bf8 <runtime_run_per_core_initializers+0xc>)
10001bf0:	f7ff ffe6 	bl	10001bc0 <runtime_run_initializers_from>
10001bf4:	bd10      	pop	{r4, pc}
10001bf6:	46c0      	nop			; (mov r8, r8)
10001bf8:	10008b1c 	.word	0x10008b1c

10001bfc <runtime_init_early_resets>:
10001bfc:	4b05      	ldr	r3, [pc, #20]	; (10001c14 <runtime_init_early_resets+0x18>)
10001bfe:	4a06      	ldr	r2, [pc, #24]	; (10001c18 <runtime_init_early_resets+0x1c>)
10001c00:	601a      	str	r2, [r3, #0]
10001c02:	4b06      	ldr	r3, [pc, #24]	; (10001c1c <runtime_init_early_resets+0x20>)
10001c04:	4a06      	ldr	r2, [pc, #24]	; (10001c20 <runtime_init_early_resets+0x24>)
10001c06:	601a      	str	r2, [r3, #0]
10001c08:	4b06      	ldr	r3, [pc, #24]	; (10001c24 <runtime_init_early_resets+0x28>)
10001c0a:	681a      	ldr	r2, [r3, #0]
10001c0c:	4b04      	ldr	r3, [pc, #16]	; (10001c20 <runtime_init_early_resets+0x24>)
10001c0e:	4393      	bics	r3, r2
10001c10:	d1fa      	bne.n	10001c08 <runtime_init_early_resets+0xc>
10001c12:	4770      	bx	lr
10001c14:	4000e000 	.word	0x4000e000
10001c18:	fefbcdbf 	.word	0xfefbcdbf
10001c1c:	4000f000 	.word	0x4000f000
10001c20:	003c7ffe 	.word	0x003c7ffe
10001c24:	4000c008 	.word	0x4000c008

10001c28 <runtime_init_usb_power_down>:
10001c28:	4b04      	ldr	r3, [pc, #16]	; (10001c3c <runtime_init_usb_power_down+0x14>)
10001c2a:	6cdb      	ldr	r3, [r3, #76]	; 0x4c
10001c2c:	2b00      	cmp	r3, #0
10001c2e:	d103      	bne.n	10001c38 <runtime_init_usb_power_down+0x10>
10001c30:	4b03      	ldr	r3, [pc, #12]	; (10001c40 <runtime_init_usb_power_down+0x18>)
10001c32:	2280      	movs	r2, #128	; 0x80
10001c34:	02d2      	lsls	r2, r2, #11
10001c36:	601a      	str	r2, [r3, #0]
10001c38:	4770      	bx	lr
10001c3a:	46c0      	nop			; (mov r8, r8)
10001c3c:	50110000 	.word	0x50110000
10001c40:	5011204c 	.word	0x5011204c

10001c44 <runtime_init_post_clock_resets>:
10001c44:	4b04      	ldr	r3, [pc, #16]	; (10001c58 <runtime_init_post_clock_resets+0x14>)
10001c46:	4a05      	ldr	r2, [pc, #20]	; (10001c5c <runtime_init_post_clock_resets+0x18>)
10001c48:	601a      	str	r2, [r3, #0]
10001c4a:	4b05      	ldr	r3, [pc, #20]	; (10001c60 <runtime_init_post_clock_resets+0x1c>)
10001c4c:	681b      	ldr	r3, [r3, #0]
10001c4e:	43db      	mvns	r3, r3
10001c50:	01db      	lsls	r3, r3, #7
10001c52:	d1fa      	bne.n	10001c4a <runtime_init_post_clock_resets+0x6>
10001c54:	4770      	bx	lr
10001c56:	46c0      	nop			; (mov r8, r8)
10001c58:	4000f000 	.word	0x4000f000
10001c5c:	01ffffff 	.word	0x01ffffff
10001c60:	4000c008 	.word	0x4000c008

10001c64 <runtime_init_rp2040_gpio_ie_disable>:
10001c64:	4b03      	ldr	r3, [pc, #12]	; (10001c74 <runtime_init_rp2040_gpio_ie_disable+0x10>)
10001c66:	2240      	movs	r2, #64	; 0x40
10001c68:	679a      	str	r2, [r3, #120]	; 0x78
10001c6a:	675a      	str	r2, [r3, #116]	; 0x74
10001c6c:	671a      	str	r2, [r3, #112]	; 0x70
10001c6e:	66da      	str	r2, [r3, #108]	; 0x6c
10001c70:	4770      	bx	lr
10001c72:	46c0      	nop			; (mov r8, r8)
10001c74:	4001f000 	.word	0x4001f000

10001c78 <runtime_init_spin_locks_reset>:
10001c78:	b510      	push	{r4, lr}
10001c7a:	f7fe fd17 	bl	100006ac <spin_locks_reset>
10001c7e:	bd10      	pop	{r4, pc}

10001c80 <runtime_init_install_ram_vector_table>:
10001c80:	b570      	push	{r4, r5, r6, lr}
10001c82:	4c04      	ldr	r4, [pc, #16]	; (10001c94 <runtime_init_install_ram_vector_table+0x14>)
10001c84:	68a1      	ldr	r1, [r4, #8]
10001c86:	4d04      	ldr	r5, [pc, #16]	; (10001c98 <runtime_init_install_ram_vector_table+0x18>)
10001c88:	22c0      	movs	r2, #192	; 0xc0
10001c8a:	0028      	movs	r0, r5
10001c8c:	f000 ffdc 	bl	10002c48 <__wrap___aeabi_memcpy>
10001c90:	60a5      	str	r5, [r4, #8]
10001c92:	bd70      	pop	{r4, r5, r6, pc}
10001c94:	e000ed00 	.word	0xe000ed00
10001c98:	20000000 	.word	0x20000000

10001c9c <start_all_ticks>:
10001c9c:	b570      	push	{r4, r5, r6, lr}
10001c9e:	2004      	movs	r0, #4
10001ca0:	f7ff fe32 	bl	10001908 <clock_get_hz>
10001ca4:	4906      	ldr	r1, [pc, #24]	; (10001cc0 <start_all_ticks+0x24>)
10001ca6:	f000 f8a3 	bl	10001df0 <__wrap___aeabi_uidiv>
10001caa:	0005      	movs	r5, r0
10001cac:	2400      	movs	r4, #0
10001cae:	2c00      	cmp	r4, #0
10001cb0:	dd00      	ble.n	10001cb4 <start_all_ticks+0x18>
10001cb2:	bd70      	pop	{r4, r5, r6, pc}
10001cb4:	b2e0      	uxtb	r0, r4
10001cb6:	0029      	movs	r1, r5
10001cb8:	f7ff ff28 	bl	10001b0c <tick_start>
10001cbc:	3401      	adds	r4, #1
10001cbe:	e7f6      	b.n	10001cae <start_all_ticks+0x12>
10001cc0:	000f4240 	.word	0x000f4240

10001cc4 <runtime_init_clocks>:
10001cc4:	b530      	push	{r4, r5, lr}
10001cc6:	b083      	sub	sp, #12
10001cc8:	4b27      	ldr	r3, [pc, #156]	; (10001d68 <runtime_init_clocks+0xa4>)
10001cca:	2200      	movs	r2, #0
10001ccc:	679a      	str	r2, [r3, #120]	; 0x78
10001cce:	f7ff ff63 	bl	10001b98 <xosc_init>
10001cd2:	4b26      	ldr	r3, [pc, #152]	; (10001d6c <runtime_init_clocks+0xa8>)
10001cd4:	2201      	movs	r2, #1
10001cd6:	601a      	str	r2, [r3, #0]
10001cd8:	4b23      	ldr	r3, [pc, #140]	; (10001d68 <runtime_init_clocks+0xa4>)
10001cda:	6c5b      	ldr	r3, [r3, #68]	; 0x44
10001cdc:	2b01      	cmp	r3, #1
10001cde:	d1fb      	bne.n	10001cd8 <runtime_init_clocks+0x14>
10001ce0:	4b23      	ldr	r3, [pc, #140]	; (10001d70 <runtime_init_clocks+0xac>)
10001ce2:	2203      	movs	r2, #3
10001ce4:	601a      	str	r2, [r3, #0]
10001ce6:	4b20      	ldr	r3, [pc, #128]	; (10001d68 <runtime_init_clocks+0xa4>)
10001ce8:	6b9b      	ldr	r3, [r3, #56]	; 0x38
10001cea:	2b01      	cmp	r3, #1
10001cec:	d1fb      	bne.n	10001ce6 <runtime_init_clocks+0x22>
10001cee:	3301      	adds	r3, #1
10001cf0:	9300      	str	r3, [sp, #0]
10001cf2:	3304      	adds	r3, #4
10001cf4:	4a1f      	ldr	r2, [pc, #124]	; (10001d74 <runtime_init_clocks+0xb0>)
10001cf6:	2101      	movs	r1, #1
10001cf8:	481f      	ldr	r0, [pc, #124]	; (10001d78 <runtime_init_clocks+0xb4>)
10001cfa:	f7ff fe0b 	bl	10001914 <pll_init>
10001cfe:	2305      	movs	r3, #5
10001d00:	9300      	str	r3, [sp, #0]
10001d02:	4a1e      	ldr	r2, [pc, #120]	; (10001d7c <runtime_init_clocks+0xb8>)
10001d04:	2101      	movs	r1, #1
10001d06:	481e      	ldr	r0, [pc, #120]	; (10001d80 <runtime_init_clocks+0xbc>)
10001d08:	f7ff fe04 	bl	10001914 <pll_init>
10001d0c:	4b1d      	ldr	r3, [pc, #116]	; (10001d84 <runtime_init_clocks+0xc0>)
10001d0e:	2200      	movs	r2, #0
10001d10:	2102      	movs	r1, #2
10001d12:	2004      	movs	r0, #4
10001d14:	f7ff fdee 	bl	100018f4 <clock_configure_undivided>
10001d18:	4d1b      	ldr	r5, [pc, #108]	; (10001d88 <runtime_init_clocks+0xc4>)
10001d1a:	002b      	movs	r3, r5
10001d1c:	2200      	movs	r2, #0
10001d1e:	2101      	movs	r1, #1
10001d20:	2005      	movs	r0, #5
10001d22:	f7ff fde7 	bl	100018f4 <clock_configure_undivided>
10001d26:	4c19      	ldr	r4, [pc, #100]	; (10001d8c <runtime_init_clocks+0xc8>)
10001d28:	0023      	movs	r3, r4
10001d2a:	2200      	movs	r2, #0
10001d2c:	2100      	movs	r1, #0
10001d2e:	2007      	movs	r0, #7
10001d30:	f7ff fde0 	bl	100018f4 <clock_configure_undivided>
10001d34:	0023      	movs	r3, r4
10001d36:	2200      	movs	r2, #0
10001d38:	2100      	movs	r1, #0
10001d3a:	2008      	movs	r0, #8
10001d3c:	f7ff fdda 	bl	100018f4 <clock_configure_undivided>
10001d40:	2380      	movs	r3, #128	; 0x80
10001d42:	00db      	lsls	r3, r3, #3
10001d44:	9300      	str	r3, [sp, #0]
10001d46:	0023      	movs	r3, r4
10001d48:	2200      	movs	r2, #0
10001d4a:	2100      	movs	r1, #0
10001d4c:	2009      	movs	r0, #9
10001d4e:	f7ff fdbd 	bl	100018cc <clock_configure_int_divider>
10001d52:	002b      	movs	r3, r5
10001d54:	2200      	movs	r2, #0
10001d56:	2100      	movs	r1, #0
10001d58:	2006      	movs	r0, #6
10001d5a:	f7ff fdcb 	bl	100018f4 <clock_configure_undivided>
10001d5e:	f7ff ff9d 	bl	10001c9c <start_all_ticks>
10001d62:	b003      	add	sp, #12
10001d64:	bd30      	pop	{r4, r5, pc}
10001d66:	46c0      	nop			; (mov r8, r8)
10001d68:	40008000 	.word	0x40008000
10001d6c:	4000b03c 	.word	0x4000b03c
10001d70:	4000b030 	.word	0x4000b030
10001d74:	59682f00 	.word	0x59682f00
10001d78:	40028000 	.word	0x40028000
10001d7c:	47868c00 	.word	0x47868c00
10001d80:	4002c000 	.word	0x4002c000
10001d84:	00b71b00 	.word	0x00b71b00
10001d88:	07735940 	.word	0x07735940
10001d8c:	02dc6c00 	.word	0x02dc6c00

10001d90 <__aeabi_bits_init>:
10001d90:	4801      	ldr	r0, [pc, #4]	; (10001d98 <__aeabi_bits_init+0x8>)
10001d92:	2104      	movs	r1, #4
10001d94:	4b01      	ldr	r3, [pc, #4]	; (10001d9c <__aeabi_bits_init+0xc>)
10001d96:	4718      	bx	r3
10001d98:	20000db0 	.word	0x20000db0
10001d9c:	10001b3d 	.word	0x10001b3d

10001da0 <__wrap___aeabi_idiv>:
10001da0:	4a12      	ldr	r2, [pc, #72]	; (10001dec <divmod_s32s32_savestate+0x18>)
10001da2:	6f93      	ldr	r3, [r2, #120]	; 0x78
10001da4:	089b      	lsrs	r3, r3, #2
10001da6:	d215      	bcs.n	10001dd4 <divmod_s32s32_savestate>

10001da8 <divmod_s32s32_unsafe>:
10001da8:	6690      	str	r0, [r2, #104]	; 0x68
10001daa:	66d1      	str	r1, [r2, #108]	; 0x6c
10001dac:	2900      	cmp	r1, #0
10001dae:	d005      	beq.n	10001dbc <divmod_s32s32_unsafe+0x14>
10001db0:	e7ff      	b.n	10001db2 <divmod_s32s32_unsafe+0xa>
10001db2:	e7ff      	b.n	10001db4 <divmod_s32s32_unsafe+0xc>
10001db4:	e7ff      	b.n	10001db6 <divmod_s32s32_unsafe+0xe>
10001db6:	6f51      	ldr	r1, [r2, #116]	; 0x74
10001db8:	6f10      	ldr	r0, [r2, #112]	; 0x70
10001dba:	4770      	bx	lr
10001dbc:	b504      	push	{r2, lr}
10001dbe:	2180      	movs	r1, #128	; 0x80
10001dc0:	0609      	lsls	r1, r1, #24
10001dc2:	17c2      	asrs	r2, r0, #31
10001dc4:	4051      	eors	r1, r2
10001dc6:	2800      	cmp	r0, #0
10001dc8:	d000      	beq.n	10001dcc <divmod_s32s32_unsafe+0x24>
10001dca:	43c8      	mvns	r0, r1
10001dcc:	f006 fe2c 	bl	10008a28 <____aeabi_idiv0_veneer>
10001dd0:	2100      	movs	r1, #0
10001dd2:	bd04      	pop	{r2, pc}

10001dd4 <divmod_s32s32_savestate>:
10001dd4:	b5f0      	push	{r4, r5, r6, r7, lr}
10001dd6:	6e14      	ldr	r4, [r2, #96]	; 0x60
10001dd8:	6e55      	ldr	r5, [r2, #100]	; 0x64
10001dda:	6f57      	ldr	r7, [r2, #116]	; 0x74
10001ddc:	6f16      	ldr	r6, [r2, #112]	; 0x70
10001dde:	f7ff ffe3 	bl	10001da8 <divmod_s32s32_unsafe>
10001de2:	6614      	str	r4, [r2, #96]	; 0x60
10001de4:	6655      	str	r5, [r2, #100]	; 0x64
10001de6:	6757      	str	r7, [r2, #116]	; 0x74
10001de8:	6716      	str	r6, [r2, #112]	; 0x70
10001dea:	bdf0      	pop	{r4, r5, r6, r7, pc}
10001dec:	d0000000 	.word	0xd0000000

10001df0 <__wrap___aeabi_uidiv>:
10001df0:	4a11      	ldr	r2, [pc, #68]	; (10001e38 <divmod_u32u32_savestate+0x18>)
10001df2:	6f93      	ldr	r3, [r2, #120]	; 0x78
10001df4:	089b      	lsrs	r3, r3, #2
10001df6:	d213      	bcs.n	10001e20 <divmod_u32u32_savestate>

10001df8 <divmod_u32u32_unsafe>:
10001df8:	6610      	str	r0, [r2, #96]	; 0x60
10001dfa:	6651      	str	r1, [r2, #100]	; 0x64
10001dfc:	2900      	cmp	r1, #0
10001dfe:	d005      	beq.n	10001e0c <divmod_u32u32_unsafe+0x14>
10001e00:	e7ff      	b.n	10001e02 <divmod_u32u32_unsafe+0xa>
10001e02:	e7ff      	b.n	10001e04 <divmod_u32u32_unsafe+0xc>
10001e04:	e7ff      	b.n	10001e06 <divmod_u32u32_unsafe+0xe>
10001e06:	6f51      	ldr	r1, [r2, #116]	; 0x74
10001e08:	6f10      	ldr	r0, [r2, #112]	; 0x70
10001e0a:	4770      	bx	lr
10001e0c:	b504      	push	{r2, lr}
10001e0e:	2800      	cmp	r0, #0
10001e10:	d001      	beq.n	10001e16 <divmod_u32u32_unsafe+0x1e>
10001e12:	2000      	movs	r0, #0
10001e14:	43c0      	mvns	r0, r0
10001e16:	f006 fe07 	bl	10008a28 <____aeabi_idiv0_veneer>
10001e1a:	2100      	movs	r1, #0
10001e1c:	bd04      	pop	{r2, pc}
10001e1e:	46c0      	nop			; (mov r8, r8)

10001e20 <divmod_u32u32_savestate>:
10001e20:	b5f0      	push	{r4, r5, r6, r7, lr}
10001e22:	6e14      	ldr	r4, [r2, #96]	; 0x60
10001e24:	6e55      	ldr	r5, [r2, #100]	; 0x64
10001e26:	6f57      	ldr	r7, [r2, #116]	; 0x74
10001e28:	6f16      	ldr	r6, [r2, #112]	; 0x70
10001e2a:	f7ff ffe5 	bl	10001df8 <divmod_u32u32_unsafe>
10001e2e:	6614      	str	r4, [r2, #96]	; 0x60
10001e30:	6655      	str	r5, [r2, #100]	; 0x64
10001e32:	6757      	str	r7, [r2, #116]	; 0x74
10001e34:	6716      	str	r6, [r2, #112]	; 0x70
10001e36:	bdf0      	pop	{r4, r5, r6, r7, pc}
10001e38:	d0000000 	.word	0xd0000000

10001e3c <__wrap___aeabi_ldivmod>:
10001e3c:	4694      	mov	ip, r2
10001e3e:	4a4a      	ldr	r2, [pc, #296]	; (10001f68 <udiv0+0x1a>)
10001e40:	6f92      	ldr	r2, [r2, #120]	; 0x78
10001e42:	0892      	lsrs	r2, r2, #2
10001e44:	4662      	mov	r2, ip
10001e46:	d201      	bcs.n	10001e4c <divmod_s64s64_savestate>
10001e48:	e028      	b.n	10001e9c <divmod_s64s64_unsafe>
10001e4a:	46c0      	nop			; (mov r8, r8)

10001e4c <divmod_s64s64_savestate>:
10001e4c:	b5f0      	push	{r4, r5, r6, r7, lr}
10001e4e:	4e46      	ldr	r6, [pc, #280]	; (10001f68 <udiv0+0x1a>)
10001e50:	6e34      	ldr	r4, [r6, #96]	; 0x60
10001e52:	6e75      	ldr	r5, [r6, #100]	; 0x64
10001e54:	6f77      	ldr	r7, [r6, #116]	; 0x74
10001e56:	6f36      	ldr	r6, [r6, #112]	; 0x70
10001e58:	f000 f820 	bl	10001e9c <divmod_s64s64_unsafe>
10001e5c:	4694      	mov	ip, r2
10001e5e:	4a42      	ldr	r2, [pc, #264]	; (10001f68 <udiv0+0x1a>)
10001e60:	6614      	str	r4, [r2, #96]	; 0x60
10001e62:	6655      	str	r5, [r2, #100]	; 0x64
10001e64:	6757      	str	r7, [r2, #116]	; 0x74
10001e66:	6716      	str	r6, [r2, #112]	; 0x70
10001e68:	4662      	mov	r2, ip
10001e6a:	bdf0      	pop	{r4, r5, r6, r7, pc}

10001e6c <__wrap___aeabi_uldivmod>:
10001e6c:	4694      	mov	ip, r2
10001e6e:	4a3e      	ldr	r2, [pc, #248]	; (10001f68 <udiv0+0x1a>)
10001e70:	6f92      	ldr	r2, [r2, #120]	; 0x78
10001e72:	0892      	lsrs	r2, r2, #2
10001e74:	4662      	mov	r2, ip
10001e76:	d201      	bcs.n	10001e7c <divmod_u64u64_savestate>
10001e78:	e054      	b.n	10001f24 <divmod_u64u64_unsafe>
10001e7a:	46c0      	nop			; (mov r8, r8)

10001e7c <divmod_u64u64_savestate>:
10001e7c:	b5f0      	push	{r4, r5, r6, r7, lr}
10001e7e:	4e3a      	ldr	r6, [pc, #232]	; (10001f68 <udiv0+0x1a>)
10001e80:	6e34      	ldr	r4, [r6, #96]	; 0x60
10001e82:	6e75      	ldr	r5, [r6, #100]	; 0x64
10001e84:	6f77      	ldr	r7, [r6, #116]	; 0x74
10001e86:	6f36      	ldr	r6, [r6, #112]	; 0x70
10001e88:	f000 f84c 	bl	10001f24 <divmod_u64u64_unsafe>
10001e8c:	4694      	mov	ip, r2
10001e8e:	4a36      	ldr	r2, [pc, #216]	; (10001f68 <udiv0+0x1a>)
10001e90:	6614      	str	r4, [r2, #96]	; 0x60
10001e92:	6655      	str	r5, [r2, #100]	; 0x64
10001e94:	6757      	str	r7, [r2, #116]	; 0x74
10001e96:	6716      	str	r6, [r2, #112]	; 0x70
10001e98:	4662      	mov	r2, ip
10001e9a:	bdf0      	pop	{r4, r5, r6, r7, pc}

10001e9c <divmod_s64s64_unsafe>:
10001e9c:	2b00      	cmp	r3, #0
10001e9e:	db24      	blt.n	10001eea <l42_1+0x26>
10001ea0:	d011      	beq.n	10001ec6 <l42_1+0x2>
10001ea2:	2900      	cmp	r1, #0
10001ea4:	da3e      	bge.n	10001f24 <divmod_u64u64_unsafe>
10001ea6:	b500      	push	{lr}
10001ea8:	43c9      	mvns	r1, r1
10001eaa:	4240      	negs	r0, r0
10001eac:	d100      	bne.n	10001eb0 <l40_1>
10001eae:	3101      	adds	r1, #1

10001eb0 <l40_1>:
10001eb0:	f000 f838 	bl	10001f24 <divmod_u64u64_unsafe>
10001eb4:	43c9      	mvns	r1, r1
10001eb6:	4240      	negs	r0, r0
10001eb8:	d100      	bne.n	10001ebc <l41_1>
10001eba:	3101      	adds	r1, #1

10001ebc <l41_1>:
10001ebc:	43db      	mvns	r3, r3
10001ebe:	4252      	negs	r2, r2
10001ec0:	d100      	bne.n	10001ec4 <l42_1>
10001ec2:	3301      	adds	r3, #1

10001ec4 <l42_1>:
10001ec4:	bd00      	pop	{pc}
10001ec6:	2a00      	cmp	r2, #0
10001ec8:	d1eb      	bne.n	10001ea2 <divmod_s64s64_unsafe+0x6>
10001eca:	2800      	cmp	r0, #0
10001ecc:	d101      	bne.n	10001ed2 <l42_1+0xe>
10001ece:	2900      	cmp	r1, #0
10001ed0:	d005      	beq.n	10001ede <l42_1+0x1a>
10001ed2:	2000      	movs	r0, #0
10001ed4:	0fc9      	lsrs	r1, r1, #31
10001ed6:	07c9      	lsls	r1, r1, #31
10001ed8:	d101      	bne.n	10001ede <l42_1+0x1a>
10001eda:	43c0      	mvns	r0, r0
10001edc:	0841      	lsrs	r1, r0, #1
10001ede:	b500      	push	{lr}
10001ee0:	f006 fd9a 	bl	10008a18 <____aeabi_ldiv0_veneer>
10001ee4:	2200      	movs	r2, #0
10001ee6:	2300      	movs	r3, #0
10001ee8:	bd00      	pop	{pc}
10001eea:	b500      	push	{lr}
10001eec:	2900      	cmp	r1, #0
10001eee:	db0a      	blt.n	10001f06 <l44_1+0x2>
10001ef0:	43db      	mvns	r3, r3
10001ef2:	4252      	negs	r2, r2
10001ef4:	d100      	bne.n	10001ef8 <l43_1>
10001ef6:	3301      	adds	r3, #1

10001ef8 <l43_1>:
10001ef8:	f000 f814 	bl	10001f24 <divmod_u64u64_unsafe>
10001efc:	43c9      	mvns	r1, r1
10001efe:	4240      	negs	r0, r0
10001f00:	d100      	bne.n	10001f04 <l44_1>
10001f02:	3101      	adds	r1, #1

10001f04 <l44_1>:
10001f04:	bd00      	pop	{pc}
10001f06:	43c9      	mvns	r1, r1
10001f08:	4240      	negs	r0, r0
10001f0a:	d100      	bne.n	10001f0e <l45_1>
10001f0c:	3101      	adds	r1, #1

10001f0e <l45_1>:
10001f0e:	43db      	mvns	r3, r3
10001f10:	4252      	negs	r2, r2
10001f12:	d100      	bne.n	10001f16 <l46_1>
10001f14:	3301      	adds	r3, #1

10001f16 <l46_1>:
10001f16:	f000 f805 	bl	10001f24 <divmod_u64u64_unsafe>
10001f1a:	43db      	mvns	r3, r3
10001f1c:	4252      	negs	r2, r2
10001f1e:	d100      	bne.n	10001f22 <l47_1>
10001f20:	3301      	adds	r3, #1

10001f22 <l47_1>:
10001f22:	bd00      	pop	{pc}

10001f24 <divmod_u64u64_unsafe>:
10001f24:	2900      	cmp	r1, #0
10001f26:	d123      	bne.n	10001f70 <y64>
10001f28:	2b00      	cmp	r3, #0
10001f2a:	d118      	bne.n	10001f5e <udiv0+0x10>
10001f2c:	2a00      	cmp	r2, #0
10001f2e:	d00c      	beq.n	10001f4a <divmod_u64u64_unsafe+0x26>
10001f30:	46bc      	mov	ip, r7
10001f32:	4f0d      	ldr	r7, [pc, #52]	; (10001f68 <udiv0+0x1a>)
10001f34:	6638      	str	r0, [r7, #96]	; 0x60
10001f36:	667a      	str	r2, [r7, #100]	; 0x64
10001f38:	2100      	movs	r1, #0
10001f3a:	2300      	movs	r3, #0
10001f3c:	e7ff      	b.n	10001f3e <divmod_u64u64_unsafe+0x1a>
10001f3e:	e7ff      	b.n	10001f40 <divmod_u64u64_unsafe+0x1c>
10001f40:	e7ff      	b.n	10001f42 <divmod_u64u64_unsafe+0x1e>
10001f42:	6f7a      	ldr	r2, [r7, #116]	; 0x74
10001f44:	6f38      	ldr	r0, [r7, #112]	; 0x70
10001f46:	4667      	mov	r7, ip
10001f48:	4770      	bx	lr
10001f4a:	2800      	cmp	r0, #0
10001f4c:	d001      	beq.n	10001f52 <udiv0+0x4>

10001f4e <udiv0>:
10001f4e:	4807      	ldr	r0, [pc, #28]	; (10001f6c <udiv0+0x1e>)
10001f50:	0001      	movs	r1, r0
10001f52:	b500      	push	{lr}
10001f54:	f006 fd60 	bl	10008a18 <____aeabi_ldiv0_veneer>
10001f58:	2200      	movs	r2, #0
10001f5a:	2300      	movs	r3, #0
10001f5c:	bd00      	pop	{pc}
10001f5e:	0002      	movs	r2, r0
10001f60:	000b      	movs	r3, r1
10001f62:	2000      	movs	r0, #0
10001f64:	2100      	movs	r1, #0
10001f66:	4770      	bx	lr
10001f68:	d0000000 	.word	0xd0000000
10001f6c:	ffffffff 	.word	0xffffffff

10001f70 <y64>:
10001f70:	2b00      	cmp	r3, #0
10001f72:	d000      	beq.n	10001f76 <y64+0x6>
10001f74:	e0bf      	b.n	100020f6 <y64_x48>
10001f76:	0c13      	lsrs	r3, r2, #16
10001f78:	d128      	bne.n	10001fcc <y64_x32>
10001f7a:	2a00      	cmp	r2, #0
10001f7c:	d0e7      	beq.n	10001f4e <udiv0>
10001f7e:	b480      	push	{r7}
10001f80:	4f11      	ldr	r7, [pc, #68]	; (10001fc8 <y64+0x58>)
10001f82:	6639      	str	r1, [r7, #96]	; 0x60
10001f84:	667a      	str	r2, [r7, #100]	; 0x64
10001f86:	e7ff      	b.n	10001f88 <y64+0x18>
10001f88:	e7ff      	b.n	10001f8a <y64+0x1a>
10001f8a:	b430      	push	{r4, r5}
10001f8c:	0c04      	lsrs	r4, r0, #16
10001f8e:	6f7b      	ldr	r3, [r7, #116]	; 0x74
10001f90:	6f39      	ldr	r1, [r7, #112]	; 0x70
10001f92:	041b      	lsls	r3, r3, #16
10001f94:	4323      	orrs	r3, r4
10001f96:	663b      	str	r3, [r7, #96]	; 0x60
10001f98:	667a      	str	r2, [r7, #100]	; 0x64
10001f9a:	e7ff      	b.n	10001f9c <y64+0x2c>
10001f9c:	e7ff      	b.n	10001f9e <y64+0x2e>
10001f9e:	e7ff      	b.n	10001fa0 <y64+0x30>
10001fa0:	46c0      	nop			; (mov r8, r8)
10001fa2:	b284      	uxth	r4, r0
10001fa4:	6f7b      	ldr	r3, [r7, #116]	; 0x74
10001fa6:	6f3d      	ldr	r5, [r7, #112]	; 0x70
10001fa8:	041b      	lsls	r3, r3, #16
10001faa:	4323      	orrs	r3, r4
10001fac:	663b      	str	r3, [r7, #96]	; 0x60
10001fae:	667a      	str	r2, [r7, #100]	; 0x64
10001fb0:	e7ff      	b.n	10001fb2 <y64+0x42>
10001fb2:	e7ff      	b.n	10001fb4 <y64+0x44>
10001fb4:	46c0      	nop			; (mov r8, r8)
10001fb6:	2300      	movs	r3, #0
10001fb8:	042c      	lsls	r4, r5, #16
10001fba:	0c2d      	lsrs	r5, r5, #16
10001fbc:	6f7a      	ldr	r2, [r7, #116]	; 0x74
10001fbe:	6f38      	ldr	r0, [r7, #112]	; 0x70
10001fc0:	1900      	adds	r0, r0, r4
10001fc2:	4169      	adcs	r1, r5
10001fc4:	bcb0      	pop	{r4, r5, r7}
10001fc6:	4770      	bx	lr
10001fc8:	d0000000 	.word	0xd0000000

10001fcc <y64_x32>:
10001fcc:	b5f0      	push	{r4, r5, r6, r7, lr}
10001fce:	4694      	mov	ip, r2
10001fd0:	2500      	movs	r5, #0
10001fd2:	0e14      	lsrs	r4, r2, #24
10001fd4:	d101      	bne.n	10001fda <y64_x32+0xe>
10001fd6:	0212      	lsls	r2, r2, #8
10001fd8:	3508      	adds	r5, #8
10001fda:	0f14      	lsrs	r4, r2, #28
10001fdc:	d101      	bne.n	10001fe2 <y64_x32+0x16>
10001fde:	0112      	lsls	r2, r2, #4
10001fe0:	3504      	adds	r5, #4
10001fe2:	0f94      	lsrs	r4, r2, #30
10001fe4:	d101      	bne.n	10001fea <y64_x32+0x1e>
10001fe6:	0092      	lsls	r2, r2, #2
10001fe8:	3502      	adds	r5, #2
10001fea:	0fd4      	lsrs	r4, r2, #31
10001fec:	d101      	bne.n	10001ff2 <y64_x32+0x26>
10001fee:	0052      	lsls	r2, r2, #1
10001ff0:	3501      	adds	r5, #1
10001ff2:	0bd4      	lsrs	r4, r2, #15
10001ff4:	3401      	adds	r4, #1
10001ff6:	4f25      	ldr	r7, [pc, #148]	; (1000208c <y64_x32+0xc0>)
10001ff8:	667c      	str	r4, [r7, #100]	; 0x64
10001ffa:	4c25      	ldr	r4, [pc, #148]	; (10002090 <y64_x32+0xc4>)
10001ffc:	663c      	str	r4, [r7, #96]	; 0x60
10001ffe:	0c0e      	lsrs	r6, r1, #16
10002000:	b293      	uxth	r3, r2
10002002:	e7ff      	b.n	10002004 <y64_x32+0x38>
10002004:	e7ff      	b.n	10002006 <y64_x32+0x3a>
10002006:	e7ff      	b.n	10002008 <y64_x32+0x3c>
10002008:	6f3c      	ldr	r4, [r7, #112]	; 0x70
1000200a:	4366      	muls	r6, r4
1000200c:	0c36      	lsrs	r6, r6, #16
1000200e:	0377      	lsls	r7, r6, #13
10002010:	46be      	mov	lr, r7
10002012:	4373      	muls	r3, r6
10002014:	0bdf      	lsrs	r7, r3, #15
10002016:	045b      	lsls	r3, r3, #17
10002018:	1ac0      	subs	r0, r0, r3
1000201a:	41b9      	sbcs	r1, r7
1000201c:	0c13      	lsrs	r3, r2, #16
1000201e:	4373      	muls	r3, r6
10002020:	18db      	adds	r3, r3, r3
10002022:	1ac9      	subs	r1, r1, r3
10002024:	08ce      	lsrs	r6, r1, #3
10002026:	4366      	muls	r6, r4
10002028:	0c36      	lsrs	r6, r6, #16
1000202a:	44b6      	add	lr, r6
1000202c:	b293      	uxth	r3, r2
1000202e:	4373      	muls	r3, r6
10002030:	0f1f      	lsrs	r7, r3, #28
10002032:	011b      	lsls	r3, r3, #4
10002034:	1ac0      	subs	r0, r0, r3
10002036:	41b9      	sbcs	r1, r7
10002038:	0c13      	lsrs	r3, r2, #16
1000203a:	4373      	muls	r3, r6
1000203c:	0b1f      	lsrs	r7, r3, #12
1000203e:	051b      	lsls	r3, r3, #20
10002040:	1ac0      	subs	r0, r0, r3
10002042:	41b9      	sbcs	r1, r7
10002044:	0d86      	lsrs	r6, r0, #22
10002046:	028f      	lsls	r7, r1, #10
10002048:	433e      	orrs	r6, r7
1000204a:	4366      	muls	r6, r4
1000204c:	0c36      	lsrs	r6, r6, #16
1000204e:	2d09      	cmp	r5, #9
10002050:	db24      	blt.n	1000209c <last0>
10002052:	0a52      	lsrs	r2, r2, #9
10002054:	4372      	muls	r2, r6
10002056:	1a80      	subs	r0, r0, r2
10002058:	0377      	lsls	r7, r6, #13
1000205a:	0a46      	lsrs	r6, r0, #9
1000205c:	4366      	muls	r6, r4
1000205e:	0c36      	lsrs	r6, r6, #16
10002060:	2316      	movs	r3, #22
10002062:	1b5b      	subs	r3, r3, r5
10002064:	40de      	lsrs	r6, r3
10002066:	40df      	lsrs	r7, r3
10002068:	19bf      	adds	r7, r7, r6
1000206a:	4664      	mov	r4, ip
1000206c:	4366      	muls	r6, r4
1000206e:	1b82      	subs	r2, r0, r6
10002070:	4670      	mov	r0, lr
10002072:	3504      	adds	r5, #4
10002074:	3306      	adds	r3, #6
10002076:	0001      	movs	r1, r0
10002078:	40d9      	lsrs	r1, r3
1000207a:	40a8      	lsls	r0, r5
1000207c:	19c0      	adds	r0, r0, r7
1000207e:	d300      	bcc.n	10002082 <y64_x32+0xb6>
10002080:	3101      	adds	r1, #1
10002082:	42a2      	cmp	r2, r4
10002084:	d206      	bcs.n	10002094 <y64_x32+0xc8>
10002086:	2300      	movs	r3, #0
10002088:	bdf0      	pop	{r4, r5, r6, r7, pc}
1000208a:	0000      	.short	0x0000
1000208c:	d0000000 	.word	0xd0000000
10002090:	ffffffff 	.word	0xffffffff
10002094:	1b12      	subs	r2, r2, r4
10002096:	3001      	adds	r0, #1
10002098:	d3f3      	bcc.n	10002082 <y64_x32+0xb6>
1000209a:	e7f1      	b.n	10002080 <y64_x32+0xb4>

1000209c <last0>:
1000209c:	2709      	movs	r7, #9
1000209e:	1b7f      	subs	r7, r7, r5
100020a0:	40fe      	lsrs	r6, r7
100020a2:	4664      	mov	r4, ip
100020a4:	b2a2      	uxth	r2, r4
100020a6:	4372      	muls	r2, r6
100020a8:	1a80      	subs	r0, r0, r2
100020aa:	d200      	bcs.n	100020ae <last0+0x12>
100020ac:	3901      	subs	r1, #1
100020ae:	0c22      	lsrs	r2, r4, #16
100020b0:	4372      	muls	r2, r6
100020b2:	0c13      	lsrs	r3, r2, #16
100020b4:	0412      	lsls	r2, r2, #16
100020b6:	1a82      	subs	r2, r0, r2
100020b8:	4199      	sbcs	r1, r3
100020ba:	000b      	movs	r3, r1
100020bc:	4670      	mov	r0, lr
100020be:	3504      	adds	r5, #4
100020c0:	3713      	adds	r7, #19
100020c2:	0001      	movs	r1, r0
100020c4:	40f9      	lsrs	r1, r7
100020c6:	40a8      	lsls	r0, r5
100020c8:	1980      	adds	r0, r0, r6
100020ca:	d300      	bcc.n	100020ce <last0+0x32>
100020cc:	3101      	adds	r1, #1
100020ce:	2b00      	cmp	r3, #0
100020d0:	d102      	bne.n	100020d8 <last0+0x3c>
100020d2:	42a2      	cmp	r2, r4
100020d4:	d20a      	bcs.n	100020ec <last0+0x50>
100020d6:	bdf0      	pop	{r4, r5, r6, r7, pc}
100020d8:	3001      	adds	r0, #1
100020da:	d300      	bcc.n	100020de <last0+0x42>
100020dc:	3101      	adds	r1, #1
100020de:	1b12      	subs	r2, r2, r4
100020e0:	d2fa      	bcs.n	100020d8 <last0+0x3c>
100020e2:	3b01      	subs	r3, #1
100020e4:	d1f8      	bne.n	100020d8 <last0+0x3c>
100020e6:	42a2      	cmp	r2, r4
100020e8:	d200      	bcs.n	100020ec <last0+0x50>
100020ea:	bdf0      	pop	{r4, r5, r6, r7, pc}
100020ec:	3001      	adds	r0, #1
100020ee:	d300      	bcc.n	100020f2 <last0+0x56>
100020f0:	3101      	adds	r1, #1
100020f2:	1b12      	subs	r2, r2, r4
100020f4:	e7f7      	b.n	100020e6 <last0+0x4a>

100020f6 <y64_x48>:
100020f6:	b5f0      	push	{r4, r5, r6, r7, lr}
100020f8:	0c1c      	lsrs	r4, r3, #16
100020fa:	d000      	beq.n	100020fe <y64_x48+0x8>
100020fc:	e080      	b.n	10002200 <y64_x64>
100020fe:	b40c      	push	{r2, r3}
10002100:	2500      	movs	r5, #0
10002102:	0a1c      	lsrs	r4, r3, #8
10002104:	d104      	bne.n	10002110 <y64_x48+0x1a>
10002106:	021b      	lsls	r3, r3, #8
10002108:	0e16      	lsrs	r6, r2, #24
1000210a:	4333      	orrs	r3, r6
1000210c:	0212      	lsls	r2, r2, #8
1000210e:	3508      	adds	r5, #8
10002110:	0b1c      	lsrs	r4, r3, #12
10002112:	d104      	bne.n	1000211e <y64_x48+0x28>
10002114:	011b      	lsls	r3, r3, #4
10002116:	0f16      	lsrs	r6, r2, #28
10002118:	4333      	orrs	r3, r6
1000211a:	0112      	lsls	r2, r2, #4
1000211c:	3504      	adds	r5, #4
1000211e:	0b9c      	lsrs	r4, r3, #14
10002120:	d104      	bne.n	1000212c <y64_x48+0x36>
10002122:	009b      	lsls	r3, r3, #2
10002124:	0f96      	lsrs	r6, r2, #30
10002126:	4333      	orrs	r3, r6
10002128:	0092      	lsls	r2, r2, #2
1000212a:	3502      	adds	r5, #2
1000212c:	0bdc      	lsrs	r4, r3, #15
1000212e:	d102      	bne.n	10002136 <y64_x48+0x40>
10002130:	1892      	adds	r2, r2, r2
10002132:	415b      	adcs	r3, r3
10002134:	3501      	adds	r5, #1
10002136:	001c      	movs	r4, r3
10002138:	1897      	adds	r7, r2, r2
1000213a:	4164      	adcs	r4, r4
1000213c:	3401      	adds	r4, #1
1000213e:	4f46      	ldr	r7, [pc, #280]	; (10002258 <y64_x64+0x58>)
10002140:	667c      	str	r4, [r7, #100]	; 0x64
10002142:	4c46      	ldr	r4, [pc, #280]	; (1000225c <y64_x64+0x5c>)
10002144:	663c      	str	r4, [r7, #96]	; 0x60
10002146:	0c0e      	lsrs	r6, r1, #16
10002148:	e7ff      	b.n	1000214a <y64_x48+0x54>
1000214a:	e7ff      	b.n	1000214c <y64_x48+0x56>
1000214c:	e7ff      	b.n	1000214e <y64_x48+0x58>
1000214e:	46c0      	nop			; (mov r8, r8)
10002150:	6f3c      	ldr	r4, [r7, #112]	; 0x70
10002152:	4366      	muls	r6, r4
10002154:	0c36      	lsrs	r6, r6, #16
10002156:	0377      	lsls	r7, r6, #13
10002158:	46be      	mov	lr, r7
1000215a:	b297      	uxth	r7, r2
1000215c:	4377      	muls	r7, r6
1000215e:	1bc0      	subs	r0, r0, r7
10002160:	d200      	bcs.n	10002164 <y64_x48+0x6e>
10002162:	3901      	subs	r1, #1
10002164:	1bc0      	subs	r0, r0, r7
10002166:	d200      	bcs.n	1000216a <y64_x48+0x74>
10002168:	3901      	subs	r1, #1
1000216a:	b29f      	uxth	r7, r3
1000216c:	4377      	muls	r7, r6
1000216e:	1bc9      	subs	r1, r1, r7
10002170:	1bc9      	subs	r1, r1, r7
10002172:	0c17      	lsrs	r7, r2, #16
10002174:	4377      	muls	r7, r6
10002176:	047e      	lsls	r6, r7, #17
10002178:	0bff      	lsrs	r7, r7, #15
1000217a:	1b80      	subs	r0, r0, r6
1000217c:	41b9      	sbcs	r1, r7
1000217e:	08ce      	lsrs	r6, r1, #3
10002180:	4366      	muls	r6, r4
10002182:	0c36      	lsrs	r6, r6, #16
10002184:	2d0c      	cmp	r5, #12
10002186:	db33      	blt.n	100021f0 <last1>
10002188:	44b6      	add	lr, r6
1000218a:	0b12      	lsrs	r2, r2, #12
1000218c:	051f      	lsls	r7, r3, #20
1000218e:	433a      	orrs	r2, r7
10002190:	0b1b      	lsrs	r3, r3, #12
10002192:	b297      	uxth	r7, r2
10002194:	4377      	muls	r7, r6
10002196:	1bc0      	subs	r0, r0, r7
10002198:	d200      	bcs.n	1000219c <y64_x48+0xa6>
1000219a:	3901      	subs	r1, #1
1000219c:	b29f      	uxth	r7, r3
1000219e:	4377      	muls	r7, r6
100021a0:	1bc9      	subs	r1, r1, r7
100021a2:	0c17      	lsrs	r7, r2, #16
100021a4:	4377      	muls	r7, r6
100021a6:	043e      	lsls	r6, r7, #16
100021a8:	0c3f      	lsrs	r7, r7, #16
100021aa:	1b80      	subs	r0, r0, r6
100021ac:	41b9      	sbcs	r1, r7
100021ae:	0d86      	lsrs	r6, r0, #22
100021b0:	028f      	lsls	r7, r1, #10
100021b2:	433e      	orrs	r6, r7
100021b4:	4366      	muls	r6, r4
100021b6:	2729      	movs	r7, #41	; 0x29
100021b8:	1b7f      	subs	r7, r7, r5
100021ba:	40fe      	lsrs	r6, r7
100021bc:	3d0c      	subs	r5, #12
100021be:	4677      	mov	r7, lr
100021c0:	40af      	lsls	r7, r5
100021c2:	19bf      	adds	r7, r7, r6
100021c4:	bc30      	pop	{r4, r5}
100021c6:	b2a2      	uxth	r2, r4
100021c8:	b2ab      	uxth	r3, r5
100021ca:	4372      	muls	r2, r6
100021cc:	4373      	muls	r3, r6
100021ce:	1a80      	subs	r0, r0, r2
100021d0:	4199      	sbcs	r1, r3
100021d2:	0c22      	lsrs	r2, r4, #16
100021d4:	4372      	muls	r2, r6
100021d6:	0c13      	lsrs	r3, r2, #16
100021d8:	0412      	lsls	r2, r2, #16
100021da:	1a80      	subs	r0, r0, r2
100021dc:	4199      	sbcs	r1, r3
100021de:	0002      	movs	r2, r0
100021e0:	000b      	movs	r3, r1
100021e2:	3701      	adds	r7, #1
100021e4:	1b00      	subs	r0, r0, r4
100021e6:	41a9      	sbcs	r1, r5
100021e8:	d2f9      	bcs.n	100021de <y64_x48+0xe8>
100021ea:	1e78      	subs	r0, r7, #1
100021ec:	2100      	movs	r1, #0
100021ee:	bdf0      	pop	{r4, r5, r6, r7, pc}

100021f0 <last1>:
100021f0:	270c      	movs	r7, #12
100021f2:	1b7f      	subs	r7, r7, r5
100021f4:	40fe      	lsrs	r6, r7
100021f6:	4677      	mov	r7, lr
100021f8:	0b7f      	lsrs	r7, r7, #13
100021fa:	40af      	lsls	r7, r5
100021fc:	19ff      	adds	r7, r7, r7
100021fe:	e7e0      	b.n	100021c2 <y64_x48+0xcc>

10002200 <y64_x64>:
10002200:	2400      	movs	r4, #0
10002202:	1c5d      	adds	r5, r3, #1
10002204:	d007      	beq.n	10002216 <y64_x64+0x16>
10002206:	4f14      	ldr	r7, [pc, #80]	; (10002258 <y64_x64+0x58>)
10002208:	667d      	str	r5, [r7, #100]	; 0x64
1000220a:	6639      	str	r1, [r7, #96]	; 0x60
1000220c:	e7ff      	b.n	1000220e <y64_x64+0xe>
1000220e:	e7ff      	b.n	10002210 <y64_x64+0x10>
10002210:	e7ff      	b.n	10002212 <y64_x64+0x12>
10002212:	e7ff      	b.n	10002214 <y64_x64+0x14>
10002214:	6f3c      	ldr	r4, [r7, #112]	; 0x70
10002216:	b295      	uxth	r5, r2
10002218:	b29e      	uxth	r6, r3
1000221a:	4365      	muls	r5, r4
1000221c:	4366      	muls	r6, r4
1000221e:	1b40      	subs	r0, r0, r5
10002220:	41b1      	sbcs	r1, r6
10002222:	0c15      	lsrs	r5, r2, #16
10002224:	0c1e      	lsrs	r6, r3, #16
10002226:	4365      	muls	r5, r4
10002228:	4366      	muls	r6, r4
1000222a:	0436      	lsls	r6, r6, #16
1000222c:	0c2f      	lsrs	r7, r5, #16
1000222e:	433e      	orrs	r6, r7
10002230:	042d      	lsls	r5, r5, #16
10002232:	1b40      	subs	r0, r0, r5
10002234:	41b1      	sbcs	r1, r6
10002236:	4299      	cmp	r1, r3
10002238:	d204      	bcs.n	10002244 <y64_x64+0x44>
1000223a:	0002      	movs	r2, r0
1000223c:	000b      	movs	r3, r1
1000223e:	0020      	movs	r0, r4
10002240:	2100      	movs	r1, #0
10002242:	bdf0      	pop	{r4, r5, r6, r7, pc}
10002244:	d101      	bne.n	1000224a <y64_x64+0x4a>
10002246:	4290      	cmp	r0, r2
10002248:	d3f7      	bcc.n	1000223a <y64_x64+0x3a>
1000224a:	1a80      	subs	r0, r0, r2
1000224c:	4199      	sbcs	r1, r3
1000224e:	3401      	adds	r4, #1
10002250:	4299      	cmp	r1, r3
10002252:	d3f2      	bcc.n	1000223a <y64_x64+0x3a>
10002254:	e7f6      	b.n	10002244 <y64_x64+0x44>
10002256:	0000      	.short	0x0000
10002258:	d0000000 	.word	0xd0000000
1000225c:	ffffffff 	.word	0xffffffff

10002260 <__wrap___aeabi_drsub>:
10002260:	4048      	eors	r0, r1
10002262:	4041      	eors	r1, r0
10002264:	4048      	eors	r0, r1

10002266 <__wrap___aeabi_dsub>:
10002266:	b418      	push	{r3, r4}
10002268:	4b1b      	ldr	r3, [pc, #108]	; (100022d8 <__wrap___aeabi_dmul+0x12>)
1000226a:	685b      	ldr	r3, [r3, #4]
1000226c:	46fc      	mov	ip, pc
1000226e:	9301      	str	r3, [sp, #4]
10002270:	bd08      	pop	{r3, pc}
10002272:	df04      	.short	0xdf04
10002274:	10002537 	.word	0x10002537

10002278 <__wrap___aeabi_dadd>:
10002278:	b418      	push	{r3, r4}
1000227a:	4b17      	ldr	r3, [pc, #92]	; (100022d8 <__wrap___aeabi_dmul+0x12>)
1000227c:	681b      	ldr	r3, [r3, #0]
1000227e:	46fc      	mov	ip, pc
10002280:	9301      	str	r3, [sp, #4]
10002282:	bd08      	pop	{r3, pc}
10002284:	2541df00 	.word	0x2541df00
10002288:	1000      	.short	0x1000

1000228a <__wrap___aeabi_ddiv>:
1000228a:	4694      	mov	ip, r2
1000228c:	4a13      	ldr	r2, [pc, #76]	; (100022dc <__wrap___aeabi_dmul+0x16>)
1000228e:	6f92      	ldr	r2, [r2, #120]	; 0x78
10002290:	0892      	lsrs	r2, r2, #2
10002292:	d209      	bcs.n	100022a8 <ddiv_save_state>
10002294:	4662      	mov	r2, ip

10002296 <ddiv_shim_call>:
10002296:	b418      	push	{r3, r4}
10002298:	4b0f      	ldr	r3, [pc, #60]	; (100022d8 <__wrap___aeabi_dmul+0x12>)
1000229a:	68db      	ldr	r3, [r3, #12]
1000229c:	46fc      	mov	ip, pc
1000229e:	9301      	str	r3, [sp, #4]
100022a0:	bd08      	pop	{r3, pc}
100022a2:	df0c      	.short	0xdf0c
100022a4:	100027f9 	.word	0x100027f9

100022a8 <ddiv_save_state>:
100022a8:	4a0c      	ldr	r2, [pc, #48]	; (100022dc <__wrap___aeabi_dmul+0x16>)
100022aa:	b5f0      	push	{r4, r5, r6, r7, lr}
100022ac:	6e14      	ldr	r4, [r2, #96]	; 0x60
100022ae:	6e55      	ldr	r5, [r2, #100]	; 0x64
100022b0:	6f57      	ldr	r7, [r2, #116]	; 0x74
100022b2:	6f16      	ldr	r6, [r2, #112]	; 0x70
100022b4:	4662      	mov	r2, ip
100022b6:	f7ff ffee 	bl	10002296 <ddiv_shim_call>
100022ba:	4a08      	ldr	r2, [pc, #32]	; (100022dc <__wrap___aeabi_dmul+0x16>)
100022bc:	6614      	str	r4, [r2, #96]	; 0x60
100022be:	6655      	str	r5, [r2, #100]	; 0x64
100022c0:	6757      	str	r7, [r2, #116]	; 0x74
100022c2:	6716      	str	r6, [r2, #112]	; 0x70
100022c4:	bdf0      	pop	{r4, r5, r6, r7, pc}

100022c6 <__wrap___aeabi_dmul>:
100022c6:	b418      	push	{r3, r4}
100022c8:	4b03      	ldr	r3, [pc, #12]	; (100022d8 <__wrap___aeabi_dmul+0x12>)
100022ca:	689b      	ldr	r3, [r3, #8]
100022cc:	46fc      	mov	ip, pc
100022ce:	9301      	str	r3, [sp, #4]
100022d0:	bd08      	pop	{r3, pc}
100022d2:	df08      	.short	0xdf08
100022d4:	1000269d 	.word	0x1000269d
100022d8:	200025dc 	.word	0x200025dc
100022dc:	d0000000 	.word	0xd0000000

100022e0 <__wrap___aeabi_cdrcmple>:
100022e0:	b5ff      	push	{r0, r1, r2, r3, r4, r5, r6, r7, lr}
100022e2:	4050      	eors	r0, r2
100022e4:	4042      	eors	r2, r0
100022e6:	4050      	eors	r0, r2
100022e8:	4059      	eors	r1, r3
100022ea:	404b      	eors	r3, r1
100022ec:	4059      	eors	r1, r3
100022ee:	e000      	b.n	100022f2 <__aeabi_dfcmple_guts>

100022f0 <__wrap___aeabi_cdcmpeq>:
100022f0:	b5ff      	push	{r0, r1, r2, r3, r4, r5, r6, r7, lr}

100022f2 <__aeabi_dfcmple_guts>:
100022f2:	4f15      	ldr	r7, [pc, #84]	; (10002348 <__aeabi_dfcmple_guts+0x56>)
100022f4:	004c      	lsls	r4, r1, #1
100022f6:	0d64      	lsrs	r4, r4, #21
100022f8:	d003      	beq.n	10002302 <__aeabi_dfcmple_guts+0x10>
100022fa:	42bc      	cmp	r4, r7
100022fc:	d104      	bne.n	10002308 <__aeabi_dfcmple_guts+0x16>
100022fe:	030c      	lsls	r4, r1, #12
10002300:	d814      	bhi.n	1000232c <__aeabi_dfcmple_guts+0x3a>
10002302:	2000      	movs	r0, #0
10002304:	0d09      	lsrs	r1, r1, #20
10002306:	0509      	lsls	r1, r1, #20
10002308:	005c      	lsls	r4, r3, #1
1000230a:	0d64      	lsrs	r4, r4, #21
1000230c:	d003      	beq.n	10002316 <__aeabi_dfcmple_guts+0x24>
1000230e:	42bc      	cmp	r4, r7
10002310:	d104      	bne.n	1000231c <__aeabi_dfcmple_guts+0x2a>
10002312:	031c      	lsls	r4, r3, #12
10002314:	d80a      	bhi.n	1000232c <__aeabi_dfcmple_guts+0x3a>
10002316:	2200      	movs	r2, #0
10002318:	0d1b      	lsrs	r3, r3, #20
1000231a:	051b      	lsls	r3, r3, #20
1000231c:	2601      	movs	r6, #1
1000231e:	404b      	eors	r3, r1
10002320:	d409      	bmi.n	10002336 <__aeabi_dfcmple_guts+0x44>
10002322:	404b      	eors	r3, r1
10002324:	d503      	bpl.n	1000232e <__aeabi_dfcmple_guts+0x3c>
10002326:	428b      	cmp	r3, r1
10002328:	d100      	bne.n	1000232c <__aeabi_dfcmple_guts+0x3a>
1000232a:	4282      	cmp	r2, r0
1000232c:	bdff      	pop	{r0, r1, r2, r3, r4, r5, r6, r7, pc}
1000232e:	4299      	cmp	r1, r3
10002330:	d1fc      	bne.n	1000232c <__aeabi_dfcmple_guts+0x3a>
10002332:	4290      	cmp	r0, r2
10002334:	bdff      	pop	{r0, r1, r2, r3, r4, r5, r6, r7, pc}
10002336:	430b      	orrs	r3, r1
10002338:	18db      	adds	r3, r3, r3
1000233a:	4303      	orrs	r3, r0
1000233c:	4313      	orrs	r3, r2
1000233e:	d0f5      	beq.n	1000232c <__aeabi_dfcmple_guts+0x3a>
10002340:	43c9      	mvns	r1, r1
10002342:	1849      	adds	r1, r1, r1
10002344:	bdff      	pop	{r0, r1, r2, r3, r4, r5, r6, r7, pc}
10002346:	0000      	.short	0x0000
10002348:	000007ff 	.word	0x000007ff

1000234c <__wrap___aeabi_dcmplt>:
1000234c:	b500      	push	{lr}
1000234e:	f7ff ffcf 	bl	100022f0 <__wrap___aeabi_cdcmpeq>
10002352:	4180      	sbcs	r0, r0
10002354:	bd00      	pop	{pc}
10002356:	46c0      	nop			; (mov r8, r8)

10002358 <__wrap___aeabi_dcmple>:
10002358:	b500      	push	{lr}
1000235a:	f7ff ffc9 	bl	100022f0 <__wrap___aeabi_cdcmpeq>
1000235e:	d901      	bls.n	10002364 <__wrap___aeabi_dcmple+0xc>
10002360:	2000      	movs	r0, #0
10002362:	bd00      	pop	{pc}
10002364:	2001      	movs	r0, #1
10002366:	bd00      	pop	{pc}

10002368 <__wrap___aeabi_dcmpge>:
10002368:	b500      	push	{lr}
1000236a:	f7ff ffb9 	bl	100022e0 <__wrap___aeabi_cdrcmple>
1000236e:	d901      	bls.n	10002374 <__wrap___aeabi_dcmpge+0xc>
10002370:	2000      	movs	r0, #0
10002372:	bd00      	pop	{pc}
10002374:	2001      	movs	r0, #1
10002376:	bd00      	pop	{pc}

10002378 <__wrap___aeabi_dcmpgt>:
10002378:	b500      	push	{lr}
1000237a:	f7ff ffb1 	bl	100022e0 <__wrap___aeabi_cdrcmple>
1000237e:	4180      	sbcs	r0, r0
10002380:	bd00      	pop	{pc}

10002382 <__wrap___aeabi_dcmpun>:
10002382:	2001      	movs	r0, #1
10002384:	0540      	lsls	r0, r0, #21
10002386:	004a      	lsls	r2, r1, #1
10002388:	1812      	adds	r2, r2, r0
1000238a:	d804      	bhi.n	10002396 <__wrap___aeabi_dcmpun+0x14>
1000238c:	005a      	lsls	r2, r3, #1
1000238e:	1812      	adds	r2, r2, r0
10002390:	d801      	bhi.n	10002396 <__wrap___aeabi_dcmpun+0x14>
10002392:	2000      	movs	r0, #0
10002394:	4770      	bx	lr
10002396:	2001      	movs	r0, #1
10002398:	4770      	bx	lr
	...

1000239c <__wrap___aeabi_ui2d>:
1000239c:	2100      	movs	r1, #0
1000239e:	2800      	cmp	r0, #0
100023a0:	d105      	bne.n	100023ae <__wrap___aeabi_i2d+0xa>
100023a2:	4770      	bx	lr

100023a4 <__wrap___aeabi_i2d>:
100023a4:	17c1      	asrs	r1, r0, #31
100023a6:	4048      	eors	r0, r1
100023a8:	1a40      	subs	r0, r0, r1
100023aa:	d0fa      	beq.n	100023a2 <__wrap___aeabi_ui2d+0x6>
100023ac:	07c9      	lsls	r1, r1, #31
100023ae:	b513      	push	{r0, r1, r4, lr}
100023b0:	4b06      	ldr	r3, [pc, #24]	; (100023cc <__wrap___aeabi_i2d+0x28>)
100023b2:	681b      	ldr	r3, [r3, #0]
100023b4:	4798      	blx	r3
100023b6:	bc0c      	pop	{r2, r3}
100023b8:	1c44      	adds	r4, r0, #1
100023ba:	40a2      	lsls	r2, r4
100023bc:	0510      	lsls	r0, r2, #20
100023be:	0b12      	lsrs	r2, r2, #12
100023c0:	4903      	ldr	r1, [pc, #12]	; (100023d0 <__wrap___aeabi_i2d+0x2c>)
100023c2:	1b09      	subs	r1, r1, r4
100023c4:	0509      	lsls	r1, r1, #20
100023c6:	4319      	orrs	r1, r3
100023c8:	4311      	orrs	r1, r2
100023ca:	bd10      	pop	{r4, pc}
100023cc:	200026dc 	.word	0x200026dc
100023d0:	0000041f 	.word	0x0000041f

100023d4 <__wrap___aeabi_d2iz>:
100023d4:	b510      	push	{r4, lr}
100023d6:	004c      	lsls	r4, r1, #1
100023d8:	0d62      	lsrs	r2, r4, #21
100023da:	2380      	movs	r3, #128	; 0x80
100023dc:	18d2      	adds	r2, r2, r3
100023de:	00db      	lsls	r3, r3, #3
100023e0:	1ad2      	subs	r2, r2, r3
100023e2:	055b      	lsls	r3, r3, #21
100023e4:	2a7e      	cmp	r2, #126	; 0x7e
100023e6:	dd10      	ble.n	1000240a <__wrap___aeabi_d2iz+0x36>
100023e8:	3a9e      	subs	r2, #158	; 0x9e
100023ea:	da13      	bge.n	10002414 <__wrap___aeabi_d2iz+0x40>
100023ec:	17cc      	asrs	r4, r1, #31
100023ee:	0309      	lsls	r1, r1, #12
100023f0:	0849      	lsrs	r1, r1, #1
100023f2:	4319      	orrs	r1, r3
100023f4:	4252      	negs	r2, r2
100023f6:	40d1      	lsrs	r1, r2
100023f8:	0064      	lsls	r4, r4, #1
100023fa:	3401      	adds	r4, #1
100023fc:	3215      	adds	r2, #21
100023fe:	2a20      	cmp	r2, #32
10002400:	da05      	bge.n	1000240e <__wrap___aeabi_d2iz+0x3a>
10002402:	40d0      	lsrs	r0, r2
10002404:	4308      	orrs	r0, r1
10002406:	4360      	muls	r0, r4
10002408:	bd10      	pop	{r4, pc}
1000240a:	2000      	movs	r0, #0
1000240c:	bd10      	pop	{r4, pc}
1000240e:	4608      	mov	r0, r1
10002410:	4360      	muls	r0, r4
10002412:	bd10      	pop	{r4, pc}
10002414:	0fc8      	lsrs	r0, r1, #31
10002416:	18c0      	adds	r0, r0, r3
10002418:	3801      	subs	r0, #1
1000241a:	bd10      	pop	{r4, pc}

1000241c <__wrap___aeabi_d2uiz>:
1000241c:	b418      	push	{r3, r4}
1000241e:	4b04      	ldr	r3, [pc, #16]	; (10002430 <__wrap___aeabi_d2uiz+0x14>)
10002420:	6a5b      	ldr	r3, [r3, #36]	; 0x24
10002422:	46fc      	mov	ip, pc
10002424:	9301      	str	r3, [sp, #4]
10002426:	bd08      	pop	{r3, pc}
10002428:	29a9df24 	.word	0x29a9df24
1000242c:	00001000 	.word	0x00001000
10002430:	200025dc 	.word	0x200025dc

10002434 <__aeabi_double_init>:
10002434:	b570      	push	{r4, r5, r6, lr}
10002436:	2313      	movs	r3, #19
10002438:	781c      	ldrb	r4, [r3, #0]
1000243a:	2c01      	cmp	r4, #1
1000243c:	d014      	beq.n	10002468 <__aeabi_double_init+0x34>
1000243e:	2c01      	cmp	r4, #1
10002440:	dc14      	bgt.n	1000246c <__aeabi_double_init+0x38>
10002442:	2c02      	cmp	r4, #2
10002444:	dc02      	bgt.n	1000244c <__aeabi_double_init+0x18>
10002446:	4a1f      	ldr	r2, [pc, #124]	; (100024c4 <__aeabi_double_init+0x90>)
10002448:	4b1f      	ldr	r3, [pc, #124]	; (100024c8 <__aeabi_double_init+0x94>)
1000244a:	649a      	str	r2, [r3, #72]	; 0x48
1000244c:	481f      	ldr	r0, [pc, #124]	; (100024cc <__aeabi_double_init+0x98>)
1000244e:	f7ff fb65 	bl	10001b1c <rom_func_lookup>
10002452:	4b1f      	ldr	r3, [pc, #124]	; (100024d0 <__aeabi_double_init+0x9c>)
10002454:	6018      	str	r0, [r3, #0]
10002456:	bd70      	pop	{r4, r5, r6, pc}
10002458:	0099      	lsls	r1, r3, #2
1000245a:	481a      	ldr	r0, [pc, #104]	; (100024c4 <__aeabi_double_init+0x90>)
1000245c:	4a1a      	ldr	r2, [pc, #104]	; (100024c8 <__aeabi_double_init+0x94>)
1000245e:	5088      	str	r0, [r1, r2]
10002460:	3301      	adds	r3, #1
10002462:	2b1f      	cmp	r3, #31
10002464:	d9f8      	bls.n	10002458 <__aeabi_double_init+0x24>
10002466:	e7ea      	b.n	1000243e <__aeabi_double_init+0xa>
10002468:	2300      	movs	r3, #0
1000246a:	e7fa      	b.n	10002462 <__aeabi_double_init+0x2e>
1000246c:	4819      	ldr	r0, [pc, #100]	; (100024d4 <__aeabi_double_init+0xa0>)
1000246e:	f7ff fb5d 	bl	10001b2c <rom_data_lookup>
10002472:	0005      	movs	r5, r0
10002474:	4818      	ldr	r0, [pc, #96]	; (100024d8 <__aeabi_double_init+0xa4>)
10002476:	f7ff fb59 	bl	10001b2c <rom_data_lookup>
1000247a:	3802      	subs	r0, #2
1000247c:	7803      	ldrb	r3, [r0, #0]
1000247e:	009b      	lsls	r3, r3, #2
10002480:	2b7f      	cmp	r3, #127	; 0x7f
10002482:	dd19      	ble.n	100024b8 <__aeabi_double_init+0x84>
10002484:	2280      	movs	r2, #128	; 0x80
10002486:	0029      	movs	r1, r5
10002488:	480f      	ldr	r0, [pc, #60]	; (100024c8 <__aeabi_double_init+0x94>)
1000248a:	f000 fbdd 	bl	10002c48 <__wrap___aeabi_memcpy>
1000248e:	2c02      	cmp	r4, #2
10002490:	d1d7      	bne.n	10002442 <__aeabi_double_init+0xe>
10002492:	4b12      	ldr	r3, [pc, #72]	; (100024dc <__aeabi_double_init+0xa8>)
10002494:	881a      	ldrh	r2, [r3, #0]
10002496:	23b5      	movs	r3, #181	; 0xb5
10002498:	021b      	lsls	r3, r3, #8
1000249a:	429a      	cmp	r2, r3
1000249c:	d109      	bne.n	100024b2 <__aeabi_double_init+0x7e>
1000249e:	4b10      	ldr	r3, [pc, #64]	; (100024e0 <__aeabi_double_init+0xac>)
100024a0:	881a      	ldrh	r2, [r3, #0]
100024a2:	4b10      	ldr	r3, [pc, #64]	; (100024e4 <__aeabi_double_init+0xb0>)
100024a4:	429a      	cmp	r2, r3
100024a6:	d104      	bne.n	100024b2 <__aeabi_double_init+0x7e>
100024a8:	4b0f      	ldr	r3, [pc, #60]	; (100024e8 <__aeabi_double_init+0xb4>)
100024aa:	881a      	ldrh	r2, [r3, #0]
100024ac:	4b0f      	ldr	r3, [pc, #60]	; (100024ec <__aeabi_double_init+0xb8>)
100024ae:	429a      	cmp	r2, r3
100024b0:	d0c7      	beq.n	10002442 <__aeabi_double_init+0xe>
100024b2:	2000      	movs	r0, #0
100024b4:	f7fe f86c 	bl	10000590 <panic>
100024b8:	4b0d      	ldr	r3, [pc, #52]	; (100024f0 <__aeabi_double_init+0xbc>)
100024ba:	4a0e      	ldr	r2, [pc, #56]	; (100024f4 <__aeabi_double_init+0xc0>)
100024bc:	2133      	movs	r1, #51	; 0x33
100024be:	480e      	ldr	r0, [pc, #56]	; (100024f8 <__aeabi_double_init+0xc4>)
100024c0:	f001 fc8e 	bl	10003de0 <__assert_func>
100024c4:	100024fd 	.word	0x100024fd
100024c8:	200025dc 	.word	0x200025dc
100024cc:	0000334c 	.word	0x0000334c
100024d0:	200026dc 	.word	0x200026dc
100024d4:	00004453 	.word	0x00004453
100024d8:	00004653 	.word	0x00004653
100024dc:	00003854 	.word	0x00003854
100024e0:	000038d8 	.word	0x000038d8
100024e4:	00004649 	.word	0x00004649
100024e8:	0000389c 	.word	0x0000389c
100024ec:	00004659 	.word	0x00004659
100024f0:	10009228 	.word	0x10009228
100024f4:	100092b4 	.word	0x100092b4
100024f8:	1000926c 	.word	0x1000926c

100024fc <double_table_shim_on_use_helper>:
100024fc:	b507      	push	{r0, r1, r2, lr}
100024fe:	4660      	mov	r0, ip
10002500:	2800      	cmp	r0, #0
10002502:	d100      	bne.n	10002506 <double_table_shim_on_use_helper+0xa>
10002504:	be00      	bkpt	0x0000
10002506:	8801      	ldrh	r1, [r0, #0]
10002508:	0a0a      	lsrs	r2, r1, #8
1000250a:	3002      	adds	r0, #2
1000250c:	2adf      	cmp	r2, #223	; 0xdf
1000250e:	d1fa      	bne.n	10002506 <double_table_shim_on_use_helper+0xa>
10002510:	b2c9      	uxtb	r1, r1
10002512:	0882      	lsrs	r2, r0, #2
10002514:	d304      	bcc.n	10002520 <double_table_shim_on_use_helper+0x24>
10002516:	8802      	ldrh	r2, [r0, #0]
10002518:	8840      	ldrh	r0, [r0, #2]
1000251a:	0400      	lsls	r0, r0, #16
1000251c:	4310      	orrs	r0, r2
1000251e:	e000      	b.n	10002522 <double_table_shim_on_use_helper+0x26>
10002520:	6800      	ldr	r0, [r0, #0]
10002522:	4a02      	ldr	r2, [pc, #8]	; (1000252c <double_table_shim_on_use_helper+0x30>)
10002524:	5050      	str	r0, [r2, r1]
10002526:	9003      	str	r0, [sp, #12]
10002528:	bd07      	pop	{r0, r1, r2, pc}
1000252a:	0000      	.short	0x0000
1000252c:	200025dc 	.word	0x200025dc

10002530 <drsub_shim>:
10002530:	b40f      	push	{r0, r1, r2, r3}
10002532:	bc03      	pop	{r0, r1}
10002534:	bc0c      	pop	{r2, r3}

10002536 <dsub_shim>:
10002536:	b5f0      	push	{r4, r5, r6, r7, lr}
10002538:	2401      	movs	r4, #1
1000253a:	07e4      	lsls	r4, r4, #31
1000253c:	4063      	eors	r3, r4
1000253e:	e000      	b.n	10002542 <da_entry>

10002540 <dadd_shim>:
10002540:	b5f0      	push	{r4, r5, r6, r7, lr}

10002542 <da_entry>:
10002542:	0d0c      	lsrs	r4, r1, #20
10002544:	0fcf      	lsrs	r7, r1, #31
10002546:	1e66      	subs	r6, r4, #1
10002548:	0536      	lsls	r6, r6, #20
1000254a:	1b89      	subs	r1, r1, r6
1000254c:	0564      	lsls	r4, r4, #21
1000254e:	d303      	bcc.n	10002558 <l8_1>
10002550:	43c9      	mvns	r1, r1
10002552:	4240      	negs	r0, r0
10002554:	d300      	bcc.n	10002558 <l8_1>
10002556:	3101      	adds	r1, #1

10002558 <l8_1>:
10002558:	0d64      	lsrs	r4, r4, #21
1000255a:	d003      	beq.n	10002564 <l8_2>
1000255c:	1c66      	adds	r6, r4, #1
1000255e:	0af6      	lsrs	r6, r6, #11
10002560:	d007      	beq.n	10002572 <l8_3>
10002562:	1be4      	subs	r4, r4, r7

10002564 <l8_2>:
10002564:	2000      	movs	r0, #0
10002566:	007f      	lsls	r7, r7, #1
10002568:	1c79      	adds	r1, r7, #1
1000256a:	0789      	lsls	r1, r1, #30
1000256c:	1289      	asrs	r1, r1, #10
1000256e:	3c80      	subs	r4, #128	; 0x80
10002570:	0324      	lsls	r4, r4, #12

10002572 <l8_3>:
10002572:	0d1d      	lsrs	r5, r3, #20
10002574:	0fdf      	lsrs	r7, r3, #31
10002576:	1e6e      	subs	r6, r5, #1
10002578:	0536      	lsls	r6, r6, #20
1000257a:	1b9b      	subs	r3, r3, r6
1000257c:	056d      	lsls	r5, r5, #21
1000257e:	d303      	bcc.n	10002588 <l9_1>
10002580:	43db      	mvns	r3, r3
10002582:	4252      	negs	r2, r2
10002584:	d300      	bcc.n	10002588 <l9_1>
10002586:	3301      	adds	r3, #1

10002588 <l9_1>:
10002588:	0d6d      	lsrs	r5, r5, #21
1000258a:	d003      	beq.n	10002594 <l9_2>
1000258c:	1c6e      	adds	r6, r5, #1
1000258e:	0af6      	lsrs	r6, r6, #11
10002590:	d007      	beq.n	100025a2 <l9_3>
10002592:	1bed      	subs	r5, r5, r7

10002594 <l9_2>:
10002594:	2200      	movs	r2, #0
10002596:	007f      	lsls	r7, r7, #1
10002598:	1c7b      	adds	r3, r7, #1
1000259a:	079b      	lsls	r3, r3, #30
1000259c:	129b      	asrs	r3, r3, #10
1000259e:	3d80      	subs	r5, #128	; 0x80
100025a0:	032d      	lsls	r5, r5, #12

100025a2 <l9_3>:
100025a2:	1b2f      	subs	r7, r5, r4
100025a4:	1b66      	subs	r6, r4, r5
100025a6:	d458      	bmi.n	1000265a <da_ygtx>
100025a8:	46a4      	mov	ip, r4
100025aa:	2e20      	cmp	r6, #32
100025ac:	da46      	bge.n	1000263c <da_xrgty>
100025ae:	3720      	adds	r7, #32
100025b0:	0014      	movs	r4, r2
100025b2:	40bc      	lsls	r4, r7

100025b4 <da_xgty0>:
100025b4:	001d      	movs	r5, r3
100025b6:	40bd      	lsls	r5, r7
100025b8:	40f2      	lsrs	r2, r6
100025ba:	4133      	asrs	r3, r6
100025bc:	432a      	orrs	r2, r5

100025be <da_add>:
100025be:	1880      	adds	r0, r0, r2
100025c0:	4159      	adcs	r1, r3

100025c2 <da_pack>:
100025c2:	0fcb      	lsrs	r3, r1, #31
100025c4:	d005      	beq.n	100025d2 <da_pack+0x10>
100025c6:	43c9      	mvns	r1, r1
100025c8:	43c0      	mvns	r0, r0
100025ca:	2200      	movs	r2, #0
100025cc:	4264      	negs	r4, r4
100025ce:	4150      	adcs	r0, r2
100025d0:	4151      	adcs	r1, r2
100025d2:	4662      	mov	r2, ip
100025d4:	0d4d      	lsrs	r5, r1, #21
100025d6:	d128      	bne.n	1000262a <da_0>
100025d8:	0d0d      	lsrs	r5, r1, #20
100025da:	d107      	bne.n	100025ec <da_1>
100025dc:	2800      	cmp	r0, #0
100025de:	d01f      	beq.n	10002620 <da_5>

100025e0 <da_2>:
100025e0:	1924      	adds	r4, r4, r4
100025e2:	4140      	adcs	r0, r0
100025e4:	4149      	adcs	r1, r1
100025e6:	3a01      	subs	r2, #1
100025e8:	0d0d      	lsrs	r5, r1, #20
100025ea:	d0f9      	beq.n	100025e0 <da_2>

100025ec <da_1>:
100025ec:	0064      	lsls	r4, r4, #1
100025ee:	d306      	bcc.n	100025fe <da_3>

100025f0 <da_4>:
100025f0:	3001      	adds	r0, #1
100025f2:	d300      	bcc.n	100025f6 <da_4+0x6>
100025f4:	3101      	adds	r1, #1
100025f6:	2c00      	cmp	r4, #0
100025f8:	d101      	bne.n	100025fe <da_3>
100025fa:	0840      	lsrs	r0, r0, #1
100025fc:	0040      	lsls	r0, r0, #1

100025fe <da_3>:
100025fe:	3a01      	subs	r2, #1
10002600:	d40b      	bmi.n	1000261a <da_6>
10002602:	1c94      	adds	r4, r2, #2
10002604:	0ae4      	lsrs	r4, r4, #11
10002606:	d104      	bne.n	10002612 <da_7>
10002608:	0512      	lsls	r2, r2, #20
1000260a:	4411      	add	r1, r2
1000260c:	07db      	lsls	r3, r3, #31
1000260e:	4419      	add	r1, r3
10002610:	bdf0      	pop	{r4, r5, r6, r7, pc}

10002612 <da_7>:
10002612:	07d9      	lsls	r1, r3, #31
10002614:	4b20      	ldr	r3, [pc, #128]	; (10002698 <da_xmgty+0x4>)
10002616:	4319      	orrs	r1, r3
10002618:	e000      	b.n	1000261c <da_6+0x2>

1000261a <da_6>:
1000261a:	07d9      	lsls	r1, r3, #31
1000261c:	2000      	movs	r0, #0
1000261e:	bdf0      	pop	{r4, r5, r6, r7, pc}

10002620 <da_5>:
10002620:	2900      	cmp	r1, #0
10002622:	d1dd      	bne.n	100025e0 <da_2>
10002624:	2c00      	cmp	r4, #0
10002626:	d1db      	bne.n	100025e0 <da_2>
10002628:	bdf0      	pop	{r4, r5, r6, r7, pc}

1000262a <da_0>:
1000262a:	3201      	adds	r2, #1
1000262c:	07c6      	lsls	r6, r0, #31
1000262e:	0840      	lsrs	r0, r0, #1
10002630:	07cd      	lsls	r5, r1, #31
10002632:	4328      	orrs	r0, r5
10002634:	0849      	lsrs	r1, r1, #1
10002636:	2e00      	cmp	r6, #0
10002638:	d0e1      	beq.n	100025fe <da_3>
1000263a:	e7d9      	b.n	100025f0 <da_4>

1000263c <da_xrgty>:
1000263c:	2e3c      	cmp	r6, #60	; 0x3c
1000263e:	da29      	bge.n	10002694 <da_xmgty>
10002640:	3e20      	subs	r6, #32
10002642:	3740      	adds	r7, #64	; 0x40
10002644:	0014      	movs	r4, r2
10002646:	40bc      	lsls	r4, r7
10002648:	d000      	beq.n	1000264c <da_xrgty+0x10>
1000264a:	2401      	movs	r4, #1
1000264c:	40f2      	lsrs	r2, r6
1000264e:	4314      	orrs	r4, r2
10002650:	001a      	movs	r2, r3
10002652:	40bb      	lsls	r3, r7
10002654:	431c      	orrs	r4, r3
10002656:	17d3      	asrs	r3, r2, #31
10002658:	e7ac      	b.n	100025b4 <da_xgty0>

1000265a <da_ygtx>:
1000265a:	46ac      	mov	ip, r5
1000265c:	2f20      	cmp	r7, #32
1000265e:	da08      	bge.n	10002672 <da_yrgtx>
10002660:	3620      	adds	r6, #32
10002662:	0004      	movs	r4, r0
10002664:	40b4      	lsls	r4, r6

10002666 <da_ygtx0>:
10002666:	000d      	movs	r5, r1
10002668:	40b5      	lsls	r5, r6
1000266a:	40f8      	lsrs	r0, r7
1000266c:	4139      	asrs	r1, r7
1000266e:	4328      	orrs	r0, r5
10002670:	e7a5      	b.n	100025be <da_add>

10002672 <da_yrgtx>:
10002672:	2f3c      	cmp	r7, #60	; 0x3c
10002674:	da0c      	bge.n	10002690 <da_ymgtx>
10002676:	3f20      	subs	r7, #32
10002678:	3640      	adds	r6, #64	; 0x40
1000267a:	0004      	movs	r4, r0
1000267c:	40b4      	lsls	r4, r6
1000267e:	d000      	beq.n	10002682 <da_yrgtx+0x10>
10002680:	2401      	movs	r4, #1
10002682:	40f8      	lsrs	r0, r7
10002684:	4304      	orrs	r4, r0
10002686:	0008      	movs	r0, r1
10002688:	40b1      	lsls	r1, r6
1000268a:	430c      	orrs	r4, r1
1000268c:	17c1      	asrs	r1, r0, #31
1000268e:	e7ea      	b.n	10002666 <da_ygtx0>

10002690 <da_ymgtx>:
10002690:	0010      	movs	r0, r2
10002692:	0019      	movs	r1, r3

10002694 <da_xmgty>:
10002694:	2400      	movs	r4, #0
10002696:	e794      	b.n	100025c2 <da_pack>
10002698:	7ff00000 	.word	0x7ff00000

1000269c <dmul_shim>:
1000269c:	b5f0      	push	{r4, r5, r6, r7, lr}
1000269e:	0d0c      	lsrs	r4, r1, #20
100026a0:	1e66      	subs	r6, r4, #1
100026a2:	0536      	lsls	r6, r6, #20
100026a4:	1b89      	subs	r1, r1, r6
100026a6:	0ae6      	lsrs	r6, r4, #11
100026a8:	0564      	lsls	r4, r4, #21
100026aa:	0d64      	lsrs	r4, r4, #21
100026ac:	d002      	beq.n	100026b4 <l12_1>
100026ae:	1c65      	adds	r5, r4, #1
100026b0:	0aed      	lsrs	r5, r5, #11
100026b2:	d004      	beq.n	100026be <l12_2>

100026b4 <l12_1>:
100026b4:	2000      	movs	r0, #0
100026b6:	2101      	movs	r1, #1
100026b8:	0509      	lsls	r1, r1, #20
100026ba:	3c80      	subs	r4, #128	; 0x80
100026bc:	0324      	lsls	r4, r4, #12

100026be <l12_2>:
100026be:	46a4      	mov	ip, r4
100026c0:	0d1c      	lsrs	r4, r3, #20
100026c2:	1e67      	subs	r7, r4, #1
100026c4:	053f      	lsls	r7, r7, #20
100026c6:	1bdb      	subs	r3, r3, r7
100026c8:	0ae7      	lsrs	r7, r4, #11
100026ca:	0564      	lsls	r4, r4, #21
100026cc:	0d64      	lsrs	r4, r4, #21
100026ce:	d002      	beq.n	100026d6 <l13_1>
100026d0:	1c65      	adds	r5, r4, #1
100026d2:	0aed      	lsrs	r5, r5, #11
100026d4:	d004      	beq.n	100026e0 <l13_2>

100026d6 <l13_1>:
100026d6:	2200      	movs	r2, #0
100026d8:	2301      	movs	r3, #1
100026da:	051b      	lsls	r3, r3, #20
100026dc:	3c80      	subs	r4, #128	; 0x80
100026de:	0324      	lsls	r4, r4, #12

100026e0 <l13_2>:
100026e0:	4077      	eors	r7, r6
100026e2:	4464      	add	r4, ip
100026e4:	b497      	push	{r0, r1, r2, r4, r7}
100026e6:	b284      	uxth	r4, r0
100026e8:	b296      	uxth	r6, r2
100026ea:	4374      	muls	r4, r6
100026ec:	0c07      	lsrs	r7, r0, #16
100026ee:	437e      	muls	r6, r7
100026f0:	0c15      	lsrs	r5, r2, #16
100026f2:	436f      	muls	r7, r5
100026f4:	b280      	uxth	r0, r0
100026f6:	4368      	muls	r0, r5
100026f8:	1836      	adds	r6, r6, r0
100026fa:	d302      	bcc.n	10002702 <l14_1>
100026fc:	2001      	movs	r0, #1
100026fe:	0400      	lsls	r0, r0, #16
10002700:	183f      	adds	r7, r7, r0

10002702 <l14_1>:
10002702:	0430      	lsls	r0, r6, #16
10002704:	0c35      	lsrs	r5, r6, #16
10002706:	1900      	adds	r0, r0, r4
10002708:	417d      	adcs	r5, r7
1000270a:	4684      	mov	ip, r0
1000270c:	b288      	uxth	r0, r1
1000270e:	b29a      	uxth	r2, r3
10002710:	4350      	muls	r0, r2
10002712:	0c0c      	lsrs	r4, r1, #16
10002714:	4362      	muls	r2, r4
10002716:	0c1f      	lsrs	r7, r3, #16
10002718:	437c      	muls	r4, r7
1000271a:	b28e      	uxth	r6, r1
1000271c:	437e      	muls	r6, r7
1000271e:	1992      	adds	r2, r2, r6
10002720:	d302      	bcc.n	10002728 <l15_1>
10002722:	2601      	movs	r6, #1
10002724:	0436      	lsls	r6, r6, #16
10002726:	19a4      	adds	r4, r4, r6

10002728 <l15_1>:
10002728:	0416      	lsls	r6, r2, #16
1000272a:	0c17      	lsrs	r7, r2, #16
1000272c:	1836      	adds	r6, r6, r0
1000272e:	4167      	adcs	r7, r4
10002730:	bc01      	pop	{r0}
10002732:	b281      	uxth	r1, r0
10002734:	b29a      	uxth	r2, r3
10002736:	4351      	muls	r1, r2
10002738:	0c04      	lsrs	r4, r0, #16
1000273a:	4362      	muls	r2, r4
1000273c:	0c1b      	lsrs	r3, r3, #16
1000273e:	435c      	muls	r4, r3
10002740:	b280      	uxth	r0, r0
10002742:	4358      	muls	r0, r3
10002744:	1812      	adds	r2, r2, r0
10002746:	d302      	bcc.n	1000274e <l16_1>
10002748:	2001      	movs	r0, #1
1000274a:	0400      	lsls	r0, r0, #16
1000274c:	1824      	adds	r4, r4, r0

1000274e <l16_1>:
1000274e:	0410      	lsls	r0, r2, #16
10002750:	0c13      	lsrs	r3, r2, #16
10002752:	1840      	adds	r0, r0, r1
10002754:	4163      	adcs	r3, r4
10002756:	182d      	adds	r5, r5, r0
10002758:	415e      	adcs	r6, r3
1000275a:	2000      	movs	r0, #0
1000275c:	4147      	adcs	r7, r0
1000275e:	bc06      	pop	{r1, r2}
10002760:	b288      	uxth	r0, r1
10002762:	b293      	uxth	r3, r2
10002764:	4358      	muls	r0, r3
10002766:	0c0c      	lsrs	r4, r1, #16
10002768:	4363      	muls	r3, r4
1000276a:	0c12      	lsrs	r2, r2, #16
1000276c:	4354      	muls	r4, r2
1000276e:	b289      	uxth	r1, r1
10002770:	4351      	muls	r1, r2
10002772:	185b      	adds	r3, r3, r1
10002774:	d302      	bcc.n	1000277c <l17_1>
10002776:	2101      	movs	r1, #1
10002778:	0409      	lsls	r1, r1, #16
1000277a:	1864      	adds	r4, r4, r1

1000277c <l17_1>:
1000277c:	0419      	lsls	r1, r3, #16
1000277e:	0c1a      	lsrs	r2, r3, #16
10002780:	1809      	adds	r1, r1, r0
10002782:	4162      	adcs	r2, r4
10002784:	186d      	adds	r5, r5, r1
10002786:	4156      	adcs	r6, r2
10002788:	2000      	movs	r0, #0
1000278a:	4147      	adcs	r7, r0
1000278c:	bc18      	pop	{r3, r4}
1000278e:	02f9      	lsls	r1, r7, #11
10002790:	0d72      	lsrs	r2, r6, #21
10002792:	4311      	orrs	r1, r2
10002794:	02f0      	lsls	r0, r6, #11
10002796:	0d6a      	lsrs	r2, r5, #21
10002798:	4310      	orrs	r0, r2
1000279a:	02ed      	lsls	r5, r5, #11
1000279c:	0d0a      	lsrs	r2, r1, #20
1000279e:	d103      	bne.n	100027a8 <l17_1+0x2c>
100027a0:	196d      	adds	r5, r5, r5
100027a2:	4140      	adcs	r0, r0
100027a4:	4149      	adcs	r1, r1
100027a6:	3b01      	subs	r3, #1
100027a8:	4e12      	ldr	r6, [pc, #72]	; (100027f4 <dm_1+0xa>)
100027aa:	1b9b      	subs	r3, r3, r6
100027ac:	0076      	lsls	r6, r6, #1
100027ae:	42b3      	cmp	r3, r6
100027b0:	d20e      	bcs.n	100027d0 <dm_0>
100027b2:	006d      	lsls	r5, r5, #1
100027b4:	d307      	bcc.n	100027c6 <l17_1+0x4a>
100027b6:	3001      	adds	r0, #1
100027b8:	2600      	movs	r6, #0
100027ba:	4171      	adcs	r1, r6
100027bc:	4666      	mov	r6, ip
100027be:	4335      	orrs	r5, r6
100027c0:	d101      	bne.n	100027c6 <l17_1+0x4a>
100027c2:	0840      	lsrs	r0, r0, #1
100027c4:	0040      	lsls	r0, r0, #1
100027c6:	051b      	lsls	r3, r3, #20
100027c8:	18c9      	adds	r1, r1, r3

100027ca <dm_2>:
100027ca:	07e4      	lsls	r4, r4, #31
100027cc:	4421      	add	r1, r4
100027ce:	bdf0      	pop	{r4, r5, r6, r7, pc}

100027d0 <dm_0>:
100027d0:	da0b      	bge.n	100027ea <dm_1>
100027d2:	3301      	adds	r3, #1
100027d4:	d106      	bne.n	100027e4 <dm_0+0x14>
100027d6:	3001      	adds	r0, #1
100027d8:	d104      	bne.n	100027e4 <dm_0+0x14>
100027da:	3101      	adds	r1, #1
100027dc:	0d4f      	lsrs	r7, r1, #21
100027de:	d001      	beq.n	100027e4 <dm_0+0x14>
100027e0:	0849      	lsrs	r1, r1, #1
100027e2:	e7f2      	b.n	100027ca <dm_2>
100027e4:	07e1      	lsls	r1, r4, #31
100027e6:	2000      	movs	r0, #0
100027e8:	bdf0      	pop	{r4, r5, r6, r7, pc}

100027ea <dm_1>:
100027ea:	3601      	adds	r6, #1
100027ec:	0531      	lsls	r1, r6, #20
100027ee:	2000      	movs	r0, #0
100027f0:	e7eb      	b.n	100027ca <dm_2>
100027f2:	0000      	.short	0x0000
100027f4:	000003ff 	.word	0x000003ff

100027f8 <ddiv_shim>:
100027f8:	b5f0      	push	{r4, r5, r6, r7, lr}

100027fa <ddiv0>:
100027fa:	0d1c      	lsrs	r4, r3, #20
100027fc:	1e67      	subs	r7, r4, #1
100027fe:	053f      	lsls	r7, r7, #20
10002800:	1bdb      	subs	r3, r3, r7
10002802:	0ae7      	lsrs	r7, r4, #11
10002804:	0564      	lsls	r4, r4, #21
10002806:	0d64      	lsrs	r4, r4, #21
10002808:	d002      	beq.n	10002810 <l20_1>
1000280a:	1c66      	adds	r6, r4, #1
1000280c:	0af6      	lsrs	r6, r6, #11
1000280e:	d004      	beq.n	1000281a <l20_2>

10002810 <l20_1>:
10002810:	2200      	movs	r2, #0
10002812:	2301      	movs	r3, #1
10002814:	051b      	lsls	r3, r3, #20
10002816:	3c80      	subs	r4, #128	; 0x80
10002818:	0324      	lsls	r4, r4, #12

1000281a <l20_2>:
1000281a:	25d0      	movs	r5, #208	; 0xd0
1000281c:	062d      	lsls	r5, r5, #24
1000281e:	2600      	movs	r6, #0
10002820:	43f6      	mvns	r6, r6
10002822:	662e      	str	r6, [r5, #96]	; 0x60
10002824:	091e      	lsrs	r6, r3, #4
10002826:	666e      	str	r6, [r5, #100]	; 0x64
10002828:	0fce      	lsrs	r6, r1, #31
1000282a:	19f6      	adds	r6, r6, r7
1000282c:	46b4      	mov	ip, r6
1000282e:	0049      	lsls	r1, r1, #1
10002830:	0d4f      	lsrs	r7, r1, #21
10002832:	d002      	beq.n	1000283a <l20_2+0x20>
10002834:	1c7e      	adds	r6, r7, #1
10002836:	0af6      	lsrs	r6, r6, #11
10002838:	d003      	beq.n	10002842 <l20_2+0x28>
1000283a:	2000      	movs	r0, #0
1000283c:	2100      	movs	r1, #0
1000283e:	3f40      	subs	r7, #64	; 0x40
10002840:	033f      	lsls	r7, r7, #12
10002842:	1b3e      	subs	r6, r7, r4
10002844:	00b6      	lsls	r6, r6, #2
10002846:	44b4      	add	ip, r6
10002848:	3f01      	subs	r7, #1
1000284a:	057f      	lsls	r7, r7, #21
1000284c:	1bc9      	subs	r1, r1, r7
1000284e:	0849      	lsrs	r1, r1, #1
10002850:	6f2e      	ldr	r6, [r5, #112]	; 0x70
10002852:	3601      	adds	r6, #1
10002854:	0876      	lsrs	r6, r6, #1
10002856:	029c      	lsls	r4, r3, #10
10002858:	0d95      	lsrs	r5, r2, #22
1000285a:	4325      	orrs	r5, r4
1000285c:	4375      	muls	r5, r6
1000285e:	13ed      	asrs	r5, r5, #15
10002860:	4375      	muls	r5, r6
10002862:	13ad      	asrs	r5, r5, #14
10002864:	3501      	adds	r5, #1
10002866:	106d      	asrs	r5, r5, #1
10002868:	03f6      	lsls	r6, r6, #15
1000286a:	1b76      	subs	r6, r6, r5
1000286c:	b40c      	push	{r2, r3}
1000286e:	02cc      	lsls	r4, r1, #11
10002870:	0d45      	lsrs	r5, r0, #21
10002872:	432c      	orrs	r4, r5
10002874:	b2a2      	uxth	r2, r4
10002876:	b2b3      	uxth	r3, r6
10002878:	435a      	muls	r2, r3
1000287a:	0c27      	lsrs	r7, r4, #16
1000287c:	437b      	muls	r3, r7
1000287e:	0c35      	lsrs	r5, r6, #16
10002880:	436f      	muls	r7, r5
10002882:	b2a4      	uxth	r4, r4
10002884:	436c      	muls	r4, r5
10002886:	191b      	adds	r3, r3, r4
10002888:	d302      	bcc.n	10002890 <l21_1>
1000288a:	2401      	movs	r4, #1
1000288c:	0424      	lsls	r4, r4, #16
1000288e:	193f      	adds	r7, r7, r4

10002890 <l21_1>:
10002890:	041c      	lsls	r4, r3, #16
10002892:	0c1d      	lsrs	r5, r3, #16
10002894:	18a4      	adds	r4, r4, r2
10002896:	417d      	adcs	r5, r7
10002898:	1924      	adds	r4, r4, r4
1000289a:	416d      	adcs	r5, r5
1000289c:	9a00      	ldr	r2, [sp, #0]
1000289e:	b291      	uxth	r1, r2
100028a0:	b2ac      	uxth	r4, r5
100028a2:	4361      	muls	r1, r4
100028a4:	0c17      	lsrs	r7, r2, #16
100028a6:	437c      	muls	r4, r7
100028a8:	0c2b      	lsrs	r3, r5, #16
100028aa:	435f      	muls	r7, r3
100028ac:	b292      	uxth	r2, r2
100028ae:	435a      	muls	r2, r3
100028b0:	18a4      	adds	r4, r4, r2
100028b2:	d302      	bcc.n	100028ba <l22_1>
100028b4:	2201      	movs	r2, #1
100028b6:	0412      	lsls	r2, r2, #16
100028b8:	18bf      	adds	r7, r7, r2

100028ba <l22_1>:
100028ba:	0422      	lsls	r2, r4, #16
100028bc:	0c23      	lsrs	r3, r4, #16
100028be:	1852      	adds	r2, r2, r1
100028c0:	417b      	adcs	r3, r7
100028c2:	9c01      	ldr	r4, [sp, #4]
100028c4:	436c      	muls	r4, r5
100028c6:	191b      	adds	r3, r3, r4
100028c8:	0e52      	lsrs	r2, r2, #25
100028ca:	01d9      	lsls	r1, r3, #7
100028cc:	430a      	orrs	r2, r1
100028ce:	0144      	lsls	r4, r0, #5
100028d0:	1aa0      	subs	r0, r4, r2
100028d2:	b281      	uxth	r1, r0
100028d4:	b2b2      	uxth	r2, r6
100028d6:	4351      	muls	r1, r2
100028d8:	1403      	asrs	r3, r0, #16
100028da:	435a      	muls	r2, r3
100028dc:	0c36      	lsrs	r6, r6, #16
100028de:	4373      	muls	r3, r6
100028e0:	b287      	uxth	r7, r0
100028e2:	4377      	muls	r7, r6
100028e4:	17d6      	asrs	r6, r2, #31
100028e6:	19d2      	adds	r2, r2, r7
100028e8:	2700      	movs	r7, #0
100028ea:	417e      	adcs	r6, r7
100028ec:	0436      	lsls	r6, r6, #16
100028ee:	199b      	adds	r3, r3, r6
100028f0:	0417      	lsls	r7, r2, #16
100028f2:	0c16      	lsrs	r6, r2, #16
100028f4:	187f      	adds	r7, r7, r1
100028f6:	415e      	adcs	r6, r3
100028f8:	1673      	asrs	r3, r6, #25
100028fa:	18ed      	adds	r5, r5, r3
100028fc:	01f3      	lsls	r3, r6, #7
100028fe:	2600      	movs	r6, #0
10002900:	3380      	adds	r3, #128	; 0x80
10002902:	4175      	adcs	r5, r6
10002904:	0fa9      	lsrs	r1, r5, #30
10002906:	d106      	bne.n	10002916 <dd_0>
10002908:	0064      	lsls	r4, r4, #1
1000290a:	0a69      	lsrs	r1, r5, #9
1000290c:	05e8      	lsls	r0, r5, #23
1000290e:	0a5b      	lsrs	r3, r3, #9
10002910:	4318      	orrs	r0, r3
10002912:	d209      	bcs.n	10002928 <dd_1>
10002914:	e02f      	b.n	10002976 <dd_2>

10002916 <dd_0>:
10002916:	2204      	movs	r2, #4
10002918:	4494      	add	ip, r2
1000291a:	3380      	adds	r3, #128	; 0x80
1000291c:	4175      	adcs	r5, r6
1000291e:	0aa9      	lsrs	r1, r5, #10
10002920:	05a8      	lsls	r0, r5, #22
10002922:	0a9b      	lsrs	r3, r3, #10
10002924:	4318      	orrs	r0, r3
10002926:	d326      	bcc.n	10002976 <dd_2>

10002928 <dd_1>:
10002928:	4140      	adcs	r0, r0
1000292a:	4149      	adcs	r1, r1
1000292c:	0424      	lsls	r4, r4, #16
1000292e:	9a00      	ldr	r2, [sp, #0]
10002930:	9b01      	ldr	r3, [sp, #4]
10002932:	000d      	movs	r5, r1
10002934:	4355      	muls	r5, r2
10002936:	1b64      	subs	r4, r4, r5
10002938:	4343      	muls	r3, r0
1000293a:	1ae4      	subs	r4, r4, r3
1000293c:	b295      	uxth	r5, r2
1000293e:	b286      	uxth	r6, r0
10002940:	4375      	muls	r5, r6
10002942:	0c17      	lsrs	r7, r2, #16
10002944:	437e      	muls	r6, r7
10002946:	0c03      	lsrs	r3, r0, #16
10002948:	435f      	muls	r7, r3
1000294a:	b292      	uxth	r2, r2
1000294c:	435a      	muls	r2, r3
1000294e:	18b6      	adds	r6, r6, r2
10002950:	d302      	bcc.n	10002958 <l24_1>
10002952:	2201      	movs	r2, #1
10002954:	0412      	lsls	r2, r2, #16
10002956:	18bf      	adds	r7, r7, r2

10002958 <l24_1>:
10002958:	0432      	lsls	r2, r6, #16
1000295a:	0c33      	lsrs	r3, r6, #16
1000295c:	1952      	adds	r2, r2, r5
1000295e:	417b      	adcs	r3, r7
10002960:	4252      	negs	r2, r2
10002962:	419c      	sbcs	r4, r3
10002964:	2c00      	cmp	r4, #0
10002966:	d402      	bmi.n	1000296e <l24_1+0x16>
10002968:	2200      	movs	r2, #0
1000296a:	3001      	adds	r0, #1
1000296c:	4151      	adcs	r1, r2
1000296e:	0840      	lsrs	r0, r0, #1
10002970:	07ca      	lsls	r2, r1, #31
10002972:	4310      	orrs	r0, r2
10002974:	0849      	lsrs	r1, r1, #1

10002976 <dd_2>:
10002976:	b002      	add	sp, #8
10002978:	4662      	mov	r2, ip
1000297a:	07d7      	lsls	r7, r2, #31
1000297c:	1092      	asrs	r2, r2, #2
1000297e:	4b08      	ldr	r3, [pc, #32]	; (100029a0 <dd_4+0x6>)
10002980:	18d2      	adds	r2, r2, r3
10002982:	4b08      	ldr	r3, [pc, #32]	; (100029a4 <dd_4+0xa>)
10002984:	429a      	cmp	r2, r3
10002986:	d203      	bcs.n	10002990 <dd_3>
10002988:	0512      	lsls	r2, r2, #20
1000298a:	1889      	adds	r1, r1, r2

1000298c <dd_5>:
1000298c:	19c9      	adds	r1, r1, r7
1000298e:	bdf0      	pop	{r4, r5, r6, r7, pc}

10002990 <dd_3>:
10002990:	2000      	movs	r0, #0
10002992:	2a00      	cmp	r2, #0
10002994:	dc01      	bgt.n	1000299a <dd_4>
10002996:	0039      	movs	r1, r7
10002998:	bdf0      	pop	{r4, r5, r6, r7, pc}

1000299a <dd_4>:
1000299a:	3301      	adds	r3, #1
1000299c:	0519      	lsls	r1, r3, #20
1000299e:	e7f5      	b.n	1000298c <dd_5>
100029a0:	000003fd 	.word	0x000003fd
100029a4:	000007fe 	.word	0x000007fe

100029a8 <double2uint_shim>:
100029a8:	2200      	movs	r2, #0

100029aa <double2ufix_shim>:
100029aa:	b500      	push	{lr}
100029ac:	3220      	adds	r2, #32
100029ae:	f000 f804 	bl	100029ba <double2ufix64_shim>
100029b2:	0008      	movs	r0, r1
100029b4:	bd00      	pop	{pc}
	...

100029b8 <double2uint64_shim>:
100029b8:	2200      	movs	r2, #0

100029ba <double2ufix64_shim>:
100029ba:	150b      	asrs	r3, r1, #20
100029bc:	d40a      	bmi.n	100029d4 <ret_dzero>

100029be <d2fix>:
100029be:	b510      	push	{r4, lr}
100029c0:	4694      	mov	ip, r2
100029c2:	f000 f831 	bl	10002a28 <dunpacks>
100029c6:	1414      	asrs	r4, r2, #16
100029c8:	3401      	adds	r4, #1
100029ca:	da00      	bge.n	100029ce <d2fix+0x10>
100029cc:	2100      	movs	r1, #0
100029ce:	17cb      	asrs	r3, r1, #31
100029d0:	4c14      	ldr	r4, [pc, #80]	; (10002a24 <d2fix_a+0x4a>)
100029d2:	4720      	bx	r4

100029d4 <ret_dzero>:
100029d4:	2000      	movs	r0, #0
100029d6:	2100      	movs	r1, #0
100029d8:	4770      	bx	lr

100029da <d2fix_a>:
100029da:	4462      	add	r2, ip
100029dc:	3a34      	subs	r2, #52	; 0x34
100029de:	d40c      	bmi.n	100029fa <d2fix_a+0x20>
100029e0:	2a0c      	cmp	r2, #12
100029e2:	da07      	bge.n	100029f4 <d2fix_a+0x1a>
100029e4:	0004      	movs	r4, r0
100029e6:	4091      	lsls	r1, r2
100029e8:	4090      	lsls	r0, r2
100029ea:	4252      	negs	r2, r2
100029ec:	3220      	adds	r2, #32
100029ee:	40d4      	lsrs	r4, r2
100029f0:	4321      	orrs	r1, r4
100029f2:	bd10      	pop	{r4, pc}
100029f4:	43d8      	mvns	r0, r3
100029f6:	43d9      	mvns	r1, r3
100029f8:	bd10      	pop	{r4, pc}
100029fa:	3220      	adds	r2, #32
100029fc:	d407      	bmi.n	10002a0e <d2fix_a+0x34>
100029fe:	460c      	mov	r4, r1
10002a00:	4094      	lsls	r4, r2
10002a02:	4252      	negs	r2, r2
10002a04:	3220      	adds	r2, #32
10002a06:	4111      	asrs	r1, r2
10002a08:	40d0      	lsrs	r0, r2
10002a0a:	4320      	orrs	r0, r4
10002a0c:	bd10      	pop	{r4, pc}
10002a0e:	0008      	movs	r0, r1
10002a10:	17c9      	asrs	r1, r1, #31
10002a12:	3220      	adds	r2, #32
10002a14:	d403      	bmi.n	10002a1e <d2fix_a+0x44>
10002a16:	4252      	negs	r2, r2
10002a18:	3220      	adds	r2, #32
10002a1a:	4110      	asrs	r0, r2
10002a1c:	bd10      	pop	{r4, pc}
10002a1e:	0018      	movs	r0, r3
10002a20:	0019      	movs	r1, r3
10002a22:	bd10      	pop	{r4, pc}
10002a24:	100029db 	.word	0x100029db

10002a28 <dunpacks>:
10002a28:	0d0a      	lsrs	r2, r1, #20
10002a2a:	0fcc      	lsrs	r4, r1, #31
10002a2c:	1e53      	subs	r3, r2, #1
10002a2e:	051b      	lsls	r3, r3, #20
10002a30:	1ac9      	subs	r1, r1, r3
10002a32:	0552      	lsls	r2, r2, #21
10002a34:	d303      	bcc.n	10002a3e <l60_1>
10002a36:	43c9      	mvns	r1, r1
10002a38:	4240      	negs	r0, r0
10002a3a:	d300      	bcc.n	10002a3e <l60_1>
10002a3c:	3101      	adds	r1, #1

10002a3e <l60_1>:
10002a3e:	0d52      	lsrs	r2, r2, #21
10002a40:	d003      	beq.n	10002a4a <l60_2>
10002a42:	1c53      	adds	r3, r2, #1
10002a44:	0adb      	lsrs	r3, r3, #11
10002a46:	d007      	beq.n	10002a58 <l60_3>
10002a48:	1b12      	subs	r2, r2, r4

10002a4a <l60_2>:
10002a4a:	2000      	movs	r0, #0
10002a4c:	0064      	lsls	r4, r4, #1
10002a4e:	1c61      	adds	r1, r4, #1
10002a50:	0789      	lsls	r1, r1, #30
10002a52:	1289      	asrs	r1, r1, #10
10002a54:	3a80      	subs	r2, #128	; 0x80
10002a56:	0312      	lsls	r2, r2, #12

10002a58 <l60_3>:
10002a58:	4b01      	ldr	r3, [pc, #4]	; (10002a60 <l60_3+0x8>)
10002a5a:	1ad2      	subs	r2, r2, r3
10002a5c:	4770      	bx	lr
10002a5e:	0000      	.short	0x0000
10002a60:	000003ff 	.word	0x000003ff

10002a64 <__wrap___aeabi_lmul>:
10002a64:	4351      	muls	r1, r2
10002a66:	4343      	muls	r3, r0
10002a68:	18c9      	adds	r1, r1, r3
10002a6a:	468c      	mov	ip, r1
10002a6c:	0c11      	lsrs	r1, r2, #16
10002a6e:	b283      	uxth	r3, r0
10002a70:	434b      	muls	r3, r1
10002a72:	b410      	push	{r4}
10002a74:	0c04      	lsrs	r4, r0, #16
10002a76:	4361      	muls	r1, r4
10002a78:	b292      	uxth	r2, r2
10002a7a:	b280      	uxth	r0, r0
10002a7c:	4350      	muls	r0, r2
10002a7e:	4362      	muls	r2, r4
10002a80:	041c      	lsls	r4, r3, #16
10002a82:	0c1b      	lsrs	r3, r3, #16
10002a84:	1900      	adds	r0, r0, r4
10002a86:	bc10      	pop	{r4}
10002a88:	4159      	adcs	r1, r3
10002a8a:	0413      	lsls	r3, r2, #16
10002a8c:	0c12      	lsrs	r2, r2, #16
10002a8e:	18c0      	adds	r0, r0, r3
10002a90:	4151      	adcs	r1, r2
10002a92:	4461      	add	r1, ip
10002a94:	4770      	bx	lr
	...

10002a98 <__wrap___aeabi_f2d>:
10002a98:	4b03      	ldr	r3, [pc, #12]	; (10002aa8 <__wrap___aeabi_f2d+0x10>)
10002a9a:	6fdb      	ldr	r3, [r3, #124]	; 0x7c
10002a9c:	46fc      	mov	ip, pc
10002a9e:	4718      	bx	r3
10002aa0:	2bdddf7c 	.word	0x2bdddf7c
10002aa4:	00001000 	.word	0x00001000
10002aa8:	200026e0 	.word	0x200026e0

10002aac <__aeabi_float_init>:
10002aac:	b570      	push	{r4, r5, r6, lr}
10002aae:	2313      	movs	r3, #19
10002ab0:	781d      	ldrb	r5, [r3, #0]
10002ab2:	482a      	ldr	r0, [pc, #168]	; (10002b5c <__aeabi_float_init+0xb0>)
10002ab4:	f7ff f83a 	bl	10001b2c <rom_data_lookup>
10002ab8:	0004      	movs	r4, r0
10002aba:	2d01      	cmp	r5, #1
10002abc:	d011      	beq.n	10002ae2 <__aeabi_float_init+0x36>
10002abe:	2d01      	cmp	r5, #1
10002ac0:	dd09      	ble.n	10002ad6 <__aeabi_float_init+0x2a>
10002ac2:	1ea3      	subs	r3, r4, #2
10002ac4:	781b      	ldrb	r3, [r3, #0]
10002ac6:	009b      	lsls	r3, r3, #2
10002ac8:	2b7f      	cmp	r3, #127	; 0x7f
10002aca:	dd40      	ble.n	10002b4e <__aeabi_float_init+0xa2>
10002acc:	2280      	movs	r2, #128	; 0x80
10002ace:	0021      	movs	r1, r4
10002ad0:	4823      	ldr	r0, [pc, #140]	; (10002b60 <__aeabi_float_init+0xb4>)
10002ad2:	f000 f8b9 	bl	10002c48 <__wrap___aeabi_memcpy>
10002ad6:	4823      	ldr	r0, [pc, #140]	; (10002b64 <__aeabi_float_init+0xb8>)
10002ad8:	f7ff f820 	bl	10001b1c <rom_func_lookup>
10002adc:	4b22      	ldr	r3, [pc, #136]	; (10002b68 <__aeabi_float_init+0xbc>)
10002ade:	6018      	str	r0, [r3, #0]
10002ae0:	bd70      	pop	{r4, r5, r6, pc}
10002ae2:	2254      	movs	r2, #84	; 0x54
10002ae4:	0001      	movs	r1, r0
10002ae6:	481e      	ldr	r0, [pc, #120]	; (10002b60 <__aeabi_float_init+0xb4>)
10002ae8:	f000 f8ae 	bl	10002c48 <__wrap___aeabi_memcpy>
10002aec:	4b1f      	ldr	r3, [pc, #124]	; (10002b6c <__aeabi_float_init+0xc0>)
10002aee:	881a      	ldrh	r2, [r3, #0]
10002af0:	4b1f      	ldr	r3, [pc, #124]	; (10002b70 <__aeabi_float_init+0xc4>)
10002af2:	429a      	cmp	r2, r3
10002af4:	d11c      	bne.n	10002b30 <__aeabi_float_init+0x84>
10002af6:	23a7      	movs	r3, #167	; 0xa7
10002af8:	019b      	lsls	r3, r3, #6
10002afa:	881a      	ldrh	r2, [r3, #0]
10002afc:	4b1d      	ldr	r3, [pc, #116]	; (10002b74 <__aeabi_float_init+0xc8>)
10002afe:	429a      	cmp	r2, r3
10002b00:	d116      	bne.n	10002b30 <__aeabi_float_init+0x84>
10002b02:	4b1d      	ldr	r3, [pc, #116]	; (10002b78 <__aeabi_float_init+0xcc>)
10002b04:	881a      	ldrh	r2, [r3, #0]
10002b06:	4b1d      	ldr	r3, [pc, #116]	; (10002b7c <__aeabi_float_init+0xd0>)
10002b08:	429a      	cmp	r2, r3
10002b0a:	d111      	bne.n	10002b30 <__aeabi_float_init+0x84>
10002b0c:	4b1c      	ldr	r3, [pc, #112]	; (10002b80 <__aeabi_float_init+0xd4>)
10002b0e:	881a      	ldrh	r2, [r3, #0]
10002b10:	2394      	movs	r3, #148	; 0x94
10002b12:	019b      	lsls	r3, r3, #6
10002b14:	429a      	cmp	r2, r3
10002b16:	d10b      	bne.n	10002b30 <__aeabi_float_init+0x84>
10002b18:	4b1a      	ldr	r3, [pc, #104]	; (10002b84 <__aeabi_float_init+0xd8>)
10002b1a:	881a      	ldrh	r2, [r3, #0]
10002b1c:	4b1a      	ldr	r3, [pc, #104]	; (10002b88 <__aeabi_float_init+0xdc>)
10002b1e:	429a      	cmp	r2, r3
10002b20:	d106      	bne.n	10002b30 <__aeabi_float_init+0x84>
10002b22:	4b1a      	ldr	r3, [pc, #104]	; (10002b8c <__aeabi_float_init+0xe0>)
10002b24:	681a      	ldr	r2, [r3, #0]
10002b26:	4b1a      	ldr	r3, [pc, #104]	; (10002b90 <__aeabi_float_init+0xe4>)
10002b28:	429a      	cmp	r2, r3
10002b2a:	d101      	bne.n	10002b30 <__aeabi_float_init+0x84>
10002b2c:	2315      	movs	r3, #21
10002b2e:	e007      	b.n	10002b40 <__aeabi_float_init+0x94>
10002b30:	4818      	ldr	r0, [pc, #96]	; (10002b94 <__aeabi_float_init+0xe8>)
10002b32:	f7fd fd2d 	bl	10000590 <panic>
10002b36:	0099      	lsls	r1, r3, #2
10002b38:	4817      	ldr	r0, [pc, #92]	; (10002b98 <__aeabi_float_init+0xec>)
10002b3a:	4a09      	ldr	r2, [pc, #36]	; (10002b60 <__aeabi_float_init+0xb4>)
10002b3c:	5088      	str	r0, [r1, r2]
10002b3e:	3301      	adds	r3, #1
10002b40:	2b1f      	cmp	r3, #31
10002b42:	d9f8      	bls.n	10002b36 <__aeabi_float_init+0x8a>
10002b44:	4a14      	ldr	r2, [pc, #80]	; (10002b98 <__aeabi_float_init+0xec>)
10002b46:	4b06      	ldr	r3, [pc, #24]	; (10002b60 <__aeabi_float_init+0xb4>)
10002b48:	621a      	str	r2, [r3, #32]
10002b4a:	61da      	str	r2, [r3, #28]
10002b4c:	e7b7      	b.n	10002abe <__aeabi_float_init+0x12>
10002b4e:	4b13      	ldr	r3, [pc, #76]	; (10002b9c <__aeabi_float_init+0xf0>)
10002b50:	4a13      	ldr	r2, [pc, #76]	; (10002ba0 <__aeabi_float_init+0xf4>)
10002b52:	2142      	movs	r1, #66	; 0x42
10002b54:	4813      	ldr	r0, [pc, #76]	; (10002ba4 <__aeabi_float_init+0xf8>)
10002b56:	f001 f943 	bl	10003de0 <__assert_func>
10002b5a:	46c0      	nop			; (mov r8, r8)
10002b5c:	00004653 	.word	0x00004653
10002b60:	200026e0 	.word	0x200026e0
10002b64:	0000334c 	.word	0x0000334c
10002b68:	200026dc 	.word	0x200026dc
10002b6c:	000029ee 	.word	0x000029ee
10002b70:	00000fc4 	.word	0x00000fc4
10002b74:	00000dc2 	.word	0x00000dc2
10002b78:	00002b96 	.word	0x00002b96
10002b7c:	0000b5c0 	.word	0x0000b5c0
10002b80:	00002b18 	.word	0x00002b18
10002b84:	00002acc 	.word	0x00002acc
10002b88:	0000b510 	.word	0x0000b510
10002b8c:	00002cfc 	.word	0x00002cfc
10002b90:	6487ed51 	.word	0x6487ed51
10002b94:	1000963c 	.word	0x1000963c
10002b98:	10002ba9 	.word	0x10002ba9
10002b9c:	100092c8 	.word	0x100092c8
10002ba0:	10009340 	.word	0x10009340
10002ba4:	100092fc 	.word	0x100092fc

10002ba8 <float_table_shim_on_use_helper>:
10002ba8:	b507      	push	{r0, r1, r2, lr}
10002baa:	4660      	mov	r0, ip
10002bac:	2800      	cmp	r0, #0
10002bae:	d100      	bne.n	10002bb2 <float_table_shim_on_use_helper+0xa>
10002bb0:	be00      	bkpt	0x0000
10002bb2:	8801      	ldrh	r1, [r0, #0]
10002bb4:	0a0a      	lsrs	r2, r1, #8
10002bb6:	3002      	adds	r0, #2
10002bb8:	2adf      	cmp	r2, #223	; 0xdf
10002bba:	d1fa      	bne.n	10002bb2 <float_table_shim_on_use_helper+0xa>
10002bbc:	b2c9      	uxtb	r1, r1
10002bbe:	0882      	lsrs	r2, r0, #2
10002bc0:	d304      	bcc.n	10002bcc <float_table_shim_on_use_helper+0x24>
10002bc2:	8802      	ldrh	r2, [r0, #0]
10002bc4:	8840      	ldrh	r0, [r0, #2]
10002bc6:	0400      	lsls	r0, r0, #16
10002bc8:	4310      	orrs	r0, r2
10002bca:	e000      	b.n	10002bce <float_table_shim_on_use_helper+0x26>
10002bcc:	6800      	ldr	r0, [r0, #0]
10002bce:	4a02      	ldr	r2, [pc, #8]	; (10002bd8 <float_table_shim_on_use_helper+0x30>)
10002bd0:	5050      	str	r0, [r2, r1]
10002bd2:	9003      	str	r0, [sp, #12]
10002bd4:	bd07      	pop	{r0, r1, r2, pc}
10002bd6:	0000      	.short	0x0000
10002bd8:	200026e0 	.word	0x200026e0

10002bdc <float2double_shim>:
10002bdc:	0fc3      	lsrs	r3, r0, #31
10002bde:	07db      	lsls	r3, r3, #31
10002be0:	0041      	lsls	r1, r0, #1
10002be2:	0e0a      	lsrs	r2, r1, #24
10002be4:	d007      	beq.n	10002bf6 <float2double_shim+0x1a>
10002be6:	2aff      	cmp	r2, #255	; 0xff
10002be8:	d008      	beq.n	10002bfc <float2double_shim+0x20>
10002bea:	0909      	lsrs	r1, r1, #4
10002bec:	4a05      	ldr	r2, [pc, #20]	; (10002c04 <float2double_shim+0x28>)
10002bee:	1889      	adds	r1, r1, r2
10002bf0:	4319      	orrs	r1, r3
10002bf2:	0740      	lsls	r0, r0, #29
10002bf4:	4770      	bx	lr
10002bf6:	0019      	movs	r1, r3
10002bf8:	2000      	movs	r0, #0
10002bfa:	4770      	bx	lr
10002bfc:	4902      	ldr	r1, [pc, #8]	; (10002c08 <float2double_shim+0x2c>)
10002bfe:	18c9      	adds	r1, r1, r3
10002c00:	e7fa      	b.n	10002bf8 <float2double_shim+0x1c>
10002c02:	0000      	.short	0x0000
10002c04:	38000000 	.word	0x38000000
10002c08:	7ff00000 	.word	0x7ff00000

10002c0c <__wrap_free>:
10002c0c:	b570      	push	{r4, r5, r6, lr}
10002c0e:	0004      	movs	r4, r0
10002c10:	4d05      	ldr	r5, [pc, #20]	; (10002c28 <__wrap_free+0x1c>)
10002c12:	0028      	movs	r0, r5
10002c14:	f005 ff50 	bl	10008ab8 <__mutex_enter_blocking_veneer>
10002c18:	0020      	movs	r0, r4
10002c1a:	f005 fd21 	bl	10008660 <free>
10002c1e:	0028      	movs	r0, r5
10002c20:	f005 fef2 	bl	10008a08 <__mutex_exit_veneer>
10002c24:	bd70      	pop	{r4, r5, r6, pc}
10002c26:	46c0      	nop			; (mov r8, r8)
10002c28:	200016a0 	.word	0x200016a0

10002c2c <__aeabi_mem_init>:
10002c2c:	4801      	ldr	r0, [pc, #4]	; (10002c34 <__aeabi_mem_init+0x8>)
10002c2e:	2104      	movs	r1, #4
10002c30:	4b01      	ldr	r3, [pc, #4]	; (10002c38 <__aeabi_mem_init+0xc>)
10002c32:	4718      	bx	r3
10002c34:	20000dc0 	.word	0x20000dc0
10002c38:	10001b3d 	.word	0x10001b3d

10002c3c <__wrap_memset>:
10002c3c:	4b01      	ldr	r3, [pc, #4]	; (10002c44 <__wrap_memset+0x8>)
10002c3e:	681b      	ldr	r3, [r3, #0]
10002c40:	4718      	bx	r3
10002c42:	0000      	.short	0x0000
10002c44:	20000dc0 	.word	0x20000dc0

10002c48 <__wrap___aeabi_memcpy>:
10002c48:	4b01      	ldr	r3, [pc, #4]	; (10002c50 <__wrap___aeabi_memcpy+0x8>)
10002c4a:	685b      	ldr	r3, [r3, #4]
10002c4c:	4718      	bx	r3
10002c4e:	0000      	.short	0x0000
10002c50:	20000dc0 	.word	0x20000dc0

10002c54 <_ZdlPvj>:
10002c54:	b510      	push	{r4, lr}
10002c56:	f7ff ffd9 	bl	10002c0c <__wrap_free>
10002c5a:	bd10      	pop	{r4, pc}

10002c5c <_out_null>:
10002c5c:	4770      	bx	lr

10002c5e <_out_fct>:
10002c5e:	b510      	push	{r4, lr}
10002c60:	2800      	cmp	r0, #0
10002c62:	d002      	beq.n	10002c6a <_out_fct+0xc>
10002c64:	680b      	ldr	r3, [r1, #0]
10002c66:	6849      	ldr	r1, [r1, #4]
10002c68:	4798      	blx	r3
10002c6a:	bd10      	pop	{r4, pc}

10002c6c <_atoi>:
10002c6c:	0001      	movs	r1, r0
10002c6e:	2000      	movs	r0, #0
10002c70:	e007      	b.n	10002c82 <_atoi+0x16>
10002c72:	0083      	lsls	r3, r0, #2
10002c74:	181b      	adds	r3, r3, r0
10002c76:	005b      	lsls	r3, r3, #1
10002c78:	1c50      	adds	r0, r2, #1
10002c7a:	6008      	str	r0, [r1, #0]
10002c7c:	7810      	ldrb	r0, [r2, #0]
10002c7e:	18c0      	adds	r0, r0, r3
10002c80:	3830      	subs	r0, #48	; 0x30
10002c82:	680a      	ldr	r2, [r1, #0]
10002c84:	7813      	ldrb	r3, [r2, #0]
10002c86:	3b30      	subs	r3, #48	; 0x30
10002c88:	b2db      	uxtb	r3, r3
10002c8a:	2b09      	cmp	r3, #9
10002c8c:	d9f1      	bls.n	10002c72 <_atoi+0x6>
10002c8e:	4770      	bx	lr

10002c90 <_out_rev>:
10002c90:	b5f0      	push	{r4, r5, r6, r7, lr}
10002c92:	46de      	mov	lr, fp
10002c94:	4657      	mov	r7, sl
10002c96:	464e      	mov	r6, r9
10002c98:	4645      	mov	r5, r8
10002c9a:	b5e0      	push	{r5, r6, r7, lr}
10002c9c:	b083      	sub	sp, #12
10002c9e:	4693      	mov	fp, r2
10002ca0:	001f      	movs	r7, r3
10002ca2:	9b0c      	ldr	r3, [sp, #48]	; 0x30
10002ca4:	469a      	mov	sl, r3
10002ca6:	9c0d      	ldr	r4, [sp, #52]	; 0x34
10002ca8:	9b0e      	ldr	r3, [sp, #56]	; 0x38
10002caa:	4699      	mov	r9, r3
10002cac:	9b0f      	ldr	r3, [sp, #60]	; 0x3c
10002cae:	079b      	lsls	r3, r3, #30
10002cb0:	d003      	beq.n	10002cba <_out_rev+0x2a>
10002cb2:	46b8      	mov	r8, r7
10002cb4:	000f      	movs	r7, r1
10002cb6:	0006      	movs	r6, r0
10002cb8:	e022      	b.n	10002d00 <_out_rev+0x70>
10002cba:	9201      	str	r2, [sp, #4]
10002cbc:	46a3      	mov	fp, r4
10002cbe:	4688      	mov	r8, r1
10002cc0:	464e      	mov	r6, r9
10002cc2:	46b9      	mov	r9, r7
10002cc4:	0007      	movs	r7, r0
10002cc6:	42b4      	cmp	r4, r6
10002cc8:	d207      	bcs.n	10002cda <_out_rev+0x4a>
10002cca:	1c55      	adds	r5, r2, #1
10002ccc:	464b      	mov	r3, r9
10002cce:	4641      	mov	r1, r8
10002cd0:	2020      	movs	r0, #32
10002cd2:	47b8      	blx	r7
10002cd4:	3401      	adds	r4, #1
10002cd6:	002a      	movs	r2, r5
10002cd8:	e7f5      	b.n	10002cc6 <_out_rev+0x36>
10002cda:	003d      	movs	r5, r7
10002cdc:	464f      	mov	r7, r9
10002cde:	465c      	mov	r4, fp
10002ce0:	9b01      	ldr	r3, [sp, #4]
10002ce2:	469b      	mov	fp, r3
10002ce4:	46b1      	mov	r9, r6
10002ce6:	4646      	mov	r6, r8
10002ce8:	46b8      	mov	r8, r7
10002cea:	0037      	movs	r7, r6
10002cec:	002e      	movs	r6, r5
10002cee:	e007      	b.n	10002d00 <_out_rev+0x70>
10002cf0:	3c01      	subs	r4, #1
10002cf2:	1c55      	adds	r5, r2, #1
10002cf4:	4653      	mov	r3, sl
10002cf6:	5d18      	ldrb	r0, [r3, r4]
10002cf8:	4643      	mov	r3, r8
10002cfa:	0039      	movs	r1, r7
10002cfc:	47b0      	blx	r6
10002cfe:	002a      	movs	r2, r5
10002d00:	2c00      	cmp	r4, #0
10002d02:	d1f5      	bne.n	10002cf0 <_out_rev+0x60>
10002d04:	0035      	movs	r5, r6
10002d06:	003e      	movs	r6, r7
10002d08:	4647      	mov	r7, r8
10002d0a:	9b0f      	ldr	r3, [sp, #60]	; 0x3c
10002d0c:	079b      	lsls	r3, r3, #30
10002d0e:	d407      	bmi.n	10002d20 <_out_rev+0x90>
10002d10:	0010      	movs	r0, r2
10002d12:	b003      	add	sp, #12
10002d14:	bcf0      	pop	{r4, r5, r6, r7}
10002d16:	46bb      	mov	fp, r7
10002d18:	46b2      	mov	sl, r6
10002d1a:	46a9      	mov	r9, r5
10002d1c:	46a0      	mov	r8, r4
10002d1e:	bdf0      	pop	{r4, r5, r6, r7, pc}
10002d20:	46b0      	mov	r8, r6
10002d22:	464e      	mov	r6, r9
10002d24:	46b9      	mov	r9, r7
10002d26:	002f      	movs	r7, r5
10002d28:	465d      	mov	r5, fp
10002d2a:	1b53      	subs	r3, r2, r5
10002d2c:	42b3      	cmp	r3, r6
10002d2e:	d2ef      	bcs.n	10002d10 <_out_rev+0x80>
10002d30:	1c54      	adds	r4, r2, #1
10002d32:	464b      	mov	r3, r9
10002d34:	4641      	mov	r1, r8
10002d36:	2020      	movs	r0, #32
10002d38:	47b8      	blx	r7
10002d3a:	0022      	movs	r2, r4
10002d3c:	e7f5      	b.n	10002d2a <_out_rev+0x9a>

10002d3e <_ntoa_format>:
10002d3e:	b5f0      	push	{r4, r5, r6, r7, lr}
10002d40:	46ce      	mov	lr, r9
10002d42:	4647      	mov	r7, r8
10002d44:	b580      	push	{r7, lr}
10002d46:	b085      	sub	sp, #20
10002d48:	4694      	mov	ip, r2
10002d4a:	4698      	mov	r8, r3
10002d4c:	9d0c      	ldr	r5, [sp, #48]	; 0x30
10002d4e:	9c0d      	ldr	r4, [sp, #52]	; 0x34
10002d50:	ab0e      	add	r3, sp, #56	; 0x38
10002d52:	781b      	ldrb	r3, [r3, #0]
10002d54:	4699      	mov	r9, r3
10002d56:	9a10      	ldr	r2, [sp, #64]	; 0x40
10002d58:	9b11      	ldr	r3, [sp, #68]	; 0x44
10002d5a:	9e12      	ldr	r6, [sp, #72]	; 0x48
10002d5c:	07b7      	lsls	r7, r6, #30
10002d5e:	d41c      	bmi.n	10002d9a <_ntoa_format+0x5c>
10002d60:	2b00      	cmp	r3, #0
10002d62:	d00c      	beq.n	10002d7e <_ntoa_format+0x40>
10002d64:	07f7      	lsls	r7, r6, #31
10002d66:	d50a      	bpl.n	10002d7e <_ntoa_format+0x40>
10002d68:	464f      	mov	r7, r9
10002d6a:	2f00      	cmp	r7, #0
10002d6c:	d102      	bne.n	10002d74 <_ntoa_format+0x36>
10002d6e:	370c      	adds	r7, #12
10002d70:	4237      	tst	r7, r6
10002d72:	d004      	beq.n	10002d7e <_ntoa_format+0x40>
10002d74:	3b01      	subs	r3, #1
10002d76:	e002      	b.n	10002d7e <_ntoa_format+0x40>
10002d78:	2730      	movs	r7, #48	; 0x30
10002d7a:	552f      	strb	r7, [r5, r4]
10002d7c:	3401      	adds	r4, #1
10002d7e:	4294      	cmp	r4, r2
10002d80:	d201      	bcs.n	10002d86 <_ntoa_format+0x48>
10002d82:	2c1f      	cmp	r4, #31
10002d84:	d9f8      	bls.n	10002d78 <_ntoa_format+0x3a>
10002d86:	07f7      	lsls	r7, r6, #31
10002d88:	d507      	bpl.n	10002d9a <_ntoa_format+0x5c>
10002d8a:	429c      	cmp	r4, r3
10002d8c:	d205      	bcs.n	10002d9a <_ntoa_format+0x5c>
10002d8e:	2c1f      	cmp	r4, #31
10002d90:	d803      	bhi.n	10002d9a <_ntoa_format+0x5c>
10002d92:	2730      	movs	r7, #48	; 0x30
10002d94:	552f      	strb	r7, [r5, r4]
10002d96:	3401      	adds	r4, #1
10002d98:	e7f5      	b.n	10002d86 <_ntoa_format+0x48>
10002d9a:	06f7      	lsls	r7, r6, #27
10002d9c:	d515      	bpl.n	10002dca <_ntoa_format+0x8c>
10002d9e:	0577      	lsls	r7, r6, #21
10002da0:	d405      	bmi.n	10002dae <_ntoa_format+0x70>
10002da2:	2c00      	cmp	r4, #0
10002da4:	d003      	beq.n	10002dae <_ntoa_format+0x70>
10002da6:	4294      	cmp	r4, r2
10002da8:	d024      	beq.n	10002df4 <_ntoa_format+0xb6>
10002daa:	429c      	cmp	r4, r3
10002dac:	d022      	beq.n	10002df4 <_ntoa_format+0xb6>
10002dae:	9a0f      	ldr	r2, [sp, #60]	; 0x3c
10002db0:	2a10      	cmp	r2, #16
10002db2:	d02b      	beq.n	10002e0c <_ntoa_format+0xce>
10002db4:	9a0f      	ldr	r2, [sp, #60]	; 0x3c
10002db6:	2a10      	cmp	r2, #16
10002db8:	d030      	beq.n	10002e1c <_ntoa_format+0xde>
10002dba:	9a0f      	ldr	r2, [sp, #60]	; 0x3c
10002dbc:	2a02      	cmp	r2, #2
10002dbe:	d035      	beq.n	10002e2c <_ntoa_format+0xee>
10002dc0:	2c1f      	cmp	r4, #31
10002dc2:	d802      	bhi.n	10002dca <_ntoa_format+0x8c>
10002dc4:	2230      	movs	r2, #48	; 0x30
10002dc6:	552a      	strb	r2, [r5, r4]
10002dc8:	3401      	adds	r4, #1
10002dca:	2c1f      	cmp	r4, #31
10002dcc:	d805      	bhi.n	10002dda <_ntoa_format+0x9c>
10002dce:	464a      	mov	r2, r9
10002dd0:	2a00      	cmp	r2, #0
10002dd2:	d031      	beq.n	10002e38 <_ntoa_format+0xfa>
10002dd4:	222d      	movs	r2, #45	; 0x2d
10002dd6:	552a      	strb	r2, [r5, r4]
10002dd8:	3401      	adds	r4, #1
10002dda:	9603      	str	r6, [sp, #12]
10002ddc:	9302      	str	r3, [sp, #8]
10002dde:	9401      	str	r4, [sp, #4]
10002de0:	9500      	str	r5, [sp, #0]
10002de2:	4643      	mov	r3, r8
10002de4:	4662      	mov	r2, ip
10002de6:	f7ff ff53 	bl	10002c90 <_out_rev>
10002dea:	b005      	add	sp, #20
10002dec:	bcc0      	pop	{r6, r7}
10002dee:	46b9      	mov	r9, r7
10002df0:	46b0      	mov	r8, r6
10002df2:	bdf0      	pop	{r4, r5, r6, r7, pc}
10002df4:	1e62      	subs	r2, r4, #1
10002df6:	2c01      	cmp	r4, #1
10002df8:	d006      	beq.n	10002e08 <_ntoa_format+0xca>
10002dfa:	9f0f      	ldr	r7, [sp, #60]	; 0x3c
10002dfc:	2f10      	cmp	r7, #16
10002dfe:	d001      	beq.n	10002e04 <_ntoa_format+0xc6>
10002e00:	0014      	movs	r4, r2
10002e02:	e7d4      	b.n	10002dae <_ntoa_format+0x70>
10002e04:	3c02      	subs	r4, #2
10002e06:	e7d2      	b.n	10002dae <_ntoa_format+0x70>
10002e08:	0014      	movs	r4, r2
10002e0a:	e7d0      	b.n	10002dae <_ntoa_format+0x70>
10002e0c:	06b2      	lsls	r2, r6, #26
10002e0e:	d4d1      	bmi.n	10002db4 <_ntoa_format+0x76>
10002e10:	2c1f      	cmp	r4, #31
10002e12:	d8cf      	bhi.n	10002db4 <_ntoa_format+0x76>
10002e14:	2278      	movs	r2, #120	; 0x78
10002e16:	552a      	strb	r2, [r5, r4]
10002e18:	3401      	adds	r4, #1
10002e1a:	e7d1      	b.n	10002dc0 <_ntoa_format+0x82>
10002e1c:	06b2      	lsls	r2, r6, #26
10002e1e:	d5cc      	bpl.n	10002dba <_ntoa_format+0x7c>
10002e20:	2c1f      	cmp	r4, #31
10002e22:	d8ca      	bhi.n	10002dba <_ntoa_format+0x7c>
10002e24:	2258      	movs	r2, #88	; 0x58
10002e26:	552a      	strb	r2, [r5, r4]
10002e28:	3401      	adds	r4, #1
10002e2a:	e7c9      	b.n	10002dc0 <_ntoa_format+0x82>
10002e2c:	2c1f      	cmp	r4, #31
10002e2e:	d8c7      	bhi.n	10002dc0 <_ntoa_format+0x82>
10002e30:	3260      	adds	r2, #96	; 0x60
10002e32:	552a      	strb	r2, [r5, r4]
10002e34:	3401      	adds	r4, #1
10002e36:	e7c3      	b.n	10002dc0 <_ntoa_format+0x82>
10002e38:	0772      	lsls	r2, r6, #29
10002e3a:	d503      	bpl.n	10002e44 <_ntoa_format+0x106>
10002e3c:	222b      	movs	r2, #43	; 0x2b
10002e3e:	552a      	strb	r2, [r5, r4]
10002e40:	3401      	adds	r4, #1
10002e42:	e7ca      	b.n	10002dda <_ntoa_format+0x9c>
10002e44:	0732      	lsls	r2, r6, #28
10002e46:	d5c8      	bpl.n	10002dda <_ntoa_format+0x9c>
10002e48:	2220      	movs	r2, #32
10002e4a:	552a      	strb	r2, [r5, r4]
10002e4c:	3401      	adds	r4, #1
10002e4e:	e7c4      	b.n	10002dda <_ntoa_format+0x9c>

10002e50 <_ntoa_long>:
10002e50:	b5f0      	push	{r4, r5, r6, r7, lr}
10002e52:	46de      	mov	lr, fp
10002e54:	4657      	mov	r7, sl
10002e56:	464e      	mov	r6, r9
10002e58:	4645      	mov	r5, r8
10002e5a:	b5e0      	push	{r5, r6, r7, lr}
10002e5c:	b093      	sub	sp, #76	; 0x4c
10002e5e:	4681      	mov	r9, r0
10002e60:	468a      	mov	sl, r1
10002e62:	9208      	str	r2, [sp, #32]
10002e64:	9309      	str	r3, [sp, #36]	; 0x24
10002e66:	ab1c      	add	r3, sp, #112	; 0x70
10002e68:	cb10      	ldmia	r3!, {r4}
10002e6a:	781b      	ldrb	r3, [r3, #0]
10002e6c:	469b      	mov	fp, r3
10002e6e:	9d1e      	ldr	r5, [sp, #120]	; 0x78
10002e70:	9b21      	ldr	r3, [sp, #132]	; 0x84
10002e72:	4698      	mov	r8, r3
10002e74:	2c00      	cmp	r4, #0
10002e76:	d103      	bne.n	10002e80 <_ntoa_long+0x30>
10002e78:	2310      	movs	r3, #16
10002e7a:	4642      	mov	r2, r8
10002e7c:	439a      	bics	r2, r3
10002e7e:	4690      	mov	r8, r2
10002e80:	2380      	movs	r3, #128	; 0x80
10002e82:	00db      	lsls	r3, r3, #3
10002e84:	4646      	mov	r6, r8
10002e86:	401e      	ands	r6, r3
10002e88:	4642      	mov	r2, r8
10002e8a:	421a      	tst	r2, r3
10002e8c:	d012      	beq.n	10002eb4 <_ntoa_long+0x64>
10002e8e:	2c00      	cmp	r4, #0
10002e90:	d022      	beq.n	10002ed8 <_ntoa_long+0x88>
10002e92:	2600      	movs	r6, #0
10002e94:	e00e      	b.n	10002eb4 <_ntoa_long+0x64>
10002e96:	3330      	adds	r3, #48	; 0x30
10002e98:	b2d9      	uxtb	r1, r3
10002e9a:	1c77      	adds	r7, r6, #1
10002e9c:	ab0a      	add	r3, sp, #40	; 0x28
10002e9e:	5599      	strb	r1, [r3, r6]
10002ea0:	0029      	movs	r1, r5
10002ea2:	0020      	movs	r0, r4
10002ea4:	f7fe ffa4 	bl	10001df0 <__wrap___aeabi_uidiv>
10002ea8:	42ac      	cmp	r4, r5
10002eaa:	d316      	bcc.n	10002eda <_ntoa_long+0x8a>
10002eac:	2f1f      	cmp	r7, #31
10002eae:	d814      	bhi.n	10002eda <_ntoa_long+0x8a>
10002eb0:	003e      	movs	r6, r7
10002eb2:	0004      	movs	r4, r0
10002eb4:	0029      	movs	r1, r5
10002eb6:	0020      	movs	r0, r4
10002eb8:	f7fe ff9a 	bl	10001df0 <__wrap___aeabi_uidiv>
10002ebc:	b2cb      	uxtb	r3, r1
10002ebe:	2b09      	cmp	r3, #9
10002ec0:	d9e9      	bls.n	10002e96 <_ntoa_long+0x46>
10002ec2:	4642      	mov	r2, r8
10002ec4:	0692      	lsls	r2, r2, #26
10002ec6:	d505      	bpl.n	10002ed4 <_ntoa_long+0x84>
10002ec8:	2141      	movs	r1, #65	; 0x41
10002eca:	18c9      	adds	r1, r1, r3
10002ecc:	b2c9      	uxtb	r1, r1
10002ece:	390a      	subs	r1, #10
10002ed0:	b2c9      	uxtb	r1, r1
10002ed2:	e7e2      	b.n	10002e9a <_ntoa_long+0x4a>
10002ed4:	2161      	movs	r1, #97	; 0x61
10002ed6:	e7f8      	b.n	10002eca <_ntoa_long+0x7a>
10002ed8:	0027      	movs	r7, r4
10002eda:	4643      	mov	r3, r8
10002edc:	9306      	str	r3, [sp, #24]
10002ede:	9b20      	ldr	r3, [sp, #128]	; 0x80
10002ee0:	9305      	str	r3, [sp, #20]
10002ee2:	9b1f      	ldr	r3, [sp, #124]	; 0x7c
10002ee4:	9304      	str	r3, [sp, #16]
10002ee6:	9503      	str	r5, [sp, #12]
10002ee8:	465b      	mov	r3, fp
10002eea:	9302      	str	r3, [sp, #8]
10002eec:	9701      	str	r7, [sp, #4]
10002eee:	ab0a      	add	r3, sp, #40	; 0x28
10002ef0:	9300      	str	r3, [sp, #0]
10002ef2:	9b09      	ldr	r3, [sp, #36]	; 0x24
10002ef4:	9a08      	ldr	r2, [sp, #32]
10002ef6:	4651      	mov	r1, sl
10002ef8:	4648      	mov	r0, r9
10002efa:	f7ff ff20 	bl	10002d3e <_ntoa_format>
10002efe:	b013      	add	sp, #76	; 0x4c
10002f00:	bcf0      	pop	{r4, r5, r6, r7}
10002f02:	46bb      	mov	fp, r7
10002f04:	46b2      	mov	sl, r6
10002f06:	46a9      	mov	r9, r5
10002f08:	46a0      	mov	r8, r4
10002f0a:	bdf0      	pop	{r4, r5, r6, r7, pc}

10002f0c <_ntoa_long_long>:
10002f0c:	b5f0      	push	{r4, r5, r6, r7, lr}
10002f0e:	46de      	mov	lr, fp
10002f10:	4657      	mov	r7, sl
10002f12:	464e      	mov	r6, r9
10002f14:	4645      	mov	r5, r8
10002f16:	b5e0      	push	{r5, r6, r7, lr}
10002f18:	b095      	sub	sp, #84	; 0x54
10002f1a:	9008      	str	r0, [sp, #32]
10002f1c:	9109      	str	r1, [sp, #36]	; 0x24
10002f1e:	920a      	str	r2, [sp, #40]	; 0x28
10002f20:	930b      	str	r3, [sp, #44]	; 0x2c
10002f22:	9e1e      	ldr	r6, [sp, #120]	; 0x78
10002f24:	9c1f      	ldr	r4, [sp, #124]	; 0x7c
10002f26:	ab20      	add	r3, sp, #128	; 0x80
10002f28:	781b      	ldrb	r3, [r3, #0]
10002f2a:	469b      	mov	fp, r3
10002f2c:	9b22      	ldr	r3, [sp, #136]	; 0x88
10002f2e:	4699      	mov	r9, r3
10002f30:	9d23      	ldr	r5, [sp, #140]	; 0x8c
10002f32:	9b26      	ldr	r3, [sp, #152]	; 0x98
10002f34:	469a      	mov	sl, r3
10002f36:	0033      	movs	r3, r6
10002f38:	4323      	orrs	r3, r4
10002f3a:	d103      	bne.n	10002f44 <_ntoa_long_long+0x38>
10002f3c:	3310      	adds	r3, #16
10002f3e:	4652      	mov	r2, sl
10002f40:	439a      	bics	r2, r3
10002f42:	4692      	mov	sl, r2
10002f44:	2380      	movs	r3, #128	; 0x80
10002f46:	00db      	lsls	r3, r3, #3
10002f48:	4657      	mov	r7, sl
10002f4a:	401f      	ands	r7, r3
10002f4c:	4652      	mov	r2, sl
10002f4e:	421a      	tst	r2, r3
10002f50:	d019      	beq.n	10002f86 <_ntoa_long_long+0x7a>
10002f52:	0033      	movs	r3, r6
10002f54:	4323      	orrs	r3, r4
10002f56:	d02d      	beq.n	10002fb4 <_ntoa_long_long+0xa8>
10002f58:	2700      	movs	r7, #0
10002f5a:	e014      	b.n	10002f86 <_ntoa_long_long+0x7a>
10002f5c:	3330      	adds	r3, #48	; 0x30
10002f5e:	b2da      	uxtb	r2, r3
10002f60:	1c7b      	adds	r3, r7, #1
10002f62:	4698      	mov	r8, r3
10002f64:	ab0c      	add	r3, sp, #48	; 0x30
10002f66:	55da      	strb	r2, [r3, r7]
10002f68:	464a      	mov	r2, r9
10002f6a:	002b      	movs	r3, r5
10002f6c:	0030      	movs	r0, r6
10002f6e:	0021      	movs	r1, r4
10002f70:	f7fe ff7c 	bl	10001e6c <__wrap___aeabi_uldivmod>
10002f74:	42a5      	cmp	r5, r4
10002f76:	d81f      	bhi.n	10002fb8 <_ntoa_long_long+0xac>
10002f78:	d019      	beq.n	10002fae <_ntoa_long_long+0xa2>
10002f7a:	4643      	mov	r3, r8
10002f7c:	2b1f      	cmp	r3, #31
10002f7e:	d81b      	bhi.n	10002fb8 <_ntoa_long_long+0xac>
10002f80:	4647      	mov	r7, r8
10002f82:	0006      	movs	r6, r0
10002f84:	000c      	movs	r4, r1
10002f86:	464a      	mov	r2, r9
10002f88:	002b      	movs	r3, r5
10002f8a:	0030      	movs	r0, r6
10002f8c:	0021      	movs	r1, r4
10002f8e:	f7fe ff6d 	bl	10001e6c <__wrap___aeabi_uldivmod>
10002f92:	b2d3      	uxtb	r3, r2
10002f94:	2b09      	cmp	r3, #9
10002f96:	d9e1      	bls.n	10002f5c <_ntoa_long_long+0x50>
10002f98:	4652      	mov	r2, sl
10002f9a:	0692      	lsls	r2, r2, #26
10002f9c:	d505      	bpl.n	10002faa <_ntoa_long_long+0x9e>
10002f9e:	2241      	movs	r2, #65	; 0x41
10002fa0:	18d2      	adds	r2, r2, r3
10002fa2:	b2d2      	uxtb	r2, r2
10002fa4:	3a0a      	subs	r2, #10
10002fa6:	b2d2      	uxtb	r2, r2
10002fa8:	e7da      	b.n	10002f60 <_ntoa_long_long+0x54>
10002faa:	2261      	movs	r2, #97	; 0x61
10002fac:	e7f8      	b.n	10002fa0 <_ntoa_long_long+0x94>
10002fae:	45b1      	cmp	r9, r6
10002fb0:	d9e3      	bls.n	10002f7a <_ntoa_long_long+0x6e>
10002fb2:	e001      	b.n	10002fb8 <_ntoa_long_long+0xac>
10002fb4:	2300      	movs	r3, #0
10002fb6:	4698      	mov	r8, r3
10002fb8:	4653      	mov	r3, sl
10002fba:	9306      	str	r3, [sp, #24]
10002fbc:	9b25      	ldr	r3, [sp, #148]	; 0x94
10002fbe:	9305      	str	r3, [sp, #20]
10002fc0:	9b24      	ldr	r3, [sp, #144]	; 0x90
10002fc2:	9304      	str	r3, [sp, #16]
10002fc4:	464b      	mov	r3, r9
10002fc6:	9303      	str	r3, [sp, #12]
10002fc8:	465b      	mov	r3, fp
10002fca:	9302      	str	r3, [sp, #8]
10002fcc:	4643      	mov	r3, r8
10002fce:	9301      	str	r3, [sp, #4]
10002fd0:	ab0c      	add	r3, sp, #48	; 0x30
10002fd2:	9300      	str	r3, [sp, #0]
10002fd4:	9b0b      	ldr	r3, [sp, #44]	; 0x2c
10002fd6:	9a0a      	ldr	r2, [sp, #40]	; 0x28
10002fd8:	9909      	ldr	r1, [sp, #36]	; 0x24
10002fda:	9808      	ldr	r0, [sp, #32]
10002fdc:	f7ff feaf 	bl	10002d3e <_ntoa_format>
10002fe0:	b015      	add	sp, #84	; 0x54
10002fe2:	bcf0      	pop	{r4, r5, r6, r7}
10002fe4:	46bb      	mov	fp, r7
10002fe6:	46b2      	mov	sl, r6
10002fe8:	46a9      	mov	r9, r5
10002fea:	46a0      	mov	r8, r4
10002fec:	bdf0      	pop	{r4, r5, r6, r7, pc}
	...

10002ff0 <_etoa>:
10002ff0:	b5f0      	push	{r4, r5, r6, r7, lr}
10002ff2:	46de      	mov	lr, fp
10002ff4:	4657      	mov	r7, sl
10002ff6:	464e      	mov	r6, r9
10002ff8:	4645      	mov	r5, r8
10002ffa:	b5e0      	push	{r5, r6, r7, lr}
10002ffc:	b091      	sub	sp, #68	; 0x44
10002ffe:	4683      	mov	fp, r0
10003000:	468a      	mov	sl, r1
10003002:	920c      	str	r2, [sp, #48]	; 0x30
10003004:	4698      	mov	r8, r3
10003006:	9c1a      	ldr	r4, [sp, #104]	; 0x68
10003008:	9408      	str	r4, [sp, #32]
1000300a:	9d1b      	ldr	r5, [sp, #108]	; 0x6c
1000300c:	9509      	str	r5, [sp, #36]	; 0x24
1000300e:	0022      	movs	r2, r4
10003010:	002b      	movs	r3, r5
10003012:	0020      	movs	r0, r4
10003014:	0029      	movs	r1, r5
10003016:	f7ff f9b4 	bl	10002382 <__wrap___aeabi_dcmpun>
1000301a:	2800      	cmp	r0, #0
1000301c:	d000      	beq.n	10003020 <_etoa+0x30>
1000301e:	e0e5      	b.n	100031ec <_etoa+0x1fc>
10003020:	2201      	movs	r2, #1
10003022:	4252      	negs	r2, r2
10003024:	4bd7      	ldr	r3, [pc, #860]	; (10003384 <_etoa+0x394>)
10003026:	0020      	movs	r0, r4
10003028:	0029      	movs	r1, r5
1000302a:	f7ff f9a5 	bl	10002378 <__wrap___aeabi_dcmpgt>
1000302e:	2800      	cmp	r0, #0
10003030:	d000      	beq.n	10003034 <_etoa+0x44>
10003032:	e0db      	b.n	100031ec <_etoa+0x1fc>
10003034:	2201      	movs	r2, #1
10003036:	4252      	negs	r2, r2
10003038:	4bd3      	ldr	r3, [pc, #844]	; (10003388 <_etoa+0x398>)
1000303a:	0020      	movs	r0, r4
1000303c:	0029      	movs	r1, r5
1000303e:	f7ff f985 	bl	1000234c <__wrap___aeabi_dcmplt>
10003042:	2800      	cmp	r0, #0
10003044:	d000      	beq.n	10003048 <_etoa+0x58>
10003046:	e0d1      	b.n	100031ec <_etoa+0x1fc>
10003048:	2200      	movs	r2, #0
1000304a:	2300      	movs	r3, #0
1000304c:	9e08      	ldr	r6, [sp, #32]
1000304e:	0030      	movs	r0, r6
10003050:	9d09      	ldr	r5, [sp, #36]	; 0x24
10003052:	0029      	movs	r1, r5
10003054:	f7ff f97a 	bl	1000234c <__wrap___aeabi_dcmplt>
10003058:	2800      	cmp	r0, #0
1000305a:	d000      	beq.n	1000305e <_etoa+0x6e>
1000305c:	e0dd      	b.n	1000321a <_etoa+0x22a>
1000305e:	9808      	ldr	r0, [sp, #32]
10003060:	9909      	ldr	r1, [sp, #36]	; 0x24
10003062:	9006      	str	r0, [sp, #24]
10003064:	9107      	str	r1, [sp, #28]
10003066:	2380      	movs	r3, #128	; 0x80
10003068:	00db      	lsls	r3, r3, #3
1000306a:	9a1e      	ldr	r2, [sp, #120]	; 0x78
1000306c:	401a      	ands	r2, r3
1000306e:	920d      	str	r2, [sp, #52]	; 0x34
10003070:	9a1e      	ldr	r2, [sp, #120]	; 0x78
10003072:	421a      	tst	r2, r3
10003074:	d101      	bne.n	1000307a <_etoa+0x8a>
10003076:	2306      	movs	r3, #6
10003078:	931c      	str	r3, [sp, #112]	; 0x70
1000307a:	9806      	ldr	r0, [sp, #24]
1000307c:	9907      	ldr	r1, [sp, #28]
1000307e:	0004      	movs	r4, r0
10003080:	000d      	movs	r5, r1
10003082:	000a      	movs	r2, r1
10003084:	0006      	movs	r6, r0
10003086:	4302      	orrs	r2, r0
10003088:	d100      	bne.n	1000308c <_etoa+0x9c>
1000308a:	e0d1      	b.n	10003230 <_etoa+0x240>
1000308c:	0d08      	lsrs	r0, r1, #20
1000308e:	0540      	lsls	r0, r0, #21
10003090:	0d40      	lsrs	r0, r0, #21
10003092:	4cbe      	ldr	r4, [pc, #760]	; (1000338c <_etoa+0x39c>)
10003094:	46a4      	mov	ip, r4
10003096:	4460      	add	r0, ip
10003098:	030a      	lsls	r2, r1, #12
1000309a:	0b12      	lsrs	r2, r2, #12
1000309c:	4bbc      	ldr	r3, [pc, #752]	; (10003390 <_etoa+0x3a0>)
1000309e:	4313      	orrs	r3, r2
100030a0:	001f      	movs	r7, r3
100030a2:	f7ff f97f 	bl	100023a4 <__wrap___aeabi_i2d>
100030a6:	4abb      	ldr	r2, [pc, #748]	; (10003394 <_etoa+0x3a4>)
100030a8:	4bbb      	ldr	r3, [pc, #748]	; (10003398 <_etoa+0x3a8>)
100030aa:	f7ff f90c 	bl	100022c6 <__wrap___aeabi_dmul>
100030ae:	4abb      	ldr	r2, [pc, #748]	; (1000339c <_etoa+0x3ac>)
100030b0:	4bbb      	ldr	r3, [pc, #748]	; (100033a0 <_etoa+0x3b0>)
100030b2:	f7ff f8e1 	bl	10002278 <__wrap___aeabi_dadd>
100030b6:	0004      	movs	r4, r0
100030b8:	000d      	movs	r5, r1
100030ba:	2200      	movs	r2, #0
100030bc:	4bb9      	ldr	r3, [pc, #740]	; (100033a4 <_etoa+0x3b4>)
100030be:	0030      	movs	r0, r6
100030c0:	0039      	movs	r1, r7
100030c2:	f7ff f8d0 	bl	10002266 <__wrap___aeabi_dsub>
100030c6:	4ab8      	ldr	r2, [pc, #736]	; (100033a8 <_etoa+0x3b8>)
100030c8:	4bb8      	ldr	r3, [pc, #736]	; (100033ac <_etoa+0x3bc>)
100030ca:	f7ff f8fc 	bl	100022c6 <__wrap___aeabi_dmul>
100030ce:	0002      	movs	r2, r0
100030d0:	000b      	movs	r3, r1
100030d2:	0020      	movs	r0, r4
100030d4:	0029      	movs	r1, r5
100030d6:	f7ff f8cf 	bl	10002278 <__wrap___aeabi_dadd>
100030da:	f7ff f97b 	bl	100023d4 <__wrap___aeabi_d2iz>
100030de:	4681      	mov	r9, r0
100030e0:	f7ff f960 	bl	100023a4 <__wrap___aeabi_i2d>
100030e4:	0004      	movs	r4, r0
100030e6:	000d      	movs	r5, r1
100030e8:	4ab1      	ldr	r2, [pc, #708]	; (100033b0 <_etoa+0x3c0>)
100030ea:	4bb2      	ldr	r3, [pc, #712]	; (100033b4 <_etoa+0x3c4>)
100030ec:	f7ff f8eb 	bl	100022c6 <__wrap___aeabi_dmul>
100030f0:	2200      	movs	r2, #0
100030f2:	4bb1      	ldr	r3, [pc, #708]	; (100033b8 <_etoa+0x3c8>)
100030f4:	f7ff f8c0 	bl	10002278 <__wrap___aeabi_dadd>
100030f8:	f7ff f96c 	bl	100023d4 <__wrap___aeabi_d2iz>
100030fc:	0006      	movs	r6, r0
100030fe:	4aaf      	ldr	r2, [pc, #700]	; (100033bc <_etoa+0x3cc>)
10003100:	4baf      	ldr	r3, [pc, #700]	; (100033c0 <_etoa+0x3d0>)
10003102:	0020      	movs	r0, r4
10003104:	0029      	movs	r1, r5
10003106:	f7ff f8de 	bl	100022c6 <__wrap___aeabi_dmul>
1000310a:	0004      	movs	r4, r0
1000310c:	000d      	movs	r5, r1
1000310e:	0030      	movs	r0, r6
10003110:	f7ff f948 	bl	100023a4 <__wrap___aeabi_i2d>
10003114:	4aab      	ldr	r2, [pc, #684]	; (100033c4 <_etoa+0x3d4>)
10003116:	4bac      	ldr	r3, [pc, #688]	; (100033c8 <_etoa+0x3d8>)
10003118:	f7ff f8d5 	bl	100022c6 <__wrap___aeabi_dmul>
1000311c:	0002      	movs	r2, r0
1000311e:	000b      	movs	r3, r1
10003120:	0020      	movs	r0, r4
10003122:	0029      	movs	r1, r5
10003124:	f7ff f89f 	bl	10002266 <__wrap___aeabi_dsub>
10003128:	0004      	movs	r4, r0
1000312a:	000d      	movs	r5, r1
1000312c:	0002      	movs	r2, r0
1000312e:	000b      	movs	r3, r1
10003130:	f7ff f8c9 	bl	100022c6 <__wrap___aeabi_dmul>
10003134:	900a      	str	r0, [sp, #40]	; 0x28
10003136:	910b      	str	r1, [sp, #44]	; 0x2c
10003138:	4ba4      	ldr	r3, [pc, #656]	; (100033cc <_etoa+0x3dc>)
1000313a:	18f3      	adds	r3, r6, r3
1000313c:	2600      	movs	r6, #0
1000313e:	051f      	lsls	r7, r3, #20
10003140:	0022      	movs	r2, r4
10003142:	002b      	movs	r3, r5
10003144:	0020      	movs	r0, r4
10003146:	0029      	movs	r1, r5
10003148:	f7ff f896 	bl	10002278 <__wrap___aeabi_dadd>
1000314c:	900e      	str	r0, [sp, #56]	; 0x38
1000314e:	910f      	str	r1, [sp, #60]	; 0x3c
10003150:	0022      	movs	r2, r4
10003152:	002b      	movs	r3, r5
10003154:	2000      	movs	r0, #0
10003156:	2180      	movs	r1, #128	; 0x80
10003158:	05c9      	lsls	r1, r1, #23
1000315a:	f7ff f884 	bl	10002266 <__wrap___aeabi_dsub>
1000315e:	0004      	movs	r4, r0
10003160:	000d      	movs	r5, r1
10003162:	2200      	movs	r2, #0
10003164:	4b9a      	ldr	r3, [pc, #616]	; (100033d0 <_etoa+0x3e0>)
10003166:	980a      	ldr	r0, [sp, #40]	; 0x28
10003168:	990b      	ldr	r1, [sp, #44]	; 0x2c
1000316a:	f7ff f88e 	bl	1000228a <__wrap___aeabi_ddiv>
1000316e:	2200      	movs	r2, #0
10003170:	4b98      	ldr	r3, [pc, #608]	; (100033d4 <_etoa+0x3e4>)
10003172:	f7ff f881 	bl	10002278 <__wrap___aeabi_dadd>
10003176:	0002      	movs	r2, r0
10003178:	000b      	movs	r3, r1
1000317a:	980a      	ldr	r0, [sp, #40]	; 0x28
1000317c:	990b      	ldr	r1, [sp, #44]	; 0x2c
1000317e:	f7ff f884 	bl	1000228a <__wrap___aeabi_ddiv>
10003182:	2200      	movs	r2, #0
10003184:	4b94      	ldr	r3, [pc, #592]	; (100033d8 <_etoa+0x3e8>)
10003186:	f7ff f877 	bl	10002278 <__wrap___aeabi_dadd>
1000318a:	0002      	movs	r2, r0
1000318c:	000b      	movs	r3, r1
1000318e:	980a      	ldr	r0, [sp, #40]	; 0x28
10003190:	990b      	ldr	r1, [sp, #44]	; 0x2c
10003192:	f7ff f87a 	bl	1000228a <__wrap___aeabi_ddiv>
10003196:	0002      	movs	r2, r0
10003198:	000b      	movs	r3, r1
1000319a:	0020      	movs	r0, r4
1000319c:	0029      	movs	r1, r5
1000319e:	f7ff f86b 	bl	10002278 <__wrap___aeabi_dadd>
100031a2:	0002      	movs	r2, r0
100031a4:	000b      	movs	r3, r1
100031a6:	980e      	ldr	r0, [sp, #56]	; 0x38
100031a8:	990f      	ldr	r1, [sp, #60]	; 0x3c
100031aa:	f7ff f86e 	bl	1000228a <__wrap___aeabi_ddiv>
100031ae:	2200      	movs	r2, #0
100031b0:	4b77      	ldr	r3, [pc, #476]	; (10003390 <_etoa+0x3a0>)
100031b2:	f7ff f861 	bl	10002278 <__wrap___aeabi_dadd>
100031b6:	0032      	movs	r2, r6
100031b8:	003b      	movs	r3, r7
100031ba:	f7ff f884 	bl	100022c6 <__wrap___aeabi_dmul>
100031be:	0006      	movs	r6, r0
100031c0:	000f      	movs	r7, r1
100031c2:	0004      	movs	r4, r0
100031c4:	000d      	movs	r5, r1
100031c6:	9a06      	ldr	r2, [sp, #24]
100031c8:	9b07      	ldr	r3, [sp, #28]
100031ca:	f7ff f8d5 	bl	10002378 <__wrap___aeabi_dcmpgt>
100031ce:	2800      	cmp	r0, #0
100031d0:	d030      	beq.n	10003234 <_etoa+0x244>
100031d2:	2301      	movs	r3, #1
100031d4:	425b      	negs	r3, r3
100031d6:	469c      	mov	ip, r3
100031d8:	44e1      	add	r9, ip
100031da:	2200      	movs	r2, #0
100031dc:	4b7d      	ldr	r3, [pc, #500]	; (100033d4 <_etoa+0x3e4>)
100031de:	0030      	movs	r0, r6
100031e0:	0039      	movs	r1, r7
100031e2:	f7ff f852 	bl	1000228a <__wrap___aeabi_ddiv>
100031e6:	0004      	movs	r4, r0
100031e8:	000d      	movs	r5, r1
100031ea:	e023      	b.n	10003234 <_etoa+0x244>
100031ec:	9b1e      	ldr	r3, [sp, #120]	; 0x78
100031ee:	9304      	str	r3, [sp, #16]
100031f0:	9b1d      	ldr	r3, [sp, #116]	; 0x74
100031f2:	9303      	str	r3, [sp, #12]
100031f4:	9b1c      	ldr	r3, [sp, #112]	; 0x70
100031f6:	9302      	str	r3, [sp, #8]
100031f8:	9a08      	ldr	r2, [sp, #32]
100031fa:	9b09      	ldr	r3, [sp, #36]	; 0x24
100031fc:	9200      	str	r2, [sp, #0]
100031fe:	9301      	str	r3, [sp, #4]
10003200:	4643      	mov	r3, r8
10003202:	9a0c      	ldr	r2, [sp, #48]	; 0x30
10003204:	4651      	mov	r1, sl
10003206:	4658      	mov	r0, fp
10003208:	f000 f8fc 	bl	10003404 <_ftoa>
1000320c:	b011      	add	sp, #68	; 0x44
1000320e:	bcf0      	pop	{r4, r5, r6, r7}
10003210:	46bb      	mov	fp, r7
10003212:	46b2      	mov	sl, r6
10003214:	46a9      	mov	r9, r5
10003216:	46a0      	mov	r8, r4
10003218:	bdf0      	pop	{r4, r5, r6, r7, pc}
1000321a:	2300      	movs	r3, #0
1000321c:	2400      	movs	r4, #0
1000321e:	9306      	str	r3, [sp, #24]
10003220:	9407      	str	r4, [sp, #28]
10003222:	9606      	str	r6, [sp, #24]
10003224:	2380      	movs	r3, #128	; 0x80
10003226:	061b      	lsls	r3, r3, #24
10003228:	469c      	mov	ip, r3
1000322a:	4465      	add	r5, ip
1000322c:	9507      	str	r5, [sp, #28]
1000322e:	e71a      	b.n	10003066 <_etoa+0x76>
10003230:	2300      	movs	r3, #0
10003232:	4699      	mov	r9, r3
10003234:	464b      	mov	r3, r9
10003236:	3363      	adds	r3, #99	; 0x63
10003238:	2bc6      	cmp	r3, #198	; 0xc6
1000323a:	d81e      	bhi.n	1000327a <_etoa+0x28a>
1000323c:	2604      	movs	r6, #4
1000323e:	9b1e      	ldr	r3, [sp, #120]	; 0x78
10003240:	051b      	lsls	r3, r3, #20
10003242:	d526      	bpl.n	10003292 <_etoa+0x2a2>
10003244:	002b      	movs	r3, r5
10003246:	4323      	orrs	r3, r4
10003248:	d00f      	beq.n	1000326a <_etoa+0x27a>
1000324a:	4a64      	ldr	r2, [pc, #400]	; (100033dc <_etoa+0x3ec>)
1000324c:	4b64      	ldr	r3, [pc, #400]	; (100033e0 <_etoa+0x3f0>)
1000324e:	9806      	ldr	r0, [sp, #24]
10003250:	9907      	ldr	r1, [sp, #28]
10003252:	f7ff f889 	bl	10002368 <__wrap___aeabi_dcmpge>
10003256:	2800      	cmp	r0, #0
10003258:	d079      	beq.n	1000334e <_etoa+0x35e>
1000325a:	2200      	movs	r2, #0
1000325c:	4b61      	ldr	r3, [pc, #388]	; (100033e4 <_etoa+0x3f4>)
1000325e:	9806      	ldr	r0, [sp, #24]
10003260:	9907      	ldr	r1, [sp, #28]
10003262:	f7ff f873 	bl	1000234c <__wrap___aeabi_dcmplt>
10003266:	2800      	cmp	r0, #0
10003268:	d071      	beq.n	1000334e <_etoa+0x35e>
1000326a:	9b1c      	ldr	r3, [sp, #112]	; 0x70
1000326c:	454b      	cmp	r3, r9
1000326e:	dd06      	ble.n	1000327e <_etoa+0x28e>
10003270:	464a      	mov	r2, r9
10003272:	1a98      	subs	r0, r3, r2
10003274:	1e43      	subs	r3, r0, #1
10003276:	931c      	str	r3, [sp, #112]	; 0x70
10003278:	e003      	b.n	10003282 <_etoa+0x292>
1000327a:	2605      	movs	r6, #5
1000327c:	e7df      	b.n	1000323e <_etoa+0x24e>
1000327e:	2300      	movs	r3, #0
10003280:	931c      	str	r3, [sp, #112]	; 0x70
10003282:	2380      	movs	r3, #128	; 0x80
10003284:	00db      	lsls	r3, r3, #3
10003286:	9a1e      	ldr	r2, [sp, #120]	; 0x78
10003288:	431a      	orrs	r2, r3
1000328a:	921e      	str	r2, [sp, #120]	; 0x78
1000328c:	2600      	movs	r6, #0
1000328e:	2300      	movs	r3, #0
10003290:	4699      	mov	r9, r3
10003292:	9b1d      	ldr	r3, [sp, #116]	; 0x74
10003294:	429e      	cmp	r6, r3
10003296:	d264      	bcs.n	10003362 <_etoa+0x372>
10003298:	1b9f      	subs	r7, r3, r6
1000329a:	2302      	movs	r3, #2
1000329c:	9a1e      	ldr	r2, [sp, #120]	; 0x78
1000329e:	401a      	ands	r2, r3
100032a0:	920a      	str	r2, [sp, #40]	; 0x28
100032a2:	9a1e      	ldr	r2, [sp, #120]	; 0x78
100032a4:	4213      	tst	r3, r2
100032a6:	d002      	beq.n	100032ae <_etoa+0x2be>
100032a8:	2e00      	cmp	r6, #0
100032aa:	d000      	beq.n	100032ae <_etoa+0x2be>
100032ac:	2700      	movs	r7, #0
100032ae:	464b      	mov	r3, r9
100032b0:	2b00      	cmp	r3, #0
100032b2:	d007      	beq.n	100032c4 <_etoa+0x2d4>
100032b4:	0022      	movs	r2, r4
100032b6:	002b      	movs	r3, r5
100032b8:	9806      	ldr	r0, [sp, #24]
100032ba:	9907      	ldr	r1, [sp, #28]
100032bc:	f7fe ffe5 	bl	1000228a <__wrap___aeabi_ddiv>
100032c0:	9006      	str	r0, [sp, #24]
100032c2:	9107      	str	r1, [sp, #28]
100032c4:	2200      	movs	r2, #0
100032c6:	2300      	movs	r3, #0
100032c8:	9808      	ldr	r0, [sp, #32]
100032ca:	9909      	ldr	r1, [sp, #36]	; 0x24
100032cc:	f7ff f83e 	bl	1000234c <__wrap___aeabi_dcmplt>
100032d0:	2800      	cmp	r0, #0
100032d2:	d148      	bne.n	10003366 <_etoa+0x376>
100032d4:	4b44      	ldr	r3, [pc, #272]	; (100033e8 <_etoa+0x3f8>)
100032d6:	9a1e      	ldr	r2, [sp, #120]	; 0x78
100032d8:	4013      	ands	r3, r2
100032da:	9304      	str	r3, [sp, #16]
100032dc:	9703      	str	r7, [sp, #12]
100032de:	9b1c      	ldr	r3, [sp, #112]	; 0x70
100032e0:	9302      	str	r3, [sp, #8]
100032e2:	9b06      	ldr	r3, [sp, #24]
100032e4:	9c07      	ldr	r4, [sp, #28]
100032e6:	9300      	str	r3, [sp, #0]
100032e8:	9401      	str	r4, [sp, #4]
100032ea:	4643      	mov	r3, r8
100032ec:	9a0c      	ldr	r2, [sp, #48]	; 0x30
100032ee:	4651      	mov	r1, sl
100032f0:	4658      	mov	r0, fp
100032f2:	f000 f887 	bl	10003404 <_ftoa>
100032f6:	2e00      	cmp	r6, #0
100032f8:	d100      	bne.n	100032fc <_etoa+0x30c>
100032fa:	e787      	b.n	1000320c <_etoa+0x21c>
100032fc:	9b1e      	ldr	r3, [sp, #120]	; 0x78
100032fe:	069b      	lsls	r3, r3, #26
10003300:	d53d      	bpl.n	1000337e <_etoa+0x38e>
10003302:	2545      	movs	r5, #69	; 0x45
10003304:	1c44      	adds	r4, r0, #1
10003306:	4643      	mov	r3, r8
10003308:	0002      	movs	r2, r0
1000330a:	4651      	mov	r1, sl
1000330c:	0028      	movs	r0, r5
1000330e:	47d8      	blx	fp
10003310:	464b      	mov	r3, r9
10003312:	17da      	asrs	r2, r3, #31
10003314:	189b      	adds	r3, r3, r2
10003316:	4053      	eors	r3, r2
10003318:	2205      	movs	r2, #5
1000331a:	9205      	str	r2, [sp, #20]
1000331c:	3e01      	subs	r6, #1
1000331e:	9604      	str	r6, [sp, #16]
10003320:	2200      	movs	r2, #0
10003322:	9203      	str	r2, [sp, #12]
10003324:	320a      	adds	r2, #10
10003326:	9202      	str	r2, [sp, #8]
10003328:	464a      	mov	r2, r9
1000332a:	0fd0      	lsrs	r0, r2, #31
1000332c:	9001      	str	r0, [sp, #4]
1000332e:	9300      	str	r3, [sp, #0]
10003330:	4643      	mov	r3, r8
10003332:	0022      	movs	r2, r4
10003334:	4651      	mov	r1, sl
10003336:	4658      	mov	r0, fp
10003338:	f7ff fd8a 	bl	10002e50 <_ntoa_long>
1000333c:	9b0a      	ldr	r3, [sp, #40]	; 0x28
1000333e:	2b00      	cmp	r3, #0
10003340:	d100      	bne.n	10003344 <_etoa+0x354>
10003342:	e763      	b.n	1000320c <_etoa+0x21c>
10003344:	0002      	movs	r2, r0
10003346:	465f      	mov	r7, fp
10003348:	9e0c      	ldr	r6, [sp, #48]	; 0x30
1000334a:	9d1d      	ldr	r5, [sp, #116]	; 0x74
1000334c:	e054      	b.n	100033f8 <_etoa+0x408>
1000334e:	9b1c      	ldr	r3, [sp, #112]	; 0x70
10003350:	2b00      	cmp	r3, #0
10003352:	d09e      	beq.n	10003292 <_etoa+0x2a2>
10003354:	9b0d      	ldr	r3, [sp, #52]	; 0x34
10003356:	2b00      	cmp	r3, #0
10003358:	d09b      	beq.n	10003292 <_etoa+0x2a2>
1000335a:	9b1c      	ldr	r3, [sp, #112]	; 0x70
1000335c:	3b01      	subs	r3, #1
1000335e:	931c      	str	r3, [sp, #112]	; 0x70
10003360:	e797      	b.n	10003292 <_etoa+0x2a2>
10003362:	2700      	movs	r7, #0
10003364:	e799      	b.n	1000329a <_etoa+0x2aa>
10003366:	9c06      	ldr	r4, [sp, #24]
10003368:	9d07      	ldr	r5, [sp, #28]
1000336a:	0022      	movs	r2, r4
1000336c:	0029      	movs	r1, r5
1000336e:	2080      	movs	r0, #128	; 0x80
10003370:	0600      	lsls	r0, r0, #24
10003372:	4684      	mov	ip, r0
10003374:	4461      	add	r1, ip
10003376:	000b      	movs	r3, r1
10003378:	9206      	str	r2, [sp, #24]
1000337a:	9307      	str	r3, [sp, #28]
1000337c:	e7aa      	b.n	100032d4 <_etoa+0x2e4>
1000337e:	2565      	movs	r5, #101	; 0x65
10003380:	e7c0      	b.n	10003304 <_etoa+0x314>
10003382:	46c0      	nop			; (mov r8, r8)
10003384:	7fefffff 	.word	0x7fefffff
10003388:	ffefffff 	.word	0xffefffff
1000338c:	fffffc01 	.word	0xfffffc01
10003390:	3ff00000 	.word	0x3ff00000
10003394:	509f79fb 	.word	0x509f79fb
10003398:	3fd34413 	.word	0x3fd34413
1000339c:	8b60c8b3 	.word	0x8b60c8b3
100033a0:	3fc68a28 	.word	0x3fc68a28
100033a4:	3ff80000 	.word	0x3ff80000
100033a8:	636f4361 	.word	0x636f4361
100033ac:	3fd287a7 	.word	0x3fd287a7
100033b0:	0979a371 	.word	0x0979a371
100033b4:	400a934f 	.word	0x400a934f
100033b8:	3fe00000 	.word	0x3fe00000
100033bc:	bbb55516 	.word	0xbbb55516
100033c0:	40026bb1 	.word	0x40026bb1
100033c4:	fefa39ef 	.word	0xfefa39ef
100033c8:	3fe62e42 	.word	0x3fe62e42
100033cc:	000003ff 	.word	0x000003ff
100033d0:	402c0000 	.word	0x402c0000
100033d4:	40240000 	.word	0x40240000
100033d8:	40180000 	.word	0x40180000
100033dc:	eb1c432d 	.word	0xeb1c432d
100033e0:	3f1a36e2 	.word	0x3f1a36e2
100033e4:	412e8480 	.word	0x412e8480
100033e8:	fffff7ff 	.word	0xfffff7ff
100033ec:	1c54      	adds	r4, r2, #1
100033ee:	4643      	mov	r3, r8
100033f0:	4651      	mov	r1, sl
100033f2:	2020      	movs	r0, #32
100033f4:	47b8      	blx	r7
100033f6:	0022      	movs	r2, r4
100033f8:	1b93      	subs	r3, r2, r6
100033fa:	42ab      	cmp	r3, r5
100033fc:	d3f6      	bcc.n	100033ec <_etoa+0x3fc>
100033fe:	0010      	movs	r0, r2
10003400:	e704      	b.n	1000320c <_etoa+0x21c>
10003402:	46c0      	nop			; (mov r8, r8)

10003404 <_ftoa>:
10003404:	b5f0      	push	{r4, r5, r6, r7, lr}
10003406:	46de      	mov	lr, fp
10003408:	4657      	mov	r7, sl
1000340a:	464e      	mov	r6, r9
1000340c:	4645      	mov	r5, r8
1000340e:	b5e0      	push	{r5, r6, r7, lr}
10003410:	b095      	sub	sp, #84	; 0x54
10003412:	9006      	str	r0, [sp, #24]
10003414:	9107      	str	r1, [sp, #28]
10003416:	4693      	mov	fp, r2
10003418:	4699      	mov	r9, r3
1000341a:	9f20      	ldr	r7, [sp, #128]	; 0x80
1000341c:	9a1e      	ldr	r2, [sp, #120]	; 0x78
1000341e:	9b1f      	ldr	r3, [sp, #124]	; 0x7c
10003420:	0010      	movs	r0, r2
10003422:	0019      	movs	r1, r3
10003424:	f7fe ffad 	bl	10002382 <__wrap___aeabi_dcmpun>
10003428:	2800      	cmp	r0, #0
1000342a:	d131      	bne.n	10003490 <_ftoa+0x8c>
1000342c:	2201      	movs	r2, #1
1000342e:	4252      	negs	r2, r2
10003430:	4bbf      	ldr	r3, [pc, #764]	; (10003730 <_ftoa+0x32c>)
10003432:	981e      	ldr	r0, [sp, #120]	; 0x78
10003434:	991f      	ldr	r1, [sp, #124]	; 0x7c
10003436:	f7fe ff89 	bl	1000234c <__wrap___aeabi_dcmplt>
1000343a:	2800      	cmp	r0, #0
1000343c:	d137      	bne.n	100034ae <_ftoa+0xaa>
1000343e:	2201      	movs	r2, #1
10003440:	4252      	negs	r2, r2
10003442:	4bbc      	ldr	r3, [pc, #752]	; (10003734 <_ftoa+0x330>)
10003444:	981e      	ldr	r0, [sp, #120]	; 0x78
10003446:	991f      	ldr	r1, [sp, #124]	; 0x7c
10003448:	f7fe ff96 	bl	10002378 <__wrap___aeabi_dcmpgt>
1000344c:	2800      	cmp	r0, #0
1000344e:	d13d      	bne.n	100034cc <_ftoa+0xc8>
10003450:	2200      	movs	r2, #0
10003452:	4bb9      	ldr	r3, [pc, #740]	; (10003738 <_ftoa+0x334>)
10003454:	981e      	ldr	r0, [sp, #120]	; 0x78
10003456:	991f      	ldr	r1, [sp, #124]	; 0x7c
10003458:	f7fe ff8e 	bl	10002378 <__wrap___aeabi_dcmpgt>
1000345c:	2800      	cmp	r0, #0
1000345e:	d150      	bne.n	10003502 <_ftoa+0xfe>
10003460:	2200      	movs	r2, #0
10003462:	4bb6      	ldr	r3, [pc, #728]	; (1000373c <_ftoa+0x338>)
10003464:	981e      	ldr	r0, [sp, #120]	; 0x78
10003466:	991f      	ldr	r1, [sp, #124]	; 0x7c
10003468:	f7fe ff70 	bl	1000234c <__wrap___aeabi_dcmplt>
1000346c:	2800      	cmp	r0, #0
1000346e:	d148      	bne.n	10003502 <_ftoa+0xfe>
10003470:	2200      	movs	r2, #0
10003472:	2300      	movs	r3, #0
10003474:	981e      	ldr	r0, [sp, #120]	; 0x78
10003476:	991f      	ldr	r1, [sp, #124]	; 0x7c
10003478:	f7fe ff68 	bl	1000234c <__wrap___aeabi_dcmplt>
1000347c:	2800      	cmp	r0, #0
1000347e:	d150      	bne.n	10003522 <_ftoa+0x11e>
10003480:	2300      	movs	r3, #0
10003482:	4698      	mov	r8, r3
10003484:	9b22      	ldr	r3, [sp, #136]	; 0x88
10003486:	055b      	lsls	r3, r3, #21
10003488:	d400      	bmi.n	1000348c <_ftoa+0x88>
1000348a:	e0b6      	b.n	100035fa <_ftoa+0x1f6>
1000348c:	2400      	movs	r4, #0
1000348e:	e058      	b.n	10003542 <_ftoa+0x13e>
10003490:	9b22      	ldr	r3, [sp, #136]	; 0x88
10003492:	9303      	str	r3, [sp, #12]
10003494:	9b21      	ldr	r3, [sp, #132]	; 0x84
10003496:	9302      	str	r3, [sp, #8]
10003498:	2303      	movs	r3, #3
1000349a:	9301      	str	r3, [sp, #4]
1000349c:	4ba8      	ldr	r3, [pc, #672]	; (10003740 <_ftoa+0x33c>)
1000349e:	9300      	str	r3, [sp, #0]
100034a0:	464b      	mov	r3, r9
100034a2:	465a      	mov	r2, fp
100034a4:	9907      	ldr	r1, [sp, #28]
100034a6:	9806      	ldr	r0, [sp, #24]
100034a8:	f7ff fbf2 	bl	10002c90 <_out_rev>
100034ac:	e10e      	b.n	100036cc <_ftoa+0x2c8>
100034ae:	9b22      	ldr	r3, [sp, #136]	; 0x88
100034b0:	9303      	str	r3, [sp, #12]
100034b2:	9b21      	ldr	r3, [sp, #132]	; 0x84
100034b4:	9302      	str	r3, [sp, #8]
100034b6:	2304      	movs	r3, #4
100034b8:	9301      	str	r3, [sp, #4]
100034ba:	4ba2      	ldr	r3, [pc, #648]	; (10003744 <_ftoa+0x340>)
100034bc:	9300      	str	r3, [sp, #0]
100034be:	464b      	mov	r3, r9
100034c0:	465a      	mov	r2, fp
100034c2:	9907      	ldr	r1, [sp, #28]
100034c4:	9806      	ldr	r0, [sp, #24]
100034c6:	f7ff fbe3 	bl	10002c90 <_out_rev>
100034ca:	e0ff      	b.n	100036cc <_ftoa+0x2c8>
100034cc:	2304      	movs	r3, #4
100034ce:	9a22      	ldr	r2, [sp, #136]	; 0x88
100034d0:	401a      	ands	r2, r3
100034d2:	9922      	ldr	r1, [sp, #136]	; 0x88
100034d4:	420b      	tst	r3, r1
100034d6:	d010      	beq.n	100034fa <_ftoa+0xf6>
100034d8:	4b9b      	ldr	r3, [pc, #620]	; (10003748 <_ftoa+0x344>)
100034da:	2a00      	cmp	r2, #0
100034dc:	d00f      	beq.n	100034fe <_ftoa+0xfa>
100034de:	2204      	movs	r2, #4
100034e0:	9922      	ldr	r1, [sp, #136]	; 0x88
100034e2:	9103      	str	r1, [sp, #12]
100034e4:	9921      	ldr	r1, [sp, #132]	; 0x84
100034e6:	9102      	str	r1, [sp, #8]
100034e8:	9201      	str	r2, [sp, #4]
100034ea:	9300      	str	r3, [sp, #0]
100034ec:	464b      	mov	r3, r9
100034ee:	465a      	mov	r2, fp
100034f0:	9907      	ldr	r1, [sp, #28]
100034f2:	9806      	ldr	r0, [sp, #24]
100034f4:	f7ff fbcc 	bl	10002c90 <_out_rev>
100034f8:	e0e8      	b.n	100036cc <_ftoa+0x2c8>
100034fa:	4b94      	ldr	r3, [pc, #592]	; (1000374c <_ftoa+0x348>)
100034fc:	e7ed      	b.n	100034da <_ftoa+0xd6>
100034fe:	2203      	movs	r2, #3
10003500:	e7ee      	b.n	100034e0 <_ftoa+0xdc>
10003502:	9b22      	ldr	r3, [sp, #136]	; 0x88
10003504:	9304      	str	r3, [sp, #16]
10003506:	9b21      	ldr	r3, [sp, #132]	; 0x84
10003508:	9303      	str	r3, [sp, #12]
1000350a:	9702      	str	r7, [sp, #8]
1000350c:	9b1e      	ldr	r3, [sp, #120]	; 0x78
1000350e:	9c1f      	ldr	r4, [sp, #124]	; 0x7c
10003510:	9300      	str	r3, [sp, #0]
10003512:	9401      	str	r4, [sp, #4]
10003514:	464b      	mov	r3, r9
10003516:	465a      	mov	r2, fp
10003518:	9907      	ldr	r1, [sp, #28]
1000351a:	9806      	ldr	r0, [sp, #24]
1000351c:	f7ff fd68 	bl	10002ff0 <_etoa>
10003520:	e0d4      	b.n	100036cc <_ftoa+0x2c8>
10003522:	9a1e      	ldr	r2, [sp, #120]	; 0x78
10003524:	9b1f      	ldr	r3, [sp, #124]	; 0x7c
10003526:	2000      	movs	r0, #0
10003528:	2100      	movs	r1, #0
1000352a:	f7fe fe9c 	bl	10002266 <__wrap___aeabi_dsub>
1000352e:	901e      	str	r0, [sp, #120]	; 0x78
10003530:	911f      	str	r1, [sp, #124]	; 0x7c
10003532:	2301      	movs	r3, #1
10003534:	4698      	mov	r8, r3
10003536:	e7a5      	b.n	10003484 <_ftoa+0x80>
10003538:	ab0c      	add	r3, sp, #48	; 0x30
1000353a:	2230      	movs	r2, #48	; 0x30
1000353c:	551a      	strb	r2, [r3, r4]
1000353e:	3f01      	subs	r7, #1
10003540:	3401      	adds	r4, #1
10003542:	2c1f      	cmp	r4, #31
10003544:	d801      	bhi.n	1000354a <_ftoa+0x146>
10003546:	2f09      	cmp	r7, #9
10003548:	d8f6      	bhi.n	10003538 <_ftoa+0x134>
1000354a:	981e      	ldr	r0, [sp, #120]	; 0x78
1000354c:	991f      	ldr	r1, [sp, #124]	; 0x7c
1000354e:	f7fe ff41 	bl	100023d4 <__wrap___aeabi_d2iz>
10003552:	0005      	movs	r5, r0
10003554:	f7fe ff26 	bl	100023a4 <__wrap___aeabi_i2d>
10003558:	0002      	movs	r2, r0
1000355a:	000b      	movs	r3, r1
1000355c:	981e      	ldr	r0, [sp, #120]	; 0x78
1000355e:	991f      	ldr	r1, [sp, #124]	; 0x7c
10003560:	f7fe fe81 	bl	10002266 <__wrap___aeabi_dsub>
10003564:	00fa      	lsls	r2, r7, #3
10003566:	4b7a      	ldr	r3, [pc, #488]	; (10003750 <_ftoa+0x34c>)
10003568:	189b      	adds	r3, r3, r2
1000356a:	681a      	ldr	r2, [r3, #0]
1000356c:	685b      	ldr	r3, [r3, #4]
1000356e:	920a      	str	r2, [sp, #40]	; 0x28
10003570:	930b      	str	r3, [sp, #44]	; 0x2c
10003572:	f7fe fea8 	bl	100022c6 <__wrap___aeabi_dmul>
10003576:	9008      	str	r0, [sp, #32]
10003578:	9109      	str	r1, [sp, #36]	; 0x24
1000357a:	f7fe ff4f 	bl	1000241c <__wrap___aeabi_d2uiz>
1000357e:	0006      	movs	r6, r0
10003580:	f7fe ff0c 	bl	1000239c <__wrap___aeabi_ui2d>
10003584:	0002      	movs	r2, r0
10003586:	000b      	movs	r3, r1
10003588:	9808      	ldr	r0, [sp, #32]
1000358a:	9909      	ldr	r1, [sp, #36]	; 0x24
1000358c:	f7fe fe6b 	bl	10002266 <__wrap___aeabi_dsub>
10003590:	9008      	str	r0, [sp, #32]
10003592:	9109      	str	r1, [sp, #36]	; 0x24
10003594:	2200      	movs	r2, #0
10003596:	4b6f      	ldr	r3, [pc, #444]	; (10003754 <_ftoa+0x350>)
10003598:	f7fe feee 	bl	10002378 <__wrap___aeabi_dcmpgt>
1000359c:	2800      	cmp	r0, #0
1000359e:	d02e      	beq.n	100035fe <_ftoa+0x1fa>
100035a0:	3601      	adds	r6, #1
100035a2:	0030      	movs	r0, r6
100035a4:	f7fe fefa 	bl	1000239c <__wrap___aeabi_ui2d>
100035a8:	0002      	movs	r2, r0
100035aa:	000b      	movs	r3, r1
100035ac:	980a      	ldr	r0, [sp, #40]	; 0x28
100035ae:	990b      	ldr	r1, [sp, #44]	; 0x2c
100035b0:	f7fe fed2 	bl	10002358 <__wrap___aeabi_dcmple>
100035b4:	2800      	cmp	r0, #0
100035b6:	d001      	beq.n	100035bc <_ftoa+0x1b8>
100035b8:	3501      	adds	r5, #1
100035ba:	2600      	movs	r6, #0
100035bc:	2f00      	cmp	r7, #0
100035be:	d12c      	bne.n	1000361a <_ftoa+0x216>
100035c0:	0028      	movs	r0, r5
100035c2:	f7fe feef 	bl	100023a4 <__wrap___aeabi_i2d>
100035c6:	0002      	movs	r2, r0
100035c8:	000b      	movs	r3, r1
100035ca:	981e      	ldr	r0, [sp, #120]	; 0x78
100035cc:	991f      	ldr	r1, [sp, #124]	; 0x7c
100035ce:	f7fe fe4a 	bl	10002266 <__wrap___aeabi_dsub>
100035d2:	0006      	movs	r6, r0
100035d4:	000f      	movs	r7, r1
100035d6:	2200      	movs	r2, #0
100035d8:	4b5e      	ldr	r3, [pc, #376]	; (10003754 <_ftoa+0x350>)
100035da:	f7fe feb7 	bl	1000234c <__wrap___aeabi_dcmplt>
100035de:	2800      	cmp	r0, #0
100035e0:	d146      	bne.n	10003670 <_ftoa+0x26c>
100035e2:	2200      	movs	r2, #0
100035e4:	4b5b      	ldr	r3, [pc, #364]	; (10003754 <_ftoa+0x350>)
100035e6:	0030      	movs	r0, r6
100035e8:	0039      	movs	r1, r7
100035ea:	f7fe fec5 	bl	10002378 <__wrap___aeabi_dcmpgt>
100035ee:	2800      	cmp	r0, #0
100035f0:	d13e      	bne.n	10003670 <_ftoa+0x26c>
100035f2:	07eb      	lsls	r3, r5, #31
100035f4:	d53c      	bpl.n	10003670 <_ftoa+0x26c>
100035f6:	3501      	adds	r5, #1
100035f8:	e03a      	b.n	10003670 <_ftoa+0x26c>
100035fa:	2706      	movs	r7, #6
100035fc:	e746      	b.n	1000348c <_ftoa+0x88>
100035fe:	2200      	movs	r2, #0
10003600:	4b54      	ldr	r3, [pc, #336]	; (10003754 <_ftoa+0x350>)
10003602:	9808      	ldr	r0, [sp, #32]
10003604:	9909      	ldr	r1, [sp, #36]	; 0x24
10003606:	f7fe fea1 	bl	1000234c <__wrap___aeabi_dcmplt>
1000360a:	2800      	cmp	r0, #0
1000360c:	d1d6      	bne.n	100035bc <_ftoa+0x1b8>
1000360e:	2e00      	cmp	r6, #0
10003610:	d001      	beq.n	10003616 <_ftoa+0x212>
10003612:	07f3      	lsls	r3, r6, #31
10003614:	d5d2      	bpl.n	100035bc <_ftoa+0x1b8>
10003616:	3601      	adds	r6, #1
10003618:	e7d0      	b.n	100035bc <_ftoa+0x1b8>
1000361a:	46aa      	mov	sl, r5
1000361c:	2c1f      	cmp	r4, #31
1000361e:	d811      	bhi.n	10003644 <_ftoa+0x240>
10003620:	3f01      	subs	r7, #1
10003622:	210a      	movs	r1, #10
10003624:	0030      	movs	r0, r6
10003626:	f7fe fbe3 	bl	10001df0 <__wrap___aeabi_uidiv>
1000362a:	1c65      	adds	r5, r4, #1
1000362c:	3130      	adds	r1, #48	; 0x30
1000362e:	ab0c      	add	r3, sp, #48	; 0x30
10003630:	5519      	strb	r1, [r3, r4]
10003632:	210a      	movs	r1, #10
10003634:	0030      	movs	r0, r6
10003636:	f7fe fbdb 	bl	10001df0 <__wrap___aeabi_uidiv>
1000363a:	2e09      	cmp	r6, #9
1000363c:	d90e      	bls.n	1000365c <_ftoa+0x258>
1000363e:	0006      	movs	r6, r0
10003640:	002c      	movs	r4, r5
10003642:	e7eb      	b.n	1000361c <_ftoa+0x218>
10003644:	4655      	mov	r5, sl
10003646:	2c1f      	cmp	r4, #31
10003648:	d80c      	bhi.n	10003664 <_ftoa+0x260>
1000364a:	1e7b      	subs	r3, r7, #1
1000364c:	2f00      	cmp	r7, #0
1000364e:	d009      	beq.n	10003664 <_ftoa+0x260>
10003650:	aa0c      	add	r2, sp, #48	; 0x30
10003652:	2130      	movs	r1, #48	; 0x30
10003654:	5511      	strb	r1, [r2, r4]
10003656:	001f      	movs	r7, r3
10003658:	3401      	adds	r4, #1
1000365a:	e7f4      	b.n	10003646 <_ftoa+0x242>
1000365c:	002b      	movs	r3, r5
1000365e:	4655      	mov	r5, sl
10003660:	001c      	movs	r4, r3
10003662:	e7f0      	b.n	10003646 <_ftoa+0x242>
10003664:	2c1f      	cmp	r4, #31
10003666:	d803      	bhi.n	10003670 <_ftoa+0x26c>
10003668:	ab0c      	add	r3, sp, #48	; 0x30
1000366a:	222e      	movs	r2, #46	; 0x2e
1000366c:	551a      	strb	r2, [r3, r4]
1000366e:	3401      	adds	r4, #1
10003670:	2c1f      	cmp	r4, #31
10003672:	d810      	bhi.n	10003696 <_ftoa+0x292>
10003674:	210a      	movs	r1, #10
10003676:	0028      	movs	r0, r5
10003678:	f7fe fb92 	bl	10001da0 <__wrap___aeabi_idiv>
1000367c:	1c66      	adds	r6, r4, #1
1000367e:	3130      	adds	r1, #48	; 0x30
10003680:	ab0c      	add	r3, sp, #48	; 0x30
10003682:	5519      	strb	r1, [r3, r4]
10003684:	210a      	movs	r1, #10
10003686:	0028      	movs	r0, r5
10003688:	f7fe fb8a 	bl	10001da0 <__wrap___aeabi_idiv>
1000368c:	1e05      	subs	r5, r0, #0
1000368e:	d001      	beq.n	10003694 <_ftoa+0x290>
10003690:	0034      	movs	r4, r6
10003692:	e7ed      	b.n	10003670 <_ftoa+0x26c>
10003694:	0034      	movs	r4, r6
10003696:	2303      	movs	r3, #3
10003698:	9a22      	ldr	r2, [sp, #136]	; 0x88
1000369a:	4013      	ands	r3, r2
1000369c:	2b01      	cmp	r3, #1
1000369e:	d01c      	beq.n	100036da <_ftoa+0x2d6>
100036a0:	2c1f      	cmp	r4, #31
100036a2:	d806      	bhi.n	100036b2 <_ftoa+0x2ae>
100036a4:	4643      	mov	r3, r8
100036a6:	2b00      	cmp	r3, #0
100036a8:	d032      	beq.n	10003710 <_ftoa+0x30c>
100036aa:	ab0c      	add	r3, sp, #48	; 0x30
100036ac:	222d      	movs	r2, #45	; 0x2d
100036ae:	551a      	strb	r2, [r3, r4]
100036b0:	3401      	adds	r4, #1
100036b2:	9b22      	ldr	r3, [sp, #136]	; 0x88
100036b4:	9303      	str	r3, [sp, #12]
100036b6:	9b21      	ldr	r3, [sp, #132]	; 0x84
100036b8:	9302      	str	r3, [sp, #8]
100036ba:	9401      	str	r4, [sp, #4]
100036bc:	ab0c      	add	r3, sp, #48	; 0x30
100036be:	9300      	str	r3, [sp, #0]
100036c0:	464b      	mov	r3, r9
100036c2:	465a      	mov	r2, fp
100036c4:	9907      	ldr	r1, [sp, #28]
100036c6:	9806      	ldr	r0, [sp, #24]
100036c8:	f7ff fae2 	bl	10002c90 <_out_rev>
100036cc:	b015      	add	sp, #84	; 0x54
100036ce:	bcf0      	pop	{r4, r5, r6, r7}
100036d0:	46bb      	mov	fp, r7
100036d2:	46b2      	mov	sl, r6
100036d4:	46a9      	mov	r9, r5
100036d6:	46a0      	mov	r8, r4
100036d8:	bdf0      	pop	{r4, r5, r6, r7, pc}
100036da:	9b21      	ldr	r3, [sp, #132]	; 0x84
100036dc:	2b00      	cmp	r3, #0
100036de:	d013      	beq.n	10003708 <_ftoa+0x304>
100036e0:	4643      	mov	r3, r8
100036e2:	2b00      	cmp	r3, #0
100036e4:	d102      	bne.n	100036ec <_ftoa+0x2e8>
100036e6:	330c      	adds	r3, #12
100036e8:	4213      	tst	r3, r2
100036ea:	d00f      	beq.n	1000370c <_ftoa+0x308>
100036ec:	9b21      	ldr	r3, [sp, #132]	; 0x84
100036ee:	3b01      	subs	r3, #1
100036f0:	9321      	str	r3, [sp, #132]	; 0x84
100036f2:	0019      	movs	r1, r3
100036f4:	e003      	b.n	100036fe <_ftoa+0x2fa>
100036f6:	ab0c      	add	r3, sp, #48	; 0x30
100036f8:	2230      	movs	r2, #48	; 0x30
100036fa:	551a      	strb	r2, [r3, r4]
100036fc:	3401      	adds	r4, #1
100036fe:	428c      	cmp	r4, r1
10003700:	d2ce      	bcs.n	100036a0 <_ftoa+0x29c>
10003702:	2c1f      	cmp	r4, #31
10003704:	d9f7      	bls.n	100036f6 <_ftoa+0x2f2>
10003706:	e7cb      	b.n	100036a0 <_ftoa+0x29c>
10003708:	9921      	ldr	r1, [sp, #132]	; 0x84
1000370a:	e7f8      	b.n	100036fe <_ftoa+0x2fa>
1000370c:	9921      	ldr	r1, [sp, #132]	; 0x84
1000370e:	e7f6      	b.n	100036fe <_ftoa+0x2fa>
10003710:	9b22      	ldr	r3, [sp, #136]	; 0x88
10003712:	075b      	lsls	r3, r3, #29
10003714:	d504      	bpl.n	10003720 <_ftoa+0x31c>
10003716:	ab0c      	add	r3, sp, #48	; 0x30
10003718:	222b      	movs	r2, #43	; 0x2b
1000371a:	551a      	strb	r2, [r3, r4]
1000371c:	3401      	adds	r4, #1
1000371e:	e7c8      	b.n	100036b2 <_ftoa+0x2ae>
10003720:	9b22      	ldr	r3, [sp, #136]	; 0x88
10003722:	071b      	lsls	r3, r3, #28
10003724:	d5c5      	bpl.n	100036b2 <_ftoa+0x2ae>
10003726:	ab0c      	add	r3, sp, #48	; 0x30
10003728:	2220      	movs	r2, #32
1000372a:	551a      	strb	r2, [r3, r4]
1000372c:	3401      	adds	r4, #1
1000372e:	e7c0      	b.n	100036b2 <_ftoa+0x2ae>
10003730:	ffefffff 	.word	0xffefffff
10003734:	7fefffff 	.word	0x7fefffff
10003738:	41cdcd65 	.word	0x41cdcd65
1000373c:	c1cdcd65 	.word	0xc1cdcd65
10003740:	100093f0 	.word	0x100093f0
10003744:	100093f4 	.word	0x100093f4
10003748:	100093e8 	.word	0x100093e8
1000374c:	100093e4 	.word	0x100093e4
10003750:	100095e0 	.word	0x100095e0
10003754:	3fe00000 	.word	0x3fe00000

10003758 <_vsnprintf>:
10003758:	b5f0      	push	{r4, r5, r6, r7, lr}
1000375a:	46de      	mov	lr, fp
1000375c:	4657      	mov	r7, sl
1000375e:	464e      	mov	r6, r9
10003760:	4645      	mov	r5, r8
10003762:	b5e0      	push	{r5, r6, r7, lr}
10003764:	b093      	sub	sp, #76	; 0x4c
10003766:	4682      	mov	sl, r0
10003768:	468b      	mov	fp, r1
1000376a:	4690      	mov	r8, r2
1000376c:	9311      	str	r3, [sp, #68]	; 0x44
1000376e:	2900      	cmp	r1, #0
10003770:	d100      	bne.n	10003774 <_vsnprintf+0x1c>
10003772:	e2eb      	b.n	10003d4c <_vsnprintf+0x5f4>
10003774:	2700      	movs	r7, #0
10003776:	4655      	mov	r5, sl
10003778:	9b11      	ldr	r3, [sp, #68]	; 0x44
1000377a:	7818      	ldrb	r0, [r3, #0]
1000377c:	2800      	cmp	r0, #0
1000377e:	d100      	bne.n	10003782 <_vsnprintf+0x2a>
10003780:	e2e7      	b.n	10003d52 <_vsnprintf+0x5fa>
10003782:	2825      	cmp	r0, #37	; 0x25
10003784:	d009      	beq.n	1000379a <_vsnprintf+0x42>
10003786:	1c7c      	adds	r4, r7, #1
10003788:	4643      	mov	r3, r8
1000378a:	003a      	movs	r2, r7
1000378c:	4659      	mov	r1, fp
1000378e:	47a8      	blx	r5
10003790:	9b11      	ldr	r3, [sp, #68]	; 0x44
10003792:	3301      	adds	r3, #1
10003794:	9311      	str	r3, [sp, #68]	; 0x44
10003796:	0027      	movs	r7, r4
10003798:	e7ee      	b.n	10003778 <_vsnprintf+0x20>
1000379a:	3301      	adds	r3, #1
1000379c:	9311      	str	r3, [sp, #68]	; 0x44
1000379e:	2400      	movs	r4, #0
100037a0:	9a11      	ldr	r2, [sp, #68]	; 0x44
100037a2:	7811      	ldrb	r1, [r2, #0]
100037a4:	000b      	movs	r3, r1
100037a6:	3b20      	subs	r3, #32
100037a8:	b2d8      	uxtb	r0, r3
100037aa:	2810      	cmp	r0, #16
100037ac:	d803      	bhi.n	100037b6 <_vsnprintf+0x5e>
100037ae:	0083      	lsls	r3, r0, #2
100037b0:	48d0      	ldr	r0, [pc, #832]	; (10003af4 <_vsnprintf+0x39c>)
100037b2:	58c3      	ldr	r3, [r0, r3]
100037b4:	469f      	mov	pc, r3
100037b6:	000b      	movs	r3, r1
100037b8:	3b30      	subs	r3, #48	; 0x30
100037ba:	b2db      	uxtb	r3, r3
100037bc:	2b09      	cmp	r3, #9
100037be:	d92c      	bls.n	1000381a <_vsnprintf+0xc2>
100037c0:	292a      	cmp	r1, #42	; 0x2a
100037c2:	d02f      	beq.n	10003824 <_vsnprintf+0xcc>
100037c4:	2300      	movs	r3, #0
100037c6:	930a      	str	r3, [sp, #40]	; 0x28
100037c8:	9b11      	ldr	r3, [sp, #68]	; 0x44
100037ca:	781a      	ldrb	r2, [r3, #0]
100037cc:	2a2e      	cmp	r2, #46	; 0x2e
100037ce:	d039      	beq.n	10003844 <_vsnprintf+0xec>
100037d0:	2300      	movs	r3, #0
100037d2:	469a      	mov	sl, r3
100037d4:	9a11      	ldr	r2, [sp, #68]	; 0x44
100037d6:	7813      	ldrb	r3, [r2, #0]
100037d8:	3b68      	subs	r3, #104	; 0x68
100037da:	b2d9      	uxtb	r1, r3
100037dc:	2912      	cmp	r1, #18
100037de:	d876      	bhi.n	100038ce <_vsnprintf+0x176>
100037e0:	008b      	lsls	r3, r1, #2
100037e2:	49c5      	ldr	r1, [pc, #788]	; (10003af8 <_vsnprintf+0x3a0>)
100037e4:	58cb      	ldr	r3, [r1, r3]
100037e6:	469f      	mov	pc, r3
100037e8:	2301      	movs	r3, #1
100037ea:	431c      	orrs	r4, r3
100037ec:	3201      	adds	r2, #1
100037ee:	9211      	str	r2, [sp, #68]	; 0x44
100037f0:	e7d6      	b.n	100037a0 <_vsnprintf+0x48>
100037f2:	2302      	movs	r3, #2
100037f4:	431c      	orrs	r4, r3
100037f6:	3201      	adds	r2, #1
100037f8:	9211      	str	r2, [sp, #68]	; 0x44
100037fa:	e7d1      	b.n	100037a0 <_vsnprintf+0x48>
100037fc:	2304      	movs	r3, #4
100037fe:	431c      	orrs	r4, r3
10003800:	3201      	adds	r2, #1
10003802:	9211      	str	r2, [sp, #68]	; 0x44
10003804:	e7cc      	b.n	100037a0 <_vsnprintf+0x48>
10003806:	2308      	movs	r3, #8
10003808:	431c      	orrs	r4, r3
1000380a:	3201      	adds	r2, #1
1000380c:	9211      	str	r2, [sp, #68]	; 0x44
1000380e:	e7c7      	b.n	100037a0 <_vsnprintf+0x48>
10003810:	2310      	movs	r3, #16
10003812:	431c      	orrs	r4, r3
10003814:	3201      	adds	r2, #1
10003816:	9211      	str	r2, [sp, #68]	; 0x44
10003818:	e7c2      	b.n	100037a0 <_vsnprintf+0x48>
1000381a:	a811      	add	r0, sp, #68	; 0x44
1000381c:	f7ff fa26 	bl	10002c6c <_atoi>
10003820:	900a      	str	r0, [sp, #40]	; 0x28
10003822:	e7d1      	b.n	100037c8 <_vsnprintf+0x70>
10003824:	9b1c      	ldr	r3, [sp, #112]	; 0x70
10003826:	1d1a      	adds	r2, r3, #4
10003828:	921c      	str	r2, [sp, #112]	; 0x70
1000382a:	6818      	ldr	r0, [r3, #0]
1000382c:	2800      	cmp	r0, #0
1000382e:	db04      	blt.n	1000383a <_vsnprintf+0xe2>
10003830:	900a      	str	r0, [sp, #40]	; 0x28
10003832:	9b11      	ldr	r3, [sp, #68]	; 0x44
10003834:	3301      	adds	r3, #1
10003836:	9311      	str	r3, [sp, #68]	; 0x44
10003838:	e7c6      	b.n	100037c8 <_vsnprintf+0x70>
1000383a:	2302      	movs	r3, #2
1000383c:	431c      	orrs	r4, r3
1000383e:	4243      	negs	r3, r0
10003840:	930a      	str	r3, [sp, #40]	; 0x28
10003842:	e7f6      	b.n	10003832 <_vsnprintf+0xda>
10003844:	2280      	movs	r2, #128	; 0x80
10003846:	00d2      	lsls	r2, r2, #3
10003848:	4314      	orrs	r4, r2
1000384a:	1c5a      	adds	r2, r3, #1
1000384c:	9211      	str	r2, [sp, #68]	; 0x44
1000384e:	785a      	ldrb	r2, [r3, #1]
10003850:	0013      	movs	r3, r2
10003852:	3b30      	subs	r3, #48	; 0x30
10003854:	b2db      	uxtb	r3, r3
10003856:	2b09      	cmp	r3, #9
10003858:	d904      	bls.n	10003864 <_vsnprintf+0x10c>
1000385a:	2a2a      	cmp	r2, #42	; 0x2a
1000385c:	d007      	beq.n	1000386e <_vsnprintf+0x116>
1000385e:	2300      	movs	r3, #0
10003860:	469a      	mov	sl, r3
10003862:	e7b7      	b.n	100037d4 <_vsnprintf+0x7c>
10003864:	a811      	add	r0, sp, #68	; 0x44
10003866:	f7ff fa01 	bl	10002c6c <_atoi>
1000386a:	4682      	mov	sl, r0
1000386c:	e7b2      	b.n	100037d4 <_vsnprintf+0x7c>
1000386e:	9b1c      	ldr	r3, [sp, #112]	; 0x70
10003870:	1d1a      	adds	r2, r3, #4
10003872:	921c      	str	r2, [sp, #112]	; 0x70
10003874:	6818      	ldr	r0, [r3, #0]
10003876:	2800      	cmp	r0, #0
10003878:	db04      	blt.n	10003884 <_vsnprintf+0x12c>
1000387a:	4682      	mov	sl, r0
1000387c:	9b11      	ldr	r3, [sp, #68]	; 0x44
1000387e:	3301      	adds	r3, #1
10003880:	9311      	str	r3, [sp, #68]	; 0x44
10003882:	e7a7      	b.n	100037d4 <_vsnprintf+0x7c>
10003884:	2000      	movs	r0, #0
10003886:	e7f8      	b.n	1000387a <_vsnprintf+0x122>
10003888:	2380      	movs	r3, #128	; 0x80
1000388a:	005b      	lsls	r3, r3, #1
1000388c:	4323      	orrs	r3, r4
1000388e:	1c51      	adds	r1, r2, #1
10003890:	9111      	str	r1, [sp, #68]	; 0x44
10003892:	7852      	ldrb	r2, [r2, #1]
10003894:	2a6c      	cmp	r2, #108	; 0x6c
10003896:	d001      	beq.n	1000389c <_vsnprintf+0x144>
10003898:	001c      	movs	r4, r3
1000389a:	e018      	b.n	100038ce <_vsnprintf+0x176>
1000389c:	23c0      	movs	r3, #192	; 0xc0
1000389e:	009b      	lsls	r3, r3, #2
100038a0:	431c      	orrs	r4, r3
100038a2:	3101      	adds	r1, #1
100038a4:	9111      	str	r1, [sp, #68]	; 0x44
100038a6:	e012      	b.n	100038ce <_vsnprintf+0x176>
100038a8:	2380      	movs	r3, #128	; 0x80
100038aa:	4323      	orrs	r3, r4
100038ac:	1c51      	adds	r1, r2, #1
100038ae:	9111      	str	r1, [sp, #68]	; 0x44
100038b0:	7852      	ldrb	r2, [r2, #1]
100038b2:	2a68      	cmp	r2, #104	; 0x68
100038b4:	d001      	beq.n	100038ba <_vsnprintf+0x162>
100038b6:	001c      	movs	r4, r3
100038b8:	e009      	b.n	100038ce <_vsnprintf+0x176>
100038ba:	23c0      	movs	r3, #192	; 0xc0
100038bc:	431c      	orrs	r4, r3
100038be:	3101      	adds	r1, #1
100038c0:	9111      	str	r1, [sp, #68]	; 0x44
100038c2:	e004      	b.n	100038ce <_vsnprintf+0x176>
100038c4:	2380      	movs	r3, #128	; 0x80
100038c6:	005b      	lsls	r3, r3, #1
100038c8:	431c      	orrs	r4, r3
100038ca:	3201      	adds	r2, #1
100038cc:	9211      	str	r2, [sp, #68]	; 0x44
100038ce:	9b11      	ldr	r3, [sp, #68]	; 0x44
100038d0:	7818      	ldrb	r0, [r3, #0]
100038d2:	0003      	movs	r3, r0
100038d4:	3b25      	subs	r3, #37	; 0x25
100038d6:	b2da      	uxtb	r2, r3
100038d8:	2a53      	cmp	r2, #83	; 0x53
100038da:	d900      	bls.n	100038de <_vsnprintf+0x186>
100038dc:	e22c      	b.n	10003d38 <_vsnprintf+0x5e0>
100038de:	0093      	lsls	r3, r2, #2
100038e0:	4a86      	ldr	r2, [pc, #536]	; (10003afc <_vsnprintf+0x3a4>)
100038e2:	58d3      	ldr	r3, [r2, r3]
100038e4:	469f      	mov	pc, r3
100038e6:	2380      	movs	r3, #128	; 0x80
100038e8:	009b      	lsls	r3, r3, #2
100038ea:	431c      	orrs	r4, r3
100038ec:	3201      	adds	r2, #1
100038ee:	9211      	str	r2, [sp, #68]	; 0x44
100038f0:	e7ed      	b.n	100038ce <_vsnprintf+0x176>
100038f2:	2380      	movs	r3, #128	; 0x80
100038f4:	005b      	lsls	r3, r3, #1
100038f6:	431c      	orrs	r4, r3
100038f8:	3201      	adds	r2, #1
100038fa:	9211      	str	r2, [sp, #68]	; 0x44
100038fc:	e7e7      	b.n	100038ce <_vsnprintf+0x176>
100038fe:	2878      	cmp	r0, #120	; 0x78
10003900:	d009      	beq.n	10003916 <_vsnprintf+0x1be>
10003902:	2858      	cmp	r0, #88	; 0x58
10003904:	d038      	beq.n	10003978 <_vsnprintf+0x220>
10003906:	286f      	cmp	r0, #111	; 0x6f
10003908:	d038      	beq.n	1000397c <_vsnprintf+0x224>
1000390a:	2862      	cmp	r0, #98	; 0x62
1000390c:	d038      	beq.n	10003980 <_vsnprintf+0x228>
1000390e:	2310      	movs	r3, #16
10003910:	439c      	bics	r4, r3
10003912:	260a      	movs	r6, #10
10003914:	e000      	b.n	10003918 <_vsnprintf+0x1c0>
10003916:	2610      	movs	r6, #16
10003918:	2858      	cmp	r0, #88	; 0x58
1000391a:	d033      	beq.n	10003984 <_vsnprintf+0x22c>
1000391c:	2869      	cmp	r0, #105	; 0x69
1000391e:	d003      	beq.n	10003928 <_vsnprintf+0x1d0>
10003920:	2864      	cmp	r0, #100	; 0x64
10003922:	d001      	beq.n	10003928 <_vsnprintf+0x1d0>
10003924:	220c      	movs	r2, #12
10003926:	4394      	bics	r4, r2
10003928:	0563      	lsls	r3, r4, #21
1000392a:	d501      	bpl.n	10003930 <_vsnprintf+0x1d8>
1000392c:	2201      	movs	r2, #1
1000392e:	4394      	bics	r4, r2
10003930:	2869      	cmp	r0, #105	; 0x69
10003932:	d02a      	beq.n	1000398a <_vsnprintf+0x232>
10003934:	2864      	cmp	r0, #100	; 0x64
10003936:	d028      	beq.n	1000398a <_vsnprintf+0x232>
10003938:	05a3      	lsls	r3, r4, #22
1000393a:	d500      	bpl.n	1000393e <_vsnprintf+0x1e6>
1000393c:	e09f      	b.n	10003a7e <_vsnprintf+0x326>
1000393e:	05e3      	lsls	r3, r4, #23
10003940:	d500      	bpl.n	10003944 <_vsnprintf+0x1ec>
10003942:	e0b8      	b.n	10003ab6 <_vsnprintf+0x35e>
10003944:	0663      	lsls	r3, r4, #25
10003946:	d400      	bmi.n	1000394a <_vsnprintf+0x1f2>
10003948:	e0ca      	b.n	10003ae0 <_vsnprintf+0x388>
1000394a:	9a1c      	ldr	r2, [sp, #112]	; 0x70
1000394c:	1d11      	adds	r1, r2, #4
1000394e:	911c      	str	r1, [sp, #112]	; 0x70
10003950:	6811      	ldr	r1, [r2, #0]
10003952:	22ff      	movs	r2, #255	; 0xff
10003954:	400a      	ands	r2, r1
10003956:	9405      	str	r4, [sp, #20]
10003958:	9b0a      	ldr	r3, [sp, #40]	; 0x28
1000395a:	9304      	str	r3, [sp, #16]
1000395c:	4653      	mov	r3, sl
1000395e:	9303      	str	r3, [sp, #12]
10003960:	9602      	str	r6, [sp, #8]
10003962:	2300      	movs	r3, #0
10003964:	9301      	str	r3, [sp, #4]
10003966:	9200      	str	r2, [sp, #0]
10003968:	4643      	mov	r3, r8
1000396a:	003a      	movs	r2, r7
1000396c:	4659      	mov	r1, fp
1000396e:	0028      	movs	r0, r5
10003970:	f7ff fa6e 	bl	10002e50 <_ntoa_long>
10003974:	0007      	movs	r7, r0
10003976:	e027      	b.n	100039c8 <_vsnprintf+0x270>
10003978:	2610      	movs	r6, #16
1000397a:	e7cd      	b.n	10003918 <_vsnprintf+0x1c0>
1000397c:	2608      	movs	r6, #8
1000397e:	e7cb      	b.n	10003918 <_vsnprintf+0x1c0>
10003980:	2602      	movs	r6, #2
10003982:	e7c9      	b.n	10003918 <_vsnprintf+0x1c0>
10003984:	2220      	movs	r2, #32
10003986:	4314      	orrs	r4, r2
10003988:	e7c8      	b.n	1000391c <_vsnprintf+0x1c4>
1000398a:	05a3      	lsls	r3, r4, #22
1000398c:	d420      	bmi.n	100039d0 <_vsnprintf+0x278>
1000398e:	05e3      	lsls	r3, r4, #23
10003990:	d450      	bmi.n	10003a34 <_vsnprintf+0x2dc>
10003992:	0663      	lsls	r3, r4, #25
10003994:	d566      	bpl.n	10003a64 <_vsnprintf+0x30c>
10003996:	9a1c      	ldr	r2, [sp, #112]	; 0x70
10003998:	1d11      	adds	r1, r2, #4
1000399a:	911c      	str	r1, [sp, #112]	; 0x70
1000399c:	6811      	ldr	r1, [r2, #0]
1000399e:	22ff      	movs	r2, #255	; 0xff
100039a0:	400a      	ands	r2, r1
100039a2:	17d3      	asrs	r3, r2, #31
100039a4:	18d1      	adds	r1, r2, r3
100039a6:	4059      	eors	r1, r3
100039a8:	9405      	str	r4, [sp, #20]
100039aa:	9b0a      	ldr	r3, [sp, #40]	; 0x28
100039ac:	9304      	str	r3, [sp, #16]
100039ae:	4653      	mov	r3, sl
100039b0:	9303      	str	r3, [sp, #12]
100039b2:	9602      	str	r6, [sp, #8]
100039b4:	0fd2      	lsrs	r2, r2, #31
100039b6:	9201      	str	r2, [sp, #4]
100039b8:	9100      	str	r1, [sp, #0]
100039ba:	4643      	mov	r3, r8
100039bc:	003a      	movs	r2, r7
100039be:	4659      	mov	r1, fp
100039c0:	0028      	movs	r0, r5
100039c2:	f7ff fa45 	bl	10002e50 <_ntoa_long>
100039c6:	0007      	movs	r7, r0
100039c8:	9b11      	ldr	r3, [sp, #68]	; 0x44
100039ca:	3301      	adds	r3, #1
100039cc:	9311      	str	r3, [sp, #68]	; 0x44
100039ce:	e6d3      	b.n	10003778 <_vsnprintf+0x20>
100039d0:	9b1c      	ldr	r3, [sp, #112]	; 0x70
100039d2:	1dda      	adds	r2, r3, #7
100039d4:	2107      	movs	r1, #7
100039d6:	438a      	bics	r2, r1
100039d8:	0011      	movs	r1, r2
100039da:	3108      	adds	r1, #8
100039dc:	911c      	str	r1, [sp, #112]	; 0x70
100039de:	6811      	ldr	r1, [r2, #0]
100039e0:	6853      	ldr	r3, [r2, #4]
100039e2:	469c      	mov	ip, r3
100039e4:	17db      	asrs	r3, r3, #31
100039e6:	930c      	str	r3, [sp, #48]	; 0x30
100039e8:	930d      	str	r3, [sp, #52]	; 0x34
100039ea:	9a0c      	ldr	r2, [sp, #48]	; 0x30
100039ec:	9b0d      	ldr	r3, [sp, #52]	; 0x34
100039ee:	0010      	movs	r0, r2
100039f0:	4048      	eors	r0, r1
100039f2:	900e      	str	r0, [sp, #56]	; 0x38
100039f4:	4662      	mov	r2, ip
100039f6:	4053      	eors	r3, r2
100039f8:	930f      	str	r3, [sp, #60]	; 0x3c
100039fa:	980e      	ldr	r0, [sp, #56]	; 0x38
100039fc:	990f      	ldr	r1, [sp, #60]	; 0x3c
100039fe:	9a0c      	ldr	r2, [sp, #48]	; 0x30
10003a00:	9b0d      	ldr	r3, [sp, #52]	; 0x34
10003a02:	1a80      	subs	r0, r0, r2
10003a04:	4199      	sbcs	r1, r3
10003a06:	900e      	str	r0, [sp, #56]	; 0x38
10003a08:	910f      	str	r1, [sp, #60]	; 0x3c
10003a0a:	9408      	str	r4, [sp, #32]
10003a0c:	9b0a      	ldr	r3, [sp, #40]	; 0x28
10003a0e:	9307      	str	r3, [sp, #28]
10003a10:	4653      	mov	r3, sl
10003a12:	9306      	str	r3, [sp, #24]
10003a14:	9604      	str	r6, [sp, #16]
10003a16:	2300      	movs	r3, #0
10003a18:	9305      	str	r3, [sp, #20]
10003a1a:	4663      	mov	r3, ip
10003a1c:	0fda      	lsrs	r2, r3, #31
10003a1e:	9202      	str	r2, [sp, #8]
10003a20:	9000      	str	r0, [sp, #0]
10003a22:	9101      	str	r1, [sp, #4]
10003a24:	4643      	mov	r3, r8
10003a26:	003a      	movs	r2, r7
10003a28:	4659      	mov	r1, fp
10003a2a:	0028      	movs	r0, r5
10003a2c:	f7ff fa6e 	bl	10002f0c <_ntoa_long_long>
10003a30:	0007      	movs	r7, r0
10003a32:	e7c9      	b.n	100039c8 <_vsnprintf+0x270>
10003a34:	9a1c      	ldr	r2, [sp, #112]	; 0x70
10003a36:	1d11      	adds	r1, r2, #4
10003a38:	911c      	str	r1, [sp, #112]	; 0x70
10003a3a:	6812      	ldr	r2, [r2, #0]
10003a3c:	17d3      	asrs	r3, r2, #31
10003a3e:	18d1      	adds	r1, r2, r3
10003a40:	4059      	eors	r1, r3
10003a42:	9405      	str	r4, [sp, #20]
10003a44:	9b0a      	ldr	r3, [sp, #40]	; 0x28
10003a46:	9304      	str	r3, [sp, #16]
10003a48:	4653      	mov	r3, sl
10003a4a:	9303      	str	r3, [sp, #12]
10003a4c:	9602      	str	r6, [sp, #8]
10003a4e:	0fd2      	lsrs	r2, r2, #31
10003a50:	9201      	str	r2, [sp, #4]
10003a52:	9100      	str	r1, [sp, #0]
10003a54:	4643      	mov	r3, r8
10003a56:	003a      	movs	r2, r7
10003a58:	4659      	mov	r1, fp
10003a5a:	0028      	movs	r0, r5
10003a5c:	f7ff f9f8 	bl	10002e50 <_ntoa_long>
10003a60:	0007      	movs	r7, r0
10003a62:	e7b1      	b.n	100039c8 <_vsnprintf+0x270>
10003a64:	0623      	lsls	r3, r4, #24
10003a66:	d505      	bpl.n	10003a74 <_vsnprintf+0x31c>
10003a68:	9a1c      	ldr	r2, [sp, #112]	; 0x70
10003a6a:	1d11      	adds	r1, r2, #4
10003a6c:	911c      	str	r1, [sp, #112]	; 0x70
10003a6e:	2300      	movs	r3, #0
10003a70:	5ed2      	ldrsh	r2, [r2, r3]
10003a72:	e796      	b.n	100039a2 <_vsnprintf+0x24a>
10003a74:	9a1c      	ldr	r2, [sp, #112]	; 0x70
10003a76:	1d11      	adds	r1, r2, #4
10003a78:	911c      	str	r1, [sp, #112]	; 0x70
10003a7a:	6812      	ldr	r2, [r2, #0]
10003a7c:	e791      	b.n	100039a2 <_vsnprintf+0x24a>
10003a7e:	9b1c      	ldr	r3, [sp, #112]	; 0x70
10003a80:	1dda      	adds	r2, r3, #7
10003a82:	2107      	movs	r1, #7
10003a84:	438a      	bics	r2, r1
10003a86:	0011      	movs	r1, r2
10003a88:	3108      	adds	r1, #8
10003a8a:	911c      	str	r1, [sp, #112]	; 0x70
10003a8c:	9408      	str	r4, [sp, #32]
10003a8e:	9b0a      	ldr	r3, [sp, #40]	; 0x28
10003a90:	9307      	str	r3, [sp, #28]
10003a92:	4653      	mov	r3, sl
10003a94:	9306      	str	r3, [sp, #24]
10003a96:	9604      	str	r6, [sp, #16]
10003a98:	2300      	movs	r3, #0
10003a9a:	9305      	str	r3, [sp, #20]
10003a9c:	9302      	str	r3, [sp, #8]
10003a9e:	6813      	ldr	r3, [r2, #0]
10003aa0:	6854      	ldr	r4, [r2, #4]
10003aa2:	9300      	str	r3, [sp, #0]
10003aa4:	9401      	str	r4, [sp, #4]
10003aa6:	4643      	mov	r3, r8
10003aa8:	003a      	movs	r2, r7
10003aaa:	4659      	mov	r1, fp
10003aac:	0028      	movs	r0, r5
10003aae:	f7ff fa2d 	bl	10002f0c <_ntoa_long_long>
10003ab2:	0007      	movs	r7, r0
10003ab4:	e788      	b.n	100039c8 <_vsnprintf+0x270>
10003ab6:	9a1c      	ldr	r2, [sp, #112]	; 0x70
10003ab8:	1d11      	adds	r1, r2, #4
10003aba:	911c      	str	r1, [sp, #112]	; 0x70
10003abc:	9405      	str	r4, [sp, #20]
10003abe:	9b0a      	ldr	r3, [sp, #40]	; 0x28
10003ac0:	9304      	str	r3, [sp, #16]
10003ac2:	4653      	mov	r3, sl
10003ac4:	9303      	str	r3, [sp, #12]
10003ac6:	9602      	str	r6, [sp, #8]
10003ac8:	2300      	movs	r3, #0
10003aca:	9301      	str	r3, [sp, #4]
10003acc:	6813      	ldr	r3, [r2, #0]
10003ace:	9300      	str	r3, [sp, #0]
10003ad0:	4643      	mov	r3, r8
10003ad2:	003a      	movs	r2, r7
10003ad4:	4659      	mov	r1, fp
10003ad6:	0028      	movs	r0, r5
10003ad8:	f7ff f9ba 	bl	10002e50 <_ntoa_long>
10003adc:	0007      	movs	r7, r0
10003ade:	e773      	b.n	100039c8 <_vsnprintf+0x270>
10003ae0:	0623      	lsls	r3, r4, #24
10003ae2:	d50d      	bpl.n	10003b00 <_vsnprintf+0x3a8>
10003ae4:	9a1c      	ldr	r2, [sp, #112]	; 0x70
10003ae6:	1d11      	adds	r1, r2, #4
10003ae8:	911c      	str	r1, [sp, #112]	; 0x70
10003aea:	6812      	ldr	r2, [r2, #0]
10003aec:	0412      	lsls	r2, r2, #16
10003aee:	0c12      	lsrs	r2, r2, #16
10003af0:	e731      	b.n	10003956 <_vsnprintf+0x1fe>
10003af2:	46c0      	nop			; (mov r8, r8)
10003af4:	100093fc 	.word	0x100093fc
10003af8:	10009440 	.word	0x10009440
10003afc:	1000948c 	.word	0x1000948c
10003b00:	9a1c      	ldr	r2, [sp, #112]	; 0x70
10003b02:	1d11      	adds	r1, r2, #4
10003b04:	911c      	str	r1, [sp, #112]	; 0x70
10003b06:	6812      	ldr	r2, [r2, #0]
10003b08:	e725      	b.n	10003956 <_vsnprintf+0x1fe>
10003b0a:	2846      	cmp	r0, #70	; 0x46
10003b0c:	d01a      	beq.n	10003b44 <_vsnprintf+0x3ec>
10003b0e:	9b1c      	ldr	r3, [sp, #112]	; 0x70
10003b10:	3307      	adds	r3, #7
10003b12:	2207      	movs	r2, #7
10003b14:	4393      	bics	r3, r2
10003b16:	001a      	movs	r2, r3
10003b18:	3208      	adds	r2, #8
10003b1a:	921c      	str	r2, [sp, #112]	; 0x70
10003b1c:	9404      	str	r4, [sp, #16]
10003b1e:	9a0a      	ldr	r2, [sp, #40]	; 0x28
10003b20:	9203      	str	r2, [sp, #12]
10003b22:	4652      	mov	r2, sl
10003b24:	9202      	str	r2, [sp, #8]
10003b26:	685c      	ldr	r4, [r3, #4]
10003b28:	681b      	ldr	r3, [r3, #0]
10003b2a:	9300      	str	r3, [sp, #0]
10003b2c:	9401      	str	r4, [sp, #4]
10003b2e:	4643      	mov	r3, r8
10003b30:	003a      	movs	r2, r7
10003b32:	4659      	mov	r1, fp
10003b34:	0028      	movs	r0, r5
10003b36:	f7ff fc65 	bl	10003404 <_ftoa>
10003b3a:	0007      	movs	r7, r0
10003b3c:	9b11      	ldr	r3, [sp, #68]	; 0x44
10003b3e:	3301      	adds	r3, #1
10003b40:	9311      	str	r3, [sp, #68]	; 0x44
10003b42:	e619      	b.n	10003778 <_vsnprintf+0x20>
10003b44:	2320      	movs	r3, #32
10003b46:	431c      	orrs	r4, r3
10003b48:	e7e1      	b.n	10003b0e <_vsnprintf+0x3b6>
10003b4a:	2867      	cmp	r0, #103	; 0x67
10003b4c:	d001      	beq.n	10003b52 <_vsnprintf+0x3fa>
10003b4e:	2847      	cmp	r0, #71	; 0x47
10003b50:	d102      	bne.n	10003b58 <_vsnprintf+0x400>
10003b52:	2380      	movs	r3, #128	; 0x80
10003b54:	011b      	lsls	r3, r3, #4
10003b56:	431c      	orrs	r4, r3
10003b58:	2845      	cmp	r0, #69	; 0x45
10003b5a:	d001      	beq.n	10003b60 <_vsnprintf+0x408>
10003b5c:	2847      	cmp	r0, #71	; 0x47
10003b5e:	d101      	bne.n	10003b64 <_vsnprintf+0x40c>
10003b60:	2320      	movs	r3, #32
10003b62:	431c      	orrs	r4, r3
10003b64:	9b1c      	ldr	r3, [sp, #112]	; 0x70
10003b66:	3307      	adds	r3, #7
10003b68:	2207      	movs	r2, #7
10003b6a:	4393      	bics	r3, r2
10003b6c:	001a      	movs	r2, r3
10003b6e:	3208      	adds	r2, #8
10003b70:	921c      	str	r2, [sp, #112]	; 0x70
10003b72:	9404      	str	r4, [sp, #16]
10003b74:	9a0a      	ldr	r2, [sp, #40]	; 0x28
10003b76:	9203      	str	r2, [sp, #12]
10003b78:	4652      	mov	r2, sl
10003b7a:	9202      	str	r2, [sp, #8]
10003b7c:	685c      	ldr	r4, [r3, #4]
10003b7e:	681b      	ldr	r3, [r3, #0]
10003b80:	9300      	str	r3, [sp, #0]
10003b82:	9401      	str	r4, [sp, #4]
10003b84:	4643      	mov	r3, r8
10003b86:	003a      	movs	r2, r7
10003b88:	4659      	mov	r1, fp
10003b8a:	0028      	movs	r0, r5
10003b8c:	f7ff fa30 	bl	10002ff0 <_etoa>
10003b90:	0007      	movs	r7, r0
10003b92:	9b11      	ldr	r3, [sp, #68]	; 0x44
10003b94:	3301      	adds	r3, #1
10003b96:	9311      	str	r3, [sp, #68]	; 0x44
10003b98:	e5ee      	b.n	10003778 <_vsnprintf+0x20>
10003b9a:	2302      	movs	r3, #2
10003b9c:	001a      	movs	r2, r3
10003b9e:	4022      	ands	r2, r4
10003ba0:	4692      	mov	sl, r2
10003ba2:	4223      	tst	r3, r4
10003ba4:	d01f      	beq.n	10003be6 <_vsnprintf+0x48e>
10003ba6:	2401      	movs	r4, #1
10003ba8:	9b1c      	ldr	r3, [sp, #112]	; 0x70
10003baa:	1d1a      	adds	r2, r3, #4
10003bac:	921c      	str	r2, [sp, #112]	; 0x70
10003bae:	1c7a      	adds	r2, r7, #1
10003bb0:	4691      	mov	r9, r2
10003bb2:	7818      	ldrb	r0, [r3, #0]
10003bb4:	4643      	mov	r3, r8
10003bb6:	003a      	movs	r2, r7
10003bb8:	4659      	mov	r1, fp
10003bba:	47a8      	blx	r5
10003bbc:	4653      	mov	r3, sl
10003bbe:	2b00      	cmp	r3, #0
10003bc0:	d116      	bne.n	10003bf0 <_vsnprintf+0x498>
10003bc2:	9b11      	ldr	r3, [sp, #68]	; 0x44
10003bc4:	3301      	adds	r3, #1
10003bc6:	9311      	str	r3, [sp, #68]	; 0x44
10003bc8:	464f      	mov	r7, r9
10003bca:	e5d5      	b.n	10003778 <_vsnprintf+0x20>
10003bcc:	1c56      	adds	r6, r2, #1
10003bce:	4643      	mov	r3, r8
10003bd0:	4659      	mov	r1, fp
10003bd2:	2020      	movs	r0, #32
10003bd4:	47b8      	blx	r7
10003bd6:	0023      	movs	r3, r4
10003bd8:	0032      	movs	r2, r6
10003bda:	1c5c      	adds	r4, r3, #1
10003bdc:	429d      	cmp	r5, r3
10003bde:	d8f5      	bhi.n	10003bcc <_vsnprintf+0x474>
10003be0:	003d      	movs	r5, r7
10003be2:	0017      	movs	r7, r2
10003be4:	e7e0      	b.n	10003ba8 <_vsnprintf+0x450>
10003be6:	2301      	movs	r3, #1
10003be8:	003a      	movs	r2, r7
10003bea:	002f      	movs	r7, r5
10003bec:	9d0a      	ldr	r5, [sp, #40]	; 0x28
10003bee:	e7f4      	b.n	10003bda <_vsnprintf+0x482>
10003bf0:	464a      	mov	r2, r9
10003bf2:	46a9      	mov	r9, r5
10003bf4:	9d0a      	ldr	r5, [sp, #40]	; 0x28
10003bf6:	e006      	b.n	10003c06 <_vsnprintf+0x4ae>
10003bf8:	1c57      	adds	r7, r2, #1
10003bfa:	4643      	mov	r3, r8
10003bfc:	4659      	mov	r1, fp
10003bfe:	2020      	movs	r0, #32
10003c00:	47c8      	blx	r9
10003c02:	0034      	movs	r4, r6
10003c04:	003a      	movs	r2, r7
10003c06:	1c66      	adds	r6, r4, #1
10003c08:	42a5      	cmp	r5, r4
10003c0a:	d8f5      	bhi.n	10003bf8 <_vsnprintf+0x4a0>
10003c0c:	464d      	mov	r5, r9
10003c0e:	4691      	mov	r9, r2
10003c10:	e7d7      	b.n	10003bc2 <_vsnprintf+0x46a>
10003c12:	9b1c      	ldr	r3, [sp, #112]	; 0x70
10003c14:	1d1a      	adds	r2, r3, #4
10003c16:	921c      	str	r2, [sp, #112]	; 0x70
10003c18:	681b      	ldr	r3, [r3, #0]
10003c1a:	4699      	mov	r9, r3
10003c1c:	4653      	mov	r3, sl
10003c1e:	2b00      	cmp	r3, #0
10003c20:	d100      	bne.n	10003c24 <_vsnprintf+0x4cc>
10003c22:	3b01      	subs	r3, #1
10003c24:	464e      	mov	r6, r9
10003c26:	e001      	b.n	10003c2c <_vsnprintf+0x4d4>
10003c28:	3601      	adds	r6, #1
10003c2a:	0013      	movs	r3, r2
10003c2c:	7832      	ldrb	r2, [r6, #0]
10003c2e:	2a00      	cmp	r2, #0
10003c30:	d002      	beq.n	10003c38 <_vsnprintf+0x4e0>
10003c32:	1e5a      	subs	r2, r3, #1
10003c34:	2b00      	cmp	r3, #0
10003c36:	d1f7      	bne.n	10003c28 <_vsnprintf+0x4d0>
10003c38:	464b      	mov	r3, r9
10003c3a:	1af2      	subs	r2, r6, r3
10003c3c:	9210      	str	r2, [sp, #64]	; 0x40
10003c3e:	2380      	movs	r3, #128	; 0x80
10003c40:	00db      	lsls	r3, r3, #3
10003c42:	0026      	movs	r6, r4
10003c44:	401e      	ands	r6, r3
10003c46:	421c      	tst	r4, r3
10003c48:	d003      	beq.n	10003c52 <_vsnprintf+0x4fa>
10003c4a:	4552      	cmp	r2, sl
10003c4c:	d901      	bls.n	10003c52 <_vsnprintf+0x4fa>
10003c4e:	4653      	mov	r3, sl
10003c50:	9310      	str	r3, [sp, #64]	; 0x40
10003c52:	2302      	movs	r3, #2
10003c54:	001a      	movs	r2, r3
10003c56:	4022      	ands	r2, r4
10003c58:	920b      	str	r2, [sp, #44]	; 0x2c
10003c5a:	4223      	tst	r3, r4
10003c5c:	d005      	beq.n	10003c6a <_vsnprintf+0x512>
10003c5e:	003a      	movs	r2, r7
10003c60:	0037      	movs	r7, r6
10003c62:	464c      	mov	r4, r9
10003c64:	46a9      	mov	r9, r5
10003c66:	4655      	mov	r5, sl
10003c68:	e020      	b.n	10003cac <_vsnprintf+0x554>
10003c6a:	003a      	movs	r2, r7
10003c6c:	9b10      	ldr	r3, [sp, #64]	; 0x40
10003c6e:	465f      	mov	r7, fp
10003c70:	46b3      	mov	fp, r6
10003c72:	002e      	movs	r6, r5
10003c74:	e006      	b.n	10003c84 <_vsnprintf+0x52c>
10003c76:	1c55      	adds	r5, r2, #1
10003c78:	4643      	mov	r3, r8
10003c7a:	0039      	movs	r1, r7
10003c7c:	2020      	movs	r0, #32
10003c7e:	47b0      	blx	r6
10003c80:	0023      	movs	r3, r4
10003c82:	002a      	movs	r2, r5
10003c84:	1c5c      	adds	r4, r3, #1
10003c86:	990a      	ldr	r1, [sp, #40]	; 0x28
10003c88:	4299      	cmp	r1, r3
10003c8a:	d8f4      	bhi.n	10003c76 <_vsnprintf+0x51e>
10003c8c:	0035      	movs	r5, r6
10003c8e:	465e      	mov	r6, fp
10003c90:	46bb      	mov	fp, r7
10003c92:	9410      	str	r4, [sp, #64]	; 0x40
10003c94:	0037      	movs	r7, r6
10003c96:	464c      	mov	r4, r9
10003c98:	46a9      	mov	r9, r5
10003c9a:	4655      	mov	r5, sl
10003c9c:	e006      	b.n	10003cac <_vsnprintf+0x554>
10003c9e:	001d      	movs	r5, r3
10003ca0:	3401      	adds	r4, #1
10003ca2:	1c56      	adds	r6, r2, #1
10003ca4:	4643      	mov	r3, r8
10003ca6:	4659      	mov	r1, fp
10003ca8:	47c8      	blx	r9
10003caa:	0032      	movs	r2, r6
10003cac:	7820      	ldrb	r0, [r4, #0]
10003cae:	2800      	cmp	r0, #0
10003cb0:	d004      	beq.n	10003cbc <_vsnprintf+0x564>
10003cb2:	2f00      	cmp	r7, #0
10003cb4:	d0f4      	beq.n	10003ca0 <_vsnprintf+0x548>
10003cb6:	1e6b      	subs	r3, r5, #1
10003cb8:	2d00      	cmp	r5, #0
10003cba:	d1f0      	bne.n	10003c9e <_vsnprintf+0x546>
10003cbc:	0017      	movs	r7, r2
10003cbe:	464d      	mov	r5, r9
10003cc0:	9b0b      	ldr	r3, [sp, #44]	; 0x2c
10003cc2:	2b00      	cmp	r3, #0
10003cc4:	d103      	bne.n	10003cce <_vsnprintf+0x576>
10003cc6:	9b11      	ldr	r3, [sp, #68]	; 0x44
10003cc8:	3301      	adds	r3, #1
10003cca:	9311      	str	r3, [sp, #68]	; 0x44
10003ccc:	e554      	b.n	10003778 <_vsnprintf+0x20>
10003cce:	9f0a      	ldr	r7, [sp, #40]	; 0x28
10003cd0:	9b10      	ldr	r3, [sp, #64]	; 0x40
10003cd2:	e006      	b.n	10003ce2 <_vsnprintf+0x58a>
10003cd4:	1c56      	adds	r6, r2, #1
10003cd6:	4643      	mov	r3, r8
10003cd8:	4659      	mov	r1, fp
10003cda:	2020      	movs	r0, #32
10003cdc:	47a8      	blx	r5
10003cde:	0023      	movs	r3, r4
10003ce0:	0032      	movs	r2, r6
10003ce2:	1c5c      	adds	r4, r3, #1
10003ce4:	429f      	cmp	r7, r3
10003ce6:	d8f5      	bhi.n	10003cd4 <_vsnprintf+0x57c>
10003ce8:	0017      	movs	r7, r2
10003cea:	e7ec      	b.n	10003cc6 <_vsnprintf+0x56e>
10003cec:	2321      	movs	r3, #33	; 0x21
10003cee:	431c      	orrs	r4, r3
10003cf0:	9b1c      	ldr	r3, [sp, #112]	; 0x70
10003cf2:	1d1a      	adds	r2, r3, #4
10003cf4:	921c      	str	r2, [sp, #112]	; 0x70
10003cf6:	681b      	ldr	r3, [r3, #0]
10003cf8:	9300      	str	r3, [sp, #0]
10003cfa:	9405      	str	r4, [sp, #20]
10003cfc:	2308      	movs	r3, #8
10003cfe:	9304      	str	r3, [sp, #16]
10003d00:	4653      	mov	r3, sl
10003d02:	9303      	str	r3, [sp, #12]
10003d04:	2310      	movs	r3, #16
10003d06:	9302      	str	r3, [sp, #8]
10003d08:	2300      	movs	r3, #0
10003d0a:	9301      	str	r3, [sp, #4]
10003d0c:	4643      	mov	r3, r8
10003d0e:	003a      	movs	r2, r7
10003d10:	4659      	mov	r1, fp
10003d12:	0028      	movs	r0, r5
10003d14:	f7ff f89c 	bl	10002e50 <_ntoa_long>
10003d18:	0007      	movs	r7, r0
10003d1a:	9b11      	ldr	r3, [sp, #68]	; 0x44
10003d1c:	3301      	adds	r3, #1
10003d1e:	9311      	str	r3, [sp, #68]	; 0x44
10003d20:	e52a      	b.n	10003778 <_vsnprintf+0x20>
10003d22:	1c7c      	adds	r4, r7, #1
10003d24:	4643      	mov	r3, r8
10003d26:	003a      	movs	r2, r7
10003d28:	4659      	mov	r1, fp
10003d2a:	2025      	movs	r0, #37	; 0x25
10003d2c:	47a8      	blx	r5
10003d2e:	9b11      	ldr	r3, [sp, #68]	; 0x44
10003d30:	3301      	adds	r3, #1
10003d32:	9311      	str	r3, [sp, #68]	; 0x44
10003d34:	0027      	movs	r7, r4
10003d36:	e51f      	b.n	10003778 <_vsnprintf+0x20>
10003d38:	1c7c      	adds	r4, r7, #1
10003d3a:	4643      	mov	r3, r8
10003d3c:	003a      	movs	r2, r7
10003d3e:	4659      	mov	r1, fp
10003d40:	47a8      	blx	r5
10003d42:	9b11      	ldr	r3, [sp, #68]	; 0x44
10003d44:	3301      	adds	r3, #1
10003d46:	9311      	str	r3, [sp, #68]	; 0x44
10003d48:	0027      	movs	r7, r4
10003d4a:	e515      	b.n	10003778 <_vsnprintf+0x20>
10003d4c:	4b0a      	ldr	r3, [pc, #40]	; (10003d78 <_vsnprintf+0x620>)
10003d4e:	469a      	mov	sl, r3
10003d50:	e510      	b.n	10003774 <_vsnprintf+0x1c>
10003d52:	46aa      	mov	sl, r5
10003d54:	4547      	cmp	r7, r8
10003d56:	d302      	bcc.n	10003d5e <_vsnprintf+0x606>
10003d58:	4643      	mov	r3, r8
10003d5a:	1e5a      	subs	r2, r3, #1
10003d5c:	e000      	b.n	10003d60 <_vsnprintf+0x608>
10003d5e:	003a      	movs	r2, r7
10003d60:	4643      	mov	r3, r8
10003d62:	4659      	mov	r1, fp
10003d64:	2000      	movs	r0, #0
10003d66:	47d0      	blx	sl
10003d68:	0038      	movs	r0, r7
10003d6a:	b013      	add	sp, #76	; 0x4c
10003d6c:	bcf0      	pop	{r4, r5, r6, r7}
10003d6e:	46bb      	mov	fp, r7
10003d70:	46b2      	mov	sl, r6
10003d72:	46a9      	mov	r9, r5
10003d74:	46a0      	mov	r8, r4
10003d76:	bdf0      	pop	{r4, r5, r6, r7, pc}
10003d78:	10002c5d 	.word	0x10002c5d

10003d7c <vfctprintf>:
10003d7c:	b500      	push	{lr}
10003d7e:	b085      	sub	sp, #20
10003d80:	9002      	str	r0, [sp, #8]
10003d82:	9103      	str	r1, [sp, #12]
10003d84:	2101      	movs	r1, #1
10003d86:	9300      	str	r3, [sp, #0]
10003d88:	0013      	movs	r3, r2
10003d8a:	424a      	negs	r2, r1
10003d8c:	a902      	add	r1, sp, #8
10003d8e:	4802      	ldr	r0, [pc, #8]	; (10003d98 <vfctprintf+0x1c>)
10003d90:	f7ff fce2 	bl	10003758 <_vsnprintf>
10003d94:	b005      	add	sp, #20
10003d96:	bd00      	pop	{pc}
10003d98:	10002c5f 	.word	0x10002c5f

10003d9c <_exit>:
10003d9c:	be00      	bkpt	0x0000
10003d9e:	e7fd      	b.n	10003d9c <_exit>

10003da0 <_sbrk>:
10003da0:	0003      	movs	r3, r0
10003da2:	4a0a      	ldr	r2, [pc, #40]	; (10003dcc <_sbrk+0x2c>)
10003da4:	6812      	ldr	r2, [r2, #0]
10003da6:	2a00      	cmp	r2, #0
10003da8:	d008      	beq.n	10003dbc <_sbrk+0x1c>
10003daa:	4a08      	ldr	r2, [pc, #32]	; (10003dcc <_sbrk+0x2c>)
10003dac:	6810      	ldr	r0, [r2, #0]
10003dae:	18c3      	adds	r3, r0, r3
10003db0:	4a07      	ldr	r2, [pc, #28]	; (10003dd0 <_sbrk+0x30>)
10003db2:	429a      	cmp	r2, r3
10003db4:	d306      	bcc.n	10003dc4 <_sbrk+0x24>
10003db6:	4a05      	ldr	r2, [pc, #20]	; (10003dcc <_sbrk+0x2c>)
10003db8:	6013      	str	r3, [r2, #0]
10003dba:	4770      	bx	lr
10003dbc:	4a03      	ldr	r2, [pc, #12]	; (10003dcc <_sbrk+0x2c>)
10003dbe:	4905      	ldr	r1, [pc, #20]	; (10003dd4 <_sbrk+0x34>)
10003dc0:	6011      	str	r1, [r2, #0]
10003dc2:	e7f2      	b.n	10003daa <_sbrk+0xa>
10003dc4:	2001      	movs	r0, #1
10003dc6:	4240      	negs	r0, r0
10003dc8:	e7f7      	b.n	10003dba <_sbrk+0x1a>
10003dca:	46c0      	nop			; (mov r8, r8)
10003dcc:	20002128 	.word	0x20002128
10003dd0:	20040000 	.word	0x20040000
10003dd4:	20002810 	.word	0x20002810

10003dd8 <exit>:
10003dd8:	b510      	push	{r4, lr}
10003dda:	f7ff ffdf 	bl	10003d9c <_exit>
	...

10003de0 <__assert_func>:
10003de0:	b510      	push	{r4, lr}
10003de2:	b082      	sub	sp, #8
10003de4:	000c      	movs	r4, r1
10003de6:	0019      	movs	r1, r3
10003de8:	2a00      	cmp	r2, #0
10003dea:	d00c      	beq.n	10003e06 <__assert_func+0x26>
10003dec:	4b08      	ldr	r3, [pc, #32]	; (10003e10 <__assert_func+0x30>)
10003dee:	2a00      	cmp	r2, #0
10003df0:	d00b      	beq.n	10003e0a <__assert_func+0x2a>
10003df2:	9201      	str	r2, [sp, #4]
10003df4:	9300      	str	r3, [sp, #0]
10003df6:	0023      	movs	r3, r4
10003df8:	0002      	movs	r2, r0
10003dfa:	4806      	ldr	r0, [pc, #24]	; (10003e14 <__assert_func+0x34>)
10003dfc:	f000 f962 	bl	100040c4 <__wrap_printf>
10003e00:	2001      	movs	r0, #1
10003e02:	f7ff ffcb 	bl	10003d9c <_exit>
10003e06:	4b04      	ldr	r3, [pc, #16]	; (10003e18 <__assert_func+0x38>)
10003e08:	e7f1      	b.n	10003dee <__assert_func+0xe>
10003e0a:	4a03      	ldr	r2, [pc, #12]	; (10003e18 <__assert_func+0x38>)
10003e0c:	e7f1      	b.n	10003df2 <__assert_func+0x12>
10003e0e:	46c0      	nop			; (mov r8, r8)
10003e10:	10009630 	.word	0x10009630
10003e14:	10009640 	.word	0x10009640
10003e18:	1000963c 	.word	0x1000963c

10003e1c <runtime_init>:
10003e1c:	b510      	push	{r4, lr}
10003e1e:	f3ef 8305 	mrs	r3, IPSR
10003e22:	2b00      	cmp	r3, #0
10003e24:	d000      	beq.n	10003e28 <runtime_init+0xc>
10003e26:	be00      	bkpt	0x0000
10003e28:	f7fd fed8 	bl	10001bdc <runtime_run_initializers>
10003e2c:	4c03      	ldr	r4, [pc, #12]	; (10003e3c <runtime_init+0x20>)
10003e2e:	e001      	b.n	10003e34 <runtime_init+0x18>
10003e30:	cc08      	ldmia	r4!, {r3}
10003e32:	4798      	blx	r3
10003e34:	4b02      	ldr	r3, [pc, #8]	; (10003e40 <runtime_init+0x24>)
10003e36:	429c      	cmp	r4, r3
10003e38:	d3fa      	bcc.n	10003e30 <runtime_init+0x14>
10003e3a:	bd10      	pop	{r4, pc}
10003e3c:	10008b24 	.word	0x10008b24
10003e40:	10008b30 	.word	0x10008b30

10003e44 <stdio_out_chars_no_crlf>:
10003e44:	b510      	push	{r4, lr}
10003e46:	0003      	movs	r3, r0
10003e48:	0008      	movs	r0, r1
10003e4a:	0011      	movs	r1, r2
10003e4c:	681b      	ldr	r3, [r3, #0]
10003e4e:	4798      	blx	r3
10003e50:	bd10      	pop	{r4, pc}
	...

10003e54 <stdio_out_chars_crlf>:
10003e54:	b5f8      	push	{r3, r4, r5, r6, r7, lr}
10003e56:	0007      	movs	r7, r0
10003e58:	000d      	movs	r5, r1
10003e5a:	0016      	movs	r6, r2
10003e5c:	7d43      	ldrb	r3, [r0, #21]
10003e5e:	2b00      	cmp	r3, #0
10003e60:	d002      	beq.n	10003e68 <stdio_out_chars_crlf+0x14>
10003e62:	2400      	movs	r4, #0
10003e64:	2000      	movs	r0, #0
10003e66:	e00c      	b.n	10003e82 <stdio_out_chars_crlf+0x2e>
10003e68:	6803      	ldr	r3, [r0, #0]
10003e6a:	0011      	movs	r1, r2
10003e6c:	0028      	movs	r0, r5
10003e6e:	4798      	blx	r3
10003e70:	e02d      	b.n	10003ece <stdio_out_chars_crlf+0x7a>
10003e72:	7d3b      	ldrb	r3, [r7, #20]
10003e74:	e010      	b.n	10003e98 <stdio_out_chars_crlf+0x44>
10003e76:	2102      	movs	r1, #2
10003e78:	4815      	ldr	r0, [pc, #84]	; (10003ed0 <stdio_out_chars_crlf+0x7c>)
10003e7a:	683b      	ldr	r3, [r7, #0]
10003e7c:	4798      	blx	r3
10003e7e:	1c60      	adds	r0, r4, #1
10003e80:	3401      	adds	r4, #1
10003e82:	42b4      	cmp	r4, r6
10003e84:	da14      	bge.n	10003eb0 <stdio_out_chars_crlf+0x5c>
10003e86:	2c00      	cmp	r4, #0
10003e88:	ddf3      	ble.n	10003e72 <stdio_out_chars_crlf+0x1e>
10003e8a:	192b      	adds	r3, r5, r4
10003e8c:	3b01      	subs	r3, #1
10003e8e:	781b      	ldrb	r3, [r3, #0]
10003e90:	3b0d      	subs	r3, #13
10003e92:	425a      	negs	r2, r3
10003e94:	4153      	adcs	r3, r2
10003e96:	b2db      	uxtb	r3, r3
10003e98:	5d2a      	ldrb	r2, [r5, r4]
10003e9a:	2a0a      	cmp	r2, #10
10003e9c:	d1f0      	bne.n	10003e80 <stdio_out_chars_crlf+0x2c>
10003e9e:	2b00      	cmp	r3, #0
10003ea0:	d1ee      	bne.n	10003e80 <stdio_out_chars_crlf+0x2c>
10003ea2:	42a0      	cmp	r0, r4
10003ea4:	dae7      	bge.n	10003e76 <stdio_out_chars_crlf+0x22>
10003ea6:	1a21      	subs	r1, r4, r0
10003ea8:	1828      	adds	r0, r5, r0
10003eaa:	683b      	ldr	r3, [r7, #0]
10003eac:	4798      	blx	r3
10003eae:	e7e2      	b.n	10003e76 <stdio_out_chars_crlf+0x22>
10003eb0:	42b0      	cmp	r0, r6
10003eb2:	da03      	bge.n	10003ebc <stdio_out_chars_crlf+0x68>
10003eb4:	1a31      	subs	r1, r6, r0
10003eb6:	1828      	adds	r0, r5, r0
10003eb8:	683b      	ldr	r3, [r7, #0]
10003eba:	4798      	blx	r3
10003ebc:	2e00      	cmp	r6, #0
10003ebe:	dd06      	ble.n	10003ece <stdio_out_chars_crlf+0x7a>
10003ec0:	19ad      	adds	r5, r5, r6
10003ec2:	3d01      	subs	r5, #1
10003ec4:	782b      	ldrb	r3, [r5, #0]
10003ec6:	3b0d      	subs	r3, #13
10003ec8:	425a      	negs	r2, r3
10003eca:	4153      	adcs	r3, r2
10003ecc:	753b      	strb	r3, [r7, #20]
10003ece:	bdf8      	pop	{r3, r4, r5, r6, r7, pc}
10003ed0:	10009670 	.word	0x10009670

10003ed4 <stdio_stack_buffer_flush>:
10003ed4:	b570      	push	{r4, r5, r6, lr}
10003ed6:	0005      	movs	r5, r0
10003ed8:	6803      	ldr	r3, [r0, #0]
10003eda:	2b00      	cmp	r3, #0
10003edc:	d016      	beq.n	10003f0c <stdio_stack_buffer_flush+0x38>
10003ede:	4b0c      	ldr	r3, [pc, #48]	; (10003f10 <stdio_stack_buffer_flush+0x3c>)
10003ee0:	681c      	ldr	r4, [r3, #0]
10003ee2:	e005      	b.n	10003ef0 <stdio_stack_buffer_flush+0x1c>
10003ee4:	0029      	movs	r1, r5
10003ee6:	c904      	ldmia	r1!, {r2}
10003ee8:	0020      	movs	r0, r4
10003eea:	f7ff ffb3 	bl	10003e54 <stdio_out_chars_crlf>
10003eee:	6924      	ldr	r4, [r4, #16]
10003ef0:	2c00      	cmp	r4, #0
10003ef2:	d009      	beq.n	10003f08 <stdio_stack_buffer_flush+0x34>
10003ef4:	6823      	ldr	r3, [r4, #0]
10003ef6:	2b00      	cmp	r3, #0
10003ef8:	d0f9      	beq.n	10003eee <stdio_stack_buffer_flush+0x1a>
10003efa:	4b06      	ldr	r3, [pc, #24]	; (10003f14 <stdio_stack_buffer_flush+0x40>)
10003efc:	681b      	ldr	r3, [r3, #0]
10003efe:	2b00      	cmp	r3, #0
10003f00:	d0f0      	beq.n	10003ee4 <stdio_stack_buffer_flush+0x10>
10003f02:	42a3      	cmp	r3, r4
10003f04:	d1f3      	bne.n	10003eee <stdio_stack_buffer_flush+0x1a>
10003f06:	e7ed      	b.n	10003ee4 <stdio_stack_buffer_flush+0x10>
10003f08:	2300      	movs	r3, #0
10003f0a:	602b      	str	r3, [r5, #0]
10003f0c:	bd70      	pop	{r4, r5, r6, pc}
10003f0e:	46c0      	nop			; (mov r8, r8)
10003f10:	20002118 	.word	0x20002118
10003f14:	20002124 	.word	0x20002124

10003f18 <stdio_buffered_printer>:
10003f18:	b570      	push	{r4, r5, r6, lr}
10003f1a:	0005      	movs	r5, r0
10003f1c:	000c      	movs	r4, r1
10003f1e:	680b      	ldr	r3, [r1, #0]
10003f20:	2b80      	cmp	r3, #128	; 0x80
10003f22:	d005      	beq.n	10003f30 <stdio_buffered_printer+0x18>
10003f24:	6821      	ldr	r1, [r4, #0]
10003f26:	1c4b      	adds	r3, r1, #1
10003f28:	6023      	str	r3, [r4, #0]
10003f2a:	1864      	adds	r4, r4, r1
10003f2c:	7125      	strb	r5, [r4, #4]
10003f2e:	bd70      	pop	{r4, r5, r6, pc}
10003f30:	0008      	movs	r0, r1
10003f32:	f7ff ffcf 	bl	10003ed4 <stdio_stack_buffer_flush>
10003f36:	e7f5      	b.n	10003f24 <stdio_buffered_printer+0xc>

10003f38 <stdout_serialize_begin>:
10003f38:	b510      	push	{r4, lr}
10003f3a:	f7fd fb91 	bl	10001660 <time_us_64>
10003f3e:	4a07      	ldr	r2, [pc, #28]	; (10003f5c <stdout_serialize_begin+0x24>)
10003f40:	2300      	movs	r3, #0
10003f42:	1812      	adds	r2, r2, r0
10003f44:	414b      	adcs	r3, r1
10003f46:	2b00      	cmp	r3, #0
10003f48:	db03      	blt.n	10003f52 <stdout_serialize_begin+0x1a>
10003f4a:	4805      	ldr	r0, [pc, #20]	; (10003f60 <stdout_serialize_begin+0x28>)
10003f4c:	f004 fd8c 	bl	10008a68 <__mutex_try_enter_block_until_veneer>
10003f50:	bd10      	pop	{r4, pc}
10003f52:	2201      	movs	r2, #1
10003f54:	4252      	negs	r2, r2
10003f56:	4b03      	ldr	r3, [pc, #12]	; (10003f64 <stdout_serialize_begin+0x2c>)
10003f58:	e7f7      	b.n	10003f4a <stdout_serialize_begin+0x12>
10003f5a:	46c0      	nop			; (mov r8, r8)
10003f5c:	000f4240 	.word	0x000f4240
10003f60:	200016a8 	.word	0x200016a8
10003f64:	7fffffff 	.word	0x7fffffff

10003f68 <stdout_serialize_end>:
10003f68:	b510      	push	{r4, lr}
10003f6a:	4802      	ldr	r0, [pc, #8]	; (10003f74 <stdout_serialize_end+0xc>)
10003f6c:	f004 fd4c 	bl	10008a08 <__mutex_exit_veneer>
10003f70:	bd10      	pop	{r4, pc}
10003f72:	46c0      	nop			; (mov r8, r8)
10003f74:	200016a8 	.word	0x200016a8

10003f78 <stdio_put_string>:
10003f78:	b5f0      	push	{r4, r5, r6, r7, lr}
10003f7a:	46ce      	mov	lr, r9
10003f7c:	4647      	mov	r7, r8
10003f7e:	b580      	push	{r7, lr}
10003f80:	b083      	sub	sp, #12
10003f82:	0006      	movs	r6, r0
10003f84:	000d      	movs	r5, r1
10003f86:	4690      	mov	r8, r2
10003f88:	001c      	movs	r4, r3
10003f8a:	f7ff ffd5 	bl	10003f38 <stdout_serialize_begin>
10003f8e:	4681      	mov	r9, r0
10003f90:	1c6b      	adds	r3, r5, #1
10003f92:	d005      	beq.n	10003fa0 <stdio_put_string+0x28>
10003f94:	2c00      	cmp	r4, #0
10003f96:	d008      	beq.n	10003faa <stdio_put_string+0x32>
10003f98:	4f18      	ldr	r7, [pc, #96]	; (10003ffc <stdio_put_string+0x84>)
10003f9a:	4b19      	ldr	r3, [pc, #100]	; (10004000 <stdio_put_string+0x88>)
10003f9c:	681c      	ldr	r4, [r3, #0]
10003f9e:	e007      	b.n	10003fb0 <stdio_put_string+0x38>
10003fa0:	0030      	movs	r0, r6
10003fa2:	f004 fb89 	bl	100086b8 <strlen>
10003fa6:	0005      	movs	r5, r0
10003fa8:	e7f4      	b.n	10003f94 <stdio_put_string+0x1c>
10003faa:	4f16      	ldr	r7, [pc, #88]	; (10004004 <stdio_put_string+0x8c>)
10003fac:	e7f5      	b.n	10003f9a <stdio_put_string+0x22>
10003fae:	6924      	ldr	r4, [r4, #16]
10003fb0:	2c00      	cmp	r4, #0
10003fb2:	d017      	beq.n	10003fe4 <stdio_put_string+0x6c>
10003fb4:	6823      	ldr	r3, [r4, #0]
10003fb6:	2b00      	cmp	r3, #0
10003fb8:	d0f9      	beq.n	10003fae <stdio_put_string+0x36>
10003fba:	4b13      	ldr	r3, [pc, #76]	; (10004008 <stdio_put_string+0x90>)
10003fbc:	681b      	ldr	r3, [r3, #0]
10003fbe:	2b00      	cmp	r3, #0
10003fc0:	d001      	beq.n	10003fc6 <stdio_put_string+0x4e>
10003fc2:	42a3      	cmp	r3, r4
10003fc4:	d1f3      	bne.n	10003fae <stdio_put_string+0x36>
10003fc6:	002a      	movs	r2, r5
10003fc8:	0031      	movs	r1, r6
10003fca:	0020      	movs	r0, r4
10003fcc:	47b8      	blx	r7
10003fce:	4643      	mov	r3, r8
10003fd0:	2b00      	cmp	r3, #0
10003fd2:	d0ec      	beq.n	10003fae <stdio_put_string+0x36>
10003fd4:	466b      	mov	r3, sp
10003fd6:	1dd9      	adds	r1, r3, #7
10003fd8:	230a      	movs	r3, #10
10003fda:	700b      	strb	r3, [r1, #0]
10003fdc:	2201      	movs	r2, #1
10003fde:	0020      	movs	r0, r4
10003fe0:	47b8      	blx	r7
10003fe2:	e7e4      	b.n	10003fae <stdio_put_string+0x36>
10003fe4:	464b      	mov	r3, r9
10003fe6:	2b00      	cmp	r3, #0
10003fe8:	d105      	bne.n	10003ff6 <stdio_put_string+0x7e>
10003fea:	0028      	movs	r0, r5
10003fec:	b003      	add	sp, #12
10003fee:	bcc0      	pop	{r6, r7}
10003ff0:	46b9      	mov	r9, r7
10003ff2:	46b0      	mov	r8, r6
10003ff4:	bdf0      	pop	{r4, r5, r6, r7, pc}
10003ff6:	f7ff ffb7 	bl	10003f68 <stdout_serialize_end>
10003ffa:	e7f6      	b.n	10003fea <stdio_put_string+0x72>
10003ffc:	10003e55 	.word	0x10003e55
10004000:	20002118 	.word	0x20002118
10004004:	10003e45 	.word	0x10003e45
10004008:	20002124 	.word	0x20002124

1000400c <stdio_set_driver_enabled>:
1000400c:	4a09      	ldr	r2, [pc, #36]	; (10004034 <stdio_set_driver_enabled+0x28>)
1000400e:	e001      	b.n	10004014 <stdio_set_driver_enabled+0x8>
10004010:	3310      	adds	r3, #16
10004012:	001a      	movs	r2, r3
10004014:	6813      	ldr	r3, [r2, #0]
10004016:	2b00      	cmp	r3, #0
10004018:	d008      	beq.n	1000402c <stdio_set_driver_enabled+0x20>
1000401a:	4283      	cmp	r3, r0
1000401c:	d1f8      	bne.n	10004010 <stdio_set_driver_enabled+0x4>
1000401e:	2900      	cmp	r1, #0
10004020:	d107      	bne.n	10004032 <stdio_set_driver_enabled+0x26>
10004022:	6903      	ldr	r3, [r0, #16]
10004024:	6013      	str	r3, [r2, #0]
10004026:	2300      	movs	r3, #0
10004028:	6103      	str	r3, [r0, #16]
1000402a:	e002      	b.n	10004032 <stdio_set_driver_enabled+0x26>
1000402c:	2900      	cmp	r1, #0
1000402e:	d000      	beq.n	10004032 <stdio_set_driver_enabled+0x26>
10004030:	6010      	str	r0, [r2, #0]
10004032:	4770      	bx	lr
10004034:	20002118 	.word	0x20002118

10004038 <stdio_flush>:
10004038:	b510      	push	{r4, lr}
1000403a:	4b06      	ldr	r3, [pc, #24]	; (10004054 <stdio_flush+0x1c>)
1000403c:	681c      	ldr	r4, [r3, #0]
1000403e:	e001      	b.n	10004044 <stdio_flush+0xc>
10004040:	4798      	blx	r3
10004042:	6924      	ldr	r4, [r4, #16]
10004044:	2c00      	cmp	r4, #0
10004046:	d003      	beq.n	10004050 <stdio_flush+0x18>
10004048:	6863      	ldr	r3, [r4, #4]
1000404a:	2b00      	cmp	r3, #0
1000404c:	d1f8      	bne.n	10004040 <stdio_flush+0x8>
1000404e:	e7f8      	b.n	10004042 <stdio_flush+0xa>
10004050:	bd10      	pop	{r4, pc}
10004052:	46c0      	nop			; (mov r8, r8)
10004054:	20002118 	.word	0x20002118

10004058 <stdio_init_all>:
10004058:	b510      	push	{r4, lr}
1000405a:	f000 f941 	bl	100042e0 <stdio_uart_init>
1000405e:	f000 fabd 	bl	100045dc <stdio_usb_init>
10004062:	2001      	movs	r0, #1
10004064:	bd10      	pop	{r4, pc}

10004066 <__wrap_puts>:
10004066:	b570      	push	{r4, r5, r6, lr}
10004068:	0005      	movs	r5, r0
1000406a:	f004 fb25 	bl	100086b8 <strlen>
1000406e:	0004      	movs	r4, r0
10004070:	2301      	movs	r3, #1
10004072:	2201      	movs	r2, #1
10004074:	0001      	movs	r1, r0
10004076:	0028      	movs	r0, r5
10004078:	f7ff ff7e 	bl	10003f78 <stdio_put_string>
1000407c:	f7ff ffdc 	bl	10004038 <stdio_flush>
10004080:	0020      	movs	r0, r4
10004082:	bd70      	pop	{r4, r5, r6, pc}

10004084 <__wrap_vprintf>:
10004084:	b570      	push	{r4, r5, r6, lr}
10004086:	b0a2      	sub	sp, #136	; 0x88
10004088:	0004      	movs	r4, r0
1000408a:	000e      	movs	r6, r1
1000408c:	f7ff ff54 	bl	10003f38 <stdout_serialize_begin>
10004090:	0005      	movs	r5, r0
10004092:	2300      	movs	r3, #0
10004094:	9301      	str	r3, [sp, #4]
10004096:	0033      	movs	r3, r6
10004098:	0022      	movs	r2, r4
1000409a:	a901      	add	r1, sp, #4
1000409c:	4808      	ldr	r0, [pc, #32]	; (100040c0 <__wrap_vprintf+0x3c>)
1000409e:	f7ff fe6d 	bl	10003d7c <vfctprintf>
100040a2:	0004      	movs	r4, r0
100040a4:	a801      	add	r0, sp, #4
100040a6:	f7ff ff15 	bl	10003ed4 <stdio_stack_buffer_flush>
100040aa:	f7ff ffc5 	bl	10004038 <stdio_flush>
100040ae:	2d00      	cmp	r5, #0
100040b0:	d102      	bne.n	100040b8 <__wrap_vprintf+0x34>
100040b2:	0020      	movs	r0, r4
100040b4:	b022      	add	sp, #136	; 0x88
100040b6:	bd70      	pop	{r4, r5, r6, pc}
100040b8:	f7ff ff56 	bl	10003f68 <stdout_serialize_end>
100040bc:	e7f9      	b.n	100040b2 <__wrap_vprintf+0x2e>
100040be:	46c0      	nop			; (mov r8, r8)
100040c0:	10003f19 	.word	0x10003f19

100040c4 <__wrap_printf>:
100040c4:	b40f      	push	{r0, r1, r2, r3}
100040c6:	b500      	push	{lr}
100040c8:	b083      	sub	sp, #12
100040ca:	a904      	add	r1, sp, #16
100040cc:	c901      	ldmia	r1!, {r0}
100040ce:	9101      	str	r1, [sp, #4]
100040d0:	f7ff ffd8 	bl	10004084 <__wrap_vprintf>
100040d4:	b003      	add	sp, #12
100040d6:	bc08      	pop	{r3}
100040d8:	b004      	add	sp, #16
100040da:	4718      	bx	r3

100040dc <stdio_uart_out_chars>:
100040dc:	b5f0      	push	{r4, r5, r6, r7, lr}
100040de:	b083      	sub	sp, #12
100040e0:	0005      	movs	r5, r0
100040e2:	000e      	movs	r6, r1
100040e4:	2400      	movs	r4, #0
100040e6:	e00f      	b.n	10004108 <stdio_uart_out_chars+0x2c>
100040e8:	466b      	mov	r3, sp
100040ea:	1dd9      	adds	r1, r3, #7
100040ec:	230d      	movs	r3, #13
100040ee:	700b      	strb	r3, [r1, #0]
100040f0:	2000      	movs	r0, #0
100040f2:	2800      	cmp	r0, #0
100040f4:	d116      	bne.n	10004124 <stdio_uart_out_chars+0x48>
100040f6:	6993      	ldr	r3, [r2, #24]
100040f8:	069b      	lsls	r3, r3, #26
100040fa:	d4fc      	bmi.n	100040f6 <stdio_uart_out_chars+0x1a>
100040fc:	780b      	ldrb	r3, [r1, #0]
100040fe:	6013      	str	r3, [r2, #0]
10004100:	3001      	adds	r0, #1
10004102:	3101      	adds	r1, #1
10004104:	e7f5      	b.n	100040f2 <stdio_uart_out_chars+0x16>
10004106:	3401      	adds	r4, #1
10004108:	42b4      	cmp	r4, r6
1000410a:	da19      	bge.n	10004140 <stdio_uart_out_chars+0x64>
1000410c:	4b0d      	ldr	r3, [pc, #52]	; (10004144 <stdio_uart_out_chars+0x68>)
1000410e:	681a      	ldr	r2, [r3, #0]
10004110:	5d2f      	ldrb	r7, [r5, r4]
10004112:	4b0d      	ldr	r3, [pc, #52]	; (10004148 <stdio_uart_out_chars+0x6c>)
10004114:	18d3      	adds	r3, r2, r3
10004116:	4259      	negs	r1, r3
10004118:	414b      	adcs	r3, r1
1000411a:	005b      	lsls	r3, r3, #1
1000411c:	490b      	ldr	r1, [pc, #44]	; (1000414c <stdio_uart_out_chars+0x70>)
1000411e:	5e5b      	ldrsh	r3, [r3, r1]
10004120:	42bb      	cmp	r3, r7
10004122:	d0e1      	beq.n	100040e8 <stdio_uart_out_chars+0xc>
10004124:	466b      	mov	r3, sp
10004126:	1dd9      	adds	r1, r3, #7
10004128:	700f      	strb	r7, [r1, #0]
1000412a:	2000      	movs	r0, #0
1000412c:	2800      	cmp	r0, #0
1000412e:	d1ea      	bne.n	10004106 <stdio_uart_out_chars+0x2a>
10004130:	6993      	ldr	r3, [r2, #24]
10004132:	069b      	lsls	r3, r3, #26
10004134:	d4fc      	bmi.n	10004130 <stdio_uart_out_chars+0x54>
10004136:	780b      	ldrb	r3, [r1, #0]
10004138:	6013      	str	r3, [r2, #0]
1000413a:	3001      	adds	r0, #1
1000413c:	3101      	adds	r1, #1
1000413e:	e7f5      	b.n	1000412c <stdio_uart_out_chars+0x50>
10004140:	b003      	add	sp, #12
10004142:	bdf0      	pop	{r4, r5, r6, r7, pc}
10004144:	200027f0 	.word	0x200027f0
10004148:	bffc8000 	.word	0xbffc8000
1000414c:	200027ec 	.word	0x200027ec

10004150 <stdio_uart_in_chars>:
10004150:	b5f0      	push	{r4, r5, r6, r7, lr}
10004152:	b083      	sub	sp, #12
10004154:	0006      	movs	r6, r0
10004156:	000f      	movs	r7, r1
10004158:	2500      	movs	r5, #0
1000415a:	e004      	b.n	10004166 <stdio_uart_in_chars+0x16>
1000415c:	466b      	mov	r3, sp
1000415e:	3307      	adds	r3, #7
10004160:	781b      	ldrb	r3, [r3, #0]
10004162:	702b      	strb	r3, [r5, #0]
10004164:	0025      	movs	r5, r4
10004166:	42bd      	cmp	r5, r7
10004168:	da15      	bge.n	10004196 <stdio_uart_in_chars+0x46>
1000416a:	4b16      	ldr	r3, [pc, #88]	; (100041c4 <stdio_uart_in_chars+0x74>)
1000416c:	681a      	ldr	r2, [r3, #0]
1000416e:	6993      	ldr	r3, [r2, #24]
10004170:	2410      	movs	r4, #16
10004172:	0021      	movs	r1, r4
10004174:	4019      	ands	r1, r3
10004176:	421c      	tst	r4, r3
10004178:	d10d      	bne.n	10004196 <stdio_uart_in_chars+0x46>
1000417a:	1c6c      	adds	r4, r5, #1
1000417c:	1975      	adds	r5, r6, r5
1000417e:	466b      	mov	r3, sp
10004180:	1dd8      	adds	r0, r3, #7
10004182:	2900      	cmp	r1, #0
10004184:	d1ea      	bne.n	1000415c <stdio_uart_in_chars+0xc>
10004186:	6993      	ldr	r3, [r2, #24]
10004188:	06db      	lsls	r3, r3, #27
1000418a:	d4fc      	bmi.n	10004186 <stdio_uart_in_chars+0x36>
1000418c:	6813      	ldr	r3, [r2, #0]
1000418e:	7003      	strb	r3, [r0, #0]
10004190:	3101      	adds	r1, #1
10004192:	3001      	adds	r0, #1
10004194:	e7f5      	b.n	10004182 <stdio_uart_in_chars+0x32>
10004196:	4b0c      	ldr	r3, [pc, #48]	; (100041c8 <stdio_uart_in_chars+0x78>)
10004198:	681b      	ldr	r3, [r3, #0]
1000419a:	2b00      	cmp	r3, #0
1000419c:	d00a      	beq.n	100041b4 <stdio_uart_in_chars+0x64>
1000419e:	4b09      	ldr	r3, [pc, #36]	; (100041c4 <stdio_uart_in_chars+0x74>)
100041a0:	681b      	ldr	r3, [r3, #0]
100041a2:	2250      	movs	r2, #80	; 0x50
100041a4:	639a      	str	r2, [r3, #56]	; 0x38
100041a6:	6b59      	ldr	r1, [r3, #52]	; 0x34
100041a8:	3a18      	subs	r2, #24
100041aa:	400a      	ands	r2, r1
100041ac:	4907      	ldr	r1, [pc, #28]	; (100041cc <stdio_uart_in_chars+0x7c>)
100041ae:	468c      	mov	ip, r1
100041b0:	4463      	add	r3, ip
100041b2:	601a      	str	r2, [r3, #0]
100041b4:	2d00      	cmp	r5, #0
100041b6:	d002      	beq.n	100041be <stdio_uart_in_chars+0x6e>
100041b8:	0028      	movs	r0, r5
100041ba:	b003      	add	sp, #12
100041bc:	bdf0      	pop	{r4, r5, r6, r7, pc}
100041be:	3d03      	subs	r5, #3
100041c0:	e7fa      	b.n	100041b8 <stdio_uart_in_chars+0x68>
100041c2:	46c0      	nop			; (mov r8, r8)
100041c4:	200027f0 	.word	0x200027f0
100041c8:	200020b0 	.word	0x200020b0
100041cc:	00001034 	.word	0x00001034

100041d0 <on_uart_rx>:
100041d0:	b510      	push	{r4, lr}
100041d2:	4b06      	ldr	r3, [pc, #24]	; (100041ec <on_uart_rx+0x1c>)
100041d4:	681b      	ldr	r3, [r3, #0]
100041d6:	2b00      	cmp	r3, #0
100041d8:	d006      	beq.n	100041e8 <on_uart_rx+0x18>
100041da:	4a05      	ldr	r2, [pc, #20]	; (100041f0 <on_uart_rx+0x20>)
100041dc:	6812      	ldr	r2, [r2, #0]
100041de:	2100      	movs	r1, #0
100041e0:	6391      	str	r1, [r2, #56]	; 0x38
100041e2:	4a04      	ldr	r2, [pc, #16]	; (100041f4 <on_uart_rx+0x24>)
100041e4:	6810      	ldr	r0, [r2, #0]
100041e6:	4798      	blx	r3
100041e8:	bd10      	pop	{r4, pc}
100041ea:	46c0      	nop			; (mov r8, r8)
100041ec:	200020b0 	.word	0x200020b0
100041f0:	200027f0 	.word	0x200027f0
100041f4:	200020b8 	.word	0x200020b8

100041f8 <stdio_uart_out_flush>:
100041f8:	4b02      	ldr	r3, [pc, #8]	; (10004204 <stdio_uart_out_flush+0xc>)
100041fa:	681a      	ldr	r2, [r3, #0]
100041fc:	6993      	ldr	r3, [r2, #24]
100041fe:	071b      	lsls	r3, r3, #28
10004200:	d4fc      	bmi.n	100041fc <stdio_uart_out_flush+0x4>
10004202:	4770      	bx	lr
10004204:	200027f0 	.word	0x200027f0

10004208 <stdio_uart_set_chars_available_callback>:
10004208:	b570      	push	{r4, r5, r6, lr}
1000420a:	4b1e      	ldr	r3, [pc, #120]	; (10004284 <stdio_uart_set_chars_available_callback+0x7c>)
1000420c:	681b      	ldr	r3, [r3, #0]
1000420e:	4a1e      	ldr	r2, [pc, #120]	; (10004288 <stdio_uart_set_chars_available_callback+0x80>)
10004210:	4293      	cmp	r3, r2
10004212:	d009      	beq.n	10004228 <stdio_uart_set_chars_available_callback+0x20>
10004214:	2414      	movs	r4, #20
10004216:	2800      	cmp	r0, #0
10004218:	d003      	beq.n	10004222 <stdio_uart_set_chars_available_callback+0x1a>
1000421a:	4a1c      	ldr	r2, [pc, #112]	; (1000428c <stdio_uart_set_chars_available_callback+0x84>)
1000421c:	6812      	ldr	r2, [r2, #0]
1000421e:	2a00      	cmp	r2, #0
10004220:	d004      	beq.n	1000422c <stdio_uart_set_chars_available_callback+0x24>
10004222:	2800      	cmp	r0, #0
10004224:	d01a      	beq.n	1000425c <stdio_uart_set_chars_available_callback+0x54>
10004226:	bd70      	pop	{r4, r5, r6, pc}
10004228:	2415      	movs	r4, #21
1000422a:	e7f4      	b.n	10004216 <stdio_uart_set_chars_available_callback+0xe>
1000422c:	4b17      	ldr	r3, [pc, #92]	; (1000428c <stdio_uart_set_chars_available_callback+0x84>)
1000422e:	6018      	str	r0, [r3, #0]
10004230:	4b17      	ldr	r3, [pc, #92]	; (10004290 <stdio_uart_set_chars_available_callback+0x88>)
10004232:	6019      	str	r1, [r3, #0]
10004234:	4917      	ldr	r1, [pc, #92]	; (10004294 <stdio_uart_set_chars_available_callback+0x8c>)
10004236:	0020      	movs	r0, r4
10004238:	f7fc fafa 	bl	10000830 <irq_set_exclusive_handler>
1000423c:	2101      	movs	r1, #1
1000423e:	0020      	movs	r0, r4
10004240:	f7fc faca 	bl	100007d8 <irq_set_enabled>
10004244:	4b0f      	ldr	r3, [pc, #60]	; (10004284 <stdio_uart_set_chars_available_callback+0x7c>)
10004246:	681b      	ldr	r3, [r3, #0]
10004248:	2250      	movs	r2, #80	; 0x50
1000424a:	639a      	str	r2, [r3, #56]	; 0x38
1000424c:	6b59      	ldr	r1, [r3, #52]	; 0x34
1000424e:	3a18      	subs	r2, #24
10004250:	400a      	ands	r2, r1
10004252:	4911      	ldr	r1, [pc, #68]	; (10004298 <stdio_uart_set_chars_available_callback+0x90>)
10004254:	468c      	mov	ip, r1
10004256:	4463      	add	r3, ip
10004258:	601a      	str	r2, [r3, #0]
1000425a:	e7e4      	b.n	10004226 <stdio_uart_set_chars_available_callback+0x1e>
1000425c:	4a0b      	ldr	r2, [pc, #44]	; (1000428c <stdio_uart_set_chars_available_callback+0x84>)
1000425e:	6812      	ldr	r2, [r2, #0]
10004260:	2a00      	cmp	r2, #0
10004262:	d0e0      	beq.n	10004226 <stdio_uart_set_chars_available_callback+0x1e>
10004264:	2500      	movs	r5, #0
10004266:	639d      	str	r5, [r3, #56]	; 0x38
10004268:	2100      	movs	r1, #0
1000426a:	0020      	movs	r0, r4
1000426c:	f7fc fab4 	bl	100007d8 <irq_set_enabled>
10004270:	4908      	ldr	r1, [pc, #32]	; (10004294 <stdio_uart_set_chars_available_callback+0x8c>)
10004272:	0020      	movs	r0, r4
10004274:	f7fc fc22 	bl	10000abc <irq_remove_handler>
10004278:	4b04      	ldr	r3, [pc, #16]	; (1000428c <stdio_uart_set_chars_available_callback+0x84>)
1000427a:	601d      	str	r5, [r3, #0]
1000427c:	4b04      	ldr	r3, [pc, #16]	; (10004290 <stdio_uart_set_chars_available_callback+0x88>)
1000427e:	601d      	str	r5, [r3, #0]
10004280:	e7d1      	b.n	10004226 <stdio_uart_set_chars_available_callback+0x1e>
10004282:	46c0      	nop			; (mov r8, r8)
10004284:	200027f0 	.word	0x200027f0
10004288:	40038000 	.word	0x40038000
1000428c:	200020b0 	.word	0x200020b0
10004290:	200020b8 	.word	0x200020b8
10004294:	100041d1 	.word	0x100041d1
10004298:	00001034 	.word	0x00001034

1000429c <stdio_uart_init_full>:
1000429c:	b570      	push	{r4, r5, r6, lr}
1000429e:	000d      	movs	r5, r1
100042a0:	001c      	movs	r4, r3
100042a2:	4b0d      	ldr	r3, [pc, #52]	; (100042d8 <stdio_uart_init_full+0x3c>)
100042a4:	6018      	str	r0, [r3, #0]
100042a6:	2a00      	cmp	r2, #0
100042a8:	da0b      	bge.n	100042c2 <stdio_uart_init_full+0x26>
100042aa:	2c00      	cmp	r4, #0
100042ac:	da0e      	bge.n	100042cc <stdio_uart_init_full+0x30>
100042ae:	4b0a      	ldr	r3, [pc, #40]	; (100042d8 <stdio_uart_init_full+0x3c>)
100042b0:	6818      	ldr	r0, [r3, #0]
100042b2:	0029      	movs	r1, r5
100042b4:	f7fd fa66 	bl	10001784 <uart_init>
100042b8:	2101      	movs	r1, #1
100042ba:	4808      	ldr	r0, [pc, #32]	; (100042dc <stdio_uart_init_full+0x40>)
100042bc:	f7ff fea6 	bl	1000400c <stdio_set_driver_enabled>
100042c0:	bd70      	pop	{r4, r5, r6, pc}
100042c2:	2102      	movs	r1, #2
100042c4:	0010      	movs	r0, r2
100042c6:	f7fc f917 	bl	100004f8 <gpio_set_function>
100042ca:	e7ee      	b.n	100042aa <stdio_uart_init_full+0xe>
100042cc:	2102      	movs	r1, #2
100042ce:	0020      	movs	r0, r4
100042d0:	f7fc f912 	bl	100004f8 <gpio_set_function>
100042d4:	e7eb      	b.n	100042ae <stdio_uart_init_full+0x12>
100042d6:	46c0      	nop			; (mov r8, r8)
100042d8:	200027f0 	.word	0x200027f0
100042dc:	20000dd0 	.word	0x20000dd0

100042e0 <stdio_uart_init>:
100042e0:	b510      	push	{r4, lr}
100042e2:	4b07      	ldr	r3, [pc, #28]	; (10004300 <stdio_uart_init+0x20>)
100042e4:	781b      	ldrb	r3, [r3, #0]
100042e6:	4b07      	ldr	r3, [pc, #28]	; (10004304 <stdio_uart_init+0x24>)
100042e8:	781b      	ldrb	r3, [r3, #0]
100042ea:	4b07      	ldr	r3, [pc, #28]	; (10004308 <stdio_uart_init+0x28>)
100042ec:	781b      	ldrb	r3, [r3, #0]
100042ee:	21e1      	movs	r1, #225	; 0xe1
100042f0:	2301      	movs	r3, #1
100042f2:	2200      	movs	r2, #0
100042f4:	0249      	lsls	r1, r1, #9
100042f6:	4805      	ldr	r0, [pc, #20]	; (1000430c <stdio_uart_init+0x2c>)
100042f8:	f7ff ffd0 	bl	1000429c <stdio_uart_init_full>
100042fc:	bd10      	pop	{r4, pc}
100042fe:	46c0      	nop			; (mov r8, r8)
10004300:	1000a0b8 	.word	0x1000a0b8
10004304:	1000a0bc 	.word	0x1000a0bc
10004308:	1000a0c0 	.word	0x1000a0c0
1000430c:	40034000 	.word	0x40034000

10004310 <resetd_init>:
10004310:	4770      	bx	lr
	...

10004314 <resetd_reset>:
10004314:	4b01      	ldr	r3, [pc, #4]	; (1000431c <resetd_reset+0x8>)
10004316:	2200      	movs	r2, #0
10004318:	701a      	strb	r2, [r3, #0]
1000431a:	4770      	bx	lr
1000431c:	2000280a 	.word	0x2000280a

10004320 <resetd_open>:
10004320:	794b      	ldrb	r3, [r1, #5]
10004322:	2bff      	cmp	r3, #255	; 0xff
10004324:	d10c      	bne.n	10004340 <resetd_open+0x20>
10004326:	798b      	ldrb	r3, [r1, #6]
10004328:	2b00      	cmp	r3, #0
1000432a:	d10b      	bne.n	10004344 <resetd_open+0x24>
1000432c:	79cb      	ldrb	r3, [r1, #7]
1000432e:	2b01      	cmp	r3, #1
10004330:	d10a      	bne.n	10004348 <resetd_open+0x28>
10004332:	2a08      	cmp	r2, #8
10004334:	d90a      	bls.n	1000434c <resetd_open+0x2c>
10004336:	788a      	ldrb	r2, [r1, #2]
10004338:	4b05      	ldr	r3, [pc, #20]	; (10004350 <resetd_open+0x30>)
1000433a:	701a      	strb	r2, [r3, #0]
1000433c:	2009      	movs	r0, #9
1000433e:	e000      	b.n	10004342 <resetd_open+0x22>
10004340:	2000      	movs	r0, #0
10004342:	4770      	bx	lr
10004344:	2000      	movs	r0, #0
10004346:	e7fc      	b.n	10004342 <resetd_open+0x22>
10004348:	2000      	movs	r0, #0
1000434a:	e7fa      	b.n	10004342 <resetd_open+0x22>
1000434c:	2000      	movs	r0, #0
1000434e:	e7f8      	b.n	10004342 <resetd_open+0x22>
10004350:	2000280a 	.word	0x2000280a

10004354 <resetd_xfer_cb>:
10004354:	2001      	movs	r0, #1
10004356:	4770      	bx	lr

10004358 <resetd_control_xfer_cb>:
10004358:	b510      	push	{r4, lr}
1000435a:	2901      	cmp	r1, #1
1000435c:	d128      	bne.n	100043b0 <resetd_control_xfer_cb+0x58>
1000435e:	7911      	ldrb	r1, [r2, #4]
10004360:	7953      	ldrb	r3, [r2, #5]
10004362:	021b      	lsls	r3, r3, #8
10004364:	430b      	orrs	r3, r1
10004366:	4913      	ldr	r1, [pc, #76]	; (100043b4 <resetd_control_xfer_cb+0x5c>)
10004368:	7809      	ldrb	r1, [r1, #0]
1000436a:	428b      	cmp	r3, r1
1000436c:	d001      	beq.n	10004372 <resetd_control_xfer_cb+0x1a>
1000436e:	2000      	movs	r0, #0
10004370:	e01f      	b.n	100043b2 <resetd_control_xfer_cb+0x5a>
10004372:	7853      	ldrb	r3, [r2, #1]
10004374:	2b01      	cmp	r3, #1
10004376:	d003      	beq.n	10004380 <resetd_control_xfer_cb+0x28>
10004378:	2b02      	cmp	r3, #2
1000437a:	d012      	beq.n	100043a2 <resetd_control_xfer_cb+0x4a>
1000437c:	2000      	movs	r0, #0
1000437e:	e018      	b.n	100043b2 <resetd_control_xfer_cb+0x5a>
10004380:	7891      	ldrb	r1, [r2, #2]
10004382:	78d3      	ldrb	r3, [r2, #3]
10004384:	021b      	lsls	r3, r3, #8
10004386:	4319      	orrs	r1, r3
10004388:	05db      	lsls	r3, r3, #23
1000438a:	d507      	bpl.n	1000439c <resetd_control_xfer_cb+0x44>
1000438c:	0a48      	lsrs	r0, r1, #9
1000438e:	0a4a      	lsrs	r2, r1, #9
10004390:	2301      	movs	r3, #1
10004392:	401a      	ands	r2, r3
10004394:	337e      	adds	r3, #126	; 0x7e
10004396:	4019      	ands	r1, r3
10004398:	f7fd fbec 	bl	10001b74 <rom_reset_usb_boot_extra>
1000439c:	2001      	movs	r0, #1
1000439e:	4240      	negs	r0, r0
100043a0:	e7f5      	b.n	1000438e <resetd_control_xfer_cb+0x36>
100043a2:	2264      	movs	r2, #100	; 0x64
100043a4:	2100      	movs	r1, #0
100043a6:	2000      	movs	r0, #0
100043a8:	f7fd fb8c 	bl	10001ac4 <watchdog_reboot>
100043ac:	2001      	movs	r0, #1
100043ae:	e000      	b.n	100043b2 <resetd_control_xfer_cb+0x5a>
100043b0:	2001      	movs	r0, #1
100043b2:	bd10      	pop	{r4, pc}
100043b4:	2000280a 	.word	0x2000280a

100043b8 <tud_descriptor_bos_cb>:
100043b8:	4800      	ldr	r0, [pc, #0]	; (100043bc <tud_descriptor_bos_cb+0x4>)
100043ba:	4770      	bx	lr
100043bc:	100096dc 	.word	0x100096dc

100043c0 <tud_vendor_control_xfer_cb>:
100043c0:	b510      	push	{r4, lr}
100043c2:	0014      	movs	r4, r2
100043c4:	2901      	cmp	r1, #1
100043c6:	d110      	bne.n	100043ea <tud_vendor_control_xfer_cb+0x2a>
100043c8:	7853      	ldrb	r3, [r2, #1]
100043ca:	2b01      	cmp	r3, #1
100043cc:	d10f      	bne.n	100043ee <tud_vendor_control_xfer_cb+0x2e>
100043ce:	7912      	ldrb	r2, [r2, #4]
100043d0:	7963      	ldrb	r3, [r4, #5]
100043d2:	021b      	lsls	r3, r3, #8
100043d4:	4313      	orrs	r3, r2
100043d6:	2b07      	cmp	r3, #7
100043d8:	d001      	beq.n	100043de <tud_vendor_control_xfer_cb+0x1e>
100043da:	2000      	movs	r0, #0
100043dc:	e006      	b.n	100043ec <tud_vendor_control_xfer_cb+0x2c>
100043de:	339f      	adds	r3, #159	; 0x9f
100043e0:	4a04      	ldr	r2, [pc, #16]	; (100043f4 <tud_vendor_control_xfer_cb+0x34>)
100043e2:	0021      	movs	r1, r4
100043e4:	f001 fb32 	bl	10005a4c <tud_control_xfer>
100043e8:	e000      	b.n	100043ec <tud_vendor_control_xfer_cb+0x2c>
100043ea:	2001      	movs	r0, #1
100043ec:	bd10      	pop	{r4, pc}
100043ee:	2000      	movs	r0, #0
100043f0:	e7fc      	b.n	100043ec <tud_vendor_control_xfer_cb+0x2c>
100043f2:	46c0      	nop			; (mov r8, r8)
100043f4:	10009700 	.word	0x10009700

100043f8 <usbd_app_driver_get_cb>:
100043f8:	2301      	movs	r3, #1
100043fa:	7003      	strb	r3, [r0, #0]
100043fc:	4800      	ldr	r0, [pc, #0]	; (10004400 <usbd_app_driver_get_cb+0x8>)
100043fe:	4770      	bx	lr
10004400:	100096bc 	.word	0x100096bc

10004404 <tud_cdc_line_coding_cb>:
10004404:	b510      	push	{r4, lr}
10004406:	780b      	ldrb	r3, [r1, #0]
10004408:	7848      	ldrb	r0, [r1, #1]
1000440a:	0200      	lsls	r0, r0, #8
1000440c:	4318      	orrs	r0, r3
1000440e:	788a      	ldrb	r2, [r1, #2]
10004410:	0412      	lsls	r2, r2, #16
10004412:	4310      	orrs	r0, r2
10004414:	78cb      	ldrb	r3, [r1, #3]
10004416:	061b      	lsls	r3, r3, #24
10004418:	4303      	orrs	r3, r0
1000441a:	2296      	movs	r2, #150	; 0x96
1000441c:	00d2      	lsls	r2, r2, #3
1000441e:	4293      	cmp	r3, r2
10004420:	d000      	beq.n	10004424 <tud_cdc_line_coding_cb+0x20>
10004422:	bd10      	pop	{r4, pc}
10004424:	2001      	movs	r0, #1
10004426:	2200      	movs	r2, #0
10004428:	0011      	movs	r1, r2
1000442a:	4240      	negs	r0, r0
1000442c:	f7fd fba2 	bl	10001b74 <rom_reset_usb_boot_extra>

10004430 <stdio_usb_set_chars_available_callback>:
10004430:	4b02      	ldr	r3, [pc, #8]	; (1000443c <stdio_usb_set_chars_available_callback+0xc>)
10004432:	6018      	str	r0, [r3, #0]
10004434:	4b02      	ldr	r3, [pc, #8]	; (10004440 <stdio_usb_set_chars_available_callback+0x10>)
10004436:	6019      	str	r1, [r3, #0]
10004438:	4770      	bx	lr
1000443a:	46c0      	nop			; (mov r8, r8)
1000443c:	200020b4 	.word	0x200020b4
10004440:	200020bc 	.word	0x200020bc

10004444 <stdio_usb_out_flush>:
10004444:	b510      	push	{r4, lr}
10004446:	f7fd f90b 	bl	10001660 <time_us_64>
1000444a:	4a0e      	ldr	r2, [pc, #56]	; (10004484 <stdio_usb_out_flush+0x40>)
1000444c:	2300      	movs	r3, #0
1000444e:	1812      	adds	r2, r2, r0
10004450:	414b      	adcs	r3, r1
10004452:	2b00      	cmp	r3, #0
10004454:	db12      	blt.n	1000447c <stdio_usb_out_flush+0x38>
10004456:	480c      	ldr	r0, [pc, #48]	; (10004488 <stdio_usb_out_flush+0x44>)
10004458:	f004 fb06 	bl	10008a68 <__mutex_try_enter_block_until_veneer>
1000445c:	2800      	cmp	r0, #0
1000445e:	d00c      	beq.n	1000447a <stdio_usb_out_flush+0x36>
10004460:	2001      	movs	r0, #1
10004462:	2100      	movs	r1, #0
10004464:	4240      	negs	r0, r0
10004466:	f001 f9b9 	bl	100057dc <tud_task_ext>
1000446a:	2000      	movs	r0, #0
1000446c:	f001 fc5e 	bl	10005d2c <tud_cdc_n_write_flush>
10004470:	2800      	cmp	r0, #0
10004472:	d1f5      	bne.n	10004460 <stdio_usb_out_flush+0x1c>
10004474:	4804      	ldr	r0, [pc, #16]	; (10004488 <stdio_usb_out_flush+0x44>)
10004476:	f004 fac7 	bl	10008a08 <__mutex_exit_veneer>
1000447a:	bd10      	pop	{r4, pc}
1000447c:	2201      	movs	r2, #1
1000447e:	4252      	negs	r2, r2
10004480:	4b02      	ldr	r3, [pc, #8]	; (1000448c <stdio_usb_out_flush+0x48>)
10004482:	e7e8      	b.n	10004456 <stdio_usb_out_flush+0x12>
10004484:	000f4240 	.word	0x000f4240
10004488:	200027e4 	.word	0x200027e4
1000448c:	7fffffff 	.word	0x7fffffff

10004490 <usb_irq>:
10004490:	b510      	push	{r4, lr}
10004492:	4b02      	ldr	r3, [pc, #8]	; (1000449c <usb_irq+0xc>)
10004494:	7818      	ldrb	r0, [r3, #0]
10004496:	f7fc f9a9 	bl	100007ec <irq_set_pending>
1000449a:	bd10      	pop	{r4, pc}
1000449c:	2000280b 	.word	0x2000280b

100044a0 <low_priority_worker_irq>:
100044a0:	b510      	push	{r4, lr}
100044a2:	b084      	sub	sp, #16
100044a4:	2100      	movs	r1, #0
100044a6:	482b      	ldr	r0, [pc, #172]	; (10004554 <low_priority_worker_irq+0xb4>)
100044a8:	f004 fac6 	bl	10008a38 <__mutex_try_enter_veneer>
100044ac:	2800      	cmp	r0, #0
100044ae:	d121      	bne.n	100044f4 <low_priority_worker_irq+0x54>
100044b0:	4b29      	ldr	r3, [pc, #164]	; (10004558 <low_priority_worker_irq+0xb8>)
100044b2:	681b      	ldr	r3, [r3, #0]
100044b4:	2b00      	cmp	r3, #0
100044b6:	d01b      	beq.n	100044f0 <low_priority_worker_irq+0x50>
100044b8:	4b27      	ldr	r3, [pc, #156]	; (10004558 <low_priority_worker_irq+0xb8>)
100044ba:	6819      	ldr	r1, [r3, #0]
100044bc:	f3ef 8210 	mrs	r2, PRIMASK
100044c0:	b672      	cpsid	i
100044c2:	680b      	ldr	r3, [r1, #0]
100044c4:	2b00      	cmp	r3, #0
100044c6:	d0fc      	beq.n	100044c2 <low_priority_worker_irq+0x22>
100044c8:	f3bf 8f5f 	dmb	sy
100044cc:	4922      	ldr	r1, [pc, #136]	; (10004558 <low_priority_worker_irq+0xb8>)
100044ce:	604a      	str	r2, [r1, #4]
100044d0:	4822      	ldr	r0, [pc, #136]	; (1000455c <low_priority_worker_irq+0xbc>)
100044d2:	7803      	ldrb	r3, [r0, #0]
100044d4:	2401      	movs	r4, #1
100044d6:	4063      	eors	r3, r4
100044d8:	b2db      	uxtb	r3, r3
100044da:	2401      	movs	r4, #1
100044dc:	7004      	strb	r4, [r0, #0]
100044de:	6809      	ldr	r1, [r1, #0]
100044e0:	f3bf 8f5f 	dmb	sy
100044e4:	2000      	movs	r0, #0
100044e6:	6008      	str	r0, [r1, #0]
100044e8:	f382 8810 	msr	PRIMASK, r2
100044ec:	2b00      	cmp	r3, #0
100044ee:	d117      	bne.n	10004520 <low_priority_worker_irq+0x80>
100044f0:	b004      	add	sp, #16
100044f2:	bd10      	pop	{r4, pc}
100044f4:	2001      	movs	r0, #1
100044f6:	2100      	movs	r1, #0
100044f8:	4240      	negs	r0, r0
100044fa:	f001 f96f 	bl	100057dc <tud_task_ext>
100044fe:	2000      	movs	r0, #0
10004500:	f001 fbec 	bl	10005cdc <tud_cdc_n_available>
10004504:	0004      	movs	r4, r0
10004506:	4813      	ldr	r0, [pc, #76]	; (10004554 <low_priority_worker_irq+0xb4>)
10004508:	f004 fa7e 	bl	10008a08 <__mutex_exit_veneer>
1000450c:	2c00      	cmp	r4, #0
1000450e:	d0ef      	beq.n	100044f0 <low_priority_worker_irq+0x50>
10004510:	4b13      	ldr	r3, [pc, #76]	; (10004560 <low_priority_worker_irq+0xc0>)
10004512:	681b      	ldr	r3, [r3, #0]
10004514:	2b00      	cmp	r3, #0
10004516:	d0eb      	beq.n	100044f0 <low_priority_worker_irq+0x50>
10004518:	4a12      	ldr	r2, [pc, #72]	; (10004564 <low_priority_worker_irq+0xc4>)
1000451a:	6810      	ldr	r0, [r2, #0]
1000451c:	4798      	blx	r3
1000451e:	e7e7      	b.n	100044f0 <low_priority_worker_irq+0x50>
10004520:	f7fc fe6e 	bl	10001200 <alarm_pool_get_default>
10004524:	0004      	movs	r4, r0
10004526:	f7fd f89b 	bl	10001660 <time_us_64>
1000452a:	22fa      	movs	r2, #250	; 0xfa
1000452c:	0092      	lsls	r2, r2, #2
1000452e:	2300      	movs	r3, #0
10004530:	1812      	adds	r2, r2, r0
10004532:	414b      	adcs	r3, r1
10004534:	2b00      	cmp	r3, #0
10004536:	db09      	blt.n	1000454c <low_priority_worker_irq+0xac>
10004538:	2101      	movs	r1, #1
1000453a:	9102      	str	r1, [sp, #8]
1000453c:	2100      	movs	r1, #0
1000453e:	9101      	str	r1, [sp, #4]
10004540:	4909      	ldr	r1, [pc, #36]	; (10004568 <low_priority_worker_irq+0xc8>)
10004542:	9100      	str	r1, [sp, #0]
10004544:	0020      	movs	r0, r4
10004546:	f7fc fec9 	bl	100012dc <alarm_pool_add_alarm_at>
1000454a:	e7d1      	b.n	100044f0 <low_priority_worker_irq+0x50>
1000454c:	2201      	movs	r2, #1
1000454e:	4252      	negs	r2, r2
10004550:	4b06      	ldr	r3, [pc, #24]	; (1000456c <low_priority_worker_irq+0xcc>)
10004552:	e7f1      	b.n	10004538 <low_priority_worker_irq+0x98>
10004554:	200027e4 	.word	0x200027e4
10004558:	2000253c 	.word	0x2000253c
1000455c:	2000280c 	.word	0x2000280c
10004560:	200020b4 	.word	0x200020b4
10004564:	200020bc 	.word	0x200020bc
10004568:	10004571 	.word	0x10004571
1000456c:	7fffffff 	.word	0x7fffffff

10004570 <timer_task>:
10004570:	b570      	push	{r4, r5, r6, lr}
10004572:	4b17      	ldr	r3, [pc, #92]	; (100045d0 <timer_task+0x60>)
10004574:	681b      	ldr	r3, [r3, #0]
10004576:	2b00      	cmp	r3, #0
10004578:	d021      	beq.n	100045be <timer_task+0x4e>
1000457a:	4b15      	ldr	r3, [pc, #84]	; (100045d0 <timer_task+0x60>)
1000457c:	6819      	ldr	r1, [r3, #0]
1000457e:	f3ef 8310 	mrs	r3, PRIMASK
10004582:	b672      	cpsid	i
10004584:	680a      	ldr	r2, [r1, #0]
10004586:	2a00      	cmp	r2, #0
10004588:	d0fc      	beq.n	10004584 <timer_task+0x14>
1000458a:	f3bf 8f5f 	dmb	sy
1000458e:	4910      	ldr	r1, [pc, #64]	; (100045d0 <timer_task+0x60>)
10004590:	604b      	str	r3, [r1, #4]
10004592:	2200      	movs	r2, #0
10004594:	480f      	ldr	r0, [pc, #60]	; (100045d4 <timer_task+0x64>)
10004596:	7002      	strb	r2, [r0, #0]
10004598:	6809      	ldr	r1, [r1, #0]
1000459a:	f3bf 8f5f 	dmb	sy
1000459e:	600a      	str	r2, [r1, #0]
100045a0:	f383 8810 	msr	PRIMASK, r3
100045a4:	2400      	movs	r4, #0
100045a6:	2500      	movs	r5, #0
100045a8:	4b0b      	ldr	r3, [pc, #44]	; (100045d8 <timer_task+0x68>)
100045aa:	7818      	ldrb	r0, [r3, #0]
100045ac:	f7fc f8fa 	bl	100007a4 <irq_is_enabled>
100045b0:	2800      	cmp	r0, #0
100045b2:	d108      	bne.n	100045c6 <timer_task+0x56>
100045b4:	2400      	movs	r4, #0
100045b6:	2500      	movs	r5, #0
100045b8:	0020      	movs	r0, r4
100045ba:	0029      	movs	r1, r5
100045bc:	bd70      	pop	{r4, r5, r6, pc}
100045be:	24fa      	movs	r4, #250	; 0xfa
100045c0:	00a4      	lsls	r4, r4, #2
100045c2:	2500      	movs	r5, #0
100045c4:	e7f0      	b.n	100045a8 <timer_task+0x38>
100045c6:	4b04      	ldr	r3, [pc, #16]	; (100045d8 <timer_task+0x68>)
100045c8:	7818      	ldrb	r0, [r3, #0]
100045ca:	f7fc f90f 	bl	100007ec <irq_set_pending>
100045ce:	e7f3      	b.n	100045b8 <timer_task+0x48>
100045d0:	2000253c 	.word	0x2000253c
100045d4:	2000280c 	.word	0x2000280c
100045d8:	2000280b 	.word	0x2000280b

100045dc <stdio_usb_init>:
100045dc:	b510      	push	{r4, lr}
100045de:	b084      	sub	sp, #16
100045e0:	23d0      	movs	r3, #208	; 0xd0
100045e2:	061b      	lsls	r3, r3, #24
100045e4:	681c      	ldr	r4, [r3, #0]
100045e6:	f7fc fe0b 	bl	10001200 <alarm_pool_get_default>
100045ea:	f7fc fed1 	bl	10001390 <alarm_pool_core_num>
100045ee:	42a0      	cmp	r0, r4
100045f0:	d12c      	bne.n	1000464c <stdio_usb_init+0x70>
100045f2:	4b2d      	ldr	r3, [pc, #180]	; (100046a8 <stdio_usb_init+0xcc>)
100045f4:	781b      	ldrb	r3, [r3, #0]
100045f6:	f002 f879 	bl	100066ec <tusb_init>
100045fa:	4b2c      	ldr	r3, [pc, #176]	; (100046ac <stdio_usb_init+0xd0>)
100045fc:	681b      	ldr	r3, [r3, #0]
100045fe:	2b00      	cmp	r3, #0
10004600:	d02a      	beq.n	10004658 <stdio_usb_init+0x7c>
10004602:	2001      	movs	r0, #1
10004604:	f7fc fbac 	bl	10000d60 <user_irq_claim_unused>
10004608:	b2c0      	uxtb	r0, r0
1000460a:	4c29      	ldr	r4, [pc, #164]	; (100046b0 <stdio_usb_init+0xd4>)
1000460c:	7020      	strb	r0, [r4, #0]
1000460e:	4929      	ldr	r1, [pc, #164]	; (100046b4 <stdio_usb_init+0xd8>)
10004610:	f7fc f90e 	bl	10000830 <irq_set_exclusive_handler>
10004614:	7820      	ldrb	r0, [r4, #0]
10004616:	2101      	movs	r1, #1
10004618:	f7fc f8de 	bl	100007d8 <irq_set_enabled>
1000461c:	2005      	movs	r0, #5
1000461e:	f7fc f8f5 	bl	1000080c <irq_has_shared_handler>
10004622:	1e04      	subs	r4, r0, #0
10004624:	d01c      	beq.n	10004660 <stdio_usb_init+0x84>
10004626:	2001      	movs	r0, #1
10004628:	f7fc f830 	bl	1000068c <spin_lock_claim_unused>
1000462c:	0001      	movs	r1, r0
1000462e:	4822      	ldr	r0, [pc, #136]	; (100046b8 <stdio_usb_init+0xdc>)
10004630:	f7fc fbf4 	bl	10000e1c <critical_section_init_with_lock_num>
10004634:	2200      	movs	r2, #0
10004636:	4921      	ldr	r1, [pc, #132]	; (100046bc <stdio_usb_init+0xe0>)
10004638:	2005      	movs	r0, #5
1000463a:	f7fc f923 	bl	10000884 <irq_add_shared_handler>
1000463e:	2101      	movs	r1, #1
10004640:	481f      	ldr	r0, [pc, #124]	; (100046c0 <stdio_usb_init+0xe4>)
10004642:	f7ff fce3 	bl	1000400c <stdio_set_driver_enabled>
10004646:	0020      	movs	r0, r4
10004648:	b004      	add	sp, #16
1000464a:	bd10      	pop	{r4, pc}
1000464c:	4b1d      	ldr	r3, [pc, #116]	; (100046c4 <stdio_usb_init+0xe8>)
1000464e:	4a1e      	ldr	r2, [pc, #120]	; (100046c8 <stdio_usb_init+0xec>)
10004650:	21c1      	movs	r1, #193	; 0xc1
10004652:	481e      	ldr	r0, [pc, #120]	; (100046cc <stdio_usb_init+0xf0>)
10004654:	f7ff fbc4 	bl	10003de0 <__assert_func>
10004658:	4814      	ldr	r0, [pc, #80]	; (100046ac <stdio_usb_init+0xd0>)
1000465a:	f7fc fb9d 	bl	10000d98 <mutex_init>
1000465e:	e7d0      	b.n	10004602 <stdio_usb_init+0x26>
10004660:	2208      	movs	r2, #8
10004662:	2100      	movs	r1, #0
10004664:	4814      	ldr	r0, [pc, #80]	; (100046b8 <stdio_usb_init+0xdc>)
10004666:	f7fe fae9 	bl	10002c3c <__wrap_memset>
1000466a:	f7fc fdc9 	bl	10001200 <alarm_pool_get_default>
1000466e:	0004      	movs	r4, r0
10004670:	f7fc fff6 	bl	10001660 <time_us_64>
10004674:	22fa      	movs	r2, #250	; 0xfa
10004676:	0092      	lsls	r2, r2, #2
10004678:	2300      	movs	r3, #0
1000467a:	1812      	adds	r2, r2, r0
1000467c:	414b      	adcs	r3, r1
1000467e:	2b00      	cmp	r3, #0
10004680:	db0d      	blt.n	1000469e <stdio_usb_init+0xc2>
10004682:	2101      	movs	r1, #1
10004684:	9102      	str	r1, [sp, #8]
10004686:	2100      	movs	r1, #0
10004688:	9101      	str	r1, [sp, #4]
1000468a:	4911      	ldr	r1, [pc, #68]	; (100046d0 <stdio_usb_init+0xf4>)
1000468c:	9100      	str	r1, [sp, #0]
1000468e:	0020      	movs	r0, r4
10004690:	f7fc fe24 	bl	100012dc <alarm_pool_add_alarm_at>
10004694:	43c0      	mvns	r0, r0
10004696:	0fc4      	lsrs	r4, r0, #31
10004698:	2800      	cmp	r0, #0
1000469a:	dad4      	bge.n	10004646 <stdio_usb_init+0x6a>
1000469c:	e7cf      	b.n	1000463e <stdio_usb_init+0x62>
1000469e:	2201      	movs	r2, #1
100046a0:	4252      	negs	r2, r2
100046a2:	4b0c      	ldr	r3, [pc, #48]	; (100046d4 <stdio_usb_init+0xf8>)
100046a4:	e7ed      	b.n	10004682 <stdio_usb_init+0xa6>
100046a6:	46c0      	nop			; (mov r8, r8)
100046a8:	1000a0c4 	.word	0x1000a0c4
100046ac:	200027e4 	.word	0x200027e4
100046b0:	2000280b 	.word	0x2000280b
100046b4:	100044a1 	.word	0x100044a1
100046b8:	2000253c 	.word	0x2000253c
100046bc:	10004491 	.word	0x10004491
100046c0:	20000de8 	.word	0x20000de8
100046c4:	10008e24 	.word	0x10008e24
100046c8:	10009804 	.word	0x10009804
100046cc:	100097a8 	.word	0x100097a8
100046d0:	10004571 	.word	0x10004571
100046d4:	7fffffff 	.word	0x7fffffff

100046d8 <stdio_usb_connected>:
100046d8:	b510      	push	{r4, lr}
100046da:	2000      	movs	r0, #0
100046dc:	f001 fadc 	bl	10005c98 <tud_cdc_n_connected>
100046e0:	bd10      	pop	{r4, pc}
	...

100046e4 <stdio_usb_in_chars>:
100046e4:	b570      	push	{r4, r5, r6, lr}
100046e6:	0005      	movs	r5, r0
100046e8:	000c      	movs	r4, r1
100046ea:	f7ff fff5 	bl	100046d8 <stdio_usb_connected>
100046ee:	2800      	cmp	r0, #0
100046f0:	d034      	beq.n	1000475c <stdio_usb_in_chars+0x78>
100046f2:	2000      	movs	r0, #0
100046f4:	f001 faf2 	bl	10005cdc <tud_cdc_n_available>
100046f8:	2800      	cmp	r0, #0
100046fa:	d032      	beq.n	10004762 <stdio_usb_in_chars+0x7e>
100046fc:	f7fc ffb0 	bl	10001660 <time_us_64>
10004700:	4a1b      	ldr	r2, [pc, #108]	; (10004770 <stdio_usb_in_chars+0x8c>)
10004702:	2300      	movs	r3, #0
10004704:	1812      	adds	r2, r2, r0
10004706:	414b      	adcs	r3, r1
10004708:	2b00      	cmp	r3, #0
1000470a:	db19      	blt.n	10004740 <stdio_usb_in_chars+0x5c>
1000470c:	4819      	ldr	r0, [pc, #100]	; (10004774 <stdio_usb_in_chars+0x90>)
1000470e:	f004 f9ab 	bl	10008a68 <__mutex_try_enter_block_until_veneer>
10004712:	2800      	cmp	r0, #0
10004714:	d028      	beq.n	10004768 <stdio_usb_in_chars+0x84>
10004716:	f7ff ffdf 	bl	100046d8 <stdio_usb_connected>
1000471a:	2800      	cmp	r0, #0
1000471c:	d004      	beq.n	10004728 <stdio_usb_in_chars+0x44>
1000471e:	2000      	movs	r0, #0
10004720:	f001 fadc 	bl	10005cdc <tud_cdc_n_available>
10004724:	2800      	cmp	r0, #0
10004726:	d10f      	bne.n	10004748 <stdio_usb_in_chars+0x64>
10004728:	2001      	movs	r0, #1
1000472a:	2100      	movs	r1, #0
1000472c:	4240      	negs	r0, r0
1000472e:	f001 f855 	bl	100057dc <tud_task_ext>
10004732:	2403      	movs	r4, #3
10004734:	4264      	negs	r4, r4
10004736:	480f      	ldr	r0, [pc, #60]	; (10004774 <stdio_usb_in_chars+0x90>)
10004738:	f004 f966 	bl	10008a08 <__mutex_exit_veneer>
1000473c:	0020      	movs	r0, r4
1000473e:	bd70      	pop	{r4, r5, r6, pc}
10004740:	2201      	movs	r2, #1
10004742:	4252      	negs	r2, r2
10004744:	4b0c      	ldr	r3, [pc, #48]	; (10004778 <stdio_usb_in_chars+0x94>)
10004746:	e7e1      	b.n	1000470c <stdio_usb_in_chars+0x28>
10004748:	0022      	movs	r2, r4
1000474a:	0029      	movs	r1, r5
1000474c:	2000      	movs	r0, #0
1000474e:	f001 fad1 	bl	10005cf4 <tud_cdc_n_read>
10004752:	1e04      	subs	r4, r0, #0
10004754:	d1ef      	bne.n	10004736 <stdio_usb_in_chars+0x52>
10004756:	2403      	movs	r4, #3
10004758:	4264      	negs	r4, r4
1000475a:	e7ec      	b.n	10004736 <stdio_usb_in_chars+0x52>
1000475c:	2403      	movs	r4, #3
1000475e:	4264      	negs	r4, r4
10004760:	e7ec      	b.n	1000473c <stdio_usb_in_chars+0x58>
10004762:	2403      	movs	r4, #3
10004764:	4264      	negs	r4, r4
10004766:	e7e9      	b.n	1000473c <stdio_usb_in_chars+0x58>
10004768:	2403      	movs	r4, #3
1000476a:	4264      	negs	r4, r4
1000476c:	e7e6      	b.n	1000473c <stdio_usb_in_chars+0x58>
1000476e:	46c0      	nop			; (mov r8, r8)
10004770:	000f4240 	.word	0x000f4240
10004774:	200027e4 	.word	0x200027e4
10004778:	7fffffff 	.word	0x7fffffff

1000477c <stdio_usb_out_chars>:
1000477c:	b5f0      	push	{r4, r5, r6, r7, lr}
1000477e:	46c6      	mov	lr, r8
10004780:	b500      	push	{lr}
10004782:	4680      	mov	r8, r0
10004784:	000c      	movs	r4, r1
10004786:	f7fc ff6b 	bl	10001660 <time_us_64>
1000478a:	4a31      	ldr	r2, [pc, #196]	; (10004850 <stdio_usb_out_chars+0xd4>)
1000478c:	2300      	movs	r3, #0
1000478e:	1812      	adds	r2, r2, r0
10004790:	414b      	adcs	r3, r1
10004792:	2b00      	cmp	r3, #0
10004794:	db07      	blt.n	100047a6 <stdio_usb_out_chars+0x2a>
10004796:	482f      	ldr	r0, [pc, #188]	; (10004854 <stdio_usb_out_chars+0xd8>)
10004798:	f004 f966 	bl	10008a68 <__mutex_try_enter_block_until_veneer>
1000479c:	2800      	cmp	r0, #0
1000479e:	d106      	bne.n	100047ae <stdio_usb_out_chars+0x32>
100047a0:	bc80      	pop	{r7}
100047a2:	46b8      	mov	r8, r7
100047a4:	bdf0      	pop	{r4, r5, r6, r7, pc}
100047a6:	2201      	movs	r2, #1
100047a8:	4252      	negs	r2, r2
100047aa:	4b2b      	ldr	r3, [pc, #172]	; (10004858 <stdio_usb_out_chars+0xdc>)
100047ac:	e7f3      	b.n	10004796 <stdio_usb_out_chars+0x1a>
100047ae:	f7ff ff93 	bl	100046d8 <stdio_usb_connected>
100047b2:	2800      	cmp	r0, #0
100047b4:	d149      	bne.n	1000484a <stdio_usb_out_chars+0xce>
100047b6:	4b29      	ldr	r3, [pc, #164]	; (1000485c <stdio_usb_out_chars+0xe0>)
100047b8:	2000      	movs	r0, #0
100047ba:	2100      	movs	r1, #0
100047bc:	6018      	str	r0, [r3, #0]
100047be:	6059      	str	r1, [r3, #4]
100047c0:	4824      	ldr	r0, [pc, #144]	; (10004854 <stdio_usb_out_chars+0xd8>)
100047c2:	f004 f921 	bl	10008a08 <__mutex_exit_veneer>
100047c6:	e7eb      	b.n	100047a0 <stdio_usb_out_chars+0x24>
100047c8:	2001      	movs	r0, #1
100047ca:	2100      	movs	r1, #0
100047cc:	4240      	negs	r0, r0
100047ce:	f001 f805 	bl	100057dc <tud_task_ext>
100047d2:	2000      	movs	r0, #0
100047d4:	f001 faaa 	bl	10005d2c <tud_cdc_n_write_flush>
100047d8:	f7ff ff7e 	bl	100046d8 <stdio_usb_connected>
100047dc:	2800      	cmp	r0, #0
100047de:	d0ef      	beq.n	100047c0 <stdio_usb_out_chars+0x44>
100047e0:	2000      	movs	r0, #0
100047e2:	f001 fb2d 	bl	10005e40 <tud_cdc_n_write_available>
100047e6:	2800      	cmp	r0, #0
100047e8:	d020      	beq.n	1000482c <stdio_usb_out_chars+0xb0>
100047ea:	42a5      	cmp	r5, r4
100047ec:	dae8      	bge.n	100047c0 <stdio_usb_out_chars+0x44>
100047ee:	1b66      	subs	r6, r4, r5
100047f0:	2000      	movs	r0, #0
100047f2:	f001 fb25 	bl	10005e40 <tud_cdc_n_write_available>
100047f6:	0002      	movs	r2, r0
100047f8:	4286      	cmp	r6, r0
100047fa:	dc00      	bgt.n	100047fe <stdio_usb_out_chars+0x82>
100047fc:	0032      	movs	r2, r6
100047fe:	2a00      	cmp	r2, #0
10004800:	d0e2      	beq.n	100047c8 <stdio_usb_out_chars+0x4c>
10004802:	4643      	mov	r3, r8
10004804:	1959      	adds	r1, r3, r5
10004806:	2000      	movs	r0, #0
10004808:	f001 faf6 	bl	10005df8 <tud_cdc_n_write>
1000480c:	0006      	movs	r6, r0
1000480e:	2001      	movs	r0, #1
10004810:	2100      	movs	r1, #0
10004812:	4240      	negs	r0, r0
10004814:	f000 ffe2 	bl	100057dc <tud_task_ext>
10004818:	2000      	movs	r0, #0
1000481a:	f001 fa87 	bl	10005d2c <tud_cdc_n_write_flush>
1000481e:	19ad      	adds	r5, r5, r6
10004820:	f7fc ff1e 	bl	10001660 <time_us_64>
10004824:	4b0d      	ldr	r3, [pc, #52]	; (1000485c <stdio_usb_out_chars+0xe0>)
10004826:	6018      	str	r0, [r3, #0]
10004828:	6059      	str	r1, [r3, #4]
1000482a:	e7de      	b.n	100047ea <stdio_usb_out_chars+0x6e>
1000482c:	f7fc ff18 	bl	10001660 <time_us_64>
10004830:	4b0a      	ldr	r3, [pc, #40]	; (1000485c <stdio_usb_out_chars+0xe0>)
10004832:	681e      	ldr	r6, [r3, #0]
10004834:	685f      	ldr	r7, [r3, #4]
10004836:	4a0a      	ldr	r2, [pc, #40]	; (10004860 <stdio_usb_out_chars+0xe4>)
10004838:	2300      	movs	r3, #0
1000483a:	1992      	adds	r2, r2, r6
1000483c:	417b      	adcs	r3, r7
1000483e:	4299      	cmp	r1, r3
10004840:	d8be      	bhi.n	100047c0 <stdio_usb_out_chars+0x44>
10004842:	d1d2      	bne.n	100047ea <stdio_usb_out_chars+0x6e>
10004844:	4290      	cmp	r0, r2
10004846:	d9d0      	bls.n	100047ea <stdio_usb_out_chars+0x6e>
10004848:	e7ba      	b.n	100047c0 <stdio_usb_out_chars+0x44>
1000484a:	2500      	movs	r5, #0
1000484c:	e7cd      	b.n	100047ea <stdio_usb_out_chars+0x6e>
1000484e:	46c0      	nop			; (mov r8, r8)
10004850:	000f4240 	.word	0x000f4240
10004854:	200027e4 	.word	0x200027e4
10004858:	7fffffff 	.word	0x7fffffff
1000485c:	20001830 	.word	0x20001830
10004860:	0007a120 	.word	0x0007a120

10004864 <tud_descriptor_device_cb>:
10004864:	4800      	ldr	r0, [pc, #0]	; (10004868 <tud_descriptor_device_cb+0x4>)
10004866:	4770      	bx	lr
10004868:	10009894 	.word	0x10009894

1000486c <tud_descriptor_configuration_cb>:
1000486c:	4800      	ldr	r0, [pc, #0]	; (10004870 <tud_descriptor_configuration_cb+0x4>)
1000486e:	4770      	bx	lr
10004870:	10009840 	.word	0x10009840

10004874 <tud_descriptor_string_cb>:
10004874:	b510      	push	{r4, lr}
10004876:	0004      	movs	r4, r0
10004878:	4b15      	ldr	r3, [pc, #84]	; (100048d0 <tud_descriptor_string_cb+0x5c>)
1000487a:	781b      	ldrb	r3, [r3, #0]
1000487c:	2b00      	cmp	r3, #0
1000487e:	d00e      	beq.n	1000489e <tud_descriptor_string_cb+0x2a>
10004880:	2c00      	cmp	r4, #0
10004882:	d111      	bne.n	100048a8 <tud_descriptor_string_cb+0x34>
10004884:	4b13      	ldr	r3, [pc, #76]	; (100048d4 <tud_descriptor_string_cb+0x60>)
10004886:	4a14      	ldr	r2, [pc, #80]	; (100048d8 <tud_descriptor_string_cb+0x64>)
10004888:	805a      	strh	r2, [r3, #2]
1000488a:	2301      	movs	r3, #1
1000488c:	3301      	adds	r3, #1
1000488e:	005b      	lsls	r3, r3, #1
10004890:	b21b      	sxth	r3, r3
10004892:	22c0      	movs	r2, #192	; 0xc0
10004894:	0092      	lsls	r2, r2, #2
10004896:	4313      	orrs	r3, r2
10004898:	480e      	ldr	r0, [pc, #56]	; (100048d4 <tud_descriptor_string_cb+0x60>)
1000489a:	8003      	strh	r3, [r0, #0]
1000489c:	bd10      	pop	{r4, pc}
1000489e:	2111      	movs	r1, #17
100048a0:	480b      	ldr	r0, [pc, #44]	; (100048d0 <tud_descriptor_string_cb+0x5c>)
100048a2:	f000 f82d 	bl	10004900 <pico_get_unique_board_id_string>
100048a6:	e7eb      	b.n	10004880 <tud_descriptor_string_cb+0xc>
100048a8:	2c05      	cmp	r4, #5
100048aa:	d80e      	bhi.n	100048ca <tud_descriptor_string_cb+0x56>
100048ac:	00a4      	lsls	r4, r4, #2
100048ae:	4b0b      	ldr	r3, [pc, #44]	; (100048dc <tud_descriptor_string_cb+0x68>)
100048b0:	58e4      	ldr	r4, [r4, r3]
100048b2:	2300      	movs	r3, #0
100048b4:	2b12      	cmp	r3, #18
100048b6:	d8e9      	bhi.n	1000488c <tud_descriptor_string_cb+0x18>
100048b8:	5ce2      	ldrb	r2, [r4, r3]
100048ba:	2a00      	cmp	r2, #0
100048bc:	d0e6      	beq.n	1000488c <tud_descriptor_string_cb+0x18>
100048be:	3301      	adds	r3, #1
100048c0:	0059      	lsls	r1, r3, #1
100048c2:	4804      	ldr	r0, [pc, #16]	; (100048d4 <tud_descriptor_string_cb+0x60>)
100048c4:	5242      	strh	r2, [r0, r1]
100048c6:	b2db      	uxtb	r3, r3
100048c8:	e7f4      	b.n	100048b4 <tud_descriptor_string_cb+0x40>
100048ca:	2000      	movs	r0, #0
100048cc:	e7e6      	b.n	1000489c <tud_descriptor_string_cb+0x28>
100048ce:	46c0      	nop			; (mov r8, r8)
100048d0:	200027f4 	.word	0x200027f4
100048d4:	200020f0 	.word	0x200020f0
100048d8:	00000409 	.word	0x00000409
100048dc:	100098a8 	.word	0x100098a8

100048e0 <_retrieve_unique_id_on_boot>:
100048e0:	b510      	push	{r4, lr}
100048e2:	4802      	ldr	r0, [pc, #8]	; (100048ec <_retrieve_unique_id_on_boot+0xc>)
100048e4:	f000 f83c 	bl	10004960 <flash_get_unique_id>
100048e8:	bd10      	pop	{r4, pc}
100048ea:	46c0      	nop			; (mov r8, r8)
100048ec:	200025d4 	.word	0x200025d4

100048f0 <pico_get_unique_board_id>:
100048f0:	b510      	push	{r4, lr}
100048f2:	2208      	movs	r2, #8
100048f4:	4901      	ldr	r1, [pc, #4]	; (100048fc <pico_get_unique_board_id+0xc>)
100048f6:	f7fe f9a7 	bl	10002c48 <__wrap___aeabi_memcpy>
100048fa:	bd10      	pop	{r4, pc}
100048fc:	200025d4 	.word	0x200025d4

10004900 <pico_get_unique_board_id_string>:
10004900:	b510      	push	{r4, lr}
10004902:	2900      	cmp	r1, #0
10004904:	d001      	beq.n	1000490a <pico_get_unique_board_id_string+0xa>
10004906:	2300      	movs	r3, #0
10004908:	e00a      	b.n	10004920 <pico_get_unique_board_id_string+0x20>
1000490a:	4b11      	ldr	r3, [pc, #68]	; (10004950 <pico_get_unique_board_id_string+0x50>)
1000490c:	4a11      	ldr	r2, [pc, #68]	; (10004954 <pico_get_unique_board_id_string+0x54>)
1000490e:	3135      	adds	r1, #53	; 0x35
10004910:	4811      	ldr	r0, [pc, #68]	; (10004958 <pico_get_unique_board_id_string+0x58>)
10004912:	f7ff fa65 	bl	10003de0 <__assert_func>
10004916:	2400      	movs	r4, #0
10004918:	e00d      	b.n	10004936 <pico_get_unique_board_id_string+0x36>
1000491a:	3237      	adds	r2, #55	; 0x37
1000491c:	54c2      	strb	r2, [r0, r3]
1000491e:	3301      	adds	r3, #1
10004920:	1e4a      	subs	r2, r1, #1
10004922:	429a      	cmp	r2, r3
10004924:	d90f      	bls.n	10004946 <pico_get_unique_board_id_string+0x46>
10004926:	2b0f      	cmp	r3, #15
10004928:	d80d      	bhi.n	10004946 <pico_get_unique_board_id_string+0x46>
1000492a:	085a      	lsrs	r2, r3, #1
1000492c:	4c0b      	ldr	r4, [pc, #44]	; (1000495c <pico_get_unique_board_id_string+0x5c>)
1000492e:	5ca2      	ldrb	r2, [r4, r2]
10004930:	07dc      	lsls	r4, r3, #31
10004932:	d4f0      	bmi.n	10004916 <pico_get_unique_board_id_string+0x16>
10004934:	2404      	movs	r4, #4
10004936:	4122      	asrs	r2, r4
10004938:	0014      	movs	r4, r2
1000493a:	220f      	movs	r2, #15
1000493c:	4022      	ands	r2, r4
1000493e:	2a09      	cmp	r2, #9
10004940:	dceb      	bgt.n	1000491a <pico_get_unique_board_id_string+0x1a>
10004942:	3230      	adds	r2, #48	; 0x30
10004944:	e7ea      	b.n	1000491c <pico_get_unique_board_id_string+0x1c>
10004946:	18c0      	adds	r0, r0, r3
10004948:	2300      	movs	r3, #0
1000494a:	7003      	strb	r3, [r0, #0]
1000494c:	bd10      	pop	{r4, pc}
1000494e:	46c0      	nop			; (mov r8, r8)
10004950:	100098c0 	.word	0x100098c0
10004954:	10009904 	.word	0x10009904
10004958:	100098c8 	.word	0x100098c8
1000495c:	200025d4 	.word	0x200025d4

10004960 <flash_get_unique_id>:
10004960:	b570      	push	{r4, r5, r6, lr}
10004962:	b088      	sub	sp, #32
10004964:	0004      	movs	r4, r0
10004966:	ad04      	add	r5, sp, #16
10004968:	2600      	movs	r6, #0
1000496a:	9604      	str	r6, [sp, #16]
1000496c:	2209      	movs	r2, #9
1000496e:	2100      	movs	r1, #0
10004970:	a805      	add	r0, sp, #20
10004972:	f7fe f963 	bl	10002c3c <__wrap_memset>
10004976:	9600      	str	r6, [sp, #0]
10004978:	2209      	movs	r2, #9
1000497a:	2100      	movs	r1, #0
1000497c:	a801      	add	r0, sp, #4
1000497e:	f7fe f95d 	bl	10002c3c <__wrap_memset>
10004982:	234b      	movs	r3, #75	; 0x4b
10004984:	702b      	strb	r3, [r5, #0]
10004986:	220d      	movs	r2, #13
10004988:	4669      	mov	r1, sp
1000498a:	0028      	movs	r0, r5
1000498c:	f004 f834 	bl	100089f8 <__flash_do_cmd_veneer>
10004990:	2300      	movs	r3, #0
10004992:	e004      	b.n	1000499e <flash_get_unique_id+0x3e>
10004994:	1d5a      	adds	r2, r3, #5
10004996:	4669      	mov	r1, sp
10004998:	5c8a      	ldrb	r2, [r1, r2]
1000499a:	54e2      	strb	r2, [r4, r3]
1000499c:	3301      	adds	r3, #1
1000499e:	2b07      	cmp	r3, #7
100049a0:	ddf8      	ble.n	10004994 <flash_get_unique_id+0x34>
100049a2:	b008      	add	sp, #32
100049a4:	bd70      	pop	{r4, r5, r6, pc}
	...

100049a8 <_hw_endpoint_alloc>:
100049a8:	b510      	push	{r4, lr}
100049aa:	8b03      	ldrh	r3, [r0, #24]
100049ac:	333f      	adds	r3, #63	; 0x3f
100049ae:	223f      	movs	r2, #63	; 0x3f
100049b0:	4393      	bics	r3, r2
100049b2:	2902      	cmp	r1, #2
100049b4:	d015      	beq.n	100049e2 <_hw_endpoint_alloc+0x3a>
100049b6:	4c12      	ldr	r4, [pc, #72]	; (10004a00 <_hw_endpoint_alloc+0x58>)
100049b8:	6822      	ldr	r2, [r4, #0]
100049ba:	60c2      	str	r2, [r0, #12]
100049bc:	18d3      	adds	r3, r2, r3
100049be:	6023      	str	r3, [r4, #0]
100049c0:	069c      	lsls	r4, r3, #26
100049c2:	d110      	bne.n	100049e6 <_hw_endpoint_alloc+0x3e>
100049c4:	4c0f      	ldr	r4, [pc, #60]	; (10004a04 <_hw_endpoint_alloc+0x5c>)
100049c6:	4062      	eors	r2, r4
100049c8:	4063      	eors	r3, r4
100049ca:	2480      	movs	r4, #128	; 0x80
100049cc:	0164      	lsls	r4, r4, #5
100049ce:	42a3      	cmp	r3, r4
100049d0:	d80f      	bhi.n	100049f2 <_hw_endpoint_alloc+0x4a>
100049d2:	0689      	lsls	r1, r1, #26
100049d4:	4311      	orrs	r1, r2
100049d6:	2380      	movs	r3, #128	; 0x80
100049d8:	061b      	lsls	r3, r3, #24
100049da:	4319      	orrs	r1, r3
100049dc:	6843      	ldr	r3, [r0, #4]
100049de:	6019      	str	r1, [r3, #0]
100049e0:	bd10      	pop	{r4, pc}
100049e2:	005b      	lsls	r3, r3, #1
100049e4:	e7e7      	b.n	100049b6 <_hw_endpoint_alloc+0xe>
100049e6:	4b08      	ldr	r3, [pc, #32]	; (10004a08 <_hw_endpoint_alloc+0x60>)
100049e8:	4a08      	ldr	r2, [pc, #32]	; (10004a0c <_hw_endpoint_alloc+0x64>)
100049ea:	2151      	movs	r1, #81	; 0x51
100049ec:	4808      	ldr	r0, [pc, #32]	; (10004a10 <_hw_endpoint_alloc+0x68>)
100049ee:	f7ff f9f7 	bl	10003de0 <__assert_func>
100049f2:	4b08      	ldr	r3, [pc, #32]	; (10004a14 <_hw_endpoint_alloc+0x6c>)
100049f4:	4a05      	ldr	r2, [pc, #20]	; (10004a0c <_hw_endpoint_alloc+0x64>)
100049f6:	2153      	movs	r1, #83	; 0x53
100049f8:	4805      	ldr	r0, [pc, #20]	; (10004a10 <_hw_endpoint_alloc+0x68>)
100049fa:	f7ff f9f1 	bl	10003de0 <__assert_func>
100049fe:	46c0      	nop			; (mov r8, r8)
10004a00:	20002538 	.word	0x20002538
10004a04:	50100000 	.word	0x50100000
10004a08:	10009abc 	.word	0x10009abc
10004a0c:	10009bcc 	.word	0x10009bcc
10004a10:	10009aec 	.word	0x10009aec
10004a14:	10009b38 	.word	0x10009b38

10004a18 <hw_endpoint_init>:
10004a18:	b570      	push	{r4, r5, r6, lr}
10004a1a:	0004      	movs	r4, r0
10004a1c:	237f      	movs	r3, #127	; 0x7f
10004a1e:	4003      	ands	r3, r0
10004a20:	09c5      	lsrs	r5, r0, #7
10004a22:	0058      	lsls	r0, r3, #1
10004a24:	1940      	adds	r0, r0, r5
10004a26:	0140      	lsls	r0, r0, #5
10004a28:	4e26      	ldr	r6, [pc, #152]	; (10004ac4 <hw_endpoint_init+0xac>)
10004a2a:	1980      	adds	r0, r0, r6
10004a2c:	7084      	strb	r4, [r0, #2]
10004a2e:	426c      	negs	r4, r5
10004a30:	416c      	adcs	r4, r5
10004a32:	7044      	strb	r4, [r0, #1]
10004a34:	2400      	movs	r4, #0
10004a36:	70c4      	strb	r4, [r0, #3]
10004a38:	8301      	strh	r1, [r0, #24]
10004a3a:	76c2      	strb	r2, [r0, #27]
10004a3c:	2d01      	cmp	r5, #1
10004a3e:	d01d      	beq.n	10004a7c <hw_endpoint_init+0x64>
10004a40:	00de      	lsls	r6, r3, #3
10004a42:	4921      	ldr	r1, [pc, #132]	; (10004ac8 <hw_endpoint_init+0xb0>)
10004a44:	468c      	mov	ip, r1
10004a46:	4466      	add	r6, ip
10004a48:	0059      	lsls	r1, r3, #1
10004a4a:	1949      	adds	r1, r1, r5
10004a4c:	0149      	lsls	r1, r1, #5
10004a4e:	4c1d      	ldr	r4, [pc, #116]	; (10004ac4 <hw_endpoint_init+0xac>)
10004a50:	1861      	adds	r1, r4, r1
10004a52:	608e      	str	r6, [r1, #8]
10004a54:	005c      	lsls	r4, r3, #1
10004a56:	1964      	adds	r4, r4, r5
10004a58:	0164      	lsls	r4, r4, #5
10004a5a:	491a      	ldr	r1, [pc, #104]	; (10004ac4 <hw_endpoint_init+0xac>)
10004a5c:	190c      	adds	r4, r1, r4
10004a5e:	68a1      	ldr	r1, [r4, #8]
10004a60:	2400      	movs	r4, #0
10004a62:	600c      	str	r4, [r1, #0]
10004a64:	2b00      	cmp	r3, #0
10004a66:	d10f      	bne.n	10004a88 <hw_endpoint_init+0x70>
10004a68:	005b      	lsls	r3, r3, #1
10004a6a:	195b      	adds	r3, r3, r5
10004a6c:	015b      	lsls	r3, r3, #5
10004a6e:	4d15      	ldr	r5, [pc, #84]	; (10004ac4 <hw_endpoint_init+0xac>)
10004a70:	18eb      	adds	r3, r5, r3
10004a72:	2200      	movs	r2, #0
10004a74:	605a      	str	r2, [r3, #4]
10004a76:	4a15      	ldr	r2, [pc, #84]	; (10004acc <hw_endpoint_init+0xb4>)
10004a78:	60da      	str	r2, [r3, #12]
10004a7a:	bd70      	pop	{r4, r5, r6, pc}
10004a7c:	00de      	lsls	r6, r3, #3
10004a7e:	4914      	ldr	r1, [pc, #80]	; (10004ad0 <hw_endpoint_init+0xb8>)
10004a80:	468c      	mov	ip, r1
10004a82:	4466      	add	r6, ip
10004a84:	6086      	str	r6, [r0, #8]
10004a86:	e7e5      	b.n	10004a54 <hw_endpoint_init+0x3c>
10004a88:	2d01      	cmp	r5, #1
10004a8a:	d00e      	beq.n	10004aaa <hw_endpoint_init+0x92>
10004a8c:	1e59      	subs	r1, r3, #1
10004a8e:	00c9      	lsls	r1, r1, #3
10004a90:	4c10      	ldr	r4, [pc, #64]	; (10004ad4 <hw_endpoint_init+0xbc>)
10004a92:	46a4      	mov	ip, r4
10004a94:	4461      	add	r1, ip
10004a96:	005b      	lsls	r3, r3, #1
10004a98:	195b      	adds	r3, r3, r5
10004a9a:	015b      	lsls	r3, r3, #5
10004a9c:	4c09      	ldr	r4, [pc, #36]	; (10004ac4 <hw_endpoint_init+0xac>)
10004a9e:	18e3      	adds	r3, r4, r3
10004aa0:	6059      	str	r1, [r3, #4]
10004aa2:	0011      	movs	r1, r2
10004aa4:	f7ff ff80 	bl	100049a8 <_hw_endpoint_alloc>
10004aa8:	e7e7      	b.n	10004a7a <hw_endpoint_init+0x62>
10004aaa:	1e59      	subs	r1, r3, #1
10004aac:	00c9      	lsls	r1, r1, #3
10004aae:	4c0a      	ldr	r4, [pc, #40]	; (10004ad8 <hw_endpoint_init+0xc0>)
10004ab0:	46a4      	mov	ip, r4
10004ab2:	4461      	add	r1, ip
10004ab4:	005b      	lsls	r3, r3, #1
10004ab6:	195b      	adds	r3, r3, r5
10004ab8:	015b      	lsls	r3, r3, #5
10004aba:	4d02      	ldr	r5, [pc, #8]	; (10004ac4 <hw_endpoint_init+0xac>)
10004abc:	18eb      	adds	r3, r5, r3
10004abe:	6059      	str	r1, [r3, #4]
10004ac0:	e7ef      	b.n	10004aa2 <hw_endpoint_init+0x8a>
10004ac2:	46c0      	nop			; (mov r8, r8)
10004ac4:	2000212c 	.word	0x2000212c
10004ac8:	50100084 	.word	0x50100084
10004acc:	50100100 	.word	0x50100100
10004ad0:	50100080 	.word	0x50100080
10004ad4:	5010000c 	.word	0x5010000c
10004ad8:	50100008 	.word	0x50100008

10004adc <hw_endpoint_xfer>:
10004adc:	b510      	push	{r4, lr}
10004ade:	0004      	movs	r4, r0
10004ae0:	207f      	movs	r0, #127	; 0x7f
10004ae2:	4020      	ands	r0, r4
10004ae4:	09e4      	lsrs	r4, r4, #7
10004ae6:	0040      	lsls	r0, r0, #1
10004ae8:	1900      	adds	r0, r0, r4
10004aea:	0140      	lsls	r0, r0, #5
10004aec:	4b02      	ldr	r3, [pc, #8]	; (10004af8 <hw_endpoint_xfer+0x1c>)
10004aee:	18c0      	adds	r0, r0, r3
10004af0:	f000 f932 	bl	10004d58 <hw_endpoint_xfer_start>
10004af4:	bd10      	pop	{r4, pc}
10004af6:	46c0      	nop			; (mov r8, r8)
10004af8:	2000212c 	.word	0x2000212c

10004afc <dcd_int_enable>:
10004afc:	b510      	push	{r4, lr}
10004afe:	2800      	cmp	r0, #0
10004b00:	d104      	bne.n	10004b0c <dcd_int_enable+0x10>
10004b02:	2101      	movs	r1, #1
10004b04:	2005      	movs	r0, #5
10004b06:	f7fb fe67 	bl	100007d8 <irq_set_enabled>
10004b0a:	bd10      	pop	{r4, pc}
10004b0c:	21d4      	movs	r1, #212	; 0xd4
10004b0e:	4b03      	ldr	r3, [pc, #12]	; (10004b1c <dcd_int_enable+0x20>)
10004b10:	4a03      	ldr	r2, [pc, #12]	; (10004b20 <dcd_int_enable+0x24>)
10004b12:	0049      	lsls	r1, r1, #1
10004b14:	4803      	ldr	r0, [pc, #12]	; (10004b24 <dcd_int_enable+0x28>)
10004b16:	f7ff f963 	bl	10003de0 <__assert_func>
10004b1a:	46c0      	nop			; (mov r8, r8)
10004b1c:	10009b80 	.word	0x10009b80
10004b20:	10009bbc 	.word	0x10009bbc
10004b24:	10009aec 	.word	0x10009aec

10004b28 <dcd_set_address>:
10004b28:	b510      	push	{r4, lr}
10004b2a:	2800      	cmp	r0, #0
10004b2c:	d105      	bne.n	10004b3a <dcd_set_address+0x12>
10004b2e:	2200      	movs	r2, #0
10004b30:	2100      	movs	r1, #0
10004b32:	2080      	movs	r0, #128	; 0x80
10004b34:	f7ff ffd2 	bl	10004adc <hw_endpoint_xfer>
10004b38:	bd10      	pop	{r4, pc}
10004b3a:	21d9      	movs	r1, #217	; 0xd9
10004b3c:	4b02      	ldr	r3, [pc, #8]	; (10004b48 <dcd_set_address+0x20>)
10004b3e:	4a03      	ldr	r2, [pc, #12]	; (10004b4c <dcd_set_address+0x24>)
10004b40:	0049      	lsls	r1, r1, #1
10004b42:	4803      	ldr	r0, [pc, #12]	; (10004b50 <dcd_set_address+0x28>)
10004b44:	f7ff f94c 	bl	10003de0 <__assert_func>
10004b48:	10009b80 	.word	0x10009b80
10004b4c:	10009bac 	.word	0x10009bac
10004b50:	10009aec 	.word	0x10009aec

10004b54 <dcd_connect>:
10004b54:	4b02      	ldr	r3, [pc, #8]	; (10004b60 <dcd_connect+0xc>)
10004b56:	2280      	movs	r2, #128	; 0x80
10004b58:	0252      	lsls	r2, r2, #9
10004b5a:	64da      	str	r2, [r3, #76]	; 0x4c
10004b5c:	4770      	bx	lr
10004b5e:	46c0      	nop			; (mov r8, r8)
10004b60:	50112000 	.word	0x50112000

10004b64 <dcd_init>:
10004b64:	b570      	push	{r4, r5, r6, lr}
10004b66:	1e04      	subs	r4, r0, #0
10004b68:	d126      	bne.n	10004bb8 <dcd_init+0x54>
10004b6a:	f000 f8d3 	bl	10004d14 <rp2040_usb_init>
10004b6e:	4d16      	ldr	r5, [pc, #88]	; (10004bc8 <dcd_init+0x64>)
10004b70:	230c      	movs	r3, #12
10004b72:	67ab      	str	r3, [r5, #120]	; 0x78
10004b74:	22ff      	movs	r2, #255	; 0xff
10004b76:	4915      	ldr	r1, [pc, #84]	; (10004bcc <dcd_init+0x68>)
10004b78:	2005      	movs	r0, #5
10004b7a:	f7fb fe83 	bl	10000884 <irq_add_shared_handler>
10004b7e:	2240      	movs	r2, #64	; 0x40
10004b80:	2100      	movs	r1, #0
10004b82:	4813      	ldr	r0, [pc, #76]	; (10004bd0 <dcd_init+0x6c>)
10004b84:	f7fe f85a 	bl	10002c3c <__wrap_memset>
10004b88:	2200      	movs	r2, #0
10004b8a:	2140      	movs	r1, #64	; 0x40
10004b8c:	2000      	movs	r0, #0
10004b8e:	f7ff ff43 	bl	10004a18 <hw_endpoint_init>
10004b92:	2200      	movs	r2, #0
10004b94:	2140      	movs	r1, #64	; 0x40
10004b96:	2080      	movs	r0, #128	; 0x80
10004b98:	f7ff ff3e 	bl	10004a18 <hw_endpoint_init>
10004b9c:	f003 ff9c 	bl	10008ad8 <__reset_non_control_endpoints_veneer>
10004ba0:	2301      	movs	r3, #1
10004ba2:	642b      	str	r3, [r5, #64]	; 0x40
10004ba4:	2380      	movs	r3, #128	; 0x80
10004ba6:	059b      	lsls	r3, r3, #22
10004ba8:	64eb      	str	r3, [r5, #76]	; 0x4c
10004baa:	2390      	movs	r3, #144	; 0x90
10004bac:	4a09      	ldr	r2, [pc, #36]	; (10004bd4 <dcd_init+0x70>)
10004bae:	50ea      	str	r2, [r5, r3]
10004bb0:	0020      	movs	r0, r4
10004bb2:	f7ff ffcf 	bl	10004b54 <dcd_connect>
10004bb6:	bd70      	pop	{r4, r5, r6, pc}
10004bb8:	2176      	movs	r1, #118	; 0x76
10004bba:	4b07      	ldr	r3, [pc, #28]	; (10004bd8 <dcd_init+0x74>)
10004bbc:	4a07      	ldr	r2, [pc, #28]	; (10004bdc <dcd_init+0x78>)
10004bbe:	31ff      	adds	r1, #255	; 0xff
10004bc0:	4807      	ldr	r0, [pc, #28]	; (10004be0 <dcd_init+0x7c>)
10004bc2:	f7ff f90d 	bl	10003de0 <__assert_func>
10004bc6:	46c0      	nop			; (mov r8, r8)
10004bc8:	50110000 	.word	0x50110000
10004bcc:	200004bd 	.word	0x200004bd
10004bd0:	2000212c 	.word	0x2000212c
10004bd4:	0001d010 	.word	0x0001d010
10004bd8:	10009b80 	.word	0x10009b80
10004bdc:	10009be0 	.word	0x10009be0
10004be0:	10009aec 	.word	0x10009aec

10004be4 <dcd_sof_enable>:
10004be4:	4b04      	ldr	r3, [pc, #16]	; (10004bf8 <dcd_sof_enable+0x14>)
10004be6:	7019      	strb	r1, [r3, #0]
10004be8:	2900      	cmp	r1, #0
10004bea:	d004      	beq.n	10004bf6 <dcd_sof_enable+0x12>
10004bec:	4a03      	ldr	r2, [pc, #12]	; (10004bfc <dcd_sof_enable+0x18>)
10004bee:	2390      	movs	r3, #144	; 0x90
10004bf0:	2180      	movs	r1, #128	; 0x80
10004bf2:	0289      	lsls	r1, r1, #10
10004bf4:	50d1      	str	r1, [r2, r3]
10004bf6:	4770      	bx	lr
10004bf8:	20002806 	.word	0x20002806
10004bfc:	50112000 	.word	0x50112000

10004c00 <dcd_edpt0_status_complete>:
10004c00:	780b      	ldrb	r3, [r1, #0]
10004c02:	065b      	lsls	r3, r3, #25
10004c04:	d102      	bne.n	10004c0c <dcd_edpt0_status_complete+0xc>
10004c06:	784b      	ldrb	r3, [r1, #1]
10004c08:	2b05      	cmp	r3, #5
10004c0a:	d000      	beq.n	10004c0e <dcd_edpt0_status_complete+0xe>
10004c0c:	4770      	bx	lr
10004c0e:	788a      	ldrb	r2, [r1, #2]
10004c10:	4b01      	ldr	r3, [pc, #4]	; (10004c18 <dcd_edpt0_status_complete+0x18>)
10004c12:	601a      	str	r2, [r3, #0]
10004c14:	e7fa      	b.n	10004c0c <dcd_edpt0_status_complete+0xc>
10004c16:	46c0      	nop			; (mov r8, r8)
10004c18:	50110000 	.word	0x50110000

10004c1c <dcd_edpt_open>:
10004c1c:	b510      	push	{r4, lr}
10004c1e:	000c      	movs	r4, r1
10004c20:	2800      	cmp	r0, #0
10004c22:	d10d      	bne.n	10004c40 <dcd_edpt_open+0x24>
10004c24:	7909      	ldrb	r1, [r1, #4]
10004c26:	7963      	ldrb	r3, [r4, #5]
10004c28:	021b      	lsls	r3, r3, #8
10004c2a:	430b      	orrs	r3, r1
10004c2c:	055b      	lsls	r3, r3, #21
10004c2e:	0d59      	lsrs	r1, r3, #21
10004c30:	78e2      	ldrb	r2, [r4, #3]
10004c32:	0792      	lsls	r2, r2, #30
10004c34:	0f92      	lsrs	r2, r2, #30
10004c36:	78a0      	ldrb	r0, [r4, #2]
10004c38:	f7ff feee 	bl	10004a18 <hw_endpoint_init>
10004c3c:	2001      	movs	r0, #1
10004c3e:	bd10      	pop	{r4, pc}
10004c40:	21f0      	movs	r1, #240	; 0xf0
10004c42:	4b03      	ldr	r3, [pc, #12]	; (10004c50 <dcd_edpt_open+0x34>)
10004c44:	4a03      	ldr	r2, [pc, #12]	; (10004c54 <dcd_edpt_open+0x38>)
10004c46:	31ff      	adds	r1, #255	; 0xff
10004c48:	4803      	ldr	r0, [pc, #12]	; (10004c58 <dcd_edpt_open+0x3c>)
10004c4a:	f7ff f8c9 	bl	10003de0 <__assert_func>
10004c4e:	46c0      	nop			; (mov r8, r8)
10004c50:	10009b80 	.word	0x10009b80
10004c54:	10009b9c 	.word	0x10009b9c
10004c58:	10009aec 	.word	0x10009aec

10004c5c <dcd_edpt_close_all>:
10004c5c:	b510      	push	{r4, lr}
10004c5e:	f003 ff3b 	bl	10008ad8 <__reset_non_control_endpoints_veneer>
10004c62:	bd10      	pop	{r4, pc}

10004c64 <dcd_edpt_xfer>:
10004c64:	b510      	push	{r4, lr}
10004c66:	0004      	movs	r4, r0
10004c68:	0008      	movs	r0, r1
10004c6a:	0011      	movs	r1, r2
10004c6c:	001a      	movs	r2, r3
10004c6e:	2c00      	cmp	r4, #0
10004c70:	d103      	bne.n	10004c7a <dcd_edpt_xfer+0x16>
10004c72:	f7ff ff33 	bl	10004adc <hw_endpoint_xfer>
10004c76:	2001      	movs	r0, #1
10004c78:	bd10      	pop	{r4, pc}
10004c7a:	21fe      	movs	r1, #254	; 0xfe
10004c7c:	4b02      	ldr	r3, [pc, #8]	; (10004c88 <dcd_edpt_xfer+0x24>)
10004c7e:	4a03      	ldr	r2, [pc, #12]	; (10004c8c <dcd_edpt_xfer+0x28>)
10004c80:	0049      	lsls	r1, r1, #1
10004c82:	4803      	ldr	r0, [pc, #12]	; (10004c90 <dcd_edpt_xfer+0x2c>)
10004c84:	f7ff f8ac 	bl	10003de0 <__assert_func>
10004c88:	10009b80 	.word	0x10009b80
10004c8c:	10009b8c 	.word	0x10009b8c
10004c90:	10009aec 	.word	0x10009aec

10004c94 <dcd_edpt_stall>:
10004c94:	b510      	push	{r4, lr}
10004c96:	227f      	movs	r2, #127	; 0x7f
10004c98:	0013      	movs	r3, r2
10004c9a:	400b      	ands	r3, r1
10004c9c:	420a      	tst	r2, r1
10004c9e:	d105      	bne.n	10004cac <dcd_edpt_stall+0x18>
10004ca0:	09ca      	lsrs	r2, r1, #7
10004ca2:	2a01      	cmp	r2, #1
10004ca4:	d00e      	beq.n	10004cc4 <dcd_edpt_stall+0x30>
10004ca6:	2002      	movs	r0, #2
10004ca8:	4a07      	ldr	r2, [pc, #28]	; (10004cc8 <dcd_edpt_stall+0x34>)
10004caa:	6690      	str	r0, [r2, #104]	; 0x68
10004cac:	09c9      	lsrs	r1, r1, #7
10004cae:	0058      	lsls	r0, r3, #1
10004cb0:	1840      	adds	r0, r0, r1
10004cb2:	0140      	lsls	r0, r0, #5
10004cb4:	4905      	ldr	r1, [pc, #20]	; (10004ccc <dcd_edpt_stall+0x38>)
10004cb6:	1840      	adds	r0, r0, r1
10004cb8:	2280      	movs	r2, #128	; 0x80
10004cba:	0112      	lsls	r2, r2, #4
10004cbc:	2100      	movs	r1, #0
10004cbe:	f003 fef3 	bl	10008aa8 <___hw_endpoint_buffer_control_update32_veneer>
10004cc2:	bd10      	pop	{r4, pc}
10004cc4:	2001      	movs	r0, #1
10004cc6:	e7ef      	b.n	10004ca8 <dcd_edpt_stall+0x14>
10004cc8:	50112000 	.word	0x50112000
10004ccc:	2000212c 	.word	0x2000212c

10004cd0 <dcd_edpt_clear_stall>:
10004cd0:	b510      	push	{r4, lr}
10004cd2:	227f      	movs	r2, #127	; 0x7f
10004cd4:	0010      	movs	r0, r2
10004cd6:	4008      	ands	r0, r1
10004cd8:	420a      	tst	r2, r1
10004cda:	d100      	bne.n	10004cde <dcd_edpt_clear_stall+0xe>
10004cdc:	bd10      	pop	{r4, pc}
10004cde:	09c9      	lsrs	r1, r1, #7
10004ce0:	0040      	lsls	r0, r0, #1
10004ce2:	1840      	adds	r0, r0, r1
10004ce4:	0140      	lsls	r0, r0, #5
10004ce6:	4904      	ldr	r1, [pc, #16]	; (10004cf8 <dcd_edpt_clear_stall+0x28>)
10004ce8:	1840      	adds	r0, r0, r1
10004cea:	2300      	movs	r3, #0
10004cec:	70c3      	strb	r3, [r0, #3]
10004cee:	2200      	movs	r2, #0
10004cf0:	4902      	ldr	r1, [pc, #8]	; (10004cfc <dcd_edpt_clear_stall+0x2c>)
10004cf2:	f003 fed9 	bl	10008aa8 <___hw_endpoint_buffer_control_update32_veneer>
10004cf6:	e7f1      	b.n	10004cdc <dcd_edpt_clear_stall+0xc>
10004cf8:	2000212c 	.word	0x2000212c
10004cfc:	fffff7ff 	.word	0xfffff7ff

10004d00 <unaligned_memcpy>:
10004d00:	e004      	b.n	10004d0c <unaligned_memcpy+0xc>
10004d02:	780a      	ldrb	r2, [r1, #0]
10004d04:	7002      	strb	r2, [r0, #0]
10004d06:	3101      	adds	r1, #1
10004d08:	3001      	adds	r0, #1
10004d0a:	001a      	movs	r2, r3
10004d0c:	1e53      	subs	r3, r2, #1
10004d0e:	2a00      	cmp	r2, #0
10004d10:	d1f7      	bne.n	10004d02 <unaligned_memcpy+0x2>
10004d12:	4770      	bx	lr

10004d14 <rp2040_usb_init>:
10004d14:	b510      	push	{r4, lr}
10004d16:	2380      	movs	r3, #128	; 0x80
10004d18:	045b      	lsls	r3, r3, #17
10004d1a:	4a0a      	ldr	r2, [pc, #40]	; (10004d44 <rp2040_usb_init+0x30>)
10004d1c:	6013      	str	r3, [r2, #0]
10004d1e:	4a0a      	ldr	r2, [pc, #40]	; (10004d48 <rp2040_usb_init+0x34>)
10004d20:	6013      	str	r3, [r2, #0]
10004d22:	4b0a      	ldr	r3, [pc, #40]	; (10004d4c <rp2040_usb_init+0x38>)
10004d24:	681a      	ldr	r2, [r3, #0]
10004d26:	2380      	movs	r3, #128	; 0x80
10004d28:	045b      	lsls	r3, r3, #17
10004d2a:	4393      	bics	r3, r2
10004d2c:	d1f9      	bne.n	10004d22 <rp2040_usb_init+0xe>
10004d2e:	2280      	movs	r2, #128	; 0x80
10004d30:	0152      	lsls	r2, r2, #5
10004d32:	2100      	movs	r1, #0
10004d34:	4806      	ldr	r0, [pc, #24]	; (10004d50 <rp2040_usb_init+0x3c>)
10004d36:	f7fd ff81 	bl	10002c3c <__wrap_memset>
10004d3a:	4b06      	ldr	r3, [pc, #24]	; (10004d54 <rp2040_usb_init+0x40>)
10004d3c:	2209      	movs	r2, #9
10004d3e:	675a      	str	r2, [r3, #116]	; 0x74
10004d40:	bd10      	pop	{r4, pc}
10004d42:	46c0      	nop			; (mov r8, r8)
10004d44:	4000e000 	.word	0x4000e000
10004d48:	4000f000 	.word	0x4000f000
10004d4c:	4000c008 	.word	0x4000c008
10004d50:	50100000 	.word	0x50100000
10004d54:	50110000 	.word	0x50110000

10004d58 <hw_endpoint_xfer_start>:
10004d58:	b570      	push	{r4, r5, r6, lr}
10004d5a:	0004      	movs	r4, r0
10004d5c:	000d      	movs	r5, r1
10004d5e:	0016      	movs	r6, r2
10004d60:	7e83      	ldrb	r3, [r0, #26]
10004d62:	2b00      	cmp	r3, #0
10004d64:	d117      	bne.n	10004d96 <hw_endpoint_xfer_start+0x3e>
10004d66:	82a6      	strh	r6, [r4, #20]
10004d68:	2300      	movs	r3, #0
10004d6a:	82e3      	strh	r3, [r4, #22]
10004d6c:	3301      	adds	r3, #1
10004d6e:	76a3      	strb	r3, [r4, #26]
10004d70:	6125      	str	r5, [r4, #16]
10004d72:	0020      	movs	r0, r4
10004d74:	f003 fe88 	bl	10008a88 <__e15_is_bulkin_ep_veneer>
10004d78:	2800      	cmp	r0, #0
10004d7a:	d004      	beq.n	10004d86 <hw_endpoint_xfer_start+0x2e>
10004d7c:	4a0c      	ldr	r2, [pc, #48]	; (10004db0 <hw_endpoint_xfer_start+0x58>)
10004d7e:	2390      	movs	r3, #144	; 0x90
10004d80:	2180      	movs	r1, #128	; 0x80
10004d82:	0289      	lsls	r1, r1, #10
10004d84:	50d1      	str	r1, [r2, r3]
10004d86:	0020      	movs	r0, r4
10004d88:	f003 fe9e 	bl	10008ac8 <__e15_is_critical_frame_period_veneer>
10004d8c:	2800      	cmp	r0, #0
10004d8e:	d00a      	beq.n	10004da6 <hw_endpoint_xfer_start+0x4e>
10004d90:	2301      	movs	r3, #1
10004d92:	7723      	strb	r3, [r4, #28]
10004d94:	bd70      	pop	{r4, r5, r6, pc}
10004d96:	7881      	ldrb	r1, [r0, #2]
10004d98:	4806      	ldr	r0, [pc, #24]	; (10004db4 <hw_endpoint_xfer_start+0x5c>)
10004d9a:	f7ff f993 	bl	100040c4 <__wrap_printf>
10004d9e:	0020      	movs	r0, r4
10004da0:	f003 fe7a 	bl	10008a98 <__hw_endpoint_reset_transfer_veneer>
10004da4:	e7df      	b.n	10004d66 <hw_endpoint_xfer_start+0xe>
10004da6:	0020      	movs	r0, r4
10004da8:	f003 fe66 	bl	10008a78 <__hw_endpoint_start_next_buffer_veneer>
10004dac:	e7f2      	b.n	10004d94 <hw_endpoint_xfer_start+0x3c>
10004dae:	46c0      	nop			; (mov r8, r8)
10004db0:	50112000 	.word	0x50112000
10004db4:	10009cc0 	.word	0x10009cc0

10004db8 <configuration_reset>:
10004db8:	b570      	push	{r4, r5, r6, lr}
10004dba:	0005      	movs	r5, r0
10004dbc:	2400      	movs	r4, #0
10004dbe:	e00a      	b.n	10004dd6 <configuration_reset+0x1e>
10004dc0:	1ad2      	subs	r2, r2, r3
10004dc2:	0152      	lsls	r2, r2, #5
10004dc4:	4b16      	ldr	r3, [pc, #88]	; (10004e20 <configuration_reset+0x68>)
10004dc6:	189b      	adds	r3, r3, r2
10004dc8:	2b00      	cmp	r3, #0
10004dca:	d011      	beq.n	10004df0 <configuration_reset+0x38>
10004dcc:	68db      	ldr	r3, [r3, #12]
10004dce:	0028      	movs	r0, r5
10004dd0:	4798      	blx	r3
10004dd2:	3401      	adds	r4, #1
10004dd4:	b2e4      	uxtb	r4, r4
10004dd6:	4b13      	ldr	r3, [pc, #76]	; (10004e24 <configuration_reset+0x6c>)
10004dd8:	781b      	ldrb	r3, [r3, #0]
10004dda:	1c59      	adds	r1, r3, #1
10004ddc:	0022      	movs	r2, r4
10004dde:	42a1      	cmp	r1, r4
10004de0:	db0c      	blt.n	10004dfc <configuration_reset+0x44>
10004de2:	42a3      	cmp	r3, r4
10004de4:	d9ec      	bls.n	10004dc0 <configuration_reset+0x8>
10004de6:	4b10      	ldr	r3, [pc, #64]	; (10004e28 <configuration_reset+0x70>)
10004de8:	681b      	ldr	r3, [r3, #0]
10004dea:	0162      	lsls	r2, r4, #5
10004dec:	189b      	adds	r3, r3, r2
10004dee:	e7eb      	b.n	10004dc8 <configuration_reset+0x10>
10004df0:	4a0e      	ldr	r2, [pc, #56]	; (10004e2c <configuration_reset+0x74>)
10004df2:	490f      	ldr	r1, [pc, #60]	; (10004e30 <configuration_reset+0x78>)
10004df4:	480f      	ldr	r0, [pc, #60]	; (10004e34 <configuration_reset+0x7c>)
10004df6:	f7ff f965 	bl	100040c4 <__wrap_printf>
10004dfa:	e010      	b.n	10004e1e <configuration_reset+0x66>
10004dfc:	4c0e      	ldr	r4, [pc, #56]	; (10004e38 <configuration_reset+0x80>)
10004dfe:	2254      	movs	r2, #84	; 0x54
10004e00:	2100      	movs	r1, #0
10004e02:	0020      	movs	r0, r4
10004e04:	f7fd ff1a 	bl	10002c3c <__wrap_memset>
10004e08:	1d20      	adds	r0, r4, #4
10004e0a:	2210      	movs	r2, #16
10004e0c:	21ff      	movs	r1, #255	; 0xff
10004e0e:	f7fd ff15 	bl	10002c3c <__wrap_memset>
10004e12:	0020      	movs	r0, r4
10004e14:	3014      	adds	r0, #20
10004e16:	2220      	movs	r2, #32
10004e18:	21ff      	movs	r1, #255	; 0xff
10004e1a:	f7fd ff0f 	bl	10002c3c <__wrap_memset>
10004e1e:	bd70      	pop	{r4, r5, r6, pc}
10004e20:	10009e7c 	.word	0x10009e7c
10004e24:	20002805 	.word	0x20002805
10004e28:	2000189c 	.word	0x2000189c
10004e2c:	00000216 	.word	0x00000216
10004e30:	10009e58 	.word	0x10009e58
10004e34:	10009d08 	.word	0x10009d08
10004e38:	20001bc8 	.word	0x20001bc8

10004e3c <usbd_reset>:
10004e3c:	b510      	push	{r4, lr}
10004e3e:	f7ff ffbb 	bl	10004db8 <configuration_reset>
10004e42:	f000 fe57 	bl	10005af4 <usbd_control_reset>
10004e46:	bd10      	pop	{r4, pc}

10004e48 <invoke_class_control>:
10004e48:	b570      	push	{r4, r5, r6, lr}
10004e4a:	0005      	movs	r5, r0
10004e4c:	000c      	movs	r4, r1
10004e4e:	0016      	movs	r6, r2
10004e50:	6948      	ldr	r0, [r1, #20]
10004e52:	f000 fe59 	bl	10005b08 <usbd_control_set_complete_callback>
10004e56:	6963      	ldr	r3, [r4, #20]
10004e58:	0032      	movs	r2, r6
10004e5a:	2101      	movs	r1, #1
10004e5c:	0028      	movs	r0, r5
10004e5e:	4798      	blx	r3
10004e60:	bd70      	pop	{r4, r5, r6, pc}
	...

10004e64 <process_set_config>:
10004e64:	b5f0      	push	{r4, r5, r6, r7, lr}
10004e66:	46de      	mov	lr, fp
10004e68:	4657      	mov	r7, sl
10004e6a:	464e      	mov	r6, r9
10004e6c:	4645      	mov	r5, r8
10004e6e:	b5e0      	push	{r5, r6, r7, lr}
10004e70:	b083      	sub	sp, #12
10004e72:	4682      	mov	sl, r0
10004e74:	3901      	subs	r1, #1
10004e76:	b2c8      	uxtb	r0, r1
10004e78:	f7ff fcf8 	bl	1000486c <tud_descriptor_configuration_cb>
10004e7c:	2800      	cmp	r0, #0
10004e7e:	d003      	beq.n	10004e88 <process_set_config+0x24>
10004e80:	7843      	ldrb	r3, [r0, #1]
10004e82:	9301      	str	r3, [sp, #4]
10004e84:	2b02      	cmp	r3, #2
10004e86:	d00c      	beq.n	10004ea2 <process_set_config+0x3e>
10004e88:	4a51      	ldr	r2, [pc, #324]	; (10004fd0 <process_set_config+0x16c>)
10004e8a:	4952      	ldr	r1, [pc, #328]	; (10004fd4 <process_set_config+0x170>)
10004e8c:	4852      	ldr	r0, [pc, #328]	; (10004fd8 <process_set_config+0x174>)
10004e8e:	f7ff f919 	bl	100040c4 <__wrap_printf>
10004e92:	2000      	movs	r0, #0
10004e94:	b003      	add	sp, #12
10004e96:	bcf0      	pop	{r4, r5, r6, r7}
10004e98:	46bb      	mov	fp, r7
10004e9a:	46b2      	mov	sl, r6
10004e9c:	46a9      	mov	r9, r5
10004e9e:	46a0      	mov	r8, r4
10004ea0:	bdf0      	pop	{r4, r5, r6, r7, pc}
10004ea2:	79c5      	ldrb	r5, [r0, #7]
10004ea4:	116a      	asrs	r2, r5, #5
10004ea6:	2301      	movs	r3, #1
10004ea8:	494c      	ldr	r1, [pc, #304]	; (10004fdc <process_set_config+0x178>)
10004eaa:	401a      	ands	r2, r3
10004eac:	0114      	lsls	r4, r2, #4
10004eae:	780a      	ldrb	r2, [r1, #0]
10004eb0:	2610      	movs	r6, #16
10004eb2:	43b2      	bics	r2, r6
10004eb4:	4322      	orrs	r2, r4
10004eb6:	700a      	strb	r2, [r1, #0]
10004eb8:	11ad      	asrs	r5, r5, #6
10004eba:	402b      	ands	r3, r5
10004ebc:	015b      	lsls	r3, r3, #5
10004ebe:	b2d2      	uxtb	r2, r2
10004ec0:	2420      	movs	r4, #32
10004ec2:	43a2      	bics	r2, r4
10004ec4:	4313      	orrs	r3, r2
10004ec6:	700b      	strb	r3, [r1, #0]
10004ec8:	0006      	movs	r6, r0
10004eca:	3609      	adds	r6, #9
10004ecc:	7882      	ldrb	r2, [r0, #2]
10004ece:	78c3      	ldrb	r3, [r0, #3]
10004ed0:	021b      	lsls	r3, r3, #8
10004ed2:	4313      	orrs	r3, r2
10004ed4:	4683      	mov	fp, r0
10004ed6:	449b      	add	fp, r3
10004ed8:	455e      	cmp	r6, fp
10004eda:	d277      	bcs.n	10004fcc <process_set_config+0x168>
10004edc:	7873      	ldrb	r3, [r6, #1]
10004ede:	2b0b      	cmp	r3, #11
10004ee0:	d00a      	beq.n	10004ef8 <process_set_config+0x94>
10004ee2:	2301      	movs	r3, #1
10004ee4:	4699      	mov	r9, r3
10004ee6:	7873      	ldrb	r3, [r6, #1]
10004ee8:	2b04      	cmp	r3, #4
10004eea:	d10a      	bne.n	10004f02 <process_set_config+0x9e>
10004eec:	465b      	mov	r3, fp
10004eee:	1b9b      	subs	r3, r3, r6
10004ef0:	b29b      	uxth	r3, r3
10004ef2:	4698      	mov	r8, r3
10004ef4:	2400      	movs	r4, #0
10004ef6:	e03d      	b.n	10004f74 <process_set_config+0x110>
10004ef8:	78f3      	ldrb	r3, [r6, #3]
10004efa:	4699      	mov	r9, r3
10004efc:	7833      	ldrb	r3, [r6, #0]
10004efe:	18f6      	adds	r6, r6, r3
10004f00:	e7f1      	b.n	10004ee6 <process_set_config+0x82>
10004f02:	4a37      	ldr	r2, [pc, #220]	; (10004fe0 <process_set_config+0x17c>)
10004f04:	4933      	ldr	r1, [pc, #204]	; (10004fd4 <process_set_config+0x170>)
10004f06:	4834      	ldr	r0, [pc, #208]	; (10004fd8 <process_set_config+0x174>)
10004f08:	f7ff f8dc 	bl	100040c4 <__wrap_printf>
10004f0c:	2000      	movs	r0, #0
10004f0e:	e7c1      	b.n	10004e94 <process_set_config+0x30>
10004f10:	1b7d      	subs	r5, r7, r5
10004f12:	016d      	lsls	r5, r5, #5
10004f14:	4b33      	ldr	r3, [pc, #204]	; (10004fe4 <process_set_config+0x180>)
10004f16:	195d      	adds	r5, r3, r5
10004f18:	e038      	b.n	10004f8c <process_set_config+0x128>
10004f1a:	4a33      	ldr	r2, [pc, #204]	; (10004fe8 <process_set_config+0x184>)
10004f1c:	492d      	ldr	r1, [pc, #180]	; (10004fd4 <process_set_config+0x170>)
10004f1e:	482e      	ldr	r0, [pc, #184]	; (10004fd8 <process_set_config+0x174>)
10004f20:	f7ff f8d0 	bl	100040c4 <__wrap_printf>
10004f24:	2000      	movs	r0, #0
10004f26:	e7b5      	b.n	10004e94 <process_set_config+0x30>
10004f28:	692a      	ldr	r2, [r5, #16]
10004f2a:	4b30      	ldr	r3, [pc, #192]	; (10004fec <process_set_config+0x188>)
10004f2c:	429a      	cmp	r2, r3
10004f2e:	d13c      	bne.n	10004faa <process_set_config+0x146>
10004f30:	9b01      	ldr	r3, [sp, #4]
10004f32:	4699      	mov	r9, r3
10004f34:	e039      	b.n	10004faa <process_set_config+0x146>
10004f36:	4a2e      	ldr	r2, [pc, #184]	; (10004ff0 <process_set_config+0x18c>)
10004f38:	4926      	ldr	r1, [pc, #152]	; (10004fd4 <process_set_config+0x170>)
10004f3a:	4827      	ldr	r0, [pc, #156]	; (10004fd8 <process_set_config+0x174>)
10004f3c:	f7ff f8c2 	bl	100040c4 <__wrap_printf>
10004f40:	2000      	movs	r0, #0
10004f42:	e7a7      	b.n	10004e94 <process_set_config+0x30>
10004f44:	4825      	ldr	r0, [pc, #148]	; (10004fdc <process_set_config+0x178>)
10004f46:	0023      	movs	r3, r4
10004f48:	9c00      	ldr	r4, [sp, #0]
10004f4a:	0022      	movs	r2, r4
10004f4c:	0031      	movs	r1, r6
10004f4e:	3014      	adds	r0, #20
10004f50:	f001 fc7a 	bl	10006848 <tu_edpt_bind_driver>
10004f54:	46a4      	mov	ip, r4
10004f56:	4466      	add	r6, ip
10004f58:	4b26      	ldr	r3, [pc, #152]	; (10004ff4 <process_set_config+0x190>)
10004f5a:	781b      	ldrb	r3, [r3, #0]
10004f5c:	3301      	adds	r3, #1
10004f5e:	429f      	cmp	r7, r3
10004f60:	ddba      	ble.n	10004ed8 <process_set_config+0x74>
10004f62:	4a25      	ldr	r2, [pc, #148]	; (10004ff8 <process_set_config+0x194>)
10004f64:	491b      	ldr	r1, [pc, #108]	; (10004fd4 <process_set_config+0x170>)
10004f66:	481c      	ldr	r0, [pc, #112]	; (10004fd8 <process_set_config+0x174>)
10004f68:	f7ff f8ac 	bl	100040c4 <__wrap_printf>
10004f6c:	2000      	movs	r0, #0
10004f6e:	e791      	b.n	10004e94 <process_set_config+0x30>
10004f70:	3401      	adds	r4, #1
10004f72:	b2e4      	uxtb	r4, r4
10004f74:	4b1f      	ldr	r3, [pc, #124]	; (10004ff4 <process_set_config+0x190>)
10004f76:	781d      	ldrb	r5, [r3, #0]
10004f78:	1c6b      	adds	r3, r5, #1
10004f7a:	0027      	movs	r7, r4
10004f7c:	42a3      	cmp	r3, r4
10004f7e:	dbeb      	blt.n	10004f58 <process_set_config+0xf4>
10004f80:	42a5      	cmp	r5, r4
10004f82:	d9c5      	bls.n	10004f10 <process_set_config+0xac>
10004f84:	4b1d      	ldr	r3, [pc, #116]	; (10004ffc <process_set_config+0x198>)
10004f86:	681d      	ldr	r5, [r3, #0]
10004f88:	0163      	lsls	r3, r4, #5
10004f8a:	18ed      	adds	r5, r5, r3
10004f8c:	2d00      	cmp	r5, #0
10004f8e:	d0c4      	beq.n	10004f1a <process_set_config+0xb6>
10004f90:	4642      	mov	r2, r8
10004f92:	0031      	movs	r1, r6
10004f94:	4650      	mov	r0, sl
10004f96:	692b      	ldr	r3, [r5, #16]
10004f98:	4798      	blx	r3
10004f9a:	9000      	str	r0, [sp, #0]
10004f9c:	2808      	cmp	r0, #8
10004f9e:	d9e7      	bls.n	10004f70 <process_set_config+0x10c>
10004fa0:	4580      	cmp	r8, r0
10004fa2:	d3e5      	bcc.n	10004f70 <process_set_config+0x10c>
10004fa4:	464b      	mov	r3, r9
10004fa6:	2b01      	cmp	r3, #1
10004fa8:	d0be      	beq.n	10004f28 <process_set_config+0xc4>
10004faa:	2100      	movs	r1, #0
10004fac:	4589      	cmp	r9, r1
10004fae:	d9c9      	bls.n	10004f44 <process_set_config+0xe0>
10004fb0:	78b3      	ldrb	r3, [r6, #2]
10004fb2:	185b      	adds	r3, r3, r1
10004fb4:	b2db      	uxtb	r3, r3
10004fb6:	4a09      	ldr	r2, [pc, #36]	; (10004fdc <process_set_config+0x178>)
10004fb8:	18d2      	adds	r2, r2, r3
10004fba:	7912      	ldrb	r2, [r2, #4]
10004fbc:	2aff      	cmp	r2, #255	; 0xff
10004fbe:	d1ba      	bne.n	10004f36 <process_set_config+0xd2>
10004fc0:	4a06      	ldr	r2, [pc, #24]	; (10004fdc <process_set_config+0x178>)
10004fc2:	18d3      	adds	r3, r2, r3
10004fc4:	711c      	strb	r4, [r3, #4]
10004fc6:	3101      	adds	r1, #1
10004fc8:	b2c9      	uxtb	r1, r1
10004fca:	e7ef      	b.n	10004fac <process_set_config+0x148>
10004fcc:	2001      	movs	r0, #1
10004fce:	e761      	b.n	10004e94 <process_set_config+0x30>
10004fd0:	000003c7 	.word	0x000003c7
10004fd4:	10009e2c 	.word	0x10009e2c
10004fd8:	10009d08 	.word	0x10009d08
10004fdc:	20001bc8 	.word	0x20001bc8
10004fe0:	000003e2 	.word	0x000003e2
10004fe4:	10009e7c 	.word	0x10009e7c
10004fe8:	000003eb 	.word	0x000003eb
10004fec:	10005fe5 	.word	0x10005fe5
10004ff0:	0000040a 	.word	0x0000040a
10004ff4:	20002805 	.word	0x20002805
10004ff8:	00000419 	.word	0x00000419
10004ffc:	2000189c 	.word	0x2000189c

10005000 <tud_event_hook_cb>:
10005000:	4770      	bx	lr

10005002 <tud_sof_cb>:
10005002:	4770      	bx	lr

10005004 <tud_descriptor_device_qualifier_cb>:
10005004:	2000      	movs	r0, #0
10005006:	4770      	bx	lr

10005008 <tud_descriptor_other_speed_configuration_cb>:
10005008:	2000      	movs	r0, #0
1000500a:	4770      	bx	lr

1000500c <process_get_descriptor>:
1000500c:	b570      	push	{r4, r5, r6, lr}
1000500e:	0005      	movs	r5, r0
10005010:	000c      	movs	r4, r1
10005012:	78cb      	ldrb	r3, [r1, #3]
10005014:	7888      	ldrb	r0, [r1, #2]
10005016:	2b0f      	cmp	r3, #15
10005018:	d853      	bhi.n	100050c2 <process_get_descriptor+0xb6>
1000501a:	009a      	lsls	r2, r3, #2
1000501c:	492e      	ldr	r1, [pc, #184]	; (100050d8 <process_get_descriptor+0xcc>)
1000501e:	588a      	ldr	r2, [r1, r2]
10005020:	4697      	mov	pc, r2
10005022:	f7ff fc1f 	bl	10004864 <tud_descriptor_device_cb>
10005026:	1e02      	subs	r2, r0, #0
10005028:	d005      	beq.n	10005036 <process_get_descriptor+0x2a>
1000502a:	2312      	movs	r3, #18
1000502c:	0021      	movs	r1, r4
1000502e:	0028      	movs	r0, r5
10005030:	f000 fd0c 	bl	10005a4c <tud_control_xfer>
10005034:	e046      	b.n	100050c4 <process_get_descriptor+0xb8>
10005036:	4a29      	ldr	r2, [pc, #164]	; (100050dc <process_get_descriptor+0xd0>)
10005038:	4929      	ldr	r1, [pc, #164]	; (100050e0 <process_get_descriptor+0xd4>)
1000503a:	482a      	ldr	r0, [pc, #168]	; (100050e4 <process_get_descriptor+0xd8>)
1000503c:	f7ff f842 	bl	100040c4 <__wrap_printf>
10005040:	2000      	movs	r0, #0
10005042:	e03f      	b.n	100050c4 <process_get_descriptor+0xb8>
10005044:	f7ff f9b8 	bl	100043b8 <tud_descriptor_bos_cb>
10005048:	1e02      	subs	r2, r0, #0
1000504a:	d03c      	beq.n	100050c6 <process_get_descriptor+0xba>
1000504c:	7881      	ldrb	r1, [r0, #2]
1000504e:	78c3      	ldrb	r3, [r0, #3]
10005050:	021b      	lsls	r3, r3, #8
10005052:	430b      	orrs	r3, r1
10005054:	0021      	movs	r1, r4
10005056:	0028      	movs	r0, r5
10005058:	f000 fcf8 	bl	10005a4c <tud_control_xfer>
1000505c:	e032      	b.n	100050c4 <process_get_descriptor+0xb8>
1000505e:	2b02      	cmp	r3, #2
10005060:	d00c      	beq.n	1000507c <process_get_descriptor+0x70>
10005062:	f7ff ffd1 	bl	10005008 <tud_descriptor_other_speed_configuration_cb>
10005066:	1e02      	subs	r2, r0, #0
10005068:	d02f      	beq.n	100050ca <process_get_descriptor+0xbe>
1000506a:	7891      	ldrb	r1, [r2, #2]
1000506c:	78d3      	ldrb	r3, [r2, #3]
1000506e:	021b      	lsls	r3, r3, #8
10005070:	430b      	orrs	r3, r1
10005072:	0021      	movs	r1, r4
10005074:	0028      	movs	r0, r5
10005076:	f000 fce9 	bl	10005a4c <tud_control_xfer>
1000507a:	e023      	b.n	100050c4 <process_get_descriptor+0xb8>
1000507c:	f7ff fbf6 	bl	1000486c <tud_descriptor_configuration_cb>
10005080:	1e02      	subs	r2, r0, #0
10005082:	d1f2      	bne.n	1000506a <process_get_descriptor+0x5e>
10005084:	4a18      	ldr	r2, [pc, #96]	; (100050e8 <process_get_descriptor+0xdc>)
10005086:	4916      	ldr	r1, [pc, #88]	; (100050e0 <process_get_descriptor+0xd4>)
10005088:	4816      	ldr	r0, [pc, #88]	; (100050e4 <process_get_descriptor+0xd8>)
1000508a:	f7ff f81b 	bl	100040c4 <__wrap_printf>
1000508e:	2000      	movs	r0, #0
10005090:	e018      	b.n	100050c4 <process_get_descriptor+0xb8>
10005092:	7923      	ldrb	r3, [r4, #4]
10005094:	7961      	ldrb	r1, [r4, #5]
10005096:	0209      	lsls	r1, r1, #8
10005098:	4319      	orrs	r1, r3
1000509a:	f7ff fbeb 	bl	10004874 <tud_descriptor_string_cb>
1000509e:	1e02      	subs	r2, r0, #0
100050a0:	d015      	beq.n	100050ce <process_get_descriptor+0xc2>
100050a2:	7803      	ldrb	r3, [r0, #0]
100050a4:	0021      	movs	r1, r4
100050a6:	0028      	movs	r0, r5
100050a8:	f000 fcd0 	bl	10005a4c <tud_control_xfer>
100050ac:	e00a      	b.n	100050c4 <process_get_descriptor+0xb8>
100050ae:	f7ff ffa9 	bl	10005004 <tud_descriptor_device_qualifier_cb>
100050b2:	1e02      	subs	r2, r0, #0
100050b4:	d00d      	beq.n	100050d2 <process_get_descriptor+0xc6>
100050b6:	7803      	ldrb	r3, [r0, #0]
100050b8:	0021      	movs	r1, r4
100050ba:	0028      	movs	r0, r5
100050bc:	f000 fcc6 	bl	10005a4c <tud_control_xfer>
100050c0:	e000      	b.n	100050c4 <process_get_descriptor+0xb8>
100050c2:	2000      	movs	r0, #0
100050c4:	bd70      	pop	{r4, r5, r6, pc}
100050c6:	2000      	movs	r0, #0
100050c8:	e7fc      	b.n	100050c4 <process_get_descriptor+0xb8>
100050ca:	2000      	movs	r0, #0
100050cc:	e7fa      	b.n	100050c4 <process_get_descriptor+0xb8>
100050ce:	2000      	movs	r0, #0
100050d0:	e7f8      	b.n	100050c4 <process_get_descriptor+0xb8>
100050d2:	2000      	movs	r0, #0
100050d4:	e7f6      	b.n	100050c4 <process_get_descriptor+0xb8>
100050d6:	46c0      	nop			; (mov r8, r8)
100050d8:	10009d20 	.word	0x10009d20
100050dc:	0000042b 	.word	0x0000042b
100050e0:	10009e14 	.word	0x10009e14
100050e4:	10009d08 	.word	0x10009d08
100050e8:	00000452 	.word	0x00000452

100050ec <tud_mount_cb>:
100050ec:	4770      	bx	lr

100050ee <tud_umount_cb>:
100050ee:	4770      	bx	lr

100050f0 <tud_suspend_cb>:
100050f0:	4770      	bx	lr

100050f2 <tud_resume_cb>:
100050f2:	4770      	bx	lr

100050f4 <tud_mounted>:
100050f4:	4b02      	ldr	r3, [pc, #8]	; (10005100 <tud_mounted+0xc>)
100050f6:	7858      	ldrb	r0, [r3, #1]
100050f8:	1e43      	subs	r3, r0, #1
100050fa:	4198      	sbcs	r0, r3
100050fc:	b2c0      	uxtb	r0, r0
100050fe:	4770      	bx	lr
10005100:	20001bc8 	.word	0x20001bc8

10005104 <tud_suspended>:
10005104:	4b02      	ldr	r3, [pc, #8]	; (10005110 <tud_suspended+0xc>)
10005106:	7818      	ldrb	r0, [r3, #0]
10005108:	0740      	lsls	r0, r0, #29
1000510a:	0fc0      	lsrs	r0, r0, #31
1000510c:	4770      	bx	lr
1000510e:	46c0      	nop			; (mov r8, r8)
10005110:	20001bc8 	.word	0x20001bc8

10005114 <tud_inited>:
10005114:	4b03      	ldr	r3, [pc, #12]	; (10005124 <tud_inited+0x10>)
10005116:	7818      	ldrb	r0, [r3, #0]
10005118:	38ff      	subs	r0, #255	; 0xff
1000511a:	1e43      	subs	r3, r0, #1
1000511c:	4198      	sbcs	r0, r3
1000511e:	b2c0      	uxtb	r0, r0
10005120:	4770      	bx	lr
10005122:	46c0      	nop			; (mov r8, r8)
10005124:	20000e1c 	.word	0x20000e1c

10005128 <tud_init>:
10005128:	b570      	push	{r4, r5, r6, lr}
1000512a:	0005      	movs	r5, r0
1000512c:	f7ff fff2 	bl	10005114 <tud_inited>
10005130:	1e06      	subs	r6, r0, #0
10005132:	d001      	beq.n	10005138 <tud_init+0x10>
10005134:	0030      	movs	r0, r6
10005136:	bd70      	pop	{r4, r5, r6, pc}
10005138:	2254      	movs	r2, #84	; 0x54
1000513a:	2100      	movs	r1, #0
1000513c:	4824      	ldr	r0, [pc, #144]	; (100051d0 <tud_init+0xa8>)
1000513e:	f7fd fd7d 	bl	10002c3c <__wrap_memset>
10005142:	4b24      	ldr	r3, [pc, #144]	; (100051d4 <tud_init+0xac>)
10005144:	2200      	movs	r2, #0
10005146:	701a      	strb	r2, [r3, #0]
10005148:	4c23      	ldr	r4, [pc, #140]	; (100051d8 <tud_init+0xb0>)
1000514a:	0020      	movs	r0, r4
1000514c:	f7fb fe24 	bl	10000d98 <mutex_init>
10005150:	4b22      	ldr	r3, [pc, #136]	; (100051dc <tud_init+0xb4>)
10005152:	601c      	str	r4, [r3, #0]
10005154:	4c22      	ldr	r4, [pc, #136]	; (100051e0 <tud_init+0xb8>)
10005156:	0020      	movs	r0, r4
10005158:	3014      	adds	r0, #20
1000515a:	f7fb fe69 	bl	10000e30 <critical_section_init>
1000515e:	0020      	movs	r0, r4
10005160:	f001 ff0e 	bl	10006f80 <tu_fifo_clear>
10005164:	4b1f      	ldr	r3, [pc, #124]	; (100051e4 <tud_init+0xbc>)
10005166:	601c      	str	r4, [r3, #0]
10005168:	4b1f      	ldr	r3, [pc, #124]	; (100051e8 <tud_init+0xc0>)
1000516a:	2b00      	cmp	r3, #0
1000516c:	d004      	beq.n	10005178 <tud_init+0x50>
1000516e:	481f      	ldr	r0, [pc, #124]	; (100051ec <tud_init+0xc4>)
10005170:	f7ff f942 	bl	100043f8 <usbd_app_driver_get_cb>
10005174:	4b1e      	ldr	r3, [pc, #120]	; (100051f0 <tud_init+0xc8>)
10005176:	6018      	str	r0, [r3, #0]
10005178:	2400      	movs	r4, #0
1000517a:	e00b      	b.n	10005194 <tud_init+0x6c>
1000517c:	1ad2      	subs	r2, r2, r3
1000517e:	0152      	lsls	r2, r2, #5
10005180:	4b1c      	ldr	r3, [pc, #112]	; (100051f4 <tud_init+0xcc>)
10005182:	189b      	adds	r3, r3, r2
10005184:	2b00      	cmp	r3, #0
10005186:	d012      	beq.n	100051ae <tud_init+0x86>
10005188:	685b      	ldr	r3, [r3, #4]
1000518a:	2b00      	cmp	r3, #0
1000518c:	d00f      	beq.n	100051ae <tud_init+0x86>
1000518e:	4798      	blx	r3
10005190:	3401      	adds	r4, #1
10005192:	b2e4      	uxtb	r4, r4
10005194:	4b15      	ldr	r3, [pc, #84]	; (100051ec <tud_init+0xc4>)
10005196:	781b      	ldrb	r3, [r3, #0]
10005198:	1c59      	adds	r1, r3, #1
1000519a:	0022      	movs	r2, r4
1000519c:	42a1      	cmp	r1, r4
1000519e:	db0d      	blt.n	100051bc <tud_init+0x94>
100051a0:	42a3      	cmp	r3, r4
100051a2:	d9eb      	bls.n	1000517c <tud_init+0x54>
100051a4:	4b12      	ldr	r3, [pc, #72]	; (100051f0 <tud_init+0xc8>)
100051a6:	681b      	ldr	r3, [r3, #0]
100051a8:	0162      	lsls	r2, r4, #5
100051aa:	189b      	adds	r3, r3, r2
100051ac:	e7ea      	b.n	10005184 <tud_init+0x5c>
100051ae:	22f1      	movs	r2, #241	; 0xf1
100051b0:	0052      	lsls	r2, r2, #1
100051b2:	4911      	ldr	r1, [pc, #68]	; (100051f8 <tud_init+0xd0>)
100051b4:	4811      	ldr	r0, [pc, #68]	; (100051fc <tud_init+0xd4>)
100051b6:	f7fe ff85 	bl	100040c4 <__wrap_printf>
100051ba:	e7bb      	b.n	10005134 <tud_init+0xc>
100051bc:	4b10      	ldr	r3, [pc, #64]	; (10005200 <tud_init+0xd8>)
100051be:	701d      	strb	r5, [r3, #0]
100051c0:	0028      	movs	r0, r5
100051c2:	f7ff fccf 	bl	10004b64 <dcd_init>
100051c6:	0028      	movs	r0, r5
100051c8:	f7ff fc98 	bl	10004afc <dcd_int_enable>
100051cc:	2601      	movs	r6, #1
100051ce:	e7b1      	b.n	10005134 <tud_init+0xc>
100051d0:	20001bc8 	.word	0x20001bc8
100051d4:	20002807 	.word	0x20002807
100051d8:	20001b80 	.word	0x20001b80
100051dc:	20001c1c 	.word	0x20001c1c
100051e0:	20000e00 	.word	0x20000e00
100051e4:	20001c20 	.word	0x20001c20
100051e8:	100043f9 	.word	0x100043f9
100051ec:	20002805 	.word	0x20002805
100051f0:	2000189c 	.word	0x2000189c
100051f4:	10009e7c 	.word	0x10009e7c
100051f8:	10009dd8 	.word	0x10009dd8
100051fc:	10009d08 	.word	0x10009d08
10005200:	20000e1c 	.word	0x20000e1c

10005204 <usbd_edpt_open>:
10005204:	b570      	push	{r4, r5, r6, lr}
10005206:	000d      	movs	r5, r1
10005208:	4b10      	ldr	r3, [pc, #64]	; (1000524c <usbd_edpt_open+0x48>)
1000520a:	781e      	ldrb	r6, [r3, #0]
1000520c:	788b      	ldrb	r3, [r1, #2]
1000520e:	2270      	movs	r2, #112	; 0x70
10005210:	421a      	tst	r2, r3
10005212:	d10d      	bne.n	10005230 <usbd_edpt_open+0x2c>
10005214:	4b0e      	ldr	r3, [pc, #56]	; (10005250 <usbd_edpt_open+0x4c>)
10005216:	7899      	ldrb	r1, [r3, #2]
10005218:	0028      	movs	r0, r5
1000521a:	f001 fabf 	bl	1000679c <tu_edpt_validate>
1000521e:	1e04      	subs	r4, r0, #0
10005220:	d00d      	beq.n	1000523e <usbd_edpt_open+0x3a>
10005222:	0029      	movs	r1, r5
10005224:	0030      	movs	r0, r6
10005226:	f7ff fcf9 	bl	10004c1c <dcd_edpt_open>
1000522a:	0004      	movs	r4, r0
1000522c:	0020      	movs	r0, r4
1000522e:	bd70      	pop	{r4, r5, r6, pc}
10005230:	4a08      	ldr	r2, [pc, #32]	; (10005254 <usbd_edpt_open+0x50>)
10005232:	4909      	ldr	r1, [pc, #36]	; (10005258 <usbd_edpt_open+0x54>)
10005234:	4809      	ldr	r0, [pc, #36]	; (1000525c <usbd_edpt_open+0x58>)
10005236:	f7fe ff45 	bl	100040c4 <__wrap_printf>
1000523a:	2400      	movs	r4, #0
1000523c:	e7f6      	b.n	1000522c <usbd_edpt_open+0x28>
1000523e:	4a08      	ldr	r2, [pc, #32]	; (10005260 <usbd_edpt_open+0x5c>)
10005240:	4905      	ldr	r1, [pc, #20]	; (10005258 <usbd_edpt_open+0x54>)
10005242:	4806      	ldr	r0, [pc, #24]	; (1000525c <usbd_edpt_open+0x58>)
10005244:	f7fe ff3e 	bl	100040c4 <__wrap_printf>
10005248:	e7f0      	b.n	1000522c <usbd_edpt_open+0x28>
1000524a:	46c0      	nop			; (mov r8, r8)
1000524c:	20000e1c 	.word	0x20000e1c
10005250:	20001bc8 	.word	0x20001bc8
10005254:	000004fc 	.word	0x000004fc
10005258:	10009de4 	.word	0x10009de4
1000525c:	10009d08 	.word	0x10009d08
10005260:	000004fd 	.word	0x000004fd

10005264 <usbd_open_edpt_pair>:
10005264:	b5f0      	push	{r4, r5, r6, r7, lr}
10005266:	46d6      	mov	lr, sl
10005268:	464f      	mov	r7, r9
1000526a:	4646      	mov	r6, r8
1000526c:	b5c0      	push	{r6, r7, lr}
1000526e:	4681      	mov	r9, r0
10005270:	000c      	movs	r4, r1
10005272:	0017      	movs	r7, r2
10005274:	4698      	mov	r8, r3
10005276:	9b08      	ldr	r3, [sp, #32]
10005278:	469a      	mov	sl, r3
1000527a:	2500      	movs	r5, #0
1000527c:	e017      	b.n	100052ae <usbd_open_edpt_pair+0x4a>
1000527e:	229b      	movs	r2, #155	; 0x9b
10005280:	00d2      	lsls	r2, r2, #3
10005282:	4917      	ldr	r1, [pc, #92]	; (100052e0 <usbd_open_edpt_pair+0x7c>)
10005284:	4817      	ldr	r0, [pc, #92]	; (100052e4 <usbd_open_edpt_pair+0x80>)
10005286:	f7fe ff1d 	bl	100040c4 <__wrap_printf>
1000528a:	2600      	movs	r6, #0
1000528c:	0030      	movs	r0, r6
1000528e:	bce0      	pop	{r5, r6, r7}
10005290:	46ba      	mov	sl, r7
10005292:	46b1      	mov	r9, r6
10005294:	46a8      	mov	r8, r5
10005296:	bdf0      	pop	{r4, r5, r6, r7, pc}
10005298:	4a13      	ldr	r2, [pc, #76]	; (100052e8 <usbd_open_edpt_pair+0x84>)
1000529a:	4911      	ldr	r1, [pc, #68]	; (100052e0 <usbd_open_edpt_pair+0x7c>)
1000529c:	4811      	ldr	r0, [pc, #68]	; (100052e4 <usbd_open_edpt_pair+0x80>)
1000529e:	f7fe ff11 	bl	100040c4 <__wrap_printf>
100052a2:	e7f3      	b.n	1000528c <usbd_open_edpt_pair+0x28>
100052a4:	9a09      	ldr	r2, [sp, #36]	; 0x24
100052a6:	7013      	strb	r3, [r2, #0]
100052a8:	7823      	ldrb	r3, [r4, #0]
100052aa:	18e4      	adds	r4, r4, r3
100052ac:	3501      	adds	r5, #1
100052ae:	42af      	cmp	r7, r5
100052b0:	dd14      	ble.n	100052dc <usbd_open_edpt_pair+0x78>
100052b2:	7863      	ldrb	r3, [r4, #1]
100052b4:	2b05      	cmp	r3, #5
100052b6:	d1e2      	bne.n	1000527e <usbd_open_edpt_pair+0x1a>
100052b8:	78e1      	ldrb	r1, [r4, #3]
100052ba:	0789      	lsls	r1, r1, #30
100052bc:	0f89      	lsrs	r1, r1, #30
100052be:	4541      	cmp	r1, r8
100052c0:	d1dd      	bne.n	1000527e <usbd_open_edpt_pair+0x1a>
100052c2:	0021      	movs	r1, r4
100052c4:	4648      	mov	r0, r9
100052c6:	f7ff ff9d 	bl	10005204 <usbd_edpt_open>
100052ca:	1e06      	subs	r6, r0, #0
100052cc:	d0e4      	beq.n	10005298 <usbd_open_edpt_pair+0x34>
100052ce:	78a3      	ldrb	r3, [r4, #2]
100052d0:	09da      	lsrs	r2, r3, #7
100052d2:	2a01      	cmp	r2, #1
100052d4:	d0e6      	beq.n	100052a4 <usbd_open_edpt_pair+0x40>
100052d6:	4652      	mov	r2, sl
100052d8:	7013      	strb	r3, [r2, #0]
100052da:	e7e5      	b.n	100052a8 <usbd_open_edpt_pair+0x44>
100052dc:	2601      	movs	r6, #1
100052de:	e7d5      	b.n	1000528c <usbd_open_edpt_pair+0x28>
100052e0:	10009df4 	.word	0x10009df4
100052e4:	10009d08 	.word	0x10009d08
100052e8:	000004d9 	.word	0x000004d9

100052ec <usbd_edpt_claim>:
100052ec:	b510      	push	{r4, lr}
100052ee:	207f      	movs	r0, #127	; 0x7f
100052f0:	4008      	ands	r0, r1
100052f2:	09c9      	lsrs	r1, r1, #7
100052f4:	0040      	lsls	r0, r0, #1
100052f6:	1840      	adds	r0, r0, r1
100052f8:	3030      	adds	r0, #48	; 0x30
100052fa:	4904      	ldr	r1, [pc, #16]	; (1000530c <usbd_edpt_claim+0x20>)
100052fc:	1808      	adds	r0, r1, r0
100052fe:	3004      	adds	r0, #4
10005300:	4b03      	ldr	r3, [pc, #12]	; (10005310 <usbd_edpt_claim+0x24>)
10005302:	6819      	ldr	r1, [r3, #0]
10005304:	f001 fa04 	bl	10006710 <tu_edpt_claim>
10005308:	bd10      	pop	{r4, pc}
1000530a:	46c0      	nop			; (mov r8, r8)
1000530c:	20001bc8 	.word	0x20001bc8
10005310:	20001c1c 	.word	0x20001c1c

10005314 <usbd_edpt_release>:
10005314:	b510      	push	{r4, lr}
10005316:	207f      	movs	r0, #127	; 0x7f
10005318:	4008      	ands	r0, r1
1000531a:	09c9      	lsrs	r1, r1, #7
1000531c:	0040      	lsls	r0, r0, #1
1000531e:	1840      	adds	r0, r0, r1
10005320:	3030      	adds	r0, #48	; 0x30
10005322:	4904      	ldr	r1, [pc, #16]	; (10005334 <usbd_edpt_release+0x20>)
10005324:	1808      	adds	r0, r1, r0
10005326:	3004      	adds	r0, #4
10005328:	4b03      	ldr	r3, [pc, #12]	; (10005338 <usbd_edpt_release+0x24>)
1000532a:	6819      	ldr	r1, [r3, #0]
1000532c:	f001 fa18 	bl	10006760 <tu_edpt_release>
10005330:	bd10      	pop	{r4, pc}
10005332:	46c0      	nop			; (mov r8, r8)
10005334:	20001bc8 	.word	0x20001bc8
10005338:	20001c1c 	.word	0x20001c1c

1000533c <usbd_edpt_xfer>:
1000533c:	b5f0      	push	{r4, r5, r6, r7, lr}
1000533e:	46c6      	mov	lr, r8
10005340:	b500      	push	{lr}
10005342:	b082      	sub	sp, #8
10005344:	9301      	str	r3, [sp, #4]
10005346:	481a      	ldr	r0, [pc, #104]	; (100053b0 <usbd_edpt_xfer+0x74>)
10005348:	7800      	ldrb	r0, [r0, #0]
1000534a:	257f      	movs	r5, #127	; 0x7f
1000534c:	400d      	ands	r5, r1
1000534e:	09ce      	lsrs	r6, r1, #7
10005350:	006f      	lsls	r7, r5, #1
10005352:	4c18      	ldr	r4, [pc, #96]	; (100053b4 <usbd_edpt_xfer+0x78>)
10005354:	19e4      	adds	r4, r4, r7
10005356:	19a4      	adds	r4, r4, r6
10005358:	3430      	adds	r4, #48	; 0x30
1000535a:	7924      	ldrb	r4, [r4, #4]
1000535c:	07e4      	lsls	r4, r4, #31
1000535e:	d41d      	bmi.n	1000539c <usbd_edpt_xfer+0x60>
10005360:	006f      	lsls	r7, r5, #1
10005362:	4c14      	ldr	r4, [pc, #80]	; (100053b4 <usbd_edpt_xfer+0x78>)
10005364:	19e4      	adds	r4, r4, r7
10005366:	19a4      	adds	r4, r4, r6
10005368:	3430      	adds	r4, #48	; 0x30
1000536a:	7923      	ldrb	r3, [r4, #4]
1000536c:	2701      	movs	r7, #1
1000536e:	46bc      	mov	ip, r7
10005370:	4667      	mov	r7, ip
10005372:	433b      	orrs	r3, r7
10005374:	7123      	strb	r3, [r4, #4]
10005376:	9b01      	ldr	r3, [sp, #4]
10005378:	f7ff fc74 	bl	10004c64 <dcd_edpt_xfer>
1000537c:	2800      	cmp	r0, #0
1000537e:	d113      	bne.n	100053a8 <usbd_edpt_xfer+0x6c>
10005380:	006d      	lsls	r5, r5, #1
10005382:	4b0c      	ldr	r3, [pc, #48]	; (100053b4 <usbd_edpt_xfer+0x78>)
10005384:	195d      	adds	r5, r3, r5
10005386:	19ae      	adds	r6, r5, r6
10005388:	3630      	adds	r6, #48	; 0x30
1000538a:	7933      	ldrb	r3, [r6, #4]
1000538c:	2201      	movs	r2, #1
1000538e:	4393      	bics	r3, r2
10005390:	7133      	strb	r3, [r6, #4]
10005392:	7933      	ldrb	r3, [r6, #4]
10005394:	3203      	adds	r2, #3
10005396:	4393      	bics	r3, r2
10005398:	7133      	strb	r3, [r6, #4]
1000539a:	e005      	b.n	100053a8 <usbd_edpt_xfer+0x6c>
1000539c:	4a06      	ldr	r2, [pc, #24]	; (100053b8 <usbd_edpt_xfer+0x7c>)
1000539e:	4907      	ldr	r1, [pc, #28]	; (100053bc <usbd_edpt_xfer+0x80>)
100053a0:	4807      	ldr	r0, [pc, #28]	; (100053c0 <usbd_edpt_xfer+0x84>)
100053a2:	f7fe fe8f 	bl	100040c4 <__wrap_printf>
100053a6:	2000      	movs	r0, #0
100053a8:	b002      	add	sp, #8
100053aa:	bc80      	pop	{r7}
100053ac:	46b8      	mov	r8, r7
100053ae:	bdf0      	pop	{r4, r5, r6, r7, pc}
100053b0:	20000e1c 	.word	0x20000e1c
100053b4:	20001bc8 	.word	0x20001bc8
100053b8:	0000052a 	.word	0x0000052a
100053bc:	10009dc8 	.word	0x10009dc8
100053c0:	10009d08 	.word	0x10009d08

100053c4 <usbd_edpt_stall>:
100053c4:	b570      	push	{r4, r5, r6, lr}
100053c6:	4b0a      	ldr	r3, [pc, #40]	; (100053f0 <usbd_edpt_stall+0x2c>)
100053c8:	7818      	ldrb	r0, [r3, #0]
100053ca:	247f      	movs	r4, #127	; 0x7f
100053cc:	400c      	ands	r4, r1
100053ce:	09cd      	lsrs	r5, r1, #7
100053d0:	f7ff fc60 	bl	10004c94 <dcd_edpt_stall>
100053d4:	0064      	lsls	r4, r4, #1
100053d6:	4b07      	ldr	r3, [pc, #28]	; (100053f4 <usbd_edpt_stall+0x30>)
100053d8:	191b      	adds	r3, r3, r4
100053da:	195b      	adds	r3, r3, r5
100053dc:	3330      	adds	r3, #48	; 0x30
100053de:	791a      	ldrb	r2, [r3, #4]
100053e0:	2102      	movs	r1, #2
100053e2:	430a      	orrs	r2, r1
100053e4:	711a      	strb	r2, [r3, #4]
100053e6:	791a      	ldrb	r2, [r3, #4]
100053e8:	2101      	movs	r1, #1
100053ea:	430a      	orrs	r2, r1
100053ec:	711a      	strb	r2, [r3, #4]
100053ee:	bd70      	pop	{r4, r5, r6, pc}
100053f0:	20000e1c 	.word	0x20000e1c
100053f4:	20001bc8 	.word	0x20001bc8

100053f8 <usbd_edpt_clear_stall>:
100053f8:	b570      	push	{r4, r5, r6, lr}
100053fa:	4b0a      	ldr	r3, [pc, #40]	; (10005424 <usbd_edpt_clear_stall+0x2c>)
100053fc:	7818      	ldrb	r0, [r3, #0]
100053fe:	247f      	movs	r4, #127	; 0x7f
10005400:	400c      	ands	r4, r1
10005402:	09cd      	lsrs	r5, r1, #7
10005404:	f7ff fc64 	bl	10004cd0 <dcd_edpt_clear_stall>
10005408:	0064      	lsls	r4, r4, #1
1000540a:	4b07      	ldr	r3, [pc, #28]	; (10005428 <usbd_edpt_clear_stall+0x30>)
1000540c:	191b      	adds	r3, r3, r4
1000540e:	195b      	adds	r3, r3, r5
10005410:	3330      	adds	r3, #48	; 0x30
10005412:	791a      	ldrb	r2, [r3, #4]
10005414:	2102      	movs	r1, #2
10005416:	438a      	bics	r2, r1
10005418:	711a      	strb	r2, [r3, #4]
1000541a:	791a      	ldrb	r2, [r3, #4]
1000541c:	3901      	subs	r1, #1
1000541e:	438a      	bics	r2, r1
10005420:	711a      	strb	r2, [r3, #4]
10005422:	bd70      	pop	{r4, r5, r6, pc}
10005424:	20000e1c 	.word	0x20000e1c
10005428:	20001bc8 	.word	0x20001bc8

1000542c <usbd_edpt_stalled>:
1000542c:	227f      	movs	r2, #127	; 0x7f
1000542e:	400a      	ands	r2, r1
10005430:	09cb      	lsrs	r3, r1, #7
10005432:	0052      	lsls	r2, r2, #1
10005434:	4903      	ldr	r1, [pc, #12]	; (10005444 <usbd_edpt_stalled+0x18>)
10005436:	1889      	adds	r1, r1, r2
10005438:	18c9      	adds	r1, r1, r3
1000543a:	3130      	adds	r1, #48	; 0x30
1000543c:	7908      	ldrb	r0, [r1, #4]
1000543e:	0780      	lsls	r0, r0, #30
10005440:	0fc0      	lsrs	r0, r0, #31
10005442:	4770      	bx	lr
10005444:	20001bc8 	.word	0x20001bc8

10005448 <process_control_request>:
10005448:	b5f0      	push	{r4, r5, r6, r7, lr}
1000544a:	46c6      	mov	lr, r8
1000544c:	b500      	push	{lr}
1000544e:	b082      	sub	sp, #8
10005450:	0004      	movs	r4, r0
10005452:	000d      	movs	r5, r1
10005454:	2000      	movs	r0, #0
10005456:	f000 fb57 	bl	10005b08 <usbd_control_set_complete_callback>
1000545a:	782b      	ldrb	r3, [r5, #0]
1000545c:	2260      	movs	r2, #96	; 0x60
1000545e:	401a      	ands	r2, r3
10005460:	2a60      	cmp	r2, #96	; 0x60
10005462:	d012      	beq.n	1000548a <process_control_request+0x42>
10005464:	2a40      	cmp	r2, #64	; 0x40
10005466:	d017      	beq.n	10005498 <process_control_request+0x50>
10005468:	782b      	ldrb	r3, [r5, #0]
1000546a:	06db      	lsls	r3, r3, #27
1000546c:	0edb      	lsrs	r3, r3, #27
1000546e:	2b01      	cmp	r3, #1
10005470:	d100      	bne.n	10005474 <process_control_request+0x2c>
10005472:	e0da      	b.n	1000562a <process_control_request+0x1e2>
10005474:	2b02      	cmp	r3, #2
10005476:	d100      	bne.n	1000547a <process_control_request+0x32>
10005478:	e11a      	b.n	100056b0 <process_control_request+0x268>
1000547a:	2b00      	cmp	r3, #0
1000547c:	d016      	beq.n	100054ac <process_control_request+0x64>
1000547e:	2600      	movs	r6, #0
10005480:	0030      	movs	r0, r6
10005482:	b002      	add	sp, #8
10005484:	bc80      	pop	{r7}
10005486:	46b8      	mov	r8, r7
10005488:	bdf0      	pop	{r4, r5, r6, r7, pc}
1000548a:	4ac9      	ldr	r2, [pc, #804]	; (100057b0 <process_control_request+0x368>)
1000548c:	49c9      	ldr	r1, [pc, #804]	; (100057b4 <process_control_request+0x36c>)
1000548e:	48ca      	ldr	r0, [pc, #808]	; (100057b8 <process_control_request+0x370>)
10005490:	f7fe fe18 	bl	100040c4 <__wrap_printf>
10005494:	2600      	movs	r6, #0
10005496:	e7f3      	b.n	10005480 <process_control_request+0x38>
10005498:	48c8      	ldr	r0, [pc, #800]	; (100057bc <process_control_request+0x374>)
1000549a:	f000 fb35 	bl	10005b08 <usbd_control_set_complete_callback>
1000549e:	002a      	movs	r2, r5
100054a0:	2101      	movs	r1, #1
100054a2:	0020      	movs	r0, r4
100054a4:	f7fe ff8c 	bl	100043c0 <tud_vendor_control_xfer_cb>
100054a8:	0006      	movs	r6, r0
100054aa:	e7e9      	b.n	10005480 <process_control_request+0x38>
100054ac:	2a20      	cmp	r2, #32
100054ae:	d00a      	beq.n	100054c6 <process_control_request+0x7e>
100054b0:	2a00      	cmp	r2, #0
100054b2:	d000      	beq.n	100054b6 <process_control_request+0x6e>
100054b4:	e16e      	b.n	10005794 <process_control_request+0x34c>
100054b6:	786b      	ldrb	r3, [r5, #1]
100054b8:	2b09      	cmp	r3, #9
100054ba:	d900      	bls.n	100054be <process_control_request+0x76>
100054bc:	e16c      	b.n	10005798 <process_control_request+0x350>
100054be:	009b      	lsls	r3, r3, #2
100054c0:	4abf      	ldr	r2, [pc, #764]	; (100057c0 <process_control_request+0x378>)
100054c2:	58d3      	ldr	r3, [r2, r3]
100054c4:	469f      	mov	pc, r3
100054c6:	792b      	ldrb	r3, [r5, #4]
100054c8:	2b0f      	cmp	r3, #15
100054ca:	d900      	bls.n	100054ce <process_control_request+0x86>
100054cc:	e15c      	b.n	10005788 <process_control_request+0x340>
100054ce:	4abd      	ldr	r2, [pc, #756]	; (100057c4 <process_control_request+0x37c>)
100054d0:	18d3      	adds	r3, r2, r3
100054d2:	791b      	ldrb	r3, [r3, #4]
100054d4:	4abc      	ldr	r2, [pc, #752]	; (100057c8 <process_control_request+0x380>)
100054d6:	7811      	ldrb	r1, [r2, #0]
100054d8:	428b      	cmp	r3, r1
100054da:	d20c      	bcs.n	100054f6 <process_control_request+0xae>
100054dc:	4abb      	ldr	r2, [pc, #748]	; (100057cc <process_control_request+0x384>)
100054de:	6812      	ldr	r2, [r2, #0]
100054e0:	0159      	lsls	r1, r3, #5
100054e2:	1851      	adds	r1, r2, r1
100054e4:	2900      	cmp	r1, #0
100054e6:	d100      	bne.n	100054ea <process_control_request+0xa2>
100054e8:	e152      	b.n	10005790 <process_control_request+0x348>
100054ea:	002a      	movs	r2, r5
100054ec:	0020      	movs	r0, r4
100054ee:	f7ff fcab 	bl	10004e48 <invoke_class_control>
100054f2:	0006      	movs	r6, r0
100054f4:	e7c4      	b.n	10005480 <process_control_request+0x38>
100054f6:	1c4a      	adds	r2, r1, #1
100054f8:	429a      	cmp	r2, r3
100054fa:	da00      	bge.n	100054fe <process_control_request+0xb6>
100054fc:	e146      	b.n	1000578c <process_control_request+0x344>
100054fe:	1a59      	subs	r1, r3, r1
10005500:	0149      	lsls	r1, r1, #5
10005502:	4bb3      	ldr	r3, [pc, #716]	; (100057d0 <process_control_request+0x388>)
10005504:	1859      	adds	r1, r3, r1
10005506:	e7ed      	b.n	100054e4 <process_control_request+0x9c>
10005508:	0028      	movs	r0, r5
1000550a:	f000 fb03 	bl	10005b14 <usbd_control_set_request>
1000550e:	78a9      	ldrb	r1, [r5, #2]
10005510:	0020      	movs	r0, r4
10005512:	f7ff fb09 	bl	10004b28 <dcd_set_address>
10005516:	4aab      	ldr	r2, [pc, #684]	; (100057c4 <process_control_request+0x37c>)
10005518:	7813      	ldrb	r3, [r2, #0]
1000551a:	2102      	movs	r1, #2
1000551c:	430b      	orrs	r3, r1
1000551e:	7013      	strb	r3, [r2, #0]
10005520:	2601      	movs	r6, #1
10005522:	e7ad      	b.n	10005480 <process_control_request+0x38>
10005524:	4ba7      	ldr	r3, [pc, #668]	; (100057c4 <process_control_request+0x37c>)
10005526:	785b      	ldrb	r3, [r3, #1]
10005528:	466a      	mov	r2, sp
1000552a:	3206      	adds	r2, #6
1000552c:	7013      	strb	r3, [r2, #0]
1000552e:	2301      	movs	r3, #1
10005530:	0029      	movs	r1, r5
10005532:	0020      	movs	r0, r4
10005534:	f000 fa8a 	bl	10005a4c <tud_control_xfer>
10005538:	2601      	movs	r6, #1
1000553a:	e7a1      	b.n	10005480 <process_control_request+0x38>
1000553c:	78ae      	ldrb	r6, [r5, #2]
1000553e:	4ba1      	ldr	r3, [pc, #644]	; (100057c4 <process_control_request+0x37c>)
10005540:	785b      	ldrb	r3, [r3, #1]
10005542:	b2db      	uxtb	r3, r3
10005544:	42b3      	cmp	r3, r6
10005546:	d02b      	beq.n	100055a0 <process_control_request+0x158>
10005548:	4b9e      	ldr	r3, [pc, #632]	; (100057c4 <process_control_request+0x37c>)
1000554a:	785b      	ldrb	r3, [r3, #1]
1000554c:	2b00      	cmp	r3, #0
1000554e:	d10c      	bne.n	1000556a <process_control_request+0x122>
10005550:	4b9c      	ldr	r3, [pc, #624]	; (100057c4 <process_control_request+0x37c>)
10005552:	705e      	strb	r6, [r3, #1]
10005554:	2e00      	cmp	r6, #0
10005556:	d021      	beq.n	1000559c <process_control_request+0x154>
10005558:	0031      	movs	r1, r6
1000555a:	0020      	movs	r0, r4
1000555c:	f7ff fc82 	bl	10004e64 <process_set_config>
10005560:	1e06      	subs	r6, r0, #0
10005562:	d012      	beq.n	1000558a <process_control_request+0x142>
10005564:	f7ff fdc2 	bl	100050ec <tud_mount_cb>
10005568:	e01a      	b.n	100055a0 <process_control_request+0x158>
1000556a:	2100      	movs	r1, #0
1000556c:	0020      	movs	r0, r4
1000556e:	f7ff fb39 	bl	10004be4 <dcd_sof_enable>
10005572:	0020      	movs	r0, r4
10005574:	f7ff fb72 	bl	10004c5c <dcd_edpt_close_all>
10005578:	4f92      	ldr	r7, [pc, #584]	; (100057c4 <process_control_request+0x37c>)
1000557a:	78bb      	ldrb	r3, [r7, #2]
1000557c:	4698      	mov	r8, r3
1000557e:	0020      	movs	r0, r4
10005580:	f7ff fc1a 	bl	10004db8 <configuration_reset>
10005584:	4643      	mov	r3, r8
10005586:	70bb      	strb	r3, [r7, #2]
10005588:	e7e2      	b.n	10005550 <process_control_request+0x108>
1000558a:	4a92      	ldr	r2, [pc, #584]	; (100057d4 <process_control_request+0x38c>)
1000558c:	4989      	ldr	r1, [pc, #548]	; (100057b4 <process_control_request+0x36c>)
1000558e:	488a      	ldr	r0, [pc, #552]	; (100057b8 <process_control_request+0x370>)
10005590:	f7fe fd98 	bl	100040c4 <__wrap_printf>
10005594:	4b8b      	ldr	r3, [pc, #556]	; (100057c4 <process_control_request+0x37c>)
10005596:	2200      	movs	r2, #0
10005598:	705a      	strb	r2, [r3, #1]
1000559a:	e771      	b.n	10005480 <process_control_request+0x38>
1000559c:	f7ff fda7 	bl	100050ee <tud_umount_cb>
100055a0:	0029      	movs	r1, r5
100055a2:	0020      	movs	r0, r4
100055a4:	f000 fa36 	bl	10005a14 <tud_control_status>
100055a8:	2601      	movs	r6, #1
100055aa:	e769      	b.n	10005480 <process_control_request+0x38>
100055ac:	0029      	movs	r1, r5
100055ae:	0020      	movs	r0, r4
100055b0:	f7ff fd2c 	bl	1000500c <process_get_descriptor>
100055b4:	0006      	movs	r6, r0
100055b6:	e763      	b.n	10005480 <process_control_request+0x38>
100055b8:	78a9      	ldrb	r1, [r5, #2]
100055ba:	78eb      	ldrb	r3, [r5, #3]
100055bc:	021b      	lsls	r3, r3, #8
100055be:	430b      	orrs	r3, r1
100055c0:	2b01      	cmp	r3, #1
100055c2:	d001      	beq.n	100055c8 <process_control_request+0x180>
100055c4:	2600      	movs	r6, #0
100055c6:	e75b      	b.n	10005480 <process_control_request+0x38>
100055c8:	4a7e      	ldr	r2, [pc, #504]	; (100057c4 <process_control_request+0x37c>)
100055ca:	7813      	ldrb	r3, [r2, #0]
100055cc:	2108      	movs	r1, #8
100055ce:	430b      	orrs	r3, r1
100055d0:	7013      	strb	r3, [r2, #0]
100055d2:	0029      	movs	r1, r5
100055d4:	0020      	movs	r0, r4
100055d6:	f000 fa1d 	bl	10005a14 <tud_control_status>
100055da:	2601      	movs	r6, #1
100055dc:	e750      	b.n	10005480 <process_control_request+0x38>
100055de:	78a9      	ldrb	r1, [r5, #2]
100055e0:	78eb      	ldrb	r3, [r5, #3]
100055e2:	021b      	lsls	r3, r3, #8
100055e4:	430b      	orrs	r3, r1
100055e6:	2b01      	cmp	r3, #1
100055e8:	d001      	beq.n	100055ee <process_control_request+0x1a6>
100055ea:	2600      	movs	r6, #0
100055ec:	e748      	b.n	10005480 <process_control_request+0x38>
100055ee:	4a75      	ldr	r2, [pc, #468]	; (100057c4 <process_control_request+0x37c>)
100055f0:	7813      	ldrb	r3, [r2, #0]
100055f2:	2108      	movs	r1, #8
100055f4:	438b      	bics	r3, r1
100055f6:	7013      	strb	r3, [r2, #0]
100055f8:	0029      	movs	r1, r5
100055fa:	0020      	movs	r0, r4
100055fc:	f000 fa0a 	bl	10005a14 <tud_control_status>
10005600:	2601      	movs	r6, #1
10005602:	e73d      	b.n	10005480 <process_control_request+0x38>
10005604:	4b6f      	ldr	r3, [pc, #444]	; (100057c4 <process_control_request+0x37c>)
10005606:	781a      	ldrb	r2, [r3, #0]
10005608:	0951      	lsrs	r1, r2, #5
1000560a:	0892      	lsrs	r2, r2, #2
1000560c:	2301      	movs	r3, #1
1000560e:	400b      	ands	r3, r1
10005610:	2102      	movs	r1, #2
10005612:	400a      	ands	r2, r1
10005614:	4313      	orrs	r3, r2
10005616:	466a      	mov	r2, sp
10005618:	3206      	adds	r2, #6
1000561a:	8013      	strh	r3, [r2, #0]
1000561c:	2302      	movs	r3, #2
1000561e:	0029      	movs	r1, r5
10005620:	0020      	movs	r0, r4
10005622:	f000 fa13 	bl	10005a4c <tud_control_xfer>
10005626:	2601      	movs	r6, #1
10005628:	e72a      	b.n	10005480 <process_control_request+0x38>
1000562a:	792b      	ldrb	r3, [r5, #4]
1000562c:	2b0f      	cmp	r3, #15
1000562e:	d900      	bls.n	10005632 <process_control_request+0x1ea>
10005630:	e0b4      	b.n	1000579c <process_control_request+0x354>
10005632:	4a64      	ldr	r2, [pc, #400]	; (100057c4 <process_control_request+0x37c>)
10005634:	18d3      	adds	r3, r2, r3
10005636:	791b      	ldrb	r3, [r3, #4]
10005638:	4a63      	ldr	r2, [pc, #396]	; (100057c8 <process_control_request+0x380>)
1000563a:	7811      	ldrb	r1, [r2, #0]
1000563c:	428b      	cmp	r3, r1
1000563e:	d223      	bcs.n	10005688 <process_control_request+0x240>
10005640:	4a62      	ldr	r2, [pc, #392]	; (100057cc <process_control_request+0x384>)
10005642:	6812      	ldr	r2, [r2, #0]
10005644:	0159      	lsls	r1, r3, #5
10005646:	1851      	adds	r1, r2, r1
10005648:	2900      	cmp	r1, #0
1000564a:	d100      	bne.n	1000564e <process_control_request+0x206>
1000564c:	e0aa      	b.n	100057a4 <process_control_request+0x35c>
1000564e:	002a      	movs	r2, r5
10005650:	0020      	movs	r0, r4
10005652:	f7ff fbf9 	bl	10004e48 <invoke_class_control>
10005656:	1e06      	subs	r6, r0, #0
10005658:	d000      	beq.n	1000565c <process_control_request+0x214>
1000565a:	e711      	b.n	10005480 <process_control_request+0x38>
1000565c:	782b      	ldrb	r3, [r5, #0]
1000565e:	2260      	movs	r2, #96	; 0x60
10005660:	421a      	tst	r2, r3
10005662:	d000      	beq.n	10005666 <process_control_request+0x21e>
10005664:	e70c      	b.n	10005480 <process_control_request+0x38>
10005666:	786b      	ldrb	r3, [r5, #1]
10005668:	3b0a      	subs	r3, #10
1000566a:	2b01      	cmp	r3, #1
1000566c:	d900      	bls.n	10005670 <process_control_request+0x228>
1000566e:	e707      	b.n	10005480 <process_control_request+0x38>
10005670:	2000      	movs	r0, #0
10005672:	f000 fa49 	bl	10005b08 <usbd_control_set_complete_callback>
10005676:	786b      	ldrb	r3, [r5, #1]
10005678:	2b0a      	cmp	r3, #10
1000567a:	d00e      	beq.n	1000569a <process_control_request+0x252>
1000567c:	0029      	movs	r1, r5
1000567e:	0020      	movs	r0, r4
10005680:	f000 f9c8 	bl	10005a14 <tud_control_status>
10005684:	2601      	movs	r6, #1
10005686:	e6fb      	b.n	10005480 <process_control_request+0x38>
10005688:	1c4a      	adds	r2, r1, #1
1000568a:	429a      	cmp	r2, r3
1000568c:	da00      	bge.n	10005690 <process_control_request+0x248>
1000568e:	e087      	b.n	100057a0 <process_control_request+0x358>
10005690:	1a59      	subs	r1, r3, r1
10005692:	0149      	lsls	r1, r1, #5
10005694:	4b4e      	ldr	r3, [pc, #312]	; (100057d0 <process_control_request+0x388>)
10005696:	1859      	adds	r1, r3, r1
10005698:	e7d6      	b.n	10005648 <process_control_request+0x200>
1000569a:	466b      	mov	r3, sp
1000569c:	1d9a      	adds	r2, r3, #6
1000569e:	2300      	movs	r3, #0
100056a0:	7013      	strb	r3, [r2, #0]
100056a2:	3301      	adds	r3, #1
100056a4:	0029      	movs	r1, r5
100056a6:	0020      	movs	r0, r4
100056a8:	f000 f9d0 	bl	10005a4c <tud_control_xfer>
100056ac:	3601      	adds	r6, #1
100056ae:	e6e7      	b.n	10005480 <process_control_request+0x38>
100056b0:	7929      	ldrb	r1, [r5, #4]
100056b2:	237f      	movs	r3, #127	; 0x7f
100056b4:	400b      	ands	r3, r1
100056b6:	09ce      	lsrs	r6, r1, #7
100056b8:	2070      	movs	r0, #112	; 0x70
100056ba:	4208      	tst	r0, r1
100056bc:	d117      	bne.n	100056ee <process_control_request+0x2a6>
100056be:	005b      	lsls	r3, r3, #1
100056c0:	4840      	ldr	r0, [pc, #256]	; (100057c4 <process_control_request+0x37c>)
100056c2:	18c3      	adds	r3, r0, r3
100056c4:	199b      	adds	r3, r3, r6
100056c6:	7d1b      	ldrb	r3, [r3, #20]
100056c8:	483f      	ldr	r0, [pc, #252]	; (100057c8 <process_control_request+0x380>)
100056ca:	7800      	ldrb	r0, [r0, #0]
100056cc:	4283      	cmp	r3, r0
100056ce:	d215      	bcs.n	100056fc <process_control_request+0x2b4>
100056d0:	483e      	ldr	r0, [pc, #248]	; (100057cc <process_control_request+0x384>)
100056d2:	6806      	ldr	r6, [r0, #0]
100056d4:	015b      	lsls	r3, r3, #5
100056d6:	18f6      	adds	r6, r6, r3
100056d8:	2a00      	cmp	r2, #0
100056da:	d019      	beq.n	10005710 <process_control_request+0x2c8>
100056dc:	2e00      	cmp	r6, #0
100056de:	d063      	beq.n	100057a8 <process_control_request+0x360>
100056e0:	002a      	movs	r2, r5
100056e2:	0031      	movs	r1, r6
100056e4:	0020      	movs	r0, r4
100056e6:	f7ff fbaf 	bl	10004e48 <invoke_class_control>
100056ea:	0006      	movs	r6, r0
100056ec:	e6c8      	b.n	10005480 <process_control_request+0x38>
100056ee:	4a3a      	ldr	r2, [pc, #232]	; (100057d8 <process_control_request+0x390>)
100056f0:	4930      	ldr	r1, [pc, #192]	; (100057b4 <process_control_request+0x36c>)
100056f2:	4831      	ldr	r0, [pc, #196]	; (100057b8 <process_control_request+0x370>)
100056f4:	f7fe fce6 	bl	100040c4 <__wrap_printf>
100056f8:	2600      	movs	r6, #0
100056fa:	e6c1      	b.n	10005480 <process_control_request+0x38>
100056fc:	1c46      	adds	r6, r0, #1
100056fe:	429e      	cmp	r6, r3
10005700:	db04      	blt.n	1000570c <process_control_request+0x2c4>
10005702:	1a1b      	subs	r3, r3, r0
10005704:	015b      	lsls	r3, r3, #5
10005706:	4e32      	ldr	r6, [pc, #200]	; (100057d0 <process_control_request+0x388>)
10005708:	18f6      	adds	r6, r6, r3
1000570a:	e7e5      	b.n	100056d8 <process_control_request+0x290>
1000570c:	2600      	movs	r6, #0
1000570e:	e7e3      	b.n	100056d8 <process_control_request+0x290>
10005710:	786a      	ldrb	r2, [r5, #1]
10005712:	2a01      	cmp	r2, #1
10005714:	d012      	beq.n	1000573c <process_control_request+0x2f4>
10005716:	2a03      	cmp	r2, #3
10005718:	d010      	beq.n	1000573c <process_control_request+0x2f4>
1000571a:	2a00      	cmp	r2, #0
1000571c:	d001      	beq.n	10005722 <process_control_request+0x2da>
1000571e:	2600      	movs	r6, #0
10005720:	e6ae      	b.n	10005480 <process_control_request+0x38>
10005722:	0020      	movs	r0, r4
10005724:	f7ff fe82 	bl	1000542c <usbd_edpt_stalled>
10005728:	466b      	mov	r3, sp
1000572a:	1d9a      	adds	r2, r3, #6
1000572c:	8010      	strh	r0, [r2, #0]
1000572e:	2302      	movs	r3, #2
10005730:	0029      	movs	r1, r5
10005732:	0020      	movs	r0, r4
10005734:	f000 f98a 	bl	10005a4c <tud_control_xfer>
10005738:	2601      	movs	r6, #1
1000573a:	e6a1      	b.n	10005480 <process_control_request+0x38>
1000573c:	78a8      	ldrb	r0, [r5, #2]
1000573e:	78eb      	ldrb	r3, [r5, #3]
10005740:	021b      	lsls	r3, r3, #8
10005742:	4303      	orrs	r3, r0
10005744:	d104      	bne.n	10005750 <process_control_request+0x308>
10005746:	2a01      	cmp	r2, #1
10005748:	d01a      	beq.n	10005780 <process_control_request+0x338>
1000574a:	0020      	movs	r0, r4
1000574c:	f7ff fe3a 	bl	100053c4 <usbd_edpt_stall>
10005750:	2e00      	cmp	r6, #0
10005752:	d02b      	beq.n	100057ac <process_control_request+0x364>
10005754:	002a      	movs	r2, r5
10005756:	0031      	movs	r1, r6
10005758:	0020      	movs	r0, r4
1000575a:	f7ff fb75 	bl	10004e48 <invoke_class_control>
1000575e:	2000      	movs	r0, #0
10005760:	f000 f9d2 	bl	10005b08 <usbd_control_set_complete_callback>
10005764:	4a17      	ldr	r2, [pc, #92]	; (100057c4 <process_control_request+0x37c>)
10005766:	2335      	movs	r3, #53	; 0x35
10005768:	5cd3      	ldrb	r3, [r2, r3]
1000576a:	07db      	lsls	r3, r3, #31
1000576c:	0fde      	lsrs	r6, r3, #31
1000576e:	2b00      	cmp	r3, #0
10005770:	d000      	beq.n	10005774 <process_control_request+0x32c>
10005772:	e685      	b.n	10005480 <process_control_request+0x38>
10005774:	0029      	movs	r1, r5
10005776:	0020      	movs	r0, r4
10005778:	f000 f94c 	bl	10005a14 <tud_control_status>
1000577c:	2601      	movs	r6, #1
1000577e:	e67f      	b.n	10005480 <process_control_request+0x38>
10005780:	0020      	movs	r0, r4
10005782:	f7ff fe39 	bl	100053f8 <usbd_edpt_clear_stall>
10005786:	e7e3      	b.n	10005750 <process_control_request+0x308>
10005788:	2600      	movs	r6, #0
1000578a:	e679      	b.n	10005480 <process_control_request+0x38>
1000578c:	2600      	movs	r6, #0
1000578e:	e677      	b.n	10005480 <process_control_request+0x38>
10005790:	2600      	movs	r6, #0
10005792:	e675      	b.n	10005480 <process_control_request+0x38>
10005794:	2600      	movs	r6, #0
10005796:	e673      	b.n	10005480 <process_control_request+0x38>
10005798:	2600      	movs	r6, #0
1000579a:	e671      	b.n	10005480 <process_control_request+0x38>
1000579c:	2600      	movs	r6, #0
1000579e:	e66f      	b.n	10005480 <process_control_request+0x38>
100057a0:	2600      	movs	r6, #0
100057a2:	e66d      	b.n	10005480 <process_control_request+0x38>
100057a4:	2600      	movs	r6, #0
100057a6:	e66b      	b.n	10005480 <process_control_request+0x38>
100057a8:	2600      	movs	r6, #0
100057aa:	e669      	b.n	10005480 <process_control_request+0x38>
100057ac:	2601      	movs	r6, #1
100057ae:	e667      	b.n	10005480 <process_control_request+0x38>
100057b0:	000002c5 	.word	0x000002c5
100057b4:	10009e40 	.word	0x10009e40
100057b8:	10009d08 	.word	0x10009d08
100057bc:	100043c1 	.word	0x100043c1
100057c0:	10009d7c 	.word	0x10009d7c
100057c4:	20001bc8 	.word	0x20001bc8
100057c8:	20002805 	.word	0x20002805
100057cc:	2000189c 	.word	0x2000189c
100057d0:	10009e7c 	.word	0x10009e7c
100057d4:	00000315 	.word	0x00000315
100057d8:	00000386 	.word	0x00000386

100057dc <tud_task_ext>:
100057dc:	b530      	push	{r4, r5, lr}
100057de:	b085      	sub	sp, #20
100057e0:	f7ff fc98 	bl	10005114 <tud_inited>
100057e4:	2800      	cmp	r0, #0
100057e6:	d108      	bne.n	100057fa <tud_task_ext+0x1e>
100057e8:	b005      	add	sp, #20
100057ea:	bd30      	pop	{r4, r5, pc}
100057ec:	ac01      	add	r4, sp, #4
100057ee:	7820      	ldrb	r0, [r4, #0]
100057f0:	f7ff fb24 	bl	10004e3c <usbd_reset>
100057f4:	7922      	ldrb	r2, [r4, #4]
100057f6:	4b64      	ldr	r3, [pc, #400]	; (10005988 <tud_task_ext+0x1ac>)
100057f8:	709a      	strb	r2, [r3, #2]
100057fa:	4b64      	ldr	r3, [pc, #400]	; (1000598c <tud_task_ext+0x1b0>)
100057fc:	681c      	ldr	r4, [r3, #0]
100057fe:	0021      	movs	r1, r4
10005800:	3114      	adds	r1, #20
10005802:	6962      	ldr	r2, [r4, #20]
10005804:	f3ef 8010 	mrs	r0, PRIMASK
10005808:	b672      	cpsid	i
1000580a:	6813      	ldr	r3, [r2, #0]
1000580c:	2b00      	cmp	r3, #0
1000580e:	d0fc      	beq.n	1000580a <tud_task_ext+0x2e>
10005810:	f3bf 8f5f 	dmb	sy
10005814:	6048      	str	r0, [r1, #4]
10005816:	a901      	add	r1, sp, #4
10005818:	0020      	movs	r0, r4
1000581a:	f001 fb54 	bl	10006ec6 <tu_fifo_read>
1000581e:	6962      	ldr	r2, [r4, #20]
10005820:	69a3      	ldr	r3, [r4, #24]
10005822:	f3bf 8f5f 	dmb	sy
10005826:	2100      	movs	r1, #0
10005828:	6011      	str	r1, [r2, #0]
1000582a:	f383 8810 	msr	PRIMASK, r3
1000582e:	2800      	cmp	r0, #0
10005830:	d0da      	beq.n	100057e8 <tud_task_ext+0xc>
10005832:	ab01      	add	r3, sp, #4
10005834:	785b      	ldrb	r3, [r3, #1]
10005836:	2b08      	cmp	r3, #8
10005838:	d8df      	bhi.n	100057fa <tud_task_ext+0x1e>
1000583a:	009b      	lsls	r3, r3, #2
1000583c:	4a54      	ldr	r2, [pc, #336]	; (10005990 <tud_task_ext+0x1b4>)
1000583e:	58d3      	ldr	r3, [r2, r3]
10005840:	469f      	mov	pc, r3
10005842:	ab01      	add	r3, sp, #4
10005844:	7818      	ldrb	r0, [r3, #0]
10005846:	f7ff faf9 	bl	10004e3c <usbd_reset>
1000584a:	f7ff fc50 	bl	100050ee <tud_umount_cb>
1000584e:	e7d4      	b.n	100057fa <tud_task_ext+0x1e>
10005850:	4b50      	ldr	r3, [pc, #320]	; (10005994 <tud_task_ext+0x1b8>)
10005852:	781b      	ldrb	r3, [r3, #0]
10005854:	2b00      	cmp	r3, #0
10005856:	d02d      	beq.n	100058b4 <tud_task_ext+0xd8>
10005858:	4a4e      	ldr	r2, [pc, #312]	; (10005994 <tud_task_ext+0x1b8>)
1000585a:	7813      	ldrb	r3, [r2, #0]
1000585c:	3b01      	subs	r3, #1
1000585e:	b2db      	uxtb	r3, r3
10005860:	7013      	strb	r3, [r2, #0]
10005862:	7813      	ldrb	r3, [r2, #0]
10005864:	2b00      	cmp	r3, #0
10005866:	d1c8      	bne.n	100057fa <tud_task_ext+0x1e>
10005868:	4b47      	ldr	r3, [pc, #284]	; (10005988 <tud_task_ext+0x1ac>)
1000586a:	781a      	ldrb	r2, [r3, #0]
1000586c:	2401      	movs	r4, #1
1000586e:	2101      	movs	r1, #1
10005870:	430a      	orrs	r2, r1
10005872:	701a      	strb	r2, [r3, #0]
10005874:	2234      	movs	r2, #52	; 0x34
10005876:	5c99      	ldrb	r1, [r3, r2]
10005878:	43a1      	bics	r1, r4
1000587a:	5499      	strb	r1, [r3, r2]
1000587c:	5c99      	ldrb	r1, [r3, r2]
1000587e:	2004      	movs	r0, #4
10005880:	4381      	bics	r1, r0
10005882:	5499      	strb	r1, [r3, r2]
10005884:	3201      	adds	r2, #1
10005886:	5c99      	ldrb	r1, [r3, r2]
10005888:	43a1      	bics	r1, r4
1000588a:	5499      	strb	r1, [r3, r2]
1000588c:	5c99      	ldrb	r1, [r3, r2]
1000588e:	4381      	bics	r1, r0
10005890:	5499      	strb	r1, [r3, r2]
10005892:	ab01      	add	r3, sp, #4
10005894:	7818      	ldrb	r0, [r3, #0]
10005896:	a902      	add	r1, sp, #8
10005898:	f7ff fdd6 	bl	10005448 <process_control_request>
1000589c:	2800      	cmp	r0, #0
1000589e:	d1ac      	bne.n	100057fa <tud_task_ext+0x1e>
100058a0:	ac01      	add	r4, sp, #4
100058a2:	7820      	ldrb	r0, [r4, #0]
100058a4:	2100      	movs	r1, #0
100058a6:	f7ff f9f5 	bl	10004c94 <dcd_edpt_stall>
100058aa:	7820      	ldrb	r0, [r4, #0]
100058ac:	2180      	movs	r1, #128	; 0x80
100058ae:	f7ff f9f1 	bl	10004c94 <dcd_edpt_stall>
100058b2:	e7a2      	b.n	100057fa <tud_task_ext+0x1e>
100058b4:	4a38      	ldr	r2, [pc, #224]	; (10005998 <tud_task_ext+0x1bc>)
100058b6:	4939      	ldr	r1, [pc, #228]	; (1000599c <tud_task_ext+0x1c0>)
100058b8:	4839      	ldr	r0, [pc, #228]	; (100059a0 <tud_task_ext+0x1c4>)
100058ba:	f7fe fc03 	bl	100040c4 <__wrap_printf>
100058be:	e793      	b.n	100057e8 <tud_task_ext+0xc>
100058c0:	ab01      	add	r3, sp, #4
100058c2:	7919      	ldrb	r1, [r3, #4]
100058c4:	227f      	movs	r2, #127	; 0x7f
100058c6:	400a      	ands	r2, r1
100058c8:	09cc      	lsrs	r4, r1, #7
100058ca:	0050      	lsls	r0, r2, #1
100058cc:	4b2e      	ldr	r3, [pc, #184]	; (10005988 <tud_task_ext+0x1ac>)
100058ce:	181b      	adds	r3, r3, r0
100058d0:	191b      	adds	r3, r3, r4
100058d2:	3330      	adds	r3, #48	; 0x30
100058d4:	7918      	ldrb	r0, [r3, #4]
100058d6:	2501      	movs	r5, #1
100058d8:	43a8      	bics	r0, r5
100058da:	7118      	strb	r0, [r3, #4]
100058dc:	7918      	ldrb	r0, [r3, #4]
100058de:	3503      	adds	r5, #3
100058e0:	43a8      	bics	r0, r5
100058e2:	7118      	strb	r0, [r3, #4]
100058e4:	2a00      	cmp	r2, #0
100058e6:	d015      	beq.n	10005914 <tud_task_ext+0x138>
100058e8:	0052      	lsls	r2, r2, #1
100058ea:	4b27      	ldr	r3, [pc, #156]	; (10005988 <tud_task_ext+0x1ac>)
100058ec:	189a      	adds	r2, r3, r2
100058ee:	1912      	adds	r2, r2, r4
100058f0:	7d13      	ldrb	r3, [r2, #20]
100058f2:	4a2c      	ldr	r2, [pc, #176]	; (100059a4 <tud_task_ext+0x1c8>)
100058f4:	7812      	ldrb	r2, [r2, #0]
100058f6:	4293      	cmp	r3, r2
100058f8:	d213      	bcs.n	10005922 <tud_task_ext+0x146>
100058fa:	4a2b      	ldr	r2, [pc, #172]	; (100059a8 <tud_task_ext+0x1cc>)
100058fc:	6812      	ldr	r2, [r2, #0]
100058fe:	015b      	lsls	r3, r3, #5
10005900:	18d3      	adds	r3, r2, r3
10005902:	2b00      	cmp	r3, #0
10005904:	d015      	beq.n	10005932 <tud_task_ext+0x156>
10005906:	699c      	ldr	r4, [r3, #24]
10005908:	a801      	add	r0, sp, #4
1000590a:	7942      	ldrb	r2, [r0, #5]
1000590c:	9b03      	ldr	r3, [sp, #12]
1000590e:	7800      	ldrb	r0, [r0, #0]
10005910:	47a0      	blx	r4
10005912:	e772      	b.n	100057fa <tud_task_ext+0x1e>
10005914:	a801      	add	r0, sp, #4
10005916:	7942      	ldrb	r2, [r0, #5]
10005918:	9b03      	ldr	r3, [sp, #12]
1000591a:	7800      	ldrb	r0, [r0, #0]
1000591c:	f000 f908 	bl	10005b30 <usbd_control_xfer_cb>
10005920:	e76b      	b.n	100057fa <tud_task_ext+0x1e>
10005922:	1c50      	adds	r0, r2, #1
10005924:	4298      	cmp	r0, r3
10005926:	db04      	blt.n	10005932 <tud_task_ext+0x156>
10005928:	1a9b      	subs	r3, r3, r2
1000592a:	015b      	lsls	r3, r3, #5
1000592c:	4a1f      	ldr	r2, [pc, #124]	; (100059ac <tud_task_ext+0x1d0>)
1000592e:	18d3      	adds	r3, r2, r3
10005930:	e7e7      	b.n	10005902 <tud_task_ext+0x126>
10005932:	4a1f      	ldr	r2, [pc, #124]	; (100059b0 <tud_task_ext+0x1d4>)
10005934:	4919      	ldr	r1, [pc, #100]	; (1000599c <tud_task_ext+0x1c0>)
10005936:	481a      	ldr	r0, [pc, #104]	; (100059a0 <tud_task_ext+0x1c4>)
10005938:	f7fe fbc4 	bl	100040c4 <__wrap_printf>
1000593c:	e754      	b.n	100057e8 <tud_task_ext+0xc>
1000593e:	4b12      	ldr	r3, [pc, #72]	; (10005988 <tud_task_ext+0x1ac>)
10005940:	781b      	ldrb	r3, [r3, #0]
10005942:	07db      	lsls	r3, r3, #31
10005944:	d400      	bmi.n	10005948 <tud_task_ext+0x16c>
10005946:	e758      	b.n	100057fa <tud_task_ext+0x1e>
10005948:	4b0f      	ldr	r3, [pc, #60]	; (10005988 <tud_task_ext+0x1ac>)
1000594a:	7818      	ldrb	r0, [r3, #0]
1000594c:	0700      	lsls	r0, r0, #28
1000594e:	0fc0      	lsrs	r0, r0, #31
10005950:	f7ff fbce 	bl	100050f0 <tud_suspend_cb>
10005954:	e751      	b.n	100057fa <tud_task_ext+0x1e>
10005956:	4b0c      	ldr	r3, [pc, #48]	; (10005988 <tud_task_ext+0x1ac>)
10005958:	781b      	ldrb	r3, [r3, #0]
1000595a:	07db      	lsls	r3, r3, #31
1000595c:	d400      	bmi.n	10005960 <tud_task_ext+0x184>
1000595e:	e74c      	b.n	100057fa <tud_task_ext+0x1e>
10005960:	f7ff fbc7 	bl	100050f2 <tud_resume_cb>
10005964:	e749      	b.n	100057fa <tud_task_ext+0x1e>
10005966:	9b02      	ldr	r3, [sp, #8]
10005968:	2b00      	cmp	r3, #0
1000596a:	d100      	bne.n	1000596e <tud_task_ext+0x192>
1000596c:	e745      	b.n	100057fa <tud_task_ext+0x1e>
1000596e:	9803      	ldr	r0, [sp, #12]
10005970:	4798      	blx	r3
10005972:	e742      	b.n	100057fa <tud_task_ext+0x1e>
10005974:	4b04      	ldr	r3, [pc, #16]	; (10005988 <tud_task_ext+0x1ac>)
10005976:	78db      	ldrb	r3, [r3, #3]
10005978:	07db      	lsls	r3, r3, #31
1000597a:	d400      	bmi.n	1000597e <tud_task_ext+0x1a2>
1000597c:	e73d      	b.n	100057fa <tud_task_ext+0x1e>
1000597e:	9802      	ldr	r0, [sp, #8]
10005980:	f7ff fb3f 	bl	10005002 <tud_sof_cb>
10005984:	e739      	b.n	100057fa <tud_task_ext+0x1e>
10005986:	46c0      	nop			; (mov r8, r8)
10005988:	20001bc8 	.word	0x20001bc8
1000598c:	20001c20 	.word	0x20001c20
10005990:	10009da4 	.word	0x10009da4
10005994:	20002807 	.word	0x20002807
10005998:	00000256 	.word	0x00000256
1000599c:	10009e6c 	.word	0x10009e6c
100059a0:	10009d08 	.word	0x10009d08
100059a4:	20002805 	.word	0x20002805
100059a8:	2000189c 	.word	0x2000189c
100059ac:	10009e7c 	.word	0x10009e7c
100059b0:	00000281 	.word	0x00000281

100059b4 <_data_stage_xact>:
100059b4:	b5f8      	push	{r3, r4, r5, r6, r7, lr}
100059b6:	0005      	movs	r5, r0
100059b8:	4b14      	ldr	r3, [pc, #80]	; (10005a0c <_data_stage_xact+0x58>)
100059ba:	899f      	ldrh	r7, [r3, #12]
100059bc:	89de      	ldrh	r6, [r3, #14]
100059be:	1bbb      	subs	r3, r7, r6
100059c0:	b29b      	uxth	r3, r3
100059c2:	1c1c      	adds	r4, r3, #0
100059c4:	2b40      	cmp	r3, #64	; 0x40
100059c6:	d900      	bls.n	100059ca <_data_stage_xact+0x16>
100059c8:	2440      	movs	r4, #64	; 0x40
100059ca:	b2a4      	uxth	r4, r4
100059cc:	4b0f      	ldr	r3, [pc, #60]	; (10005a0c <_data_stage_xact+0x58>)
100059ce:	781b      	ldrb	r3, [r3, #0]
100059d0:	b25b      	sxtb	r3, r3
100059d2:	2b00      	cmp	r3, #0
100059d4:	db08      	blt.n	100059e8 <_data_stage_xact+0x34>
100059d6:	2100      	movs	r1, #0
100059d8:	42b7      	cmp	r7, r6
100059da:	d013      	beq.n	10005a04 <_data_stage_xact+0x50>
100059dc:	4a0c      	ldr	r2, [pc, #48]	; (10005a10 <_data_stage_xact+0x5c>)
100059de:	0023      	movs	r3, r4
100059e0:	0028      	movs	r0, r5
100059e2:	f7ff fcab 	bl	1000533c <usbd_edpt_xfer>
100059e6:	bdf8      	pop	{r3, r4, r5, r6, r7, pc}
100059e8:	42b7      	cmp	r7, r6
100059ea:	d009      	beq.n	10005a00 <_data_stage_xact+0x4c>
100059ec:	4b07      	ldr	r3, [pc, #28]	; (10005a0c <_data_stage_xact+0x58>)
100059ee:	6899      	ldr	r1, [r3, #8]
100059f0:	2c40      	cmp	r4, #64	; 0x40
100059f2:	d809      	bhi.n	10005a08 <_data_stage_xact+0x54>
100059f4:	0022      	movs	r2, r4
100059f6:	4806      	ldr	r0, [pc, #24]	; (10005a10 <_data_stage_xact+0x5c>)
100059f8:	f7fd f926 	bl	10002c48 <__wrap___aeabi_memcpy>
100059fc:	2180      	movs	r1, #128	; 0x80
100059fe:	e7eb      	b.n	100059d8 <_data_stage_xact+0x24>
10005a00:	2180      	movs	r1, #128	; 0x80
10005a02:	e7e9      	b.n	100059d8 <_data_stage_xact+0x24>
10005a04:	2200      	movs	r2, #0
10005a06:	e7ea      	b.n	100059de <_data_stage_xact+0x2a>
10005a08:	2000      	movs	r0, #0
10005a0a:	e7ec      	b.n	100059e6 <_data_stage_xact+0x32>
10005a0c:	20001b6c 	.word	0x20001b6c
10005a10:	20001b88 	.word	0x20001b88

10005a14 <tud_control_status>:
10005a14:	b570      	push	{r4, r5, r6, lr}
10005a16:	0006      	movs	r6, r0
10005a18:	000c      	movs	r4, r1
10005a1a:	4d0b      	ldr	r5, [pc, #44]	; (10005a48 <tud_control_status+0x34>)
10005a1c:	2208      	movs	r2, #8
10005a1e:	0028      	movs	r0, r5
10005a20:	f7fd f912 	bl	10002c48 <__wrap___aeabi_memcpy>
10005a24:	2300      	movs	r3, #0
10005a26:	60ab      	str	r3, [r5, #8]
10005a28:	81eb      	strh	r3, [r5, #14]
10005a2a:	81ab      	strh	r3, [r5, #12]
10005a2c:	2300      	movs	r3, #0
10005a2e:	56e3      	ldrsb	r3, [r4, r3]
10005a30:	2b00      	cmp	r3, #0
10005a32:	db06      	blt.n	10005a42 <tud_control_status+0x2e>
10005a34:	2180      	movs	r1, #128	; 0x80
10005a36:	2300      	movs	r3, #0
10005a38:	2200      	movs	r2, #0
10005a3a:	0030      	movs	r0, r6
10005a3c:	f7ff fc7e 	bl	1000533c <usbd_edpt_xfer>
10005a40:	bd70      	pop	{r4, r5, r6, pc}
10005a42:	2100      	movs	r1, #0
10005a44:	e7f7      	b.n	10005a36 <tud_control_status+0x22>
10005a46:	46c0      	nop			; (mov r8, r8)
10005a48:	20001b6c 	.word	0x20001b6c

10005a4c <tud_control_xfer>:
10005a4c:	b5f0      	push	{r4, r5, r6, r7, lr}
10005a4e:	46c6      	mov	lr, r8
10005a50:	b500      	push	{lr}
10005a52:	4680      	mov	r8, r0
10005a54:	000c      	movs	r4, r1
10005a56:	0016      	movs	r6, r2
10005a58:	001d      	movs	r5, r3
10005a5a:	4f23      	ldr	r7, [pc, #140]	; (10005ae8 <tud_control_xfer+0x9c>)
10005a5c:	2208      	movs	r2, #8
10005a5e:	0038      	movs	r0, r7
10005a60:	f7fd f8f2 	bl	10002c48 <__wrap___aeabi_memcpy>
10005a64:	60be      	str	r6, [r7, #8]
10005a66:	2300      	movs	r3, #0
10005a68:	81fb      	strh	r3, [r7, #14]
10005a6a:	79a3      	ldrb	r3, [r4, #6]
10005a6c:	79e1      	ldrb	r1, [r4, #7]
10005a6e:	0209      	lsls	r1, r1, #8
10005a70:	4319      	orrs	r1, r3
10005a72:	1c0b      	adds	r3, r1, #0
10005a74:	42a9      	cmp	r1, r5
10005a76:	d900      	bls.n	10005a7a <tud_control_xfer+0x2e>
10005a78:	1c2b      	adds	r3, r5, #0
10005a7a:	b299      	uxth	r1, r3
10005a7c:	4a1a      	ldr	r2, [pc, #104]	; (10005ae8 <tud_control_xfer+0x9c>)
10005a7e:	8193      	strh	r3, [r2, #12]
10005a80:	79a2      	ldrb	r2, [r4, #6]
10005a82:	79e3      	ldrb	r3, [r4, #7]
10005a84:	021b      	lsls	r3, r3, #8
10005a86:	4313      	orrs	r3, r2
10005a88:	d019      	beq.n	10005abe <tud_control_xfer+0x72>
10005a8a:	2900      	cmp	r1, #0
10005a8c:	d001      	beq.n	10005a92 <tud_control_xfer+0x46>
10005a8e:	2e00      	cmp	r6, #0
10005a90:	d008      	beq.n	10005aa4 <tud_control_xfer+0x58>
10005a92:	4640      	mov	r0, r8
10005a94:	f7ff ff8e 	bl	100059b4 <_data_stage_xact>
10005a98:	1e04      	subs	r4, r0, #0
10005a9a:	d00a      	beq.n	10005ab2 <tud_control_xfer+0x66>
10005a9c:	0020      	movs	r0, r4
10005a9e:	bc80      	pop	{r7}
10005aa0:	46b8      	mov	r8, r7
10005aa2:	bdf0      	pop	{r4, r5, r6, r7, pc}
10005aa4:	2277      	movs	r2, #119	; 0x77
10005aa6:	4911      	ldr	r1, [pc, #68]	; (10005aec <tud_control_xfer+0xa0>)
10005aa8:	4811      	ldr	r0, [pc, #68]	; (10005af0 <tud_control_xfer+0xa4>)
10005aaa:	f7fe fb0b 	bl	100040c4 <__wrap_printf>
10005aae:	2400      	movs	r4, #0
10005ab0:	e7f4      	b.n	10005a9c <tud_control_xfer+0x50>
10005ab2:	227d      	movs	r2, #125	; 0x7d
10005ab4:	490d      	ldr	r1, [pc, #52]	; (10005aec <tud_control_xfer+0xa0>)
10005ab6:	480e      	ldr	r0, [pc, #56]	; (10005af0 <tud_control_xfer+0xa4>)
10005ab8:	f7fe fb04 	bl	100040c4 <__wrap_printf>
10005abc:	e7ee      	b.n	10005a9c <tud_control_xfer+0x50>
10005abe:	2300      	movs	r3, #0
10005ac0:	56e3      	ldrsb	r3, [r4, r3]
10005ac2:	2b00      	cmp	r3, #0
10005ac4:	db0d      	blt.n	10005ae2 <tud_control_xfer+0x96>
10005ac6:	2180      	movs	r1, #128	; 0x80
10005ac8:	2300      	movs	r3, #0
10005aca:	2200      	movs	r2, #0
10005acc:	4640      	mov	r0, r8
10005ace:	f7ff fc35 	bl	1000533c <usbd_edpt_xfer>
10005ad2:	1e04      	subs	r4, r0, #0
10005ad4:	d1e2      	bne.n	10005a9c <tud_control_xfer+0x50>
10005ad6:	2280      	movs	r2, #128	; 0x80
10005ad8:	4904      	ldr	r1, [pc, #16]	; (10005aec <tud_control_xfer+0xa0>)
10005ada:	4805      	ldr	r0, [pc, #20]	; (10005af0 <tud_control_xfer+0xa4>)
10005adc:	f7fe faf2 	bl	100040c4 <__wrap_printf>
10005ae0:	e7dc      	b.n	10005a9c <tud_control_xfer+0x50>
10005ae2:	2100      	movs	r1, #0
10005ae4:	e7f0      	b.n	10005ac8 <tud_control_xfer+0x7c>
10005ae6:	46c0      	nop			; (mov r8, r8)
10005ae8:	20001b6c 	.word	0x20001b6c
10005aec:	10009ed4 	.word	0x10009ed4
10005af0:	10009d08 	.word	0x10009d08

10005af4 <usbd_control_reset>:
10005af4:	b510      	push	{r4, lr}
10005af6:	2214      	movs	r2, #20
10005af8:	2100      	movs	r1, #0
10005afa:	4802      	ldr	r0, [pc, #8]	; (10005b04 <usbd_control_reset+0x10>)
10005afc:	f7fd f89e 	bl	10002c3c <__wrap_memset>
10005b00:	bd10      	pop	{r4, pc}
10005b02:	46c0      	nop			; (mov r8, r8)
10005b04:	20001b6c 	.word	0x20001b6c

10005b08 <usbd_control_set_complete_callback>:
10005b08:	4b01      	ldr	r3, [pc, #4]	; (10005b10 <usbd_control_set_complete_callback+0x8>)
10005b0a:	6118      	str	r0, [r3, #16]
10005b0c:	4770      	bx	lr
10005b0e:	46c0      	nop			; (mov r8, r8)
10005b10:	20001b6c 	.word	0x20001b6c

10005b14 <usbd_control_set_request>:
10005b14:	b510      	push	{r4, lr}
10005b16:	0001      	movs	r1, r0
10005b18:	4c04      	ldr	r4, [pc, #16]	; (10005b2c <usbd_control_set_request+0x18>)
10005b1a:	2208      	movs	r2, #8
10005b1c:	0020      	movs	r0, r4
10005b1e:	f7fd f893 	bl	10002c48 <__wrap___aeabi_memcpy>
10005b22:	2300      	movs	r3, #0
10005b24:	60a3      	str	r3, [r4, #8]
10005b26:	81e3      	strh	r3, [r4, #14]
10005b28:	81a3      	strh	r3, [r4, #12]
10005b2a:	bd10      	pop	{r4, pc}
10005b2c:	20001b6c 	.word	0x20001b6c

10005b30 <usbd_control_xfer_cb>:
10005b30:	b570      	push	{r4, r5, r6, lr}
10005b32:	0005      	movs	r5, r0
10005b34:	001c      	movs	r4, r3
10005b36:	09c9      	lsrs	r1, r1, #7
10005b38:	4b36      	ldr	r3, [pc, #216]	; (10005c14 <usbd_control_xfer_cb+0xe4>)
10005b3a:	781b      	ldrb	r3, [r3, #0]
10005b3c:	09db      	lsrs	r3, r3, #7
10005b3e:	428b      	cmp	r3, r1
10005b40:	d016      	beq.n	10005b70 <usbd_control_xfer_cb+0x40>
10005b42:	2c00      	cmp	r4, #0
10005b44:	d007      	beq.n	10005b56 <usbd_control_xfer_cb+0x26>
10005b46:	22a7      	movs	r2, #167	; 0xa7
10005b48:	4933      	ldr	r1, [pc, #204]	; (10005c18 <usbd_control_xfer_cb+0xe8>)
10005b4a:	4834      	ldr	r0, [pc, #208]	; (10005c1c <usbd_control_xfer_cb+0xec>)
10005b4c:	f7fe faba 	bl	100040c4 <__wrap_printf>
10005b50:	2400      	movs	r4, #0
10005b52:	0020      	movs	r0, r4
10005b54:	bd70      	pop	{r4, r5, r6, pc}
10005b56:	4c2f      	ldr	r4, [pc, #188]	; (10005c14 <usbd_control_xfer_cb+0xe4>)
10005b58:	0021      	movs	r1, r4
10005b5a:	f7ff f851 	bl	10004c00 <dcd_edpt0_status_complete>
10005b5e:	6923      	ldr	r3, [r4, #16]
10005b60:	2b00      	cmp	r3, #0
10005b62:	d003      	beq.n	10005b6c <usbd_control_xfer_cb+0x3c>
10005b64:	4a2b      	ldr	r2, [pc, #172]	; (10005c14 <usbd_control_xfer_cb+0xe4>)
10005b66:	2103      	movs	r1, #3
10005b68:	0028      	movs	r0, r5
10005b6a:	4798      	blx	r3
10005b6c:	2401      	movs	r4, #1
10005b6e:	e7f0      	b.n	10005b52 <usbd_control_xfer_cb+0x22>
10005b70:	4b28      	ldr	r3, [pc, #160]	; (10005c14 <usbd_control_xfer_cb+0xe4>)
10005b72:	781b      	ldrb	r3, [r3, #0]
10005b74:	b25b      	sxtb	r3, r3
10005b76:	2b00      	cmp	r3, #0
10005b78:	db07      	blt.n	10005b8a <usbd_control_xfer_cb+0x5a>
10005b7a:	4b26      	ldr	r3, [pc, #152]	; (10005c14 <usbd_control_xfer_cb+0xe4>)
10005b7c:	6898      	ldr	r0, [r3, #8]
10005b7e:	2800      	cmp	r0, #0
10005b80:	d045      	beq.n	10005c0e <usbd_control_xfer_cb+0xde>
10005b82:	0022      	movs	r2, r4
10005b84:	4926      	ldr	r1, [pc, #152]	; (10005c20 <usbd_control_xfer_cb+0xf0>)
10005b86:	f7fd f85f 	bl	10002c48 <__wrap___aeabi_memcpy>
10005b8a:	b2a2      	uxth	r2, r4
10005b8c:	4921      	ldr	r1, [pc, #132]	; (10005c14 <usbd_control_xfer_cb+0xe4>)
10005b8e:	89cb      	ldrh	r3, [r1, #14]
10005b90:	18d3      	adds	r3, r2, r3
10005b92:	b29b      	uxth	r3, r3
10005b94:	81cb      	strh	r3, [r1, #14]
10005b96:	688a      	ldr	r2, [r1, #8]
10005b98:	1912      	adds	r2, r2, r4
10005b9a:	608a      	str	r2, [r1, #8]
10005b9c:	88ca      	ldrh	r2, [r1, #6]
10005b9e:	4293      	cmp	r3, r2
10005ba0:	d001      	beq.n	10005ba6 <usbd_control_xfer_cb+0x76>
10005ba2:	2c3f      	cmp	r4, #63	; 0x3f
10005ba4:	d828      	bhi.n	10005bf8 <usbd_control_xfer_cb+0xc8>
10005ba6:	4b1b      	ldr	r3, [pc, #108]	; (10005c14 <usbd_control_xfer_cb+0xe4>)
10005ba8:	691b      	ldr	r3, [r3, #16]
10005baa:	2b00      	cmp	r3, #0
10005bac:	d005      	beq.n	10005bba <usbd_control_xfer_cb+0x8a>
10005bae:	4a19      	ldr	r2, [pc, #100]	; (10005c14 <usbd_control_xfer_cb+0xe4>)
10005bb0:	2102      	movs	r1, #2
10005bb2:	0028      	movs	r0, r5
10005bb4:	4798      	blx	r3
10005bb6:	2800      	cmp	r0, #0
10005bb8:	d014      	beq.n	10005be4 <usbd_control_xfer_cb+0xb4>
10005bba:	4b16      	ldr	r3, [pc, #88]	; (10005c14 <usbd_control_xfer_cb+0xe4>)
10005bbc:	781b      	ldrb	r3, [r3, #0]
10005bbe:	b25b      	sxtb	r3, r3
10005bc0:	2b00      	cmp	r3, #0
10005bc2:	db0d      	blt.n	10005be0 <usbd_control_xfer_cb+0xb0>
10005bc4:	2180      	movs	r1, #128	; 0x80
10005bc6:	2300      	movs	r3, #0
10005bc8:	2200      	movs	r2, #0
10005bca:	0028      	movs	r0, r5
10005bcc:	f7ff fbb6 	bl	1000533c <usbd_edpt_xfer>
10005bd0:	1e04      	subs	r4, r0, #0
10005bd2:	d1be      	bne.n	10005b52 <usbd_control_xfer_cb+0x22>
10005bd4:	22d0      	movs	r2, #208	; 0xd0
10005bd6:	4910      	ldr	r1, [pc, #64]	; (10005c18 <usbd_control_xfer_cb+0xe8>)
10005bd8:	4810      	ldr	r0, [pc, #64]	; (10005c1c <usbd_control_xfer_cb+0xec>)
10005bda:	f7fe fa73 	bl	100040c4 <__wrap_printf>
10005bde:	e7b8      	b.n	10005b52 <usbd_control_xfer_cb+0x22>
10005be0:	2100      	movs	r1, #0
10005be2:	e7f0      	b.n	10005bc6 <usbd_control_xfer_cb+0x96>
10005be4:	2100      	movs	r1, #0
10005be6:	0028      	movs	r0, r5
10005be8:	f7ff f854 	bl	10004c94 <dcd_edpt_stall>
10005bec:	2180      	movs	r1, #128	; 0x80
10005bee:	0028      	movs	r0, r5
10005bf0:	f7ff f850 	bl	10004c94 <dcd_edpt_stall>
10005bf4:	2401      	movs	r4, #1
10005bf6:	e7ac      	b.n	10005b52 <usbd_control_xfer_cb+0x22>
10005bf8:	0028      	movs	r0, r5
10005bfa:	f7ff fedb 	bl	100059b4 <_data_stage_xact>
10005bfe:	1e04      	subs	r4, r0, #0
10005c00:	d1a7      	bne.n	10005b52 <usbd_control_xfer_cb+0x22>
10005c02:	22d8      	movs	r2, #216	; 0xd8
10005c04:	4904      	ldr	r1, [pc, #16]	; (10005c18 <usbd_control_xfer_cb+0xe8>)
10005c06:	4805      	ldr	r0, [pc, #20]	; (10005c1c <usbd_control_xfer_cb+0xec>)
10005c08:	f7fe fa5c 	bl	100040c4 <__wrap_printf>
10005c0c:	e7a1      	b.n	10005b52 <usbd_control_xfer_cb+0x22>
10005c0e:	2400      	movs	r4, #0
10005c10:	e79f      	b.n	10005b52 <usbd_control_xfer_cb+0x22>
10005c12:	46c0      	nop			; (mov r8, r8)
10005c14:	20001b6c 	.word	0x20001b6c
10005c18:	10009ebc 	.word	0x10009ebc
10005c1c:	10009d08 	.word	0x10009d08
10005c20:	20001b88 	.word	0x20001b88

10005c24 <_prep_out_transaction>:
10005c24:	b570      	push	{r4, r5, r6, lr}
10005c26:	0004      	movs	r4, r0
10005c28:	f7ff fa64 	bl	100050f4 <tud_mounted>
10005c2c:	2800      	cmp	r0, #0
10005c2e:	d107      	bne.n	10005c40 <_prep_out_transaction+0x1c>
10005c30:	2000      	movs	r0, #0
10005c32:	2800      	cmp	r0, #0
10005c34:	d003      	beq.n	10005c3e <_prep_out_transaction+0x1a>
10005c36:	78e3      	ldrb	r3, [r4, #3]
10005c38:	2b00      	cmp	r3, #0
10005c3a:	d109      	bne.n	10005c50 <_prep_out_transaction+0x2c>
10005c3c:	2000      	movs	r0, #0
10005c3e:	bd70      	pop	{r4, r5, r6, pc}
10005c40:	f7ff fa60 	bl	10005104 <tud_suspended>
10005c44:	2800      	cmp	r0, #0
10005c46:	d101      	bne.n	10005c4c <_prep_out_transaction+0x28>
10005c48:	3001      	adds	r0, #1
10005c4a:	e7f2      	b.n	10005c32 <_prep_out_transaction+0xe>
10005c4c:	2000      	movs	r0, #0
10005c4e:	e7f0      	b.n	10005c32 <_prep_out_transaction+0xe>
10005c50:	0025      	movs	r5, r4
10005c52:	3510      	adds	r5, #16
10005c54:	0028      	movs	r0, r5
10005c56:	f001 f920 	bl	10006e9a <tu_fifo_remaining>
10005c5a:	283f      	cmp	r0, #63	; 0x3f
10005c5c:	d801      	bhi.n	10005c62 <_prep_out_transaction+0x3e>
10005c5e:	2000      	movs	r0, #0
10005c60:	e7ed      	b.n	10005c3e <_prep_out_transaction+0x1a>
10005c62:	78e1      	ldrb	r1, [r4, #3]
10005c64:	2000      	movs	r0, #0
10005c66:	f7ff fb41 	bl	100052ec <usbd_edpt_claim>
10005c6a:	2800      	cmp	r0, #0
10005c6c:	d0e7      	beq.n	10005c3e <_prep_out_transaction+0x1a>
10005c6e:	0028      	movs	r0, r5
10005c70:	f001 f913 	bl	10006e9a <tu_fifo_remaining>
10005c74:	283f      	cmp	r0, #63	; 0x3f
10005c76:	d908      	bls.n	10005c8a <_prep_out_transaction+0x66>
10005c78:	2392      	movs	r3, #146	; 0x92
10005c7a:	009b      	lsls	r3, r3, #2
10005c7c:	18e2      	adds	r2, r4, r3
10005c7e:	78e1      	ldrb	r1, [r4, #3]
10005c80:	2340      	movs	r3, #64	; 0x40
10005c82:	2000      	movs	r0, #0
10005c84:	f7ff fb5a 	bl	1000533c <usbd_edpt_xfer>
10005c88:	e7d9      	b.n	10005c3e <_prep_out_transaction+0x1a>
10005c8a:	78e1      	ldrb	r1, [r4, #3]
10005c8c:	2000      	movs	r0, #0
10005c8e:	f7ff fb41 	bl	10005314 <usbd_edpt_release>
10005c92:	2000      	movs	r0, #0
10005c94:	e7d3      	b.n	10005c3e <_prep_out_transaction+0x1a>
	...

10005c98 <tud_cdc_n_connected>:
10005c98:	b510      	push	{r4, lr}
10005c9a:	0004      	movs	r4, r0
10005c9c:	f7ff fa2a 	bl	100050f4 <tud_mounted>
10005ca0:	2800      	cmp	r0, #0
10005ca2:	d10c      	bne.n	10005cbe <tud_cdc_n_connected+0x26>
10005ca4:	2200      	movs	r2, #0
10005ca6:	2a00      	cmp	r2, #0
10005ca8:	d011      	beq.n	10005cce <tud_cdc_n_connected+0x36>
10005caa:	23b2      	movs	r3, #178	; 0xb2
10005cac:	009b      	lsls	r3, r3, #2
10005cae:	4363      	muls	r3, r4
10005cb0:	4809      	ldr	r0, [pc, #36]	; (10005cd8 <tud_cdc_n_connected+0x40>)
10005cb2:	18c0      	adds	r0, r0, r3
10005cb4:	7903      	ldrb	r3, [r0, #4]
10005cb6:	07db      	lsls	r3, r3, #31
10005cb8:	d50b      	bpl.n	10005cd2 <tud_cdc_n_connected+0x3a>
10005cba:	2001      	movs	r0, #1
10005cbc:	e008      	b.n	10005cd0 <tud_cdc_n_connected+0x38>
10005cbe:	f7ff fa21 	bl	10005104 <tud_suspended>
10005cc2:	2800      	cmp	r0, #0
10005cc4:	d101      	bne.n	10005cca <tud_cdc_n_connected+0x32>
10005cc6:	2201      	movs	r2, #1
10005cc8:	e7ed      	b.n	10005ca6 <tud_cdc_n_connected+0xe>
10005cca:	2200      	movs	r2, #0
10005ccc:	e7eb      	b.n	10005ca6 <tud_cdc_n_connected+0xe>
10005cce:	2000      	movs	r0, #0
10005cd0:	bd10      	pop	{r4, pc}
10005cd2:	2000      	movs	r0, #0
10005cd4:	e7fc      	b.n	10005cd0 <tud_cdc_n_connected+0x38>
10005cd6:	46c0      	nop			; (mov r8, r8)
10005cd8:	200018a4 	.word	0x200018a4

10005cdc <tud_cdc_n_available>:
10005cdc:	b510      	push	{r4, lr}
10005cde:	23b2      	movs	r3, #178	; 0xb2
10005ce0:	009b      	lsls	r3, r3, #2
10005ce2:	4358      	muls	r0, r3
10005ce4:	3010      	adds	r0, #16
10005ce6:	4b02      	ldr	r3, [pc, #8]	; (10005cf0 <tud_cdc_n_available+0x14>)
10005ce8:	18c0      	adds	r0, r0, r3
10005cea:	f001 f8a5 	bl	10006e38 <tu_fifo_count>
10005cee:	bd10      	pop	{r4, pc}
10005cf0:	200018a4 	.word	0x200018a4

10005cf4 <tud_cdc_n_read>:
10005cf4:	b570      	push	{r4, r5, r6, lr}
10005cf6:	23b2      	movs	r3, #178	; 0xb2
10005cf8:	009b      	lsls	r3, r3, #2
10005cfa:	4358      	muls	r0, r3
10005cfc:	4b08      	ldr	r3, [pc, #32]	; (10005d20 <tud_cdc_n_read+0x2c>)
10005cfe:	18c5      	adds	r5, r0, r3
10005d00:	3010      	adds	r0, #16
10005d02:	18c0      	adds	r0, r0, r3
10005d04:	4b07      	ldr	r3, [pc, #28]	; (10005d24 <tud_cdc_n_read+0x30>)
10005d06:	429a      	cmp	r2, r3
10005d08:	d808      	bhi.n	10005d1c <tud_cdc_n_read+0x28>
10005d0a:	b292      	uxth	r2, r2
10005d0c:	f001 f8fc 	bl	10006f08 <tu_fifo_read_n>
10005d10:	0004      	movs	r4, r0
10005d12:	0028      	movs	r0, r5
10005d14:	f7ff ff86 	bl	10005c24 <_prep_out_transaction>
10005d18:	0020      	movs	r0, r4
10005d1a:	bd70      	pop	{r4, r5, r6, pc}
10005d1c:	4a02      	ldr	r2, [pc, #8]	; (10005d28 <tud_cdc_n_read+0x34>)
10005d1e:	e7f5      	b.n	10005d0c <tud_cdc_n_read+0x18>
10005d20:	200018a4 	.word	0x200018a4
10005d24:	0000fffe 	.word	0x0000fffe
10005d28:	0000ffff 	.word	0x0000ffff

10005d2c <tud_cdc_n_write_flush>:
10005d2c:	b570      	push	{r4, r5, r6, lr}
10005d2e:	0005      	movs	r5, r0
10005d30:	f7ff f9e0 	bl	100050f4 <tud_mounted>
10005d34:	2800      	cmp	r0, #0
10005d36:	d104      	bne.n	10005d42 <tud_cdc_n_write_flush+0x16>
10005d38:	2300      	movs	r3, #0
10005d3a:	2b00      	cmp	r3, #0
10005d3c:	d109      	bne.n	10005d52 <tud_cdc_n_write_flush+0x26>
10005d3e:	2000      	movs	r0, #0
10005d40:	bd70      	pop	{r4, r5, r6, pc}
10005d42:	f7ff f9df 	bl	10005104 <tud_suspended>
10005d46:	2800      	cmp	r0, #0
10005d48:	d101      	bne.n	10005d4e <tud_cdc_n_write_flush+0x22>
10005d4a:	2301      	movs	r3, #1
10005d4c:	e7f5      	b.n	10005d3a <tud_cdc_n_write_flush+0xe>
10005d4e:	2300      	movs	r3, #0
10005d50:	e7f3      	b.n	10005d3a <tud_cdc_n_write_flush+0xe>
10005d52:	24b2      	movs	r4, #178	; 0xb2
10005d54:	00a4      	lsls	r4, r4, #2
10005d56:	436c      	muls	r4, r5
10005d58:	3420      	adds	r4, #32
10005d5a:	4b24      	ldr	r3, [pc, #144]	; (10005dec <tud_cdc_n_write_flush+0xc0>)
10005d5c:	18e4      	adds	r4, r4, r3
10005d5e:	3404      	adds	r4, #4
10005d60:	0020      	movs	r0, r4
10005d62:	f001 f869 	bl	10006e38 <tu_fifo_count>
10005d66:	2800      	cmp	r0, #0
10005d68:	d101      	bne.n	10005d6e <tud_cdc_n_write_flush+0x42>
10005d6a:	2000      	movs	r0, #0
10005d6c:	e7e8      	b.n	10005d40 <tud_cdc_n_write_flush+0x14>
10005d6e:	22b2      	movs	r2, #178	; 0xb2
10005d70:	0092      	lsls	r2, r2, #2
10005d72:	436a      	muls	r2, r5
10005d74:	4b1d      	ldr	r3, [pc, #116]	; (10005dec <tud_cdc_n_write_flush+0xc0>)
10005d76:	189b      	adds	r3, r3, r2
10005d78:	7899      	ldrb	r1, [r3, #2]
10005d7a:	2000      	movs	r0, #0
10005d7c:	f7ff fab6 	bl	100052ec <usbd_edpt_claim>
10005d80:	2800      	cmp	r0, #0
10005d82:	d101      	bne.n	10005d88 <tud_cdc_n_write_flush+0x5c>
10005d84:	2000      	movs	r0, #0
10005d86:	e7db      	b.n	10005d40 <tud_cdc_n_write_flush+0x14>
10005d88:	26b2      	movs	r6, #178	; 0xb2
10005d8a:	00b6      	lsls	r6, r6, #2
10005d8c:	436e      	muls	r6, r5
10005d8e:	23a2      	movs	r3, #162	; 0xa2
10005d90:	009b      	lsls	r3, r3, #2
10005d92:	469c      	mov	ip, r3
10005d94:	4466      	add	r6, ip
10005d96:	4b15      	ldr	r3, [pc, #84]	; (10005dec <tud_cdc_n_write_flush+0xc0>)
10005d98:	18f6      	adds	r6, r6, r3
10005d9a:	2240      	movs	r2, #64	; 0x40
10005d9c:	0031      	movs	r1, r6
10005d9e:	0020      	movs	r0, r4
10005da0:	f001 f8b2 	bl	10006f08 <tu_fifo_read_n>
10005da4:	1e04      	subs	r4, r0, #0
10005da6:	d015      	beq.n	10005dd4 <tud_cdc_n_write_flush+0xa8>
10005da8:	20b2      	movs	r0, #178	; 0xb2
10005daa:	0080      	lsls	r0, r0, #2
10005dac:	4368      	muls	r0, r5
10005dae:	4d0f      	ldr	r5, [pc, #60]	; (10005dec <tud_cdc_n_write_flush+0xc0>)
10005db0:	182d      	adds	r5, r5, r0
10005db2:	78a9      	ldrb	r1, [r5, #2]
10005db4:	0023      	movs	r3, r4
10005db6:	0032      	movs	r2, r6
10005db8:	2000      	movs	r0, #0
10005dba:	f7ff fabf 	bl	1000533c <usbd_edpt_xfer>
10005dbe:	2800      	cmp	r0, #0
10005dc0:	d001      	beq.n	10005dc6 <tud_cdc_n_write_flush+0x9a>
10005dc2:	0020      	movs	r0, r4
10005dc4:	e7bc      	b.n	10005d40 <tud_cdc_n_write_flush+0x14>
10005dc6:	22cd      	movs	r2, #205	; 0xcd
10005dc8:	4909      	ldr	r1, [pc, #36]	; (10005df0 <tud_cdc_n_write_flush+0xc4>)
10005dca:	480a      	ldr	r0, [pc, #40]	; (10005df4 <tud_cdc_n_write_flush+0xc8>)
10005dcc:	f7fe f97a 	bl	100040c4 <__wrap_printf>
10005dd0:	2000      	movs	r0, #0
10005dd2:	e7b5      	b.n	10005d40 <tud_cdc_n_write_flush+0x14>
10005dd4:	20b2      	movs	r0, #178	; 0xb2
10005dd6:	0080      	lsls	r0, r0, #2
10005dd8:	4368      	muls	r0, r5
10005dda:	4d04      	ldr	r5, [pc, #16]	; (10005dec <tud_cdc_n_write_flush+0xc0>)
10005ddc:	182d      	adds	r5, r5, r0
10005dde:	78a9      	ldrb	r1, [r5, #2]
10005de0:	2000      	movs	r0, #0
10005de2:	f7ff fa97 	bl	10005314 <usbd_edpt_release>
10005de6:	2000      	movs	r0, #0
10005de8:	e7aa      	b.n	10005d40 <tud_cdc_n_write_flush+0x14>
10005dea:	46c0      	nop			; (mov r8, r8)
10005dec:	200018a4 	.word	0x200018a4
10005df0:	10009f04 	.word	0x10009f04
10005df4:	10009d08 	.word	0x10009d08

10005df8 <tud_cdc_n_write>:
10005df8:	b570      	push	{r4, r5, r6, lr}
10005dfa:	0005      	movs	r5, r0
10005dfc:	24b2      	movs	r4, #178	; 0xb2
10005dfe:	00a4      	lsls	r4, r4, #2
10005e00:	4344      	muls	r4, r0
10005e02:	3420      	adds	r4, #32
10005e04:	4b0b      	ldr	r3, [pc, #44]	; (10005e34 <tud_cdc_n_write+0x3c>)
10005e06:	18e4      	adds	r4, r4, r3
10005e08:	3404      	adds	r4, #4
10005e0a:	4b0b      	ldr	r3, [pc, #44]	; (10005e38 <tud_cdc_n_write+0x40>)
10005e0c:	429a      	cmp	r2, r3
10005e0e:	d80b      	bhi.n	10005e28 <tud_cdc_n_write+0x30>
10005e10:	b292      	uxth	r2, r2
10005e12:	0020      	movs	r0, r4
10005e14:	f001 f8af 	bl	10006f76 <tu_fifo_write_n>
10005e18:	0006      	movs	r6, r0
10005e1a:	0020      	movs	r0, r4
10005e1c:	f001 f80c 	bl	10006e38 <tu_fifo_count>
10005e20:	283f      	cmp	r0, #63	; 0x3f
10005e22:	d803      	bhi.n	10005e2c <tud_cdc_n_write+0x34>
10005e24:	0030      	movs	r0, r6
10005e26:	bd70      	pop	{r4, r5, r6, pc}
10005e28:	4a04      	ldr	r2, [pc, #16]	; (10005e3c <tud_cdc_n_write+0x44>)
10005e2a:	e7f2      	b.n	10005e12 <tud_cdc_n_write+0x1a>
10005e2c:	0028      	movs	r0, r5
10005e2e:	f7ff ff7d 	bl	10005d2c <tud_cdc_n_write_flush>
10005e32:	e7f7      	b.n	10005e24 <tud_cdc_n_write+0x2c>
10005e34:	200018a4 	.word	0x200018a4
10005e38:	0000fffe 	.word	0x0000fffe
10005e3c:	0000ffff 	.word	0x0000ffff

10005e40 <tud_cdc_n_write_available>:
10005e40:	b510      	push	{r4, lr}
10005e42:	23b2      	movs	r3, #178	; 0xb2
10005e44:	009b      	lsls	r3, r3, #2
10005e46:	4358      	muls	r0, r3
10005e48:	3020      	adds	r0, #32
10005e4a:	4b03      	ldr	r3, [pc, #12]	; (10005e58 <tud_cdc_n_write_available+0x18>)
10005e4c:	18c0      	adds	r0, r0, r3
10005e4e:	3004      	adds	r0, #4
10005e50:	f001 f823 	bl	10006e9a <tu_fifo_remaining>
10005e54:	bd10      	pop	{r4, pc}
10005e56:	46c0      	nop			; (mov r8, r8)
10005e58:	200018a4 	.word	0x200018a4

10005e5c <cdcd_init>:
10005e5c:	b5f0      	push	{r4, r5, r6, r7, lr}
10005e5e:	46ce      	mov	lr, r9
10005e60:	4647      	mov	r7, r8
10005e62:	b580      	push	{r7, lr}
10005e64:	b083      	sub	sp, #12
10005e66:	22b2      	movs	r2, #178	; 0xb2
10005e68:	0092      	lsls	r2, r2, #2
10005e6a:	2100      	movs	r1, #0
10005e6c:	4829      	ldr	r0, [pc, #164]	; (10005f14 <cdcd_init+0xb8>)
10005e6e:	f7fc fee5 	bl	10002c3c <__wrap_memset>
10005e72:	4b29      	ldr	r3, [pc, #164]	; (10005f18 <cdcd_init+0xbc>)
10005e74:	2200      	movs	r2, #0
10005e76:	701a      	strb	r2, [r3, #0]
10005e78:	2600      	movs	r6, #0
10005e7a:	2e00      	cmp	r6, #0
10005e7c:	d004      	beq.n	10005e88 <cdcd_init+0x2c>
10005e7e:	b003      	add	sp, #12
10005e80:	bcc0      	pop	{r6, r7}
10005e82:	46b9      	mov	r9, r7
10005e84:	46b0      	mov	r8, r6
10005e86:	bdf0      	pop	{r4, r5, r6, r7, pc}
10005e88:	4f22      	ldr	r7, [pc, #136]	; (10005f14 <cdcd_init+0xb8>)
10005e8a:	24b2      	movs	r4, #178	; 0xb2
10005e8c:	00a4      	lsls	r4, r4, #2
10005e8e:	4374      	muls	r4, r6
10005e90:	193d      	adds	r5, r7, r4
10005e92:	23ff      	movs	r3, #255	; 0xff
10005e94:	716b      	strb	r3, [r5, #5]
10005e96:	23e1      	movs	r3, #225	; 0xe1
10005e98:	025b      	lsls	r3, r3, #9
10005e9a:	60ab      	str	r3, [r5, #8]
10005e9c:	2300      	movs	r3, #0
10005e9e:	4698      	mov	r8, r3
10005ea0:	732b      	strb	r3, [r5, #12]
10005ea2:	736b      	strb	r3, [r5, #13]
10005ea4:	3308      	adds	r3, #8
10005ea6:	73ab      	strb	r3, [r5, #14]
10005ea8:	0021      	movs	r1, r4
10005eaa:	3138      	adds	r1, #56	; 0x38
10005eac:	19c9      	adds	r1, r1, r7
10005eae:	33f8      	adds	r3, #248	; 0xf8
10005eb0:	4699      	mov	r9, r3
10005eb2:	0020      	movs	r0, r4
10005eb4:	3010      	adds	r0, #16
10005eb6:	19c0      	adds	r0, r0, r7
10005eb8:	4643      	mov	r3, r8
10005eba:	9300      	str	r3, [sp, #0]
10005ebc:	3301      	adds	r3, #1
10005ebe:	464a      	mov	r2, r9
10005ec0:	f000 ff7c 	bl	10006dbc <tu_fifo_config>
10005ec4:	0021      	movs	r1, r4
10005ec6:	3139      	adds	r1, #57	; 0x39
10005ec8:	31ff      	adds	r1, #255	; 0xff
10005eca:	19c9      	adds	r1, r1, r7
10005ecc:	0020      	movs	r0, r4
10005ece:	3020      	adds	r0, #32
10005ed0:	19c0      	adds	r0, r0, r7
10005ed2:	3004      	adds	r0, #4
10005ed4:	2301      	movs	r3, #1
10005ed6:	9300      	str	r3, [sp, #0]
10005ed8:	464a      	mov	r2, r9
10005eda:	f000 ff6f 	bl	10006dbc <tu_fifo_config>
10005ede:	238e      	movs	r3, #142	; 0x8e
10005ee0:	009b      	lsls	r3, r3, #2
10005ee2:	18e3      	adds	r3, r4, r3
10005ee4:	4699      	mov	r9, r3
10005ee6:	44b9      	add	r9, r7
10005ee8:	4648      	mov	r0, r9
10005eea:	f7fa ff55 	bl	10000d98 <mutex_init>
10005eee:	2390      	movs	r3, #144	; 0x90
10005ef0:	009b      	lsls	r3, r3, #2
10005ef2:	469c      	mov	ip, r3
10005ef4:	4464      	add	r4, ip
10005ef6:	19e4      	adds	r4, r4, r7
10005ef8:	0020      	movs	r0, r4
10005efa:	f7fa ff4d 	bl	10000d98 <mutex_init>
10005efe:	4643      	mov	r3, r8
10005f00:	61eb      	str	r3, [r5, #28]
10005f02:	464b      	mov	r3, r9
10005f04:	622b      	str	r3, [r5, #32]
10005f06:	632c      	str	r4, [r5, #48]	; 0x30
10005f08:	4643      	mov	r3, r8
10005f0a:	636b      	str	r3, [r5, #52]	; 0x34
10005f0c:	3601      	adds	r6, #1
10005f0e:	b2f6      	uxtb	r6, r6
10005f10:	e7b3      	b.n	10005e7a <cdcd_init+0x1e>
10005f12:	46c0      	nop			; (mov r8, r8)
10005f14:	200018a4 	.word	0x200018a4
10005f18:	200018a0 	.word	0x200018a0

10005f1c <cdcd_deinit>:
10005f1c:	b510      	push	{r4, lr}
10005f1e:	2300      	movs	r3, #0
10005f20:	2b00      	cmp	r3, #0
10005f22:	d001      	beq.n	10005f28 <cdcd_deinit+0xc>
10005f24:	2001      	movs	r0, #1
10005f26:	bd10      	pop	{r4, pc}
10005f28:	0018      	movs	r0, r3
10005f2a:	21b2      	movs	r1, #178	; 0xb2
10005f2c:	0089      	lsls	r1, r1, #2
10005f2e:	4359      	muls	r1, r3
10005f30:	4a0d      	ldr	r2, [pc, #52]	; (10005f68 <cdcd_deinit+0x4c>)
10005f32:	1852      	adds	r2, r2, r1
10005f34:	6a11      	ldr	r1, [r2, #32]
10005f36:	6b14      	ldr	r4, [r2, #48]	; 0x30
10005f38:	2900      	cmp	r1, #0
10005f3a:	d007      	beq.n	10005f4c <cdcd_deinit+0x30>
10005f3c:	22b2      	movs	r2, #178	; 0xb2
10005f3e:	0092      	lsls	r2, r2, #2
10005f40:	435a      	muls	r2, r3
10005f42:	4909      	ldr	r1, [pc, #36]	; (10005f68 <cdcd_deinit+0x4c>)
10005f44:	1889      	adds	r1, r1, r2
10005f46:	2200      	movs	r2, #0
10005f48:	61ca      	str	r2, [r1, #28]
10005f4a:	620a      	str	r2, [r1, #32]
10005f4c:	2c00      	cmp	r4, #0
10005f4e:	d007      	beq.n	10005f60 <cdcd_deinit+0x44>
10005f50:	22b2      	movs	r2, #178	; 0xb2
10005f52:	0092      	lsls	r2, r2, #2
10005f54:	4350      	muls	r0, r2
10005f56:	4a04      	ldr	r2, [pc, #16]	; (10005f68 <cdcd_deinit+0x4c>)
10005f58:	1812      	adds	r2, r2, r0
10005f5a:	2100      	movs	r1, #0
10005f5c:	6311      	str	r1, [r2, #48]	; 0x30
10005f5e:	6351      	str	r1, [r2, #52]	; 0x34
10005f60:	3301      	adds	r3, #1
10005f62:	b2db      	uxtb	r3, r3
10005f64:	e7dc      	b.n	10005f20 <cdcd_deinit+0x4>
10005f66:	46c0      	nop			; (mov r8, r8)
10005f68:	200018a4 	.word	0x200018a4

10005f6c <cdcd_reset>:
10005f6c:	b570      	push	{r4, r5, r6, lr}
10005f6e:	2400      	movs	r4, #0
10005f70:	2c00      	cmp	r4, #0
10005f72:	d000      	beq.n	10005f76 <cdcd_reset+0xa>
10005f74:	bd70      	pop	{r4, r5, r6, pc}
10005f76:	0025      	movs	r5, r4
10005f78:	20b2      	movs	r0, #178	; 0xb2
10005f7a:	0080      	lsls	r0, r0, #2
10005f7c:	4360      	muls	r0, r4
10005f7e:	4b17      	ldr	r3, [pc, #92]	; (10005fdc <cdcd_reset+0x70>)
10005f80:	18c0      	adds	r0, r0, r3
10005f82:	2205      	movs	r2, #5
10005f84:	2100      	movs	r1, #0
10005f86:	f7fc fe59 	bl	10002c3c <__wrap_memset>
10005f8a:	4b15      	ldr	r3, [pc, #84]	; (10005fe0 <cdcd_reset+0x74>)
10005f8c:	781b      	ldrb	r3, [r3, #0]
10005f8e:	07db      	lsls	r3, r3, #31
10005f90:	d510      	bpl.n	10005fb4 <cdcd_reset+0x48>
10005f92:	4b13      	ldr	r3, [pc, #76]	; (10005fe0 <cdcd_reset+0x74>)
10005f94:	781b      	ldrb	r3, [r3, #0]
10005f96:	079b      	lsls	r3, r3, #30
10005f98:	d515      	bpl.n	10005fc6 <cdcd_reset+0x5a>
10005f9a:	20b2      	movs	r0, #178	; 0xb2
10005f9c:	0080      	lsls	r0, r0, #2
10005f9e:	4368      	muls	r0, r5
10005fa0:	3020      	adds	r0, #32
10005fa2:	4b0e      	ldr	r3, [pc, #56]	; (10005fdc <cdcd_reset+0x70>)
10005fa4:	18c0      	adds	r0, r0, r3
10005fa6:	3004      	adds	r0, #4
10005fa8:	2101      	movs	r1, #1
10005faa:	f001 f808 	bl	10006fbe <tu_fifo_set_overwritable>
10005fae:	3401      	adds	r4, #1
10005fb0:	b2e4      	uxtb	r4, r4
10005fb2:	e7dd      	b.n	10005f70 <cdcd_reset+0x4>
10005fb4:	20b2      	movs	r0, #178	; 0xb2
10005fb6:	0080      	lsls	r0, r0, #2
10005fb8:	4360      	muls	r0, r4
10005fba:	3010      	adds	r0, #16
10005fbc:	4b07      	ldr	r3, [pc, #28]	; (10005fdc <cdcd_reset+0x70>)
10005fbe:	18c0      	adds	r0, r0, r3
10005fc0:	f000 ffde 	bl	10006f80 <tu_fifo_clear>
10005fc4:	e7e5      	b.n	10005f92 <cdcd_reset+0x26>
10005fc6:	20b2      	movs	r0, #178	; 0xb2
10005fc8:	0080      	lsls	r0, r0, #2
10005fca:	4368      	muls	r0, r5
10005fcc:	3020      	adds	r0, #32
10005fce:	4b03      	ldr	r3, [pc, #12]	; (10005fdc <cdcd_reset+0x70>)
10005fd0:	18c0      	adds	r0, r0, r3
10005fd2:	3004      	adds	r0, #4
10005fd4:	f000 ffd4 	bl	10006f80 <tu_fifo_clear>
10005fd8:	e7df      	b.n	10005f9a <cdcd_reset+0x2e>
10005fda:	46c0      	nop			; (mov r8, r8)
10005fdc:	200018a4 	.word	0x200018a4
10005fe0:	200018a0 	.word	0x200018a0

10005fe4 <cdcd_open>:
10005fe4:	b5f0      	push	{r4, r5, r6, r7, lr}
10005fe6:	b083      	sub	sp, #12
10005fe8:	0006      	movs	r6, r0
10005fea:	794b      	ldrb	r3, [r1, #5]
10005fec:	2b02      	cmp	r3, #2
10005fee:	d168      	bne.n	100060c2 <cdcd_open+0xde>
10005ff0:	798b      	ldrb	r3, [r1, #6]
10005ff2:	2b02      	cmp	r3, #2
10005ff4:	d169      	bne.n	100060ca <cdcd_open+0xe6>
10005ff6:	2300      	movs	r3, #0
10005ff8:	2b00      	cmp	r3, #0
10005ffa:	d008      	beq.n	1000600e <cdcd_open+0x2a>
10005ffc:	2700      	movs	r7, #0
10005ffe:	2f00      	cmp	r7, #0
10006000:	d013      	beq.n	1000602a <cdcd_open+0x46>
10006002:	788b      	ldrb	r3, [r1, #2]
10006004:	703b      	strb	r3, [r7, #0]
10006006:	780c      	ldrb	r4, [r1, #0]
10006008:	190c      	adds	r4, r1, r4
1000600a:	2509      	movs	r5, #9
1000600c:	e019      	b.n	10006042 <cdcd_open+0x5e>
1000600e:	24b2      	movs	r4, #178	; 0xb2
10006010:	00a4      	lsls	r4, r4, #2
10006012:	435c      	muls	r4, r3
10006014:	482e      	ldr	r0, [pc, #184]	; (100060d0 <cdcd_open+0xec>)
10006016:	1900      	adds	r0, r0, r4
10006018:	7880      	ldrb	r0, [r0, #2]
1000601a:	2800      	cmp	r0, #0
1000601c:	d002      	beq.n	10006024 <cdcd_open+0x40>
1000601e:	3301      	adds	r3, #1
10006020:	b2db      	uxtb	r3, r3
10006022:	e7e9      	b.n	10005ff8 <cdcd_open+0x14>
10006024:	4f2a      	ldr	r7, [pc, #168]	; (100060d0 <cdcd_open+0xec>)
10006026:	19e7      	adds	r7, r4, r7
10006028:	e7e9      	b.n	10005ffe <cdcd_open+0x1a>
1000602a:	229a      	movs	r2, #154	; 0x9a
1000602c:	0052      	lsls	r2, r2, #1
1000602e:	4929      	ldr	r1, [pc, #164]	; (100060d4 <cdcd_open+0xf0>)
10006030:	4829      	ldr	r0, [pc, #164]	; (100060d8 <cdcd_open+0xf4>)
10006032:	f7fe f847 	bl	100040c4 <__wrap_printf>
10006036:	2500      	movs	r5, #0
10006038:	e044      	b.n	100060c4 <cdcd_open+0xe0>
1000603a:	7821      	ldrb	r1, [r4, #0]
1000603c:	194d      	adds	r5, r1, r5
1000603e:	b2ad      	uxth	r5, r5
10006040:	1864      	adds	r4, r4, r1
10006042:	7863      	ldrb	r3, [r4, #1]
10006044:	2b24      	cmp	r3, #36	; 0x24
10006046:	d101      	bne.n	1000604c <cdcd_open+0x68>
10006048:	4295      	cmp	r5, r2
1000604a:	d9f6      	bls.n	1000603a <cdcd_open+0x56>
1000604c:	2b05      	cmp	r3, #5
1000604e:	d009      	beq.n	10006064 <cdcd_open+0x80>
10006050:	7863      	ldrb	r3, [r4, #1]
10006052:	2b04      	cmp	r3, #4
10006054:	d102      	bne.n	1000605c <cdcd_open+0x78>
10006056:	7963      	ldrb	r3, [r4, #5]
10006058:	2b0a      	cmp	r3, #10
1000605a:	d018      	beq.n	1000608e <cdcd_open+0xaa>
1000605c:	0038      	movs	r0, r7
1000605e:	f7ff fde1 	bl	10005c24 <_prep_out_transaction>
10006062:	e02f      	b.n	100060c4 <cdcd_open+0xe0>
10006064:	0021      	movs	r1, r4
10006066:	0030      	movs	r0, r6
10006068:	f7ff f8cc 	bl	10005204 <usbd_edpt_open>
1000606c:	2800      	cmp	r0, #0
1000606e:	d006      	beq.n	1000607e <cdcd_open+0x9a>
10006070:	78a3      	ldrb	r3, [r4, #2]
10006072:	707b      	strb	r3, [r7, #1]
10006074:	7822      	ldrb	r2, [r4, #0]
10006076:	1955      	adds	r5, r2, r5
10006078:	b2ad      	uxth	r5, r5
1000607a:	18a4      	adds	r4, r4, r2
1000607c:	e7e8      	b.n	10006050 <cdcd_open+0x6c>
1000607e:	22a3      	movs	r2, #163	; 0xa3
10006080:	0052      	lsls	r2, r2, #1
10006082:	4914      	ldr	r1, [pc, #80]	; (100060d4 <cdcd_open+0xf0>)
10006084:	4814      	ldr	r0, [pc, #80]	; (100060d8 <cdcd_open+0xf4>)
10006086:	f7fe f81d 	bl	100040c4 <__wrap_printf>
1000608a:	2500      	movs	r5, #0
1000608c:	e01a      	b.n	100060c4 <cdcd_open+0xe0>
1000608e:	7821      	ldrb	r1, [r4, #0]
10006090:	194d      	adds	r5, r1, r5
10006092:	b2ad      	uxth	r5, r5
10006094:	1861      	adds	r1, r4, r1
10006096:	1cbb      	adds	r3, r7, #2
10006098:	9301      	str	r3, [sp, #4]
1000609a:	1cfb      	adds	r3, r7, #3
1000609c:	9300      	str	r3, [sp, #0]
1000609e:	2302      	movs	r3, #2
100060a0:	2202      	movs	r2, #2
100060a2:	0030      	movs	r0, r6
100060a4:	f7ff f8de 	bl	10005264 <usbd_open_edpt_pair>
100060a8:	2800      	cmp	r0, #0
100060aa:	d002      	beq.n	100060b2 <cdcd_open+0xce>
100060ac:	350e      	adds	r5, #14
100060ae:	b2ad      	uxth	r5, r5
100060b0:	e7d4      	b.n	1000605c <cdcd_open+0x78>
100060b2:	2256      	movs	r2, #86	; 0x56
100060b4:	32ff      	adds	r2, #255	; 0xff
100060b6:	4907      	ldr	r1, [pc, #28]	; (100060d4 <cdcd_open+0xf0>)
100060b8:	4807      	ldr	r0, [pc, #28]	; (100060d8 <cdcd_open+0xf4>)
100060ba:	f7fe f803 	bl	100040c4 <__wrap_printf>
100060be:	2500      	movs	r5, #0
100060c0:	e000      	b.n	100060c4 <cdcd_open+0xe0>
100060c2:	2500      	movs	r5, #0
100060c4:	0028      	movs	r0, r5
100060c6:	b003      	add	sp, #12
100060c8:	bdf0      	pop	{r4, r5, r6, r7, pc}
100060ca:	2500      	movs	r5, #0
100060cc:	e7fa      	b.n	100060c4 <cdcd_open+0xe0>
100060ce:	46c0      	nop			; (mov r8, r8)
100060d0:	200018a4 	.word	0x200018a4
100060d4:	10009ef8 	.word	0x10009ef8
100060d8:	10009d08 	.word	0x10009d08

100060dc <cdcd_control_xfer_cb>:
100060dc:	b5f8      	push	{r3, r4, r5, r6, r7, lr}
100060de:	0014      	movs	r4, r2
100060e0:	7812      	ldrb	r2, [r2, #0]
100060e2:	2360      	movs	r3, #96	; 0x60
100060e4:	4013      	ands	r3, r2
100060e6:	2b20      	cmp	r3, #32
100060e8:	d000      	beq.n	100060ec <cdcd_control_xfer_cb+0x10>
100060ea:	e080      	b.n	100061ee <cdcd_control_xfer_cb+0x112>
100060ec:	4a45      	ldr	r2, [pc, #276]	; (10006204 <cdcd_control_xfer_cb+0x128>)
100060ee:	2500      	movs	r5, #0
100060f0:	2d00      	cmp	r5, #0
100060f2:	d000      	beq.n	100060f6 <cdcd_control_xfer_cb+0x1a>
100060f4:	e07d      	b.n	100061f2 <cdcd_control_xfer_cb+0x116>
100060f6:	7816      	ldrb	r6, [r2, #0]
100060f8:	7927      	ldrb	r7, [r4, #4]
100060fa:	7963      	ldrb	r3, [r4, #5]
100060fc:	021b      	lsls	r3, r3, #8
100060fe:	433b      	orrs	r3, r7
10006100:	429e      	cmp	r6, r3
10006102:	d006      	beq.n	10006112 <cdcd_control_xfer_cb+0x36>
10006104:	3501      	adds	r5, #1
10006106:	b2ed      	uxtb	r5, r5
10006108:	23b2      	movs	r3, #178	; 0xb2
1000610a:	009b      	lsls	r3, r3, #2
1000610c:	469c      	mov	ip, r3
1000610e:	4462      	add	r2, ip
10006110:	e7ee      	b.n	100060f0 <cdcd_control_xfer_cb+0x14>
10006112:	7863      	ldrb	r3, [r4, #1]
10006114:	2b22      	cmp	r3, #34	; 0x22
10006116:	d032      	beq.n	1000617e <cdcd_control_xfer_cb+0xa2>
10006118:	d809      	bhi.n	1000612e <cdcd_control_xfer_cb+0x52>
1000611a:	2b20      	cmp	r3, #32
1000611c:	d011      	beq.n	10006142 <cdcd_control_xfer_cb+0x66>
1000611e:	2b21      	cmp	r3, #33	; 0x21
10006120:	d103      	bne.n	1000612a <cdcd_control_xfer_cb+0x4e>
10006122:	2901      	cmp	r1, #1
10006124:	d024      	beq.n	10006170 <cdcd_control_xfer_cb+0x94>
10006126:	2001      	movs	r0, #1
10006128:	e062      	b.n	100061f0 <cdcd_control_xfer_cb+0x114>
1000612a:	2000      	movs	r0, #0
1000612c:	e060      	b.n	100061f0 <cdcd_control_xfer_cb+0x114>
1000612e:	2b23      	cmp	r3, #35	; 0x23
10006130:	d105      	bne.n	1000613e <cdcd_control_xfer_cb+0x62>
10006132:	2901      	cmp	r1, #1
10006134:	d04a      	beq.n	100061cc <cdcd_control_xfer_cb+0xf0>
10006136:	2903      	cmp	r1, #3
10006138:	d04d      	beq.n	100061d6 <cdcd_control_xfer_cb+0xfa>
1000613a:	2001      	movs	r0, #1
1000613c:	e058      	b.n	100061f0 <cdcd_control_xfer_cb+0x114>
1000613e:	2000      	movs	r0, #0
10006140:	e056      	b.n	100061f0 <cdcd_control_xfer_cb+0x114>
10006142:	2901      	cmp	r1, #1
10006144:	d003      	beq.n	1000614e <cdcd_control_xfer_cb+0x72>
10006146:	2903      	cmp	r1, #3
10006148:	d008      	beq.n	1000615c <cdcd_control_xfer_cb+0x80>
1000614a:	2001      	movs	r0, #1
1000614c:	e050      	b.n	100061f0 <cdcd_control_xfer_cb+0x114>
1000614e:	3208      	adds	r2, #8
10006150:	2307      	movs	r3, #7
10006152:	0021      	movs	r1, r4
10006154:	f7ff fc7a 	bl	10005a4c <tud_control_xfer>
10006158:	2001      	movs	r0, #1
1000615a:	e049      	b.n	100061f0 <cdcd_control_xfer_cb+0x114>
1000615c:	4b2a      	ldr	r3, [pc, #168]	; (10006208 <cdcd_control_xfer_cb+0x12c>)
1000615e:	2b00      	cmp	r3, #0
10006160:	d049      	beq.n	100061f6 <cdcd_control_xfer_cb+0x11a>
10006162:	3208      	adds	r2, #8
10006164:	0011      	movs	r1, r2
10006166:	0028      	movs	r0, r5
10006168:	f7fe f94c 	bl	10004404 <tud_cdc_line_coding_cb>
1000616c:	2001      	movs	r0, #1
1000616e:	e03f      	b.n	100061f0 <cdcd_control_xfer_cb+0x114>
10006170:	3208      	adds	r2, #8
10006172:	2307      	movs	r3, #7
10006174:	0021      	movs	r1, r4
10006176:	f7ff fc69 	bl	10005a4c <tud_control_xfer>
1000617a:	2001      	movs	r0, #1
1000617c:	e038      	b.n	100061f0 <cdcd_control_xfer_cb+0x114>
1000617e:	2901      	cmp	r1, #1
10006180:	d003      	beq.n	1000618a <cdcd_control_xfer_cb+0xae>
10006182:	2903      	cmp	r1, #3
10006184:	d006      	beq.n	10006194 <cdcd_control_xfer_cb+0xb8>
10006186:	2001      	movs	r0, #1
10006188:	e032      	b.n	100061f0 <cdcd_control_xfer_cb+0x114>
1000618a:	0021      	movs	r1, r4
1000618c:	f7ff fc42 	bl	10005a14 <tud_control_status>
10006190:	2001      	movs	r0, #1
10006192:	e02d      	b.n	100061f0 <cdcd_control_xfer_cb+0x114>
10006194:	78a1      	ldrb	r1, [r4, #2]
10006196:	78e3      	ldrb	r3, [r4, #3]
10006198:	021b      	lsls	r3, r3, #8
1000619a:	430b      	orrs	r3, r1
1000619c:	2001      	movs	r0, #1
1000619e:	0019      	movs	r1, r3
100061a0:	4001      	ands	r1, r0
100061a2:	000e      	movs	r6, r1
100061a4:	085c      	lsrs	r4, r3, #1
100061a6:	4004      	ands	r4, r0
100061a8:	7113      	strb	r3, [r2, #4]
100061aa:	424b      	negs	r3, r1
100061ac:	4159      	adcs	r1, r3
100061ae:	b2c9      	uxtb	r1, r1
100061b0:	3224      	adds	r2, #36	; 0x24
100061b2:	0010      	movs	r0, r2
100061b4:	f000 ff03 	bl	10006fbe <tu_fifo_set_overwritable>
100061b8:	4b14      	ldr	r3, [pc, #80]	; (1000620c <cdcd_control_xfer_cb+0x130>)
100061ba:	2b00      	cmp	r3, #0
100061bc:	d01d      	beq.n	100061fa <cdcd_control_xfer_cb+0x11e>
100061be:	0022      	movs	r2, r4
100061c0:	0031      	movs	r1, r6
100061c2:	0028      	movs	r0, r5
100061c4:	e000      	b.n	100061c8 <cdcd_control_xfer_cb+0xec>
100061c6:	bf00      	nop
100061c8:	2001      	movs	r0, #1
100061ca:	e011      	b.n	100061f0 <cdcd_control_xfer_cb+0x114>
100061cc:	0021      	movs	r1, r4
100061ce:	f7ff fc21 	bl	10005a14 <tud_control_status>
100061d2:	2001      	movs	r0, #1
100061d4:	e00c      	b.n	100061f0 <cdcd_control_xfer_cb+0x114>
100061d6:	4b0e      	ldr	r3, [pc, #56]	; (10006210 <cdcd_control_xfer_cb+0x134>)
100061d8:	2b00      	cmp	r3, #0
100061da:	d010      	beq.n	100061fe <cdcd_control_xfer_cb+0x122>
100061dc:	78a3      	ldrb	r3, [r4, #2]
100061de:	78e1      	ldrb	r1, [r4, #3]
100061e0:	0209      	lsls	r1, r1, #8
100061e2:	4319      	orrs	r1, r3
100061e4:	0028      	movs	r0, r5
100061e6:	e000      	b.n	100061ea <cdcd_control_xfer_cb+0x10e>
100061e8:	bf00      	nop
100061ea:	2001      	movs	r0, #1
100061ec:	e000      	b.n	100061f0 <cdcd_control_xfer_cb+0x114>
100061ee:	2000      	movs	r0, #0
100061f0:	bdf8      	pop	{r3, r4, r5, r6, r7, pc}
100061f2:	2000      	movs	r0, #0
100061f4:	e7fc      	b.n	100061f0 <cdcd_control_xfer_cb+0x114>
100061f6:	2001      	movs	r0, #1
100061f8:	e7fa      	b.n	100061f0 <cdcd_control_xfer_cb+0x114>
100061fa:	2001      	movs	r0, #1
100061fc:	e7f8      	b.n	100061f0 <cdcd_control_xfer_cb+0x114>
100061fe:	2001      	movs	r0, #1
10006200:	e7f6      	b.n	100061f0 <cdcd_control_xfer_cb+0x114>
10006202:	46c0      	nop			; (mov r8, r8)
10006204:	200018a4 	.word	0x200018a4
10006208:	10004405 	.word	0x10004405
	...

10006214 <cdcd_xfer_cb>:
10006214:	b5f0      	push	{r4, r5, r6, r7, lr}
10006216:	46d6      	mov	lr, sl
10006218:	b500      	push	{lr}
1000621a:	b082      	sub	sp, #8
1000621c:	9001      	str	r0, [sp, #4]
1000621e:	000f      	movs	r7, r1
10006220:	9300      	str	r3, [sp, #0]
10006222:	2400      	movs	r4, #0
10006224:	2c00      	cmp	r4, #0
10006226:	d00d      	beq.n	10006244 <cdcd_xfer_cb+0x30>
10006228:	2c00      	cmp	r4, #0
1000622a:	d119      	bne.n	10006260 <cdcd_xfer_cb+0x4c>
1000622c:	78eb      	ldrb	r3, [r5, #3]
1000622e:	42bb      	cmp	r3, r7
10006230:	d01e      	beq.n	10006270 <cdcd_xfer_cb+0x5c>
10006232:	78ab      	ldrb	r3, [r5, #2]
10006234:	42bb      	cmp	r3, r7
10006236:	d055      	beq.n	100062e4 <cdcd_xfer_cb+0xd0>
10006238:	2401      	movs	r4, #1
1000623a:	0020      	movs	r0, r4
1000623c:	b002      	add	sp, #8
1000623e:	bc80      	pop	{r7}
10006240:	46ba      	mov	sl, r7
10006242:	bdf0      	pop	{r4, r5, r6, r7, pc}
10006244:	25b2      	movs	r5, #178	; 0xb2
10006246:	00ad      	lsls	r5, r5, #2
10006248:	4365      	muls	r5, r4
1000624a:	4b3d      	ldr	r3, [pc, #244]	; (10006340 <cdcd_xfer_cb+0x12c>)
1000624c:	18ed      	adds	r5, r5, r3
1000624e:	78eb      	ldrb	r3, [r5, #3]
10006250:	42bb      	cmp	r3, r7
10006252:	d0e9      	beq.n	10006228 <cdcd_xfer_cb+0x14>
10006254:	78ab      	ldrb	r3, [r5, #2]
10006256:	42bb      	cmp	r3, r7
10006258:	d0e6      	beq.n	10006228 <cdcd_xfer_cb+0x14>
1000625a:	3401      	adds	r4, #1
1000625c:	b2e4      	uxtb	r4, r4
1000625e:	e7e1      	b.n	10006224 <cdcd_xfer_cb+0x10>
10006260:	22b6      	movs	r2, #182	; 0xb6
10006262:	32ff      	adds	r2, #255	; 0xff
10006264:	4937      	ldr	r1, [pc, #220]	; (10006344 <cdcd_xfer_cb+0x130>)
10006266:	4838      	ldr	r0, [pc, #224]	; (10006348 <cdcd_xfer_cb+0x134>)
10006268:	f7fd ff2c 	bl	100040c4 <__wrap_printf>
1000626c:	2400      	movs	r4, #0
1000626e:	e7e4      	b.n	1000623a <cdcd_xfer_cb+0x26>
10006270:	2310      	movs	r3, #16
10006272:	469a      	mov	sl, r3
10006274:	44aa      	add	sl, r5
10006276:	2392      	movs	r3, #146	; 0x92
10006278:	009b      	lsls	r3, r3, #2
1000627a:	18e9      	adds	r1, r5, r3
1000627c:	466b      	mov	r3, sp
1000627e:	881a      	ldrh	r2, [r3, #0]
10006280:	4650      	mov	r0, sl
10006282:	f000 fe78 	bl	10006f76 <tu_fifo_write_n>
10006286:	4b31      	ldr	r3, [pc, #196]	; (1000634c <cdcd_xfer_cb+0x138>)
10006288:	2b00      	cmp	r3, #0
1000628a:	d01b      	beq.n	100062c4 <cdcd_xfer_cb+0xb0>
1000628c:	796b      	ldrb	r3, [r5, #5]
1000628e:	2bff      	cmp	r3, #255	; 0xff
10006290:	d018      	beq.n	100062c4 <cdcd_xfer_cb+0xb0>
10006292:	2600      	movs	r6, #0
10006294:	e000      	b.n	10006298 <cdcd_xfer_cb+0x84>
10006296:	3601      	adds	r6, #1
10006298:	9b00      	ldr	r3, [sp, #0]
1000629a:	429e      	cmp	r6, r3
1000629c:	d212      	bcs.n	100062c4 <cdcd_xfer_cb+0xb0>
1000629e:	796a      	ldrb	r2, [r5, #5]
100062a0:	19ab      	adds	r3, r5, r6
100062a2:	2192      	movs	r1, #146	; 0x92
100062a4:	0089      	lsls	r1, r1, #2
100062a6:	468c      	mov	ip, r1
100062a8:	4463      	add	r3, ip
100062aa:	781b      	ldrb	r3, [r3, #0]
100062ac:	429a      	cmp	r2, r3
100062ae:	d1f2      	bne.n	10006296 <cdcd_xfer_cb+0x82>
100062b0:	4650      	mov	r0, sl
100062b2:	f000 fdd6 	bl	10006e62 <tu_fifo_empty>
100062b6:	2800      	cmp	r0, #0
100062b8:	d1ed      	bne.n	10006296 <cdcd_xfer_cb+0x82>
100062ba:	7969      	ldrb	r1, [r5, #5]
100062bc:	0020      	movs	r0, r4
100062be:	e000      	b.n	100062c2 <cdcd_xfer_cb+0xae>
100062c0:	bf00      	nop
100062c2:	e7e8      	b.n	10006296 <cdcd_xfer_cb+0x82>
100062c4:	4b22      	ldr	r3, [pc, #136]	; (10006350 <cdcd_xfer_cb+0x13c>)
100062c6:	2b00      	cmp	r3, #0
100062c8:	d004      	beq.n	100062d4 <cdcd_xfer_cb+0xc0>
100062ca:	4650      	mov	r0, sl
100062cc:	f000 fdc9 	bl	10006e62 <tu_fifo_empty>
100062d0:	2800      	cmp	r0, #0
100062d2:	d003      	beq.n	100062dc <cdcd_xfer_cb+0xc8>
100062d4:	0028      	movs	r0, r5
100062d6:	f7ff fca5 	bl	10005c24 <_prep_out_transaction>
100062da:	e7aa      	b.n	10006232 <cdcd_xfer_cb+0x1e>
100062dc:	0020      	movs	r0, r4
100062de:	e000      	b.n	100062e2 <cdcd_xfer_cb+0xce>
100062e0:	bf00      	nop
100062e2:	e7f7      	b.n	100062d4 <cdcd_xfer_cb+0xc0>
100062e4:	4b1b      	ldr	r3, [pc, #108]	; (10006354 <cdcd_xfer_cb+0x140>)
100062e6:	2b00      	cmp	r3, #0
100062e8:	d002      	beq.n	100062f0 <cdcd_xfer_cb+0xdc>
100062ea:	0020      	movs	r0, r4
100062ec:	e000      	b.n	100062f0 <cdcd_xfer_cb+0xdc>
100062ee:	bf00      	nop
100062f0:	0020      	movs	r0, r4
100062f2:	f7ff fd1b 	bl	10005d2c <tud_cdc_n_write_flush>
100062f6:	2800      	cmp	r0, #0
100062f8:	d001      	beq.n	100062fe <cdcd_xfer_cb+0xea>
100062fa:	2401      	movs	r4, #1
100062fc:	e79d      	b.n	1000623a <cdcd_xfer_cb+0x26>
100062fe:	0028      	movs	r0, r5
10006300:	3024      	adds	r0, #36	; 0x24
10006302:	f000 fd99 	bl	10006e38 <tu_fifo_count>
10006306:	2800      	cmp	r0, #0
10006308:	d115      	bne.n	10006336 <cdcd_xfer_cb+0x122>
1000630a:	9b00      	ldr	r3, [sp, #0]
1000630c:	2b00      	cmp	r3, #0
1000630e:	d014      	beq.n	1000633a <cdcd_xfer_cb+0x126>
10006310:	069b      	lsls	r3, r3, #26
10006312:	d001      	beq.n	10006318 <cdcd_xfer_cb+0x104>
10006314:	2401      	movs	r4, #1
10006316:	e790      	b.n	1000623a <cdcd_xfer_cb+0x26>
10006318:	78a9      	ldrb	r1, [r5, #2]
1000631a:	9801      	ldr	r0, [sp, #4]
1000631c:	f7fe ffe6 	bl	100052ec <usbd_edpt_claim>
10006320:	1e04      	subs	r4, r0, #0
10006322:	d101      	bne.n	10006328 <cdcd_xfer_cb+0x114>
10006324:	2401      	movs	r4, #1
10006326:	e788      	b.n	1000623a <cdcd_xfer_cb+0x26>
10006328:	78a9      	ldrb	r1, [r5, #2]
1000632a:	2300      	movs	r3, #0
1000632c:	2200      	movs	r2, #0
1000632e:	9801      	ldr	r0, [sp, #4]
10006330:	f7ff f804 	bl	1000533c <usbd_edpt_xfer>
10006334:	e781      	b.n	1000623a <cdcd_xfer_cb+0x26>
10006336:	2401      	movs	r4, #1
10006338:	e77f      	b.n	1000623a <cdcd_xfer_cb+0x26>
1000633a:	2401      	movs	r4, #1
1000633c:	e77d      	b.n	1000623a <cdcd_xfer_cb+0x26>
1000633e:	46c0      	nop			; (mov r8, r8)
10006340:	200018a4 	.word	0x200018a4
10006344:	10009ee8 	.word	0x10009ee8
10006348:	10009d08 	.word	0x10009d08
	...

10006358 <tud_vendor_n_mounted>:
10006358:	2800      	cmp	r0, #0
1000635a:	d115      	bne.n	10006388 <tud_vendor_n_mounted+0x30>
1000635c:	22b3      	movs	r2, #179	; 0xb3
1000635e:	0092      	lsls	r2, r2, #2
10006360:	4342      	muls	r2, r0
10006362:	4b0a      	ldr	r3, [pc, #40]	; (1000638c <tud_vendor_n_mounted+0x34>)
10006364:	189b      	adds	r3, r3, r2
10006366:	33aa      	adds	r3, #170	; 0xaa
10006368:	33ff      	adds	r3, #255	; 0xff
1000636a:	781b      	ldrb	r3, [r3, #0]
1000636c:	2b00      	cmp	r3, #0
1000636e:	d107      	bne.n	10006380 <tud_vendor_n_mounted+0x28>
10006370:	4806      	ldr	r0, [pc, #24]	; (1000638c <tud_vendor_n_mounted+0x34>)
10006372:	1880      	adds	r0, r0, r2
10006374:	3085      	adds	r0, #133	; 0x85
10006376:	7803      	ldrb	r3, [r0, #0]
10006378:	2b00      	cmp	r3, #0
1000637a:	d003      	beq.n	10006384 <tud_vendor_n_mounted+0x2c>
1000637c:	2001      	movs	r0, #1
1000637e:	e004      	b.n	1000638a <tud_vendor_n_mounted+0x32>
10006380:	2001      	movs	r0, #1
10006382:	e002      	b.n	1000638a <tud_vendor_n_mounted+0x32>
10006384:	2000      	movs	r0, #0
10006386:	e000      	b.n	1000638a <tud_vendor_n_mounted+0x32>
10006388:	2000      	movs	r0, #0
1000638a:	4770      	bx	lr
1000638c:	20001ce4 	.word	0x20001ce4

10006390 <tud_vendor_n_write_flush>:
10006390:	b510      	push	{r4, lr}
10006392:	2800      	cmp	r0, #0
10006394:	d001      	beq.n	1000639a <tud_vendor_n_write_flush+0xa>
10006396:	2000      	movs	r0, #0
10006398:	bd10      	pop	{r4, pc}
1000639a:	21b3      	movs	r1, #179	; 0xb3
1000639c:	0089      	lsls	r1, r1, #2
1000639e:	4341      	muls	r1, r0
100063a0:	3180      	adds	r1, #128	; 0x80
100063a2:	4803      	ldr	r0, [pc, #12]	; (100063b0 <tud_vendor_n_write_flush+0x20>)
100063a4:	1809      	adds	r1, r1, r0
100063a6:	3104      	adds	r1, #4
100063a8:	2000      	movs	r0, #0
100063aa:	f000 fad7 	bl	1000695c <tu_edpt_stream_write_xfer>
100063ae:	e7f3      	b.n	10006398 <tud_vendor_n_write_flush+0x8>
100063b0:	20001ce4 	.word	0x20001ce4

100063b4 <vendord_init>:
100063b4:	b5f0      	push	{r4, r5, r6, r7, lr}
100063b6:	46c6      	mov	lr, r8
100063b8:	b500      	push	{lr}
100063ba:	b084      	sub	sp, #16
100063bc:	22b3      	movs	r2, #179	; 0xb3
100063be:	0092      	lsls	r2, r2, #2
100063c0:	2100      	movs	r1, #0
100063c2:	481f      	ldr	r0, [pc, #124]	; (10006440 <vendord_init+0x8c>)
100063c4:	f7fc fc3a 	bl	10002c3c <__wrap_memset>
100063c8:	2500      	movs	r5, #0
100063ca:	2d00      	cmp	r5, #0
100063cc:	d003      	beq.n	100063d6 <vendord_init+0x22>
100063ce:	b004      	add	sp, #16
100063d0:	bc80      	pop	{r7}
100063d2:	46b8      	mov	r8, r7
100063d4:	bdf0      	pop	{r4, r5, r6, r7, pc}
100063d6:	24b3      	movs	r4, #179	; 0xb3
100063d8:	00a4      	lsls	r4, r4, #2
100063da:	436c      	muls	r4, r5
100063dc:	0023      	movs	r3, r4
100063de:	33c9      	adds	r3, #201	; 0xc9
100063e0:	33ff      	adds	r3, #255	; 0xff
100063e2:	4e17      	ldr	r6, [pc, #92]	; (10006440 <vendord_init+0x8c>)
100063e4:	199b      	adds	r3, r3, r6
100063e6:	3304      	adds	r3, #4
100063e8:	19a2      	adds	r2, r4, r6
100063ea:	3204      	adds	r2, #4
100063ec:	0020      	movs	r0, r4
100063ee:	30a9      	adds	r0, #169	; 0xa9
100063f0:	30ff      	adds	r0, #255	; 0xff
100063f2:	1980      	adds	r0, r0, r6
100063f4:	2140      	movs	r1, #64	; 0x40
100063f6:	4688      	mov	r8, r1
100063f8:	9103      	str	r1, [sp, #12]
100063fa:	9202      	str	r2, [sp, #8]
100063fc:	2780      	movs	r7, #128	; 0x80
100063fe:	007f      	lsls	r7, r7, #1
10006400:	9701      	str	r7, [sp, #4]
10006402:	9300      	str	r3, [sp, #0]
10006404:	2300      	movs	r3, #0
10006406:	2200      	movs	r2, #0
10006408:	2100      	movs	r1, #0
1000640a:	f000 fa30 	bl	1000686e <tu_edpt_stream_init>
1000640e:	0023      	movs	r3, r4
10006410:	33a0      	adds	r3, #160	; 0xa0
10006412:	199b      	adds	r3, r3, r6
10006414:	3308      	adds	r3, #8
10006416:	0022      	movs	r2, r4
10006418:	3240      	adds	r2, #64	; 0x40
1000641a:	1992      	adds	r2, r2, r6
1000641c:	3204      	adds	r2, #4
1000641e:	0020      	movs	r0, r4
10006420:	3080      	adds	r0, #128	; 0x80
10006422:	1980      	adds	r0, r0, r6
10006424:	3004      	adds	r0, #4
10006426:	4641      	mov	r1, r8
10006428:	9103      	str	r1, [sp, #12]
1000642a:	9202      	str	r2, [sp, #8]
1000642c:	9701      	str	r7, [sp, #4]
1000642e:	9300      	str	r3, [sp, #0]
10006430:	2300      	movs	r3, #0
10006432:	2201      	movs	r2, #1
10006434:	2100      	movs	r1, #0
10006436:	f000 fa1a 	bl	1000686e <tu_edpt_stream_init>
1000643a:	3501      	adds	r5, #1
1000643c:	b2ed      	uxtb	r5, r5
1000643e:	e7c4      	b.n	100063ca <vendord_init+0x16>
10006440:	20001ce4 	.word	0x20001ce4

10006444 <vendord_deinit>:
10006444:	b570      	push	{r4, r5, r6, lr}
10006446:	2500      	movs	r5, #0
10006448:	2d00      	cmp	r5, #0
1000644a:	d001      	beq.n	10006450 <vendord_deinit+0xc>
1000644c:	2001      	movs	r0, #1
1000644e:	bd70      	pop	{r4, r5, r6, pc}
10006450:	24b3      	movs	r4, #179	; 0xb3
10006452:	00a4      	lsls	r4, r4, #2
10006454:	436c      	muls	r4, r5
10006456:	0020      	movs	r0, r4
10006458:	30a9      	adds	r0, #169	; 0xa9
1000645a:	30ff      	adds	r0, #255	; 0xff
1000645c:	4e06      	ldr	r6, [pc, #24]	; (10006478 <vendord_deinit+0x34>)
1000645e:	1980      	adds	r0, r0, r6
10006460:	f000 fa39 	bl	100068d6 <tu_edpt_stream_deinit>
10006464:	0020      	movs	r0, r4
10006466:	3080      	adds	r0, #128	; 0x80
10006468:	1980      	adds	r0, r0, r6
1000646a:	3004      	adds	r0, #4
1000646c:	f000 fa33 	bl	100068d6 <tu_edpt_stream_deinit>
10006470:	3501      	adds	r5, #1
10006472:	b2ed      	uxtb	r5, r5
10006474:	e7e8      	b.n	10006448 <vendord_deinit+0x4>
10006476:	46c0      	nop			; (mov r8, r8)
10006478:	20001ce4 	.word	0x20001ce4

1000647c <vendord_reset>:
1000647c:	b570      	push	{r4, r5, r6, lr}
1000647e:	2500      	movs	r5, #0
10006480:	2d00      	cmp	r5, #0
10006482:	d000      	beq.n	10006486 <vendord_reset+0xa>
10006484:	bd70      	pop	{r4, r5, r6, pc}
10006486:	24b3      	movs	r4, #179	; 0xb3
10006488:	00a4      	lsls	r4, r4, #2
1000648a:	436c      	muls	r4, r5
1000648c:	4e09      	ldr	r6, [pc, #36]	; (100064b4 <vendord_reset+0x38>)
1000648e:	19a3      	adds	r3, r4, r6
10006490:	2200      	movs	r2, #0
10006492:	701a      	strb	r2, [r3, #0]
10006494:	0020      	movs	r0, r4
10006496:	30b1      	adds	r0, #177	; 0xb1
10006498:	30ff      	adds	r0, #255	; 0xff
1000649a:	1980      	adds	r0, r0, r6
1000649c:	f000 fd70 	bl	10006f80 <tu_fifo_clear>
100064a0:	0020      	movs	r0, r4
100064a2:	3088      	adds	r0, #136	; 0x88
100064a4:	1980      	adds	r0, r0, r6
100064a6:	3004      	adds	r0, #4
100064a8:	f000 fd6a 	bl	10006f80 <tu_fifo_clear>
100064ac:	3501      	adds	r5, #1
100064ae:	b2ed      	uxtb	r5, r5
100064b0:	e7e6      	b.n	10006480 <vendord_reset+0x4>
100064b2:	46c0      	nop			; (mov r8, r8)
100064b4:	20001ce4 	.word	0x20001ce4

100064b8 <vendord_open>:
100064b8:	b5f0      	push	{r4, r5, r6, r7, lr}
100064ba:	46d6      	mov	lr, sl
100064bc:	464f      	mov	r7, r9
100064be:	4646      	mov	r6, r8
100064c0:	b5c0      	push	{r6, r7, lr}
100064c2:	4682      	mov	sl, r0
100064c4:	4689      	mov	r9, r1
100064c6:	794b      	ldrb	r3, [r1, #5]
100064c8:	2bff      	cmp	r3, #255	; 0xff
100064ca:	d000      	beq.n	100064ce <vendord_open+0x16>
100064cc:	e09e      	b.n	1000660c <vendord_open+0x154>
100064ce:	780c      	ldrb	r4, [r1, #0]
100064d0:	444c      	add	r4, r9
100064d2:	18a5      	adds	r5, r4, r2
100064d4:	2600      	movs	r6, #0
100064d6:	2e00      	cmp	r6, #0
100064d8:	d009      	beq.n	100064ee <vendord_open+0x36>
100064da:	2600      	movs	r6, #0
100064dc:	2e00      	cmp	r6, #0
100064de:	d100      	bne.n	100064e2 <vendord_open+0x2a>
100064e0:	e09a      	b.n	10006618 <vendord_open+0x160>
100064e2:	464b      	mov	r3, r9
100064e4:	789b      	ldrb	r3, [r3, #2]
100064e6:	7033      	strb	r3, [r6, #0]
100064e8:	2300      	movs	r3, #0
100064ea:	4698      	mov	r8, r3
100064ec:	e049      	b.n	10006582 <vendord_open+0xca>
100064ee:	0030      	movs	r0, r6
100064f0:	f7ff ff32 	bl	10006358 <tud_vendor_n_mounted>
100064f4:	2800      	cmp	r0, #0
100064f6:	d002      	beq.n	100064fe <vendord_open+0x46>
100064f8:	3601      	adds	r6, #1
100064fa:	b2f6      	uxtb	r6, r6
100064fc:	e7eb      	b.n	100064d6 <vendord_open+0x1e>
100064fe:	23b3      	movs	r3, #179	; 0xb3
10006500:	009b      	lsls	r3, r3, #2
10006502:	435e      	muls	r6, r3
10006504:	4b45      	ldr	r3, [pc, #276]	; (1000661c <vendord_open+0x164>)
10006506:	18f6      	adds	r6, r6, r3
10006508:	e7e8      	b.n	100064dc <vendord_open+0x24>
1000650a:	7823      	ldrb	r3, [r4, #0]
1000650c:	18e4      	adds	r4, r4, r3
1000650e:	7863      	ldrb	r3, [r4, #1]
10006510:	2b05      	cmp	r3, #5
10006512:	d001      	beq.n	10006518 <vendord_open+0x60>
10006514:	42ac      	cmp	r4, r5
10006516:	d3f8      	bcc.n	1000650a <vendord_open+0x52>
10006518:	42ac      	cmp	r4, r5
1000651a:	d236      	bcs.n	1000658a <vendord_open+0xd2>
1000651c:	0021      	movs	r1, r4
1000651e:	4650      	mov	r0, sl
10006520:	f7fe fe70 	bl	10005204 <usbd_edpt_open>
10006524:	2800      	cmp	r0, #0
10006526:	d034      	beq.n	10006592 <vendord_open+0xda>
10006528:	4643      	mov	r3, r8
1000652a:	3301      	adds	r3, #1
1000652c:	b2db      	uxtb	r3, r3
1000652e:	4698      	mov	r8, r3
10006530:	78a3      	ldrb	r3, [r4, #2]
10006532:	09db      	lsrs	r3, r3, #7
10006534:	2b01      	cmp	r3, #1
10006536:	d033      	beq.n	100065a0 <vendord_open+0xe8>
10006538:	0037      	movs	r7, r6
1000653a:	37a9      	adds	r7, #169	; 0xa9
1000653c:	37ff      	adds	r7, #255	; 0xff
1000653e:	0030      	movs	r0, r6
10006540:	30b1      	adds	r0, #177	; 0xb1
10006542:	30ff      	adds	r0, #255	; 0xff
10006544:	f000 fd1c 	bl	10006f80 <tu_fifo_clear>
10006548:	78a1      	ldrb	r1, [r4, #2]
1000654a:	22d4      	movs	r2, #212	; 0xd4
1000654c:	0052      	lsls	r2, r2, #1
1000654e:	7079      	strb	r1, [r7, #1]
10006550:	7920      	ldrb	r0, [r4, #4]
10006552:	7963      	ldrb	r3, [r4, #5]
10006554:	021b      	lsls	r3, r3, #8
10006556:	4303      	orrs	r3, r0
10006558:	055b      	lsls	r3, r3, #21
1000655a:	0d5b      	lsrs	r3, r3, #21
1000655c:	4930      	ldr	r1, [pc, #192]	; (10006620 <vendord_open+0x168>)
1000655e:	468c      	mov	ip, r1
10006560:	4463      	add	r3, ip
10006562:	4259      	negs	r1, r3
10006564:	414b      	adcs	r3, r1
10006566:	005b      	lsls	r3, r3, #1
10006568:	5cb1      	ldrb	r1, [r6, r2]
1000656a:	2002      	movs	r0, #2
1000656c:	4381      	bics	r1, r0
1000656e:	430b      	orrs	r3, r1
10006570:	54b3      	strb	r3, [r6, r2]
10006572:	0039      	movs	r1, r7
10006574:	4650      	mov	r0, sl
10006576:	f000 fa33 	bl	100069e0 <tu_edpt_stream_read_xfer>
1000657a:	2800      	cmp	r0, #0
1000657c:	d03f      	beq.n	100065fe <vendord_open+0x146>
1000657e:	7823      	ldrb	r3, [r4, #0]
10006580:	18e4      	adds	r4, r4, r3
10006582:	464b      	mov	r3, r9
10006584:	791b      	ldrb	r3, [r3, #4]
10006586:	4543      	cmp	r3, r8
10006588:	d8c1      	bhi.n	1000650e <vendord_open+0x56>
1000658a:	464b      	mov	r3, r9
1000658c:	1ae0      	subs	r0, r4, r3
1000658e:	b280      	uxth	r0, r0
10006590:	e03d      	b.n	1000660e <vendord_open+0x156>
10006592:	22da      	movs	r2, #218	; 0xda
10006594:	4923      	ldr	r1, [pc, #140]	; (10006624 <vendord_open+0x16c>)
10006596:	4824      	ldr	r0, [pc, #144]	; (10006628 <vendord_open+0x170>)
10006598:	f7fd fd94 	bl	100040c4 <__wrap_printf>
1000659c:	2000      	movs	r0, #0
1000659e:	e036      	b.n	1000660e <vendord_open+0x156>
100065a0:	0037      	movs	r7, r6
100065a2:	3784      	adds	r7, #132	; 0x84
100065a4:	0030      	movs	r0, r6
100065a6:	308c      	adds	r0, #140	; 0x8c
100065a8:	f000 fcea 	bl	10006f80 <tu_fifo_clear>
100065ac:	78a3      	ldrb	r3, [r4, #2]
100065ae:	2284      	movs	r2, #132	; 0x84
100065b0:	707b      	strb	r3, [r7, #1]
100065b2:	7920      	ldrb	r0, [r4, #4]
100065b4:	7963      	ldrb	r3, [r4, #5]
100065b6:	021b      	lsls	r3, r3, #8
100065b8:	4303      	orrs	r3, r0
100065ba:	055b      	lsls	r3, r3, #21
100065bc:	0d5b      	lsrs	r3, r3, #21
100065be:	4918      	ldr	r1, [pc, #96]	; (10006620 <vendord_open+0x168>)
100065c0:	468c      	mov	ip, r1
100065c2:	4463      	add	r3, ip
100065c4:	4259      	negs	r1, r3
100065c6:	414b      	adcs	r3, r1
100065c8:	005b      	lsls	r3, r3, #1
100065ca:	5cb1      	ldrb	r1, [r6, r2]
100065cc:	2002      	movs	r0, #2
100065ce:	4381      	bics	r1, r0
100065d0:	430b      	orrs	r3, r1
100065d2:	54b3      	strb	r3, [r6, r2]
100065d4:	4811      	ldr	r0, [pc, #68]	; (1000661c <vendord_open+0x164>)
100065d6:	1a30      	subs	r0, r6, r0
100065d8:	1082      	asrs	r2, r0, #2
100065da:	0053      	lsls	r3, r2, #1
100065dc:	189b      	adds	r3, r3, r2
100065de:	0259      	lsls	r1, r3, #9
100065e0:	185b      	adds	r3, r3, r1
100065e2:	0298      	lsls	r0, r3, #10
100065e4:	1818      	adds	r0, r3, r0
100065e6:	0080      	lsls	r0, r0, #2
100065e8:	1880      	adds	r0, r0, r2
100065ea:	0040      	lsls	r0, r0, #1
100065ec:	1880      	adds	r0, r0, r2
100065ee:	0103      	lsls	r3, r0, #4
100065f0:	18c0      	adds	r0, r0, r3
100065f2:	0103      	lsls	r3, r0, #4
100065f4:	18c0      	adds	r0, r0, r3
100065f6:	b2c0      	uxtb	r0, r0
100065f8:	f7ff feca 	bl	10006390 <tud_vendor_n_write_flush>
100065fc:	e7bf      	b.n	1000657e <vendord_open+0xc6>
100065fe:	22e2      	movs	r2, #226	; 0xe2
10006600:	4908      	ldr	r1, [pc, #32]	; (10006624 <vendord_open+0x16c>)
10006602:	4809      	ldr	r0, [pc, #36]	; (10006628 <vendord_open+0x170>)
10006604:	f7fd fd5e 	bl	100040c4 <__wrap_printf>
10006608:	2000      	movs	r0, #0
1000660a:	e000      	b.n	1000660e <vendord_open+0x156>
1000660c:	2000      	movs	r0, #0
1000660e:	bce0      	pop	{r5, r6, r7}
10006610:	46ba      	mov	sl, r7
10006612:	46b1      	mov	r9, r6
10006614:	46a8      	mov	r8, r5
10006616:	bdf0      	pop	{r4, r5, r6, r7, pc}
10006618:	2000      	movs	r0, #0
1000661a:	e7f8      	b.n	1000660e <vendord_open+0x156>
1000661c:	20001ce4 	.word	0x20001ce4
10006620:	fffffe00 	.word	0xfffffe00
10006624:	10009f1c 	.word	0x10009f1c
10006628:	10009d08 	.word	0x10009d08

1000662c <vendord_xfer_cb>:
1000662c:	b5f8      	push	{r3, r4, r5, r6, r7, lr}
1000662e:	0006      	movs	r6, r0
10006630:	001d      	movs	r5, r3
10006632:	4f2b      	ldr	r7, [pc, #172]	; (100066e0 <vendord_xfer_cb+0xb4>)
10006634:	2400      	movs	r4, #0
10006636:	2c00      	cmp	r4, #0
10006638:	d150      	bne.n	100066dc <vendord_xfer_cb+0xb0>
1000663a:	23aa      	movs	r3, #170	; 0xaa
1000663c:	33ff      	adds	r3, #255	; 0xff
1000663e:	5cfb      	ldrb	r3, [r7, r3]
10006640:	428b      	cmp	r3, r1
10006642:	d00a      	beq.n	1000665a <vendord_xfer_cb+0x2e>
10006644:	2285      	movs	r2, #133	; 0x85
10006646:	5cba      	ldrb	r2, [r7, r2]
10006648:	428a      	cmp	r2, r1
1000664a:	d006      	beq.n	1000665a <vendord_xfer_cb+0x2e>
1000664c:	3401      	adds	r4, #1
1000664e:	b2e4      	uxtb	r4, r4
10006650:	23b3      	movs	r3, #179	; 0xb3
10006652:	009b      	lsls	r3, r3, #2
10006654:	469c      	mov	ip, r3
10006656:	4467      	add	r7, ip
10006658:	e7ed      	b.n	10006636 <vendord_xfer_cb+0xa>
1000665a:	428b      	cmp	r3, r1
1000665c:	d005      	beq.n	1000666a <vendord_xfer_cb+0x3e>
1000665e:	2385      	movs	r3, #133	; 0x85
10006660:	5cfb      	ldrb	r3, [r7, r3]
10006662:	428b      	cmp	r3, r1
10006664:	d022      	beq.n	100066ac <vendord_xfer_cb+0x80>
10006666:	2001      	movs	r0, #1
10006668:	e039      	b.n	100066de <vendord_xfer_cb+0xb2>
1000666a:	003b      	movs	r3, r7
1000666c:	33b1      	adds	r3, #177	; 0xb1
1000666e:	33ff      	adds	r3, #255	; 0xff
10006670:	889b      	ldrh	r3, [r3, #4]
10006672:	2b00      	cmp	r3, #0
10006674:	d10f      	bne.n	10006696 <vendord_xfer_cb+0x6a>
10006676:	4b1b      	ldr	r3, [pc, #108]	; (100066e4 <vendord_xfer_cb+0xb8>)
10006678:	2b00      	cmp	r3, #0
1000667a:	d004      	beq.n	10006686 <vendord_xfer_cb+0x5a>
1000667c:	1d39      	adds	r1, r7, #4
1000667e:	b2aa      	uxth	r2, r5
10006680:	0020      	movs	r0, r4
10006682:	e000      	b.n	10006686 <vendord_xfer_cb+0x5a>
10006684:	bf00      	nop
10006686:	0039      	movs	r1, r7
10006688:	31a9      	adds	r1, #169	; 0xa9
1000668a:	31ff      	adds	r1, #255	; 0xff
1000668c:	0030      	movs	r0, r6
1000668e:	f000 f9a7 	bl	100069e0 <tu_edpt_stream_read_xfer>
10006692:	2001      	movs	r0, #1
10006694:	e023      	b.n	100066de <vendord_xfer_cb+0xb2>
10006696:	003b      	movs	r3, r7
10006698:	33a9      	adds	r3, #169	; 0xa9
1000669a:	33ff      	adds	r3, #255	; 0xff
1000669c:	6859      	ldr	r1, [r3, #4]
1000669e:	b2aa      	uxth	r2, r5
100066a0:	0038      	movs	r0, r7
100066a2:	30b1      	adds	r0, #177	; 0xb1
100066a4:	30ff      	adds	r0, #255	; 0xff
100066a6:	f000 fc66 	bl	10006f76 <tu_fifo_write_n>
100066aa:	e7e4      	b.n	10006676 <vendord_xfer_cb+0x4a>
100066ac:	4b0e      	ldr	r3, [pc, #56]	; (100066e8 <vendord_xfer_cb+0xbc>)
100066ae:	2b00      	cmp	r3, #0
100066b0:	d004      	beq.n	100066bc <vendord_xfer_cb+0x90>
100066b2:	0429      	lsls	r1, r5, #16
100066b4:	0c09      	lsrs	r1, r1, #16
100066b6:	0020      	movs	r0, r4
100066b8:	e000      	b.n	100066bc <vendord_xfer_cb+0x90>
100066ba:	bf00      	nop
100066bc:	3784      	adds	r7, #132	; 0x84
100066be:	0039      	movs	r1, r7
100066c0:	0030      	movs	r0, r6
100066c2:	f000 f94b 	bl	1000695c <tu_edpt_stream_write_xfer>
100066c6:	2800      	cmp	r0, #0
100066c8:	d001      	beq.n	100066ce <vendord_xfer_cb+0xa2>
100066ca:	2001      	movs	r0, #1
100066cc:	e007      	b.n	100066de <vendord_xfer_cb+0xb2>
100066ce:	002a      	movs	r2, r5
100066d0:	0039      	movs	r1, r7
100066d2:	0030      	movs	r0, r6
100066d4:	f000 f902 	bl	100068dc <tu_edpt_stream_write_zlp_if_needed>
100066d8:	2001      	movs	r0, #1
100066da:	e000      	b.n	100066de <vendord_xfer_cb+0xb2>
100066dc:	2000      	movs	r0, #0
100066de:	bdf8      	pop	{r3, r4, r5, r6, r7, pc}
100066e0:	20001ce4 	.word	0x20001ce4
	...

100066ec <tusb_init>:
100066ec:	b510      	push	{r4, lr}
100066ee:	2000      	movs	r0, #0
100066f0:	f7fe fd1a 	bl	10005128 <tud_init>
100066f4:	1e04      	subs	r4, r0, #0
100066f6:	d001      	beq.n	100066fc <tusb_init+0x10>
100066f8:	0020      	movs	r0, r4
100066fa:	bd10      	pop	{r4, pc}
100066fc:	2231      	movs	r2, #49	; 0x31
100066fe:	4902      	ldr	r1, [pc, #8]	; (10006708 <tusb_init+0x1c>)
10006700:	4802      	ldr	r0, [pc, #8]	; (1000670c <tusb_init+0x20>)
10006702:	f7fd fcdf 	bl	100040c4 <__wrap_printf>
10006706:	e7f7      	b.n	100066f8 <tusb_init+0xc>
10006708:	10009f9c 	.word	0x10009f9c
1000670c:	10009d08 	.word	0x10009d08

10006710 <tu_edpt_claim>:
10006710:	b570      	push	{r4, r5, r6, lr}
10006712:	0004      	movs	r4, r0
10006714:	000d      	movs	r5, r1
10006716:	7803      	ldrb	r3, [r0, #0]
10006718:	07db      	lsls	r3, r3, #31
1000671a:	0fde      	lsrs	r6, r3, #31
1000671c:	2b00      	cmp	r3, #0
1000671e:	d11c      	bne.n	1000675a <tu_edpt_claim+0x4a>
10006720:	7803      	ldrb	r3, [r0, #0]
10006722:	075b      	lsls	r3, r3, #29
10006724:	d41a      	bmi.n	1000675c <tu_edpt_claim+0x4c>
10006726:	2101      	movs	r1, #1
10006728:	4249      	negs	r1, r1
1000672a:	0028      	movs	r0, r5
1000672c:	f002 f98c 	bl	10008a48 <__mutex_enter_timeout_ms_veneer>
10006730:	7823      	ldrb	r3, [r4, #0]
10006732:	07db      	lsls	r3, r3, #31
10006734:	d404      	bmi.n	10006740 <tu_edpt_claim+0x30>
10006736:	7823      	ldrb	r3, [r4, #0]
10006738:	075b      	lsls	r3, r3, #29
1000673a:	d50c      	bpl.n	10006756 <tu_edpt_claim+0x46>
1000673c:	2600      	movs	r6, #0
1000673e:	e000      	b.n	10006742 <tu_edpt_claim+0x32>
10006740:	2600      	movs	r6, #0
10006742:	2e00      	cmp	r6, #0
10006744:	d003      	beq.n	1000674e <tu_edpt_claim+0x3e>
10006746:	7823      	ldrb	r3, [r4, #0]
10006748:	2204      	movs	r2, #4
1000674a:	4313      	orrs	r3, r2
1000674c:	7023      	strb	r3, [r4, #0]
1000674e:	0028      	movs	r0, r5
10006750:	f002 f95a 	bl	10008a08 <__mutex_exit_veneer>
10006754:	e002      	b.n	1000675c <tu_edpt_claim+0x4c>
10006756:	2601      	movs	r6, #1
10006758:	e7f3      	b.n	10006742 <tu_edpt_claim+0x32>
1000675a:	2600      	movs	r6, #0
1000675c:	0030      	movs	r0, r6
1000675e:	bd70      	pop	{r4, r5, r6, pc}

10006760 <tu_edpt_release>:
10006760:	b570      	push	{r4, r5, r6, lr}
10006762:	0004      	movs	r4, r0
10006764:	000e      	movs	r6, r1
10006766:	2101      	movs	r1, #1
10006768:	4249      	negs	r1, r1
1000676a:	0030      	movs	r0, r6
1000676c:	f002 f96c 	bl	10008a48 <__mutex_enter_timeout_ms_veneer>
10006770:	7823      	ldrb	r3, [r4, #0]
10006772:	075b      	lsls	r3, r3, #29
10006774:	d40b      	bmi.n	1000678e <tu_edpt_release+0x2e>
10006776:	2500      	movs	r5, #0
10006778:	2d00      	cmp	r5, #0
1000677a:	d003      	beq.n	10006784 <tu_edpt_release+0x24>
1000677c:	7823      	ldrb	r3, [r4, #0]
1000677e:	2204      	movs	r2, #4
10006780:	4393      	bics	r3, r2
10006782:	7023      	strb	r3, [r4, #0]
10006784:	0030      	movs	r0, r6
10006786:	f002 f93f 	bl	10008a08 <__mutex_exit_veneer>
1000678a:	0028      	movs	r0, r5
1000678c:	bd70      	pop	{r4, r5, r6, pc}
1000678e:	7823      	ldrb	r3, [r4, #0]
10006790:	07db      	lsls	r3, r3, #31
10006792:	d501      	bpl.n	10006798 <tu_edpt_release+0x38>
10006794:	2500      	movs	r5, #0
10006796:	e7ef      	b.n	10006778 <tu_edpt_release+0x18>
10006798:	2501      	movs	r5, #1
1000679a:	e7ed      	b.n	10006778 <tu_edpt_release+0x18>

1000679c <tu_edpt_validate>:
1000679c:	b510      	push	{r4, lr}
1000679e:	7904      	ldrb	r4, [r0, #4]
100067a0:	7943      	ldrb	r3, [r0, #5]
100067a2:	021b      	lsls	r3, r3, #8
100067a4:	4323      	orrs	r3, r4
100067a6:	055b      	lsls	r3, r3, #21
100067a8:	0d5b      	lsrs	r3, r3, #21
100067aa:	78c2      	ldrb	r2, [r0, #3]
100067ac:	0792      	lsls	r2, r2, #30
100067ae:	0f92      	lsrs	r2, r2, #30
100067b0:	2a02      	cmp	r2, #2
100067b2:	d016      	beq.n	100067e2 <tu_edpt_validate+0x46>
100067b4:	2a03      	cmp	r2, #3
100067b6:	d02f      	beq.n	10006818 <tu_edpt_validate+0x7c>
100067b8:	2a01      	cmp	r2, #1
100067ba:	d001      	beq.n	100067c0 <tu_edpt_validate+0x24>
100067bc:	2000      	movs	r0, #0
100067be:	bd10      	pop	{r4, pc}
100067c0:	2902      	cmp	r1, #2
100067c2:	d004      	beq.n	100067ce <tu_edpt_validate+0x32>
100067c4:	4a1d      	ldr	r2, [pc, #116]	; (1000683c <tu_edpt_validate+0xa0>)
100067c6:	429a      	cmp	r2, r3
100067c8:	d304      	bcc.n	100067d4 <tu_edpt_validate+0x38>
100067ca:	2001      	movs	r0, #1
100067cc:	e7f7      	b.n	100067be <tu_edpt_validate+0x22>
100067ce:	2280      	movs	r2, #128	; 0x80
100067d0:	00d2      	lsls	r2, r2, #3
100067d2:	e7f8      	b.n	100067c6 <tu_edpt_validate+0x2a>
100067d4:	2290      	movs	r2, #144	; 0x90
100067d6:	491a      	ldr	r1, [pc, #104]	; (10006840 <tu_edpt_validate+0xa4>)
100067d8:	481a      	ldr	r0, [pc, #104]	; (10006844 <tu_edpt_validate+0xa8>)
100067da:	f7fd fc73 	bl	100040c4 <__wrap_printf>
100067de:	2000      	movs	r0, #0
100067e0:	e7ed      	b.n	100067be <tu_edpt_validate+0x22>
100067e2:	2902      	cmp	r1, #2
100067e4:	d003      	beq.n	100067ee <tu_edpt_validate+0x52>
100067e6:	2b40      	cmp	r3, #64	; 0x40
100067e8:	d80f      	bhi.n	1000680a <tu_edpt_validate+0x6e>
100067ea:	2001      	movs	r0, #1
100067ec:	e7e7      	b.n	100067be <tu_edpt_validate+0x22>
100067ee:	2280      	movs	r2, #128	; 0x80
100067f0:	0092      	lsls	r2, r2, #2
100067f2:	4293      	cmp	r3, r2
100067f4:	d101      	bne.n	100067fa <tu_edpt_validate+0x5e>
100067f6:	2001      	movs	r0, #1
100067f8:	e7e1      	b.n	100067be <tu_edpt_validate+0x22>
100067fa:	3a6a      	subs	r2, #106	; 0x6a
100067fc:	3aff      	subs	r2, #255	; 0xff
100067fe:	4910      	ldr	r1, [pc, #64]	; (10006840 <tu_edpt_validate+0xa4>)
10006800:	4810      	ldr	r0, [pc, #64]	; (10006844 <tu_edpt_validate+0xa8>)
10006802:	f7fd fc5f 	bl	100040c4 <__wrap_printf>
10006806:	2000      	movs	r0, #0
10006808:	e7d9      	b.n	100067be <tu_edpt_validate+0x22>
1000680a:	229a      	movs	r2, #154	; 0x9a
1000680c:	490c      	ldr	r1, [pc, #48]	; (10006840 <tu_edpt_validate+0xa4>)
1000680e:	480d      	ldr	r0, [pc, #52]	; (10006844 <tu_edpt_validate+0xa8>)
10006810:	f7fd fc58 	bl	100040c4 <__wrap_printf>
10006814:	2000      	movs	r0, #0
10006816:	e7d2      	b.n	100067be <tu_edpt_validate+0x22>
10006818:	2902      	cmp	r1, #2
1000681a:	d004      	beq.n	10006826 <tu_edpt_validate+0x8a>
1000681c:	2240      	movs	r2, #64	; 0x40
1000681e:	429a      	cmp	r2, r3
10006820:	d304      	bcc.n	1000682c <tu_edpt_validate+0x90>
10006822:	2001      	movs	r0, #1
10006824:	e7cb      	b.n	100067be <tu_edpt_validate+0x22>
10006826:	2280      	movs	r2, #128	; 0x80
10006828:	00d2      	lsls	r2, r2, #3
1000682a:	e7f8      	b.n	1000681e <tu_edpt_validate+0x82>
1000682c:	22a0      	movs	r2, #160	; 0xa0
1000682e:	4904      	ldr	r1, [pc, #16]	; (10006840 <tu_edpt_validate+0xa4>)
10006830:	4804      	ldr	r0, [pc, #16]	; (10006844 <tu_edpt_validate+0xa8>)
10006832:	f7fd fc47 	bl	100040c4 <__wrap_printf>
10006836:	2000      	movs	r0, #0
10006838:	e7c1      	b.n	100067be <tu_edpt_validate+0x22>
1000683a:	46c0      	nop			; (mov r8, r8)
1000683c:	000003ff 	.word	0x000003ff
10006840:	10009f88 	.word	0x10009f88
10006844:	10009d08 	.word	0x10009d08

10006848 <tu_edpt_bind_driver>:
10006848:	b530      	push	{r4, r5, lr}
1000684a:	188a      	adds	r2, r1, r2
1000684c:	e001      	b.n	10006852 <tu_edpt_bind_driver+0xa>
1000684e:	780c      	ldrb	r4, [r1, #0]
10006850:	1909      	adds	r1, r1, r4
10006852:	4291      	cmp	r1, r2
10006854:	d20a      	bcs.n	1000686c <tu_edpt_bind_driver+0x24>
10006856:	784c      	ldrb	r4, [r1, #1]
10006858:	2c05      	cmp	r4, #5
1000685a:	d1f8      	bne.n	1000684e <tu_edpt_bind_driver+0x6>
1000685c:	788d      	ldrb	r5, [r1, #2]
1000685e:	347a      	adds	r4, #122	; 0x7a
10006860:	402c      	ands	r4, r5
10006862:	0064      	lsls	r4, r4, #1
10006864:	1904      	adds	r4, r0, r4
10006866:	09ed      	lsrs	r5, r5, #7
10006868:	5563      	strb	r3, [r4, r5]
1000686a:	e7f0      	b.n	1000684e <tu_edpt_bind_driver+0x6>
1000686c:	bd30      	pop	{r4, r5, pc}

1000686e <tu_edpt_stream_init>:
1000686e:	b5f0      	push	{r4, r5, r6, r7, lr}
10006870:	b085      	sub	sp, #20
10006872:	0004      	movs	r4, r0
10006874:	9203      	str	r2, [sp, #12]
10006876:	aa0a      	add	r2, sp, #40	; 0x28
10006878:	ca40      	ldmia	r2!, {r6}
1000687a:	8817      	ldrh	r7, [r2, #0]
1000687c:	aa0d      	add	r2, sp, #52	; 0x34
1000687e:	8815      	ldrh	r5, [r2, #0]
10006880:	2201      	movs	r2, #1
10006882:	400a      	ands	r2, r1
10006884:	7801      	ldrb	r1, [r0, #0]
10006886:	2001      	movs	r0, #1
10006888:	4381      	bics	r1, r0
1000688a:	4311      	orrs	r1, r2
1000688c:	7021      	strb	r1, [r4, #0]
1000688e:	0020      	movs	r0, r4
10006890:	3008      	adds	r0, #8
10006892:	9300      	str	r3, [sp, #0]
10006894:	2301      	movs	r3, #1
10006896:	003a      	movs	r2, r7
10006898:	0031      	movs	r1, r6
1000689a:	f000 fa8f 	bl	10006dbc <tu_fifo_config>
1000689e:	2e00      	cmp	r6, #0
100068a0:	d001      	beq.n	100068a6 <tu_edpt_stream_init+0x38>
100068a2:	2f00      	cmp	r7, #0
100068a4:	d105      	bne.n	100068b2 <tu_edpt_stream_init+0x44>
100068a6:	9b0c      	ldr	r3, [sp, #48]	; 0x30
100068a8:	6063      	str	r3, [r4, #4]
100068aa:	8065      	strh	r5, [r4, #2]
100068ac:	2001      	movs	r0, #1
100068ae:	b005      	add	sp, #20
100068b0:	bdf0      	pop	{r4, r5, r6, r7, pc}
100068b2:	0026      	movs	r6, r4
100068b4:	361c      	adds	r6, #28
100068b6:	0030      	movs	r0, r6
100068b8:	f7fa fa6e 	bl	10000d98 <mutex_init>
100068bc:	9b03      	ldr	r3, [sp, #12]
100068be:	2b00      	cmp	r3, #0
100068c0:	d007      	beq.n	100068d2 <tu_edpt_stream_init+0x64>
100068c2:	0033      	movs	r3, r6
100068c4:	9a03      	ldr	r2, [sp, #12]
100068c6:	2a00      	cmp	r2, #0
100068c8:	d000      	beq.n	100068cc <tu_edpt_stream_init+0x5e>
100068ca:	2600      	movs	r6, #0
100068cc:	6163      	str	r3, [r4, #20]
100068ce:	61a6      	str	r6, [r4, #24]
100068d0:	e7e9      	b.n	100068a6 <tu_edpt_stream_init+0x38>
100068d2:	2300      	movs	r3, #0
100068d4:	e7f6      	b.n	100068c4 <tu_edpt_stream_init+0x56>

100068d6 <tu_edpt_stream_deinit>:
100068d6:	2001      	movs	r0, #1
100068d8:	4770      	bx	lr
	...

100068dc <tu_edpt_stream_write_zlp_if_needed>:
100068dc:	b5f8      	push	{r3, r4, r5, r6, r7, lr}
100068de:	0006      	movs	r6, r0
100068e0:	000c      	movs	r4, r1
100068e2:	0015      	movs	r5, r2
100068e4:	780b      	ldrb	r3, [r1, #0]
100068e6:	079b      	lsls	r3, r3, #30
100068e8:	d511      	bpl.n	1000690e <tu_edpt_stream_write_zlp_if_needed+0x32>
100068ea:	2780      	movs	r7, #128	; 0x80
100068ec:	00bf      	lsls	r7, r7, #2
100068ee:	0020      	movs	r0, r4
100068f0:	3008      	adds	r0, #8
100068f2:	f000 faa1 	bl	10006e38 <tu_fifo_count>
100068f6:	2800      	cmp	r0, #0
100068f8:	d125      	bne.n	10006946 <tu_edpt_stream_write_zlp_if_needed+0x6a>
100068fa:	2d00      	cmp	r5, #0
100068fc:	d025      	beq.n	1000694a <tu_edpt_stream_write_zlp_if_needed+0x6e>
100068fe:	3f01      	subs	r7, #1
10006900:	423d      	tst	r5, r7
10006902:	d124      	bne.n	1000694e <tu_edpt_stream_write_zlp_if_needed+0x72>
10006904:	7823      	ldrb	r3, [r4, #0]
10006906:	07db      	lsls	r3, r3, #31
10006908:	d503      	bpl.n	10006912 <tu_edpt_stream_write_zlp_if_needed+0x36>
1000690a:	2000      	movs	r0, #0
1000690c:	e01c      	b.n	10006948 <tu_edpt_stream_write_zlp_if_needed+0x6c>
1000690e:	2740      	movs	r7, #64	; 0x40
10006910:	e7ed      	b.n	100068ee <tu_edpt_stream_write_zlp_if_needed+0x12>
10006912:	7861      	ldrb	r1, [r4, #1]
10006914:	0030      	movs	r0, r6
10006916:	f7fe fce9 	bl	100052ec <usbd_edpt_claim>
1000691a:	2800      	cmp	r0, #0
1000691c:	d0f5      	beq.n	1000690a <tu_edpt_stream_write_zlp_if_needed+0x2e>
1000691e:	7823      	ldrb	r3, [r4, #0]
10006920:	07db      	lsls	r3, r3, #31
10006922:	d507      	bpl.n	10006934 <tu_edpt_stream_write_zlp_if_needed+0x58>
10006924:	2226      	movs	r2, #38	; 0x26
10006926:	32ff      	adds	r2, #255	; 0xff
10006928:	490a      	ldr	r1, [pc, #40]	; (10006954 <tu_edpt_stream_write_zlp_if_needed+0x78>)
1000692a:	480b      	ldr	r0, [pc, #44]	; (10006958 <tu_edpt_stream_write_zlp_if_needed+0x7c>)
1000692c:	f7fd fbca 	bl	100040c4 <__wrap_printf>
10006930:	2000      	movs	r0, #0
10006932:	e009      	b.n	10006948 <tu_edpt_stream_write_zlp_if_needed+0x6c>
10006934:	7861      	ldrb	r1, [r4, #1]
10006936:	2300      	movs	r3, #0
10006938:	2200      	movs	r2, #0
1000693a:	0030      	movs	r0, r6
1000693c:	f7fe fcfe 	bl	1000533c <usbd_edpt_xfer>
10006940:	2800      	cmp	r0, #0
10006942:	d101      	bne.n	10006948 <tu_edpt_stream_write_zlp_if_needed+0x6c>
10006944:	e7ee      	b.n	10006924 <tu_edpt_stream_write_zlp_if_needed+0x48>
10006946:	2000      	movs	r0, #0
10006948:	bdf8      	pop	{r3, r4, r5, r6, r7, pc}
1000694a:	2000      	movs	r0, #0
1000694c:	e7fc      	b.n	10006948 <tu_edpt_stream_write_zlp_if_needed+0x6c>
1000694e:	2000      	movs	r0, #0
10006950:	e7fa      	b.n	10006948 <tu_edpt_stream_write_zlp_if_needed+0x6c>
10006952:	46c0      	nop			; (mov r8, r8)
10006954:	10009f64 	.word	0x10009f64
10006958:	10009d08 	.word	0x10009d08

1000695c <tu_edpt_stream_write_xfer>:
1000695c:	b570      	push	{r4, r5, r6, lr}
1000695e:	0005      	movs	r5, r0
10006960:	000c      	movs	r4, r1
10006962:	000e      	movs	r6, r1
10006964:	3608      	adds	r6, #8
10006966:	0030      	movs	r0, r6
10006968:	f000 fa66 	bl	10006e38 <tu_fifo_count>
1000696c:	2800      	cmp	r0, #0
1000696e:	d030      	beq.n	100069d2 <tu_edpt_stream_write_xfer+0x76>
10006970:	7823      	ldrb	r3, [r4, #0]
10006972:	07db      	lsls	r3, r3, #31
10006974:	d501      	bpl.n	1000697a <tu_edpt_stream_write_xfer+0x1e>
10006976:	2000      	movs	r0, #0
10006978:	bd70      	pop	{r4, r5, r6, pc}
1000697a:	7861      	ldrb	r1, [r4, #1]
1000697c:	0028      	movs	r0, r5
1000697e:	f7fe fcb5 	bl	100052ec <usbd_edpt_claim>
10006982:	2800      	cmp	r0, #0
10006984:	d0f7      	beq.n	10006976 <tu_edpt_stream_write_xfer+0x1a>
10006986:	8862      	ldrh	r2, [r4, #2]
10006988:	6861      	ldr	r1, [r4, #4]
1000698a:	0030      	movs	r0, r6
1000698c:	f000 fabc 	bl	10006f08 <tu_fifo_read_n>
10006990:	1e06      	subs	r6, r0, #0
10006992:	d014      	beq.n	100069be <tu_edpt_stream_write_xfer+0x62>
10006994:	7823      	ldrb	r3, [r4, #0]
10006996:	07db      	lsls	r3, r3, #31
10006998:	d507      	bpl.n	100069aa <tu_edpt_stream_write_xfer+0x4e>
1000699a:	2234      	movs	r2, #52	; 0x34
1000699c:	32ff      	adds	r2, #255	; 0xff
1000699e:	490e      	ldr	r1, [pc, #56]	; (100069d8 <tu_edpt_stream_write_xfer+0x7c>)
100069a0:	480e      	ldr	r0, [pc, #56]	; (100069dc <tu_edpt_stream_write_xfer+0x80>)
100069a2:	f7fd fb8f 	bl	100040c4 <__wrap_printf>
100069a6:	2000      	movs	r0, #0
100069a8:	e7e6      	b.n	10006978 <tu_edpt_stream_write_xfer+0x1c>
100069aa:	6862      	ldr	r2, [r4, #4]
100069ac:	7861      	ldrb	r1, [r4, #1]
100069ae:	0003      	movs	r3, r0
100069b0:	0028      	movs	r0, r5
100069b2:	f7fe fcc3 	bl	1000533c <usbd_edpt_xfer>
100069b6:	2800      	cmp	r0, #0
100069b8:	d0ef      	beq.n	1000699a <tu_edpt_stream_write_xfer+0x3e>
100069ba:	0030      	movs	r0, r6
100069bc:	e7dc      	b.n	10006978 <tu_edpt_stream_write_xfer+0x1c>
100069be:	7823      	ldrb	r3, [r4, #0]
100069c0:	07db      	lsls	r3, r3, #31
100069c2:	d501      	bpl.n	100069c8 <tu_edpt_stream_write_xfer+0x6c>
100069c4:	2000      	movs	r0, #0
100069c6:	e7d7      	b.n	10006978 <tu_edpt_stream_write_xfer+0x1c>
100069c8:	7861      	ldrb	r1, [r4, #1]
100069ca:	0028      	movs	r0, r5
100069cc:	f7fe fca2 	bl	10005314 <usbd_edpt_release>
100069d0:	e7f8      	b.n	100069c4 <tu_edpt_stream_write_xfer+0x68>
100069d2:	2000      	movs	r0, #0
100069d4:	e7d0      	b.n	10006978 <tu_edpt_stream_write_xfer+0x1c>
100069d6:	46c0      	nop			; (mov r8, r8)
100069d8:	10009f48 	.word	0x10009f48
100069dc:	10009d08 	.word	0x10009d08

100069e0 <tu_edpt_stream_read_xfer>:
100069e0:	b5f8      	push	{r3, r4, r5, r6, r7, lr}
100069e2:	0005      	movs	r5, r0
100069e4:	000c      	movs	r4, r1
100069e6:	898b      	ldrh	r3, [r1, #12]
100069e8:	2b00      	cmp	r3, #0
100069ea:	d122      	bne.n	10006a32 <tu_edpt_stream_read_xfer+0x52>
100069ec:	780b      	ldrb	r3, [r1, #0]
100069ee:	07db      	lsls	r3, r3, #31
100069f0:	d501      	bpl.n	100069f6 <tu_edpt_stream_read_xfer+0x16>
100069f2:	2000      	movs	r0, #0
100069f4:	bdf8      	pop	{r3, r4, r5, r6, r7, pc}
100069f6:	7849      	ldrb	r1, [r1, #1]
100069f8:	f7fe fc78 	bl	100052ec <usbd_edpt_claim>
100069fc:	2800      	cmp	r0, #0
100069fe:	d0f8      	beq.n	100069f2 <tu_edpt_stream_read_xfer+0x12>
10006a00:	8863      	ldrh	r3, [r4, #2]
10006a02:	7822      	ldrb	r2, [r4, #0]
10006a04:	07d2      	lsls	r2, r2, #31
10006a06:	d507      	bpl.n	10006a18 <tu_edpt_stream_read_xfer+0x38>
10006a08:	226e      	movs	r2, #110	; 0x6e
10006a0a:	32ff      	adds	r2, #255	; 0xff
10006a0c:	492f      	ldr	r1, [pc, #188]	; (10006acc <tu_edpt_stream_read_xfer+0xec>)
10006a0e:	4830      	ldr	r0, [pc, #192]	; (10006ad0 <tu_edpt_stream_read_xfer+0xf0>)
10006a10:	f7fd fb58 	bl	100040c4 <__wrap_printf>
10006a14:	2000      	movs	r0, #0
10006a16:	e7ed      	b.n	100069f4 <tu_edpt_stream_read_xfer+0x14>
10006a18:	7861      	ldrb	r1, [r4, #1]
10006a1a:	2b00      	cmp	r3, #0
10006a1c:	d007      	beq.n	10006a2e <tu_edpt_stream_read_xfer+0x4e>
10006a1e:	6862      	ldr	r2, [r4, #4]
10006a20:	0028      	movs	r0, r5
10006a22:	f7fe fc8b 	bl	1000533c <usbd_edpt_xfer>
10006a26:	2800      	cmp	r0, #0
10006a28:	d0ee      	beq.n	10006a08 <tu_edpt_stream_read_xfer+0x28>
10006a2a:	8860      	ldrh	r0, [r4, #2]
10006a2c:	e7e2      	b.n	100069f4 <tu_edpt_stream_read_xfer+0x14>
10006a2e:	2200      	movs	r2, #0
10006a30:	e7f6      	b.n	10006a20 <tu_edpt_stream_read_xfer+0x40>
10006a32:	780b      	ldrb	r3, [r1, #0]
10006a34:	079b      	lsls	r3, r3, #30
10006a36:	d50d      	bpl.n	10006a54 <tu_edpt_stream_read_xfer+0x74>
10006a38:	2680      	movs	r6, #128	; 0x80
10006a3a:	00b6      	lsls	r6, r6, #2
10006a3c:	0027      	movs	r7, r4
10006a3e:	3708      	adds	r7, #8
10006a40:	0038      	movs	r0, r7
10006a42:	f000 fa2a 	bl	10006e9a <tu_fifo_remaining>
10006a46:	4286      	cmp	r6, r0
10006a48:	d83d      	bhi.n	10006ac6 <tu_edpt_stream_read_xfer+0xe6>
10006a4a:	7823      	ldrb	r3, [r4, #0]
10006a4c:	07db      	lsls	r3, r3, #31
10006a4e:	d503      	bpl.n	10006a58 <tu_edpt_stream_read_xfer+0x78>
10006a50:	2000      	movs	r0, #0
10006a52:	e7cf      	b.n	100069f4 <tu_edpt_stream_read_xfer+0x14>
10006a54:	2640      	movs	r6, #64	; 0x40
10006a56:	e7f1      	b.n	10006a3c <tu_edpt_stream_read_xfer+0x5c>
10006a58:	7861      	ldrb	r1, [r4, #1]
10006a5a:	0028      	movs	r0, r5
10006a5c:	f7fe fc46 	bl	100052ec <usbd_edpt_claim>
10006a60:	2800      	cmp	r0, #0
10006a62:	d0f5      	beq.n	10006a50 <tu_edpt_stream_read_xfer+0x70>
10006a64:	0038      	movs	r0, r7
10006a66:	f000 fa18 	bl	10006e9a <tu_fifo_remaining>
10006a6a:	4286      	cmp	r6, r0
10006a6c:	d821      	bhi.n	10006ab2 <tu_edpt_stream_read_xfer+0xd2>
10006a6e:	4276      	negs	r6, r6
10006a70:	4006      	ands	r6, r0
10006a72:	b2b6      	uxth	r6, r6
10006a74:	8863      	ldrh	r3, [r4, #2]
10006a76:	1c18      	adds	r0, r3, #0
10006a78:	42b3      	cmp	r3, r6
10006a7a:	d900      	bls.n	10006a7e <tu_edpt_stream_read_xfer+0x9e>
10006a7c:	1c30      	adds	r0, r6, #0
10006a7e:	b286      	uxth	r6, r0
10006a80:	7823      	ldrb	r3, [r4, #0]
10006a82:	07db      	lsls	r3, r3, #31
10006a84:	d507      	bpl.n	10006a96 <tu_edpt_stream_read_xfer+0xb6>
10006a86:	22c1      	movs	r2, #193	; 0xc1
10006a88:	0052      	lsls	r2, r2, #1
10006a8a:	4910      	ldr	r1, [pc, #64]	; (10006acc <tu_edpt_stream_read_xfer+0xec>)
10006a8c:	4810      	ldr	r0, [pc, #64]	; (10006ad0 <tu_edpt_stream_read_xfer+0xf0>)
10006a8e:	f7fd fb19 	bl	100040c4 <__wrap_printf>
10006a92:	2000      	movs	r0, #0
10006a94:	e7ae      	b.n	100069f4 <tu_edpt_stream_read_xfer+0x14>
10006a96:	7861      	ldrb	r1, [r4, #1]
10006a98:	2e00      	cmp	r6, #0
10006a9a:	d008      	beq.n	10006aae <tu_edpt_stream_read_xfer+0xce>
10006a9c:	6862      	ldr	r2, [r4, #4]
10006a9e:	0033      	movs	r3, r6
10006aa0:	0028      	movs	r0, r5
10006aa2:	f7fe fc4b 	bl	1000533c <usbd_edpt_xfer>
10006aa6:	2800      	cmp	r0, #0
10006aa8:	d0ed      	beq.n	10006a86 <tu_edpt_stream_read_xfer+0xa6>
10006aaa:	0030      	movs	r0, r6
10006aac:	e7a2      	b.n	100069f4 <tu_edpt_stream_read_xfer+0x14>
10006aae:	2200      	movs	r2, #0
10006ab0:	e7f5      	b.n	10006a9e <tu_edpt_stream_read_xfer+0xbe>
10006ab2:	7823      	ldrb	r3, [r4, #0]
10006ab4:	07db      	lsls	r3, r3, #31
10006ab6:	d501      	bpl.n	10006abc <tu_edpt_stream_read_xfer+0xdc>
10006ab8:	2000      	movs	r0, #0
10006aba:	e79b      	b.n	100069f4 <tu_edpt_stream_read_xfer+0x14>
10006abc:	7861      	ldrb	r1, [r4, #1]
10006abe:	0028      	movs	r0, r5
10006ac0:	f7fe fc28 	bl	10005314 <usbd_edpt_release>
10006ac4:	e7f8      	b.n	10006ab8 <tu_edpt_stream_read_xfer+0xd8>
10006ac6:	2000      	movs	r0, #0
10006ac8:	e794      	b.n	100069f4 <tu_edpt_stream_read_xfer+0x14>
10006aca:	46c0      	nop			; (mov r8, r8)
10006acc:	10009f2c 	.word	0x10009f2c
10006ad0:	10009d08 	.word	0x10009d08

10006ad4 <advance_index>:
10006ad4:	0003      	movs	r3, r0
10006ad6:	188a      	adds	r2, r1, r2
10006ad8:	b290      	uxth	r0, r2
10006ada:	4281      	cmp	r1, r0
10006adc:	d802      	bhi.n	10006ae4 <advance_index+0x10>
10006ade:	005a      	lsls	r2, r3, #1
10006ae0:	4290      	cmp	r0, r2
10006ae2:	db03      	blt.n	10006aec <advance_index+0x18>
10006ae4:	005b      	lsls	r3, r3, #1
10006ae6:	b29b      	uxth	r3, r3
10006ae8:	1ac0      	subs	r0, r0, r3
10006aea:	b280      	uxth	r0, r0
10006aec:	4770      	bx	lr

10006aee <_tu_fifo_peek>:
10006aee:	b570      	push	{r4, r5, r6, lr}
10006af0:	0005      	movs	r5, r0
10006af2:	0008      	movs	r0, r1
10006af4:	88ac      	ldrh	r4, [r5, #4]
10006af6:	429a      	cmp	r2, r3
10006af8:	d30b      	bcc.n	10006b12 <_tu_fifo_peek+0x24>
10006afa:	1ad1      	subs	r1, r2, r3
10006afc:	b289      	uxth	r1, r1
10006afe:	2900      	cmp	r1, #0
10006b00:	d01e      	beq.n	10006b40 <_tu_fifo_peek+0x52>
10006b02:	428c      	cmp	r4, r1
10006b04:	d210      	bcs.n	10006b28 <_tu_fifo_peek+0x3a>
10006b06:	4294      	cmp	r4, r2
10006b08:	d809      	bhi.n	10006b1e <_tu_fifo_peek+0x30>
10006b0a:	1b13      	subs	r3, r2, r4
10006b0c:	b29b      	uxth	r3, r3
10006b0e:	816b      	strh	r3, [r5, #10]
10006b10:	e00a      	b.n	10006b28 <_tu_fifo_peek+0x3a>
10006b12:	1ad1      	subs	r1, r2, r3
10006b14:	b289      	uxth	r1, r1
10006b16:	0066      	lsls	r6, r4, #1
10006b18:	1989      	adds	r1, r1, r6
10006b1a:	b289      	uxth	r1, r1
10006b1c:	e7ef      	b.n	10006afe <_tu_fifo_peek+0x10>
10006b1e:	18a2      	adds	r2, r4, r2
10006b20:	b293      	uxth	r3, r2
10006b22:	e7f4      	b.n	10006b0e <_tu_fifo_peek+0x20>
10006b24:	1b1b      	subs	r3, r3, r4
10006b26:	b29b      	uxth	r3, r3
10006b28:	429c      	cmp	r4, r3
10006b2a:	d9fb      	bls.n	10006b24 <_tu_fifo_peek+0x36>
10006b2c:	6829      	ldr	r1, [r5, #0]
10006b2e:	88ea      	ldrh	r2, [r5, #6]
10006b30:	0452      	lsls	r2, r2, #17
10006b32:	0c52      	lsrs	r2, r2, #17
10006b34:	4353      	muls	r3, r2
10006b36:	18c9      	adds	r1, r1, r3
10006b38:	f7fc f886 	bl	10002c48 <__wrap___aeabi_memcpy>
10006b3c:	2001      	movs	r0, #1
10006b3e:	bd70      	pop	{r4, r5, r6, pc}
10006b40:	2000      	movs	r0, #0
10006b42:	e7fc      	b.n	10006b3e <_tu_fifo_peek+0x50>

10006b44 <_ff_pull_n>:
10006b44:	b5f8      	push	{r3, r4, r5, r6, r7, lr}
10006b46:	46ce      	mov	lr, r9
10006b48:	4647      	mov	r7, r8
10006b4a:	b580      	push	{r7, lr}
10006b4c:	0005      	movs	r5, r0
10006b4e:	4688      	mov	r8, r1
10006b50:	a908      	add	r1, sp, #32
10006b52:	7809      	ldrb	r1, [r1, #0]
10006b54:	8884      	ldrh	r4, [r0, #4]
10006b56:	1ae0      	subs	r0, r4, r3
10006b58:	b280      	uxth	r0, r0
10006b5a:	1b1c      	subs	r4, r3, r4
10006b5c:	1914      	adds	r4, r2, r4
10006b5e:	b2a4      	uxth	r4, r4
10006b60:	88ef      	ldrh	r7, [r5, #6]
10006b62:	047f      	lsls	r7, r7, #17
10006b64:	0c7e      	lsrs	r6, r7, #17
10006b66:	0007      	movs	r7, r0
10006b68:	4377      	muls	r7, r6
10006b6a:	b2bf      	uxth	r7, r7
10006b6c:	4374      	muls	r4, r6
10006b6e:	b2a4      	uxth	r4, r4
10006b70:	46a1      	mov	r9, r4
10006b72:	4373      	muls	r3, r6
10006b74:	682c      	ldr	r4, [r5, #0]
10006b76:	46a4      	mov	ip, r4
10006b78:	4463      	add	r3, ip
10006b7a:	2900      	cmp	r1, #0
10006b7c:	d106      	bne.n	10006b8c <_ff_pull_n+0x48>
10006b7e:	4290      	cmp	r0, r2
10006b80:	d308      	bcc.n	10006b94 <_ff_pull_n+0x50>
10006b82:	4372      	muls	r2, r6
10006b84:	0019      	movs	r1, r3
10006b86:	4640      	mov	r0, r8
10006b88:	f7fc f85e 	bl	10002c48 <__wrap___aeabi_memcpy>
10006b8c:	bcc0      	pop	{r6, r7}
10006b8e:	46b9      	mov	r9, r7
10006b90:	46b0      	mov	r8, r6
10006b92:	bdf8      	pop	{r3, r4, r5, r6, r7, pc}
10006b94:	003a      	movs	r2, r7
10006b96:	0019      	movs	r1, r3
10006b98:	4644      	mov	r4, r8
10006b9a:	4640      	mov	r0, r8
10006b9c:	f7fc f854 	bl	10002c48 <__wrap___aeabi_memcpy>
10006ba0:	6829      	ldr	r1, [r5, #0]
10006ba2:	19e0      	adds	r0, r4, r7
10006ba4:	464a      	mov	r2, r9
10006ba6:	f7fc f84f 	bl	10002c48 <__wrap___aeabi_memcpy>
10006baa:	e7ef      	b.n	10006b8c <_ff_pull_n+0x48>

10006bac <_tu_fifo_peek_n>:
10006bac:	b5f0      	push	{r4, r5, r6, r7, lr}
10006bae:	46c6      	mov	lr, r8
10006bb0:	b500      	push	{lr}
10006bb2:	b082      	sub	sp, #8
10006bb4:	001e      	movs	r6, r3
10006bb6:	ab08      	add	r3, sp, #32
10006bb8:	881b      	ldrh	r3, [r3, #0]
10006bba:	ac09      	add	r4, sp, #36	; 0x24
10006bbc:	7827      	ldrb	r7, [r4, #0]
10006bbe:	8884      	ldrh	r4, [r0, #4]
10006bc0:	429e      	cmp	r6, r3
10006bc2:	d30f      	bcc.n	10006be4 <_tu_fifo_peek_n+0x38>
10006bc4:	1af5      	subs	r5, r6, r3
10006bc6:	b2ad      	uxth	r5, r5
10006bc8:	2d00      	cmp	r5, #0
10006bca:	d01f      	beq.n	10006c0c <_tu_fifo_peek_n+0x60>
10006bcc:	42ac      	cmp	r4, r5
10006bce:	d205      	bcs.n	10006bdc <_tu_fifo_peek_n+0x30>
10006bd0:	42b4      	cmp	r4, r6
10006bd2:	d810      	bhi.n	10006bf6 <_tu_fifo_peek_n+0x4a>
10006bd4:	1b33      	subs	r3, r6, r4
10006bd6:	b29b      	uxth	r3, r3
10006bd8:	8143      	strh	r3, [r0, #10]
10006bda:	0025      	movs	r5, r4
10006bdc:	4295      	cmp	r5, r2
10006bde:	d30f      	bcc.n	10006c00 <_tu_fifo_peek_n+0x54>
10006be0:	0015      	movs	r5, r2
10006be2:	e00d      	b.n	10006c00 <_tu_fifo_peek_n+0x54>
10006be4:	1af5      	subs	r5, r6, r3
10006be6:	b2ad      	uxth	r5, r5
10006be8:	46a8      	mov	r8, r5
10006bea:	0065      	lsls	r5, r4, #1
10006bec:	46ac      	mov	ip, r5
10006bee:	4645      	mov	r5, r8
10006bf0:	4465      	add	r5, ip
10006bf2:	b2ad      	uxth	r5, r5
10006bf4:	e7e8      	b.n	10006bc8 <_tu_fifo_peek_n+0x1c>
10006bf6:	19a6      	adds	r6, r4, r6
10006bf8:	b2b3      	uxth	r3, r6
10006bfa:	e7ed      	b.n	10006bd8 <_tu_fifo_peek_n+0x2c>
10006bfc:	1b1b      	subs	r3, r3, r4
10006bfe:	b29b      	uxth	r3, r3
10006c00:	429c      	cmp	r4, r3
10006c02:	d9fb      	bls.n	10006bfc <_tu_fifo_peek_n+0x50>
10006c04:	9700      	str	r7, [sp, #0]
10006c06:	002a      	movs	r2, r5
10006c08:	f7ff ff9c 	bl	10006b44 <_ff_pull_n>
10006c0c:	0028      	movs	r0, r5
10006c0e:	b002      	add	sp, #8
10006c10:	bc80      	pop	{r7}
10006c12:	46b8      	mov	r8, r7
10006c14:	bdf0      	pop	{r4, r5, r6, r7, pc}

10006c16 <_tu_fifo_read_n>:
10006c16:	b5f0      	push	{r4, r5, r6, r7, lr}
10006c18:	b083      	sub	sp, #12
10006c1a:	0004      	movs	r4, r0
10006c1c:	000d      	movs	r5, r1
10006c1e:	0016      	movs	r6, r2
10006c20:	001f      	movs	r7, r3
10006c22:	6900      	ldr	r0, [r0, #16]
10006c24:	2800      	cmp	r0, #0
10006c26:	d003      	beq.n	10006c30 <_tu_fifo_read_n+0x1a>
10006c28:	2101      	movs	r1, #1
10006c2a:	4249      	negs	r1, r1
10006c2c:	f001 ff0c 	bl	10008a48 <__mutex_enter_timeout_ms_veneer>
10006c30:	8923      	ldrh	r3, [r4, #8]
10006c32:	b29b      	uxth	r3, r3
10006c34:	8962      	ldrh	r2, [r4, #10]
10006c36:	9701      	str	r7, [sp, #4]
10006c38:	9200      	str	r2, [sp, #0]
10006c3a:	0032      	movs	r2, r6
10006c3c:	0029      	movs	r1, r5
10006c3e:	0020      	movs	r0, r4
10006c40:	f7ff ffb4 	bl	10006bac <_tu_fifo_peek_n>
10006c44:	0005      	movs	r5, r0
10006c46:	8961      	ldrh	r1, [r4, #10]
10006c48:	b289      	uxth	r1, r1
10006c4a:	88a0      	ldrh	r0, [r4, #4]
10006c4c:	002a      	movs	r2, r5
10006c4e:	f7ff ff41 	bl	10006ad4 <advance_index>
10006c52:	8160      	strh	r0, [r4, #10]
10006c54:	6920      	ldr	r0, [r4, #16]
10006c56:	2800      	cmp	r0, #0
10006c58:	d001      	beq.n	10006c5e <_tu_fifo_read_n+0x48>
10006c5a:	f001 fed5 	bl	10008a08 <__mutex_exit_veneer>
10006c5e:	0028      	movs	r0, r5
10006c60:	b003      	add	sp, #12
10006c62:	bdf0      	pop	{r4, r5, r6, r7, pc}

10006c64 <_ff_push_n>:
10006c64:	b5f8      	push	{r3, r4, r5, r6, r7, lr}
10006c66:	46ce      	mov	lr, r9
10006c68:	4647      	mov	r7, r8
10006c6a:	b580      	push	{r7, lr}
10006c6c:	0005      	movs	r5, r0
10006c6e:	4688      	mov	r8, r1
10006c70:	a908      	add	r1, sp, #32
10006c72:	7808      	ldrb	r0, [r1, #0]
10006c74:	88ac      	ldrh	r4, [r5, #4]
10006c76:	1ae1      	subs	r1, r4, r3
10006c78:	b289      	uxth	r1, r1
10006c7a:	1b1c      	subs	r4, r3, r4
10006c7c:	1914      	adds	r4, r2, r4
10006c7e:	b2a4      	uxth	r4, r4
10006c80:	88ef      	ldrh	r7, [r5, #6]
10006c82:	047f      	lsls	r7, r7, #17
10006c84:	0c7e      	lsrs	r6, r7, #17
10006c86:	000f      	movs	r7, r1
10006c88:	4377      	muls	r7, r6
10006c8a:	b2bf      	uxth	r7, r7
10006c8c:	4374      	muls	r4, r6
10006c8e:	b2a4      	uxth	r4, r4
10006c90:	46a1      	mov	r9, r4
10006c92:	4373      	muls	r3, r6
10006c94:	682c      	ldr	r4, [r5, #0]
10006c96:	46a4      	mov	ip, r4
10006c98:	4463      	add	r3, ip
10006c9a:	2800      	cmp	r0, #0
10006c9c:	d106      	bne.n	10006cac <_ff_push_n+0x48>
10006c9e:	4291      	cmp	r1, r2
10006ca0:	d308      	bcc.n	10006cb4 <_ff_push_n+0x50>
10006ca2:	4372      	muls	r2, r6
10006ca4:	4641      	mov	r1, r8
10006ca6:	0018      	movs	r0, r3
10006ca8:	f7fb ffce 	bl	10002c48 <__wrap___aeabi_memcpy>
10006cac:	bcc0      	pop	{r6, r7}
10006cae:	46b9      	mov	r9, r7
10006cb0:	46b0      	mov	r8, r6
10006cb2:	bdf8      	pop	{r3, r4, r5, r6, r7, pc}
10006cb4:	003a      	movs	r2, r7
10006cb6:	4644      	mov	r4, r8
10006cb8:	4641      	mov	r1, r8
10006cba:	0018      	movs	r0, r3
10006cbc:	f7fb ffc4 	bl	10002c48 <__wrap___aeabi_memcpy>
10006cc0:	6828      	ldr	r0, [r5, #0]
10006cc2:	19e1      	adds	r1, r4, r7
10006cc4:	464a      	mov	r2, r9
10006cc6:	f7fb ffbf 	bl	10002c48 <__wrap___aeabi_memcpy>
10006cca:	e7ef      	b.n	10006cac <_ff_push_n+0x48>

10006ccc <_tu_fifo_write_n>:
10006ccc:	b5f0      	push	{r4, r5, r6, r7, lr}
10006cce:	b085      	sub	sp, #20
10006cd0:	0006      	movs	r6, r0
10006cd2:	9103      	str	r1, [sp, #12]
10006cd4:	1e15      	subs	r5, r2, #0
10006cd6:	9302      	str	r3, [sp, #8]
10006cd8:	d100      	bne.n	10006cdc <_tu_fifo_write_n+0x10>
10006cda:	e06d      	b.n	10006db8 <_tu_fifo_write_n+0xec>
10006cdc:	68c0      	ldr	r0, [r0, #12]
10006cde:	2800      	cmp	r0, #0
10006ce0:	d003      	beq.n	10006cea <_tu_fifo_write_n+0x1e>
10006ce2:	2101      	movs	r1, #1
10006ce4:	4249      	negs	r1, r1
10006ce6:	f001 feaf 	bl	10008a48 <__mutex_enter_timeout_ms_veneer>
10006cea:	8934      	ldrh	r4, [r6, #8]
10006cec:	b2a4      	uxth	r4, r4
10006cee:	8971      	ldrh	r1, [r6, #10]
10006cf0:	b289      	uxth	r1, r1
10006cf2:	79f3      	ldrb	r3, [r6, #7]
10006cf4:	09db      	lsrs	r3, r3, #7
10006cf6:	d11a      	bne.n	10006d2e <_tu_fifo_write_n+0x62>
10006cf8:	88b3      	ldrh	r3, [r6, #4]
10006cfa:	428c      	cmp	r4, r1
10006cfc:	d30f      	bcc.n	10006d1e <_tu_fifo_write_n+0x52>
10006cfe:	1a61      	subs	r1, r4, r1
10006d00:	b289      	uxth	r1, r1
10006d02:	428b      	cmp	r3, r1
10006d04:	d911      	bls.n	10006d2a <_tu_fifo_write_n+0x5e>
10006d06:	1a5b      	subs	r3, r3, r1
10006d08:	b29b      	uxth	r3, r3
10006d0a:	1c2f      	adds	r7, r5, #0
10006d0c:	429d      	cmp	r5, r3
10006d0e:	d900      	bls.n	10006d12 <_tu_fifo_write_n+0x46>
10006d10:	1c1f      	adds	r7, r3, #0
10006d12:	b2bf      	uxth	r7, r7
10006d14:	2f00      	cmp	r7, #0
10006d16:	d047      	beq.n	10006da8 <_tu_fifo_write_n+0xdc>
10006d18:	88b2      	ldrh	r2, [r6, #4]
10006d1a:	0023      	movs	r3, r4
10006d1c:	e035      	b.n	10006d8a <_tu_fifo_write_n+0xbe>
10006d1e:	1a61      	subs	r1, r4, r1
10006d20:	b289      	uxth	r1, r1
10006d22:	005a      	lsls	r2, r3, #1
10006d24:	1889      	adds	r1, r1, r2
10006d26:	b289      	uxth	r1, r1
10006d28:	e7eb      	b.n	10006d02 <_tu_fifo_write_n+0x36>
10006d2a:	2300      	movs	r3, #0
10006d2c:	e7ed      	b.n	10006d0a <_tu_fifo_write_n+0x3e>
10006d2e:	88b7      	ldrh	r7, [r6, #4]
10006d30:	42af      	cmp	r7, r5
10006d32:	d80e      	bhi.n	10006d52 <_tu_fifo_write_n+0x86>
10006d34:	9b02      	ldr	r3, [sp, #8]
10006d36:	2b00      	cmp	r3, #0
10006d38:	d121      	bne.n	10006d7e <_tu_fifo_write_n+0xb2>
10006d3a:	1bed      	subs	r5, r5, r7
10006d3c:	88f3      	ldrh	r3, [r6, #6]
10006d3e:	045b      	lsls	r3, r3, #17
10006d40:	0c5a      	lsrs	r2, r3, #17
10006d42:	436a      	muls	r2, r5
10006d44:	9b03      	ldr	r3, [sp, #12]
10006d46:	469c      	mov	ip, r3
10006d48:	4494      	add	ip, r2
10006d4a:	4663      	mov	r3, ip
10006d4c:	9303      	str	r3, [sp, #12]
10006d4e:	000c      	movs	r4, r1
10006d50:	e7e0      	b.n	10006d14 <_tu_fifo_write_n+0x48>
10006d52:	428c      	cmp	r4, r1
10006d54:	d30d      	bcc.n	10006d72 <_tu_fifo_write_n+0xa6>
10006d56:	1a63      	subs	r3, r4, r1
10006d58:	b29b      	uxth	r3, r3
10006d5a:	195b      	adds	r3, r3, r5
10006d5c:	007a      	lsls	r2, r7, #1
10006d5e:	4293      	cmp	r3, r2
10006d60:	db0f      	blt.n	10006d82 <_tu_fifo_write_n+0xb6>
10006d62:	1b7a      	subs	r2, r7, r5
10006d64:	b292      	uxth	r2, r2
10006d66:	0038      	movs	r0, r7
10006d68:	f7ff feb4 	bl	10006ad4 <advance_index>
10006d6c:	0004      	movs	r4, r0
10006d6e:	002f      	movs	r7, r5
10006d70:	e7d0      	b.n	10006d14 <_tu_fifo_write_n+0x48>
10006d72:	1a63      	subs	r3, r4, r1
10006d74:	b29b      	uxth	r3, r3
10006d76:	007a      	lsls	r2, r7, #1
10006d78:	189b      	adds	r3, r3, r2
10006d7a:	b29b      	uxth	r3, r3
10006d7c:	e7ed      	b.n	10006d5a <_tu_fifo_write_n+0x8e>
10006d7e:	000c      	movs	r4, r1
10006d80:	e7c8      	b.n	10006d14 <_tu_fifo_write_n+0x48>
10006d82:	002f      	movs	r7, r5
10006d84:	e7c6      	b.n	10006d14 <_tu_fifo_write_n+0x48>
10006d86:	1a9b      	subs	r3, r3, r2
10006d88:	b29b      	uxth	r3, r3
10006d8a:	429a      	cmp	r2, r3
10006d8c:	d9fb      	bls.n	10006d86 <_tu_fifo_write_n+0xba>
10006d8e:	9a02      	ldr	r2, [sp, #8]
10006d90:	9200      	str	r2, [sp, #0]
10006d92:	003a      	movs	r2, r7
10006d94:	9903      	ldr	r1, [sp, #12]
10006d96:	0030      	movs	r0, r6
10006d98:	f7ff ff64 	bl	10006c64 <_ff_push_n>
10006d9c:	88b0      	ldrh	r0, [r6, #4]
10006d9e:	003a      	movs	r2, r7
10006da0:	0021      	movs	r1, r4
10006da2:	f7ff fe97 	bl	10006ad4 <advance_index>
10006da6:	8130      	strh	r0, [r6, #8]
10006da8:	68f0      	ldr	r0, [r6, #12]
10006daa:	2800      	cmp	r0, #0
10006dac:	d001      	beq.n	10006db2 <_tu_fifo_write_n+0xe6>
10006dae:	f001 fe2b 	bl	10008a08 <__mutex_exit_veneer>
10006db2:	0038      	movs	r0, r7
10006db4:	b005      	add	sp, #20
10006db6:	bdf0      	pop	{r4, r5, r6, r7, pc}
10006db8:	0017      	movs	r7, r2
10006dba:	e7fa      	b.n	10006db2 <_tu_fifo_write_n+0xe6>

10006dbc <tu_fifo_config>:
10006dbc:	b5f0      	push	{r4, r5, r6, r7, lr}
10006dbe:	b083      	sub	sp, #12
10006dc0:	0004      	movs	r4, r0
10006dc2:	9101      	str	r1, [sp, #4]
10006dc4:	0016      	movs	r6, r2
10006dc6:	001d      	movs	r5, r3
10006dc8:	ab08      	add	r3, sp, #32
10006dca:	781f      	ldrb	r7, [r3, #0]
10006dcc:	2380      	movs	r3, #128	; 0x80
10006dce:	021b      	lsls	r3, r3, #8
10006dd0:	429a      	cmp	r2, r3
10006dd2:	d82d      	bhi.n	10006e30 <tu_fifo_config+0x74>
10006dd4:	68c0      	ldr	r0, [r0, #12]
10006dd6:	2800      	cmp	r0, #0
10006dd8:	d003      	beq.n	10006de2 <tu_fifo_config+0x26>
10006dda:	2101      	movs	r1, #1
10006ddc:	4249      	negs	r1, r1
10006dde:	f001 fe33 	bl	10008a48 <__mutex_enter_timeout_ms_veneer>
10006de2:	6920      	ldr	r0, [r4, #16]
10006de4:	2800      	cmp	r0, #0
10006de6:	d003      	beq.n	10006df0 <tu_fifo_config+0x34>
10006de8:	2101      	movs	r1, #1
10006dea:	4249      	negs	r1, r1
10006dec:	f001 fe2c 	bl	10008a48 <__mutex_enter_timeout_ms_veneer>
10006df0:	9b01      	ldr	r3, [sp, #4]
10006df2:	6023      	str	r3, [r4, #0]
10006df4:	80a6      	strh	r6, [r4, #4]
10006df6:	046d      	lsls	r5, r5, #17
10006df8:	0c6b      	lsrs	r3, r5, #17
10006dfa:	88e2      	ldrh	r2, [r4, #6]
10006dfc:	0bd2      	lsrs	r2, r2, #15
10006dfe:	03d5      	lsls	r5, r2, #15
10006e00:	431d      	orrs	r5, r3
10006e02:	80e5      	strh	r5, [r4, #6]
10006e04:	01fb      	lsls	r3, r7, #7
10006e06:	79e2      	ldrb	r2, [r4, #7]
10006e08:	277f      	movs	r7, #127	; 0x7f
10006e0a:	4017      	ands	r7, r2
10006e0c:	431f      	orrs	r7, r3
10006e0e:	71e7      	strb	r7, [r4, #7]
10006e10:	2300      	movs	r3, #0
10006e12:	8163      	strh	r3, [r4, #10]
10006e14:	8123      	strh	r3, [r4, #8]
10006e16:	68e0      	ldr	r0, [r4, #12]
10006e18:	2800      	cmp	r0, #0
10006e1a:	d001      	beq.n	10006e20 <tu_fifo_config+0x64>
10006e1c:	f001 fdf4 	bl	10008a08 <__mutex_exit_veneer>
10006e20:	6920      	ldr	r0, [r4, #16]
10006e22:	2800      	cmp	r0, #0
10006e24:	d006      	beq.n	10006e34 <tu_fifo_config+0x78>
10006e26:	f001 fdef 	bl	10008a08 <__mutex_exit_veneer>
10006e2a:	2001      	movs	r0, #1
10006e2c:	b003      	add	sp, #12
10006e2e:	bdf0      	pop	{r4, r5, r6, r7, pc}
10006e30:	2000      	movs	r0, #0
10006e32:	e7fb      	b.n	10006e2c <tu_fifo_config+0x70>
10006e34:	2001      	movs	r0, #1
10006e36:	e7f9      	b.n	10006e2c <tu_fifo_config+0x70>

10006e38 <tu_fifo_count>:
10006e38:	8881      	ldrh	r1, [r0, #4]
10006e3a:	8903      	ldrh	r3, [r0, #8]
10006e3c:	b29b      	uxth	r3, r3
10006e3e:	8942      	ldrh	r2, [r0, #10]
10006e40:	b292      	uxth	r2, r2
10006e42:	4293      	cmp	r3, r2
10006e44:	d307      	bcc.n	10006e56 <tu_fifo_count+0x1e>
10006e46:	1a9b      	subs	r3, r3, r2
10006e48:	b29b      	uxth	r3, r3
10006e4a:	1c08      	adds	r0, r1, #0
10006e4c:	4299      	cmp	r1, r3
10006e4e:	d900      	bls.n	10006e52 <tu_fifo_count+0x1a>
10006e50:	1c18      	adds	r0, r3, #0
10006e52:	b280      	uxth	r0, r0
10006e54:	4770      	bx	lr
10006e56:	1a9b      	subs	r3, r3, r2
10006e58:	b29b      	uxth	r3, r3
10006e5a:	004a      	lsls	r2, r1, #1
10006e5c:	189b      	adds	r3, r3, r2
10006e5e:	b29b      	uxth	r3, r3
10006e60:	e7f3      	b.n	10006e4a <tu_fifo_count+0x12>

10006e62 <tu_fifo_empty>:
10006e62:	0003      	movs	r3, r0
10006e64:	8900      	ldrh	r0, [r0, #8]
10006e66:	895b      	ldrh	r3, [r3, #10]
10006e68:	1ac0      	subs	r0, r0, r3
10006e6a:	4243      	negs	r3, r0
10006e6c:	4158      	adcs	r0, r3
10006e6e:	b2c0      	uxtb	r0, r0
10006e70:	4770      	bx	lr

10006e72 <tu_fifo_full>:
10006e72:	8881      	ldrh	r1, [r0, #4]
10006e74:	8903      	ldrh	r3, [r0, #8]
10006e76:	b29b      	uxth	r3, r3
10006e78:	8942      	ldrh	r2, [r0, #10]
10006e7a:	b292      	uxth	r2, r2
10006e7c:	4293      	cmp	r3, r2
10006e7e:	d306      	bcc.n	10006e8e <tu_fifo_full+0x1c>
10006e80:	1a9b      	subs	r3, r3, r2
10006e82:	b29b      	uxth	r3, r3
10006e84:	2000      	movs	r0, #0
10006e86:	428b      	cmp	r3, r1
10006e88:	4140      	adcs	r0, r0
10006e8a:	b2c0      	uxtb	r0, r0
10006e8c:	4770      	bx	lr
10006e8e:	1a9b      	subs	r3, r3, r2
10006e90:	b29b      	uxth	r3, r3
10006e92:	004a      	lsls	r2, r1, #1
10006e94:	189b      	adds	r3, r3, r2
10006e96:	b29b      	uxth	r3, r3
10006e98:	e7f4      	b.n	10006e84 <tu_fifo_full+0x12>

10006e9a <tu_fifo_remaining>:
10006e9a:	8882      	ldrh	r2, [r0, #4]
10006e9c:	8903      	ldrh	r3, [r0, #8]
10006e9e:	b29b      	uxth	r3, r3
10006ea0:	8940      	ldrh	r0, [r0, #10]
10006ea2:	b280      	uxth	r0, r0
10006ea4:	4283      	cmp	r3, r0
10006ea6:	d306      	bcc.n	10006eb6 <tu_fifo_remaining+0x1c>
10006ea8:	1a1b      	subs	r3, r3, r0
10006eaa:	b29b      	uxth	r3, r3
10006eac:	429a      	cmp	r2, r3
10006eae:	d908      	bls.n	10006ec2 <tu_fifo_remaining+0x28>
10006eb0:	1ad3      	subs	r3, r2, r3
10006eb2:	b298      	uxth	r0, r3
10006eb4:	4770      	bx	lr
10006eb6:	1a1b      	subs	r3, r3, r0
10006eb8:	b29b      	uxth	r3, r3
10006eba:	0050      	lsls	r0, r2, #1
10006ebc:	181b      	adds	r3, r3, r0
10006ebe:	b29b      	uxth	r3, r3
10006ec0:	e7f4      	b.n	10006eac <tu_fifo_remaining+0x12>
10006ec2:	2000      	movs	r0, #0
10006ec4:	e7f6      	b.n	10006eb4 <tu_fifo_remaining+0x1a>

10006ec6 <tu_fifo_read>:
10006ec6:	b570      	push	{r4, r5, r6, lr}
10006ec8:	0004      	movs	r4, r0
10006eca:	000d      	movs	r5, r1
10006ecc:	6900      	ldr	r0, [r0, #16]
10006ece:	2800      	cmp	r0, #0
10006ed0:	d003      	beq.n	10006eda <tu_fifo_read+0x14>
10006ed2:	2101      	movs	r1, #1
10006ed4:	4249      	negs	r1, r1
10006ed6:	f001 fdb7 	bl	10008a48 <__mutex_enter_timeout_ms_veneer>
10006eda:	8922      	ldrh	r2, [r4, #8]
10006edc:	b292      	uxth	r2, r2
10006ede:	8963      	ldrh	r3, [r4, #10]
10006ee0:	b29b      	uxth	r3, r3
10006ee2:	0029      	movs	r1, r5
10006ee4:	0020      	movs	r0, r4
10006ee6:	f7ff fe02 	bl	10006aee <_tu_fifo_peek>
10006eea:	0005      	movs	r5, r0
10006eec:	8961      	ldrh	r1, [r4, #10]
10006eee:	b289      	uxth	r1, r1
10006ef0:	b282      	uxth	r2, r0
10006ef2:	88a0      	ldrh	r0, [r4, #4]
10006ef4:	f7ff fdee 	bl	10006ad4 <advance_index>
10006ef8:	8160      	strh	r0, [r4, #10]
10006efa:	6920      	ldr	r0, [r4, #16]
10006efc:	2800      	cmp	r0, #0
10006efe:	d001      	beq.n	10006f04 <tu_fifo_read+0x3e>
10006f00:	f001 fd82 	bl	10008a08 <__mutex_exit_veneer>
10006f04:	0028      	movs	r0, r5
10006f06:	bd70      	pop	{r4, r5, r6, pc}

10006f08 <tu_fifo_read_n>:
10006f08:	b510      	push	{r4, lr}
10006f0a:	2300      	movs	r3, #0
10006f0c:	f7ff fe83 	bl	10006c16 <_tu_fifo_read_n>
10006f10:	bd10      	pop	{r4, pc}

10006f12 <tu_fifo_write>:
10006f12:	b5f8      	push	{r3, r4, r5, r6, r7, lr}
10006f14:	0004      	movs	r4, r0
10006f16:	000e      	movs	r6, r1
10006f18:	68c0      	ldr	r0, [r0, #12]
10006f1a:	2800      	cmp	r0, #0
10006f1c:	d003      	beq.n	10006f26 <tu_fifo_write+0x14>
10006f1e:	2101      	movs	r1, #1
10006f20:	4249      	negs	r1, r1
10006f22:	f001 fd91 	bl	10008a48 <__mutex_enter_timeout_ms_veneer>
10006f26:	8925      	ldrh	r5, [r4, #8]
10006f28:	b2ad      	uxth	r5, r5
10006f2a:	0020      	movs	r0, r4
10006f2c:	f7ff ffa1 	bl	10006e72 <tu_fifo_full>
10006f30:	2800      	cmp	r0, #0
10006f32:	d002      	beq.n	10006f3a <tu_fifo_write+0x28>
10006f34:	79e7      	ldrb	r7, [r4, #7]
10006f36:	09ff      	lsrs	r7, r7, #7
10006f38:	d016      	beq.n	10006f68 <tu_fifo_write+0x56>
10006f3a:	88a2      	ldrh	r2, [r4, #4]
10006f3c:	002b      	movs	r3, r5
10006f3e:	e001      	b.n	10006f44 <tu_fifo_write+0x32>
10006f40:	1a9b      	subs	r3, r3, r2
10006f42:	b29b      	uxth	r3, r3
10006f44:	429a      	cmp	r2, r3
10006f46:	d9fb      	bls.n	10006f40 <tu_fifo_write+0x2e>
10006f48:	88e2      	ldrh	r2, [r4, #6]
10006f4a:	0452      	lsls	r2, r2, #17
10006f4c:	0c52      	lsrs	r2, r2, #17
10006f4e:	4353      	muls	r3, r2
10006f50:	6821      	ldr	r1, [r4, #0]
10006f52:	18c8      	adds	r0, r1, r3
10006f54:	0031      	movs	r1, r6
10006f56:	f7fb fe77 	bl	10002c48 <__wrap___aeabi_memcpy>
10006f5a:	88a0      	ldrh	r0, [r4, #4]
10006f5c:	2201      	movs	r2, #1
10006f5e:	0029      	movs	r1, r5
10006f60:	f7ff fdb8 	bl	10006ad4 <advance_index>
10006f64:	8120      	strh	r0, [r4, #8]
10006f66:	2701      	movs	r7, #1
10006f68:	68e0      	ldr	r0, [r4, #12]
10006f6a:	2800      	cmp	r0, #0
10006f6c:	d001      	beq.n	10006f72 <tu_fifo_write+0x60>
10006f6e:	f001 fd4b 	bl	10008a08 <__mutex_exit_veneer>
10006f72:	0038      	movs	r0, r7
10006f74:	bdf8      	pop	{r3, r4, r5, r6, r7, pc}

10006f76 <tu_fifo_write_n>:
10006f76:	b510      	push	{r4, lr}
10006f78:	2300      	movs	r3, #0
10006f7a:	f7ff fea7 	bl	10006ccc <_tu_fifo_write_n>
10006f7e:	bd10      	pop	{r4, pc}

10006f80 <tu_fifo_clear>:
10006f80:	b510      	push	{r4, lr}
10006f82:	0004      	movs	r4, r0
10006f84:	68c0      	ldr	r0, [r0, #12]
10006f86:	2800      	cmp	r0, #0
10006f88:	d003      	beq.n	10006f92 <tu_fifo_clear+0x12>
10006f8a:	2101      	movs	r1, #1
10006f8c:	4249      	negs	r1, r1
10006f8e:	f001 fd5b 	bl	10008a48 <__mutex_enter_timeout_ms_veneer>
10006f92:	6920      	ldr	r0, [r4, #16]
10006f94:	2800      	cmp	r0, #0
10006f96:	d003      	beq.n	10006fa0 <tu_fifo_clear+0x20>
10006f98:	2101      	movs	r1, #1
10006f9a:	4249      	negs	r1, r1
10006f9c:	f001 fd54 	bl	10008a48 <__mutex_enter_timeout_ms_veneer>
10006fa0:	2300      	movs	r3, #0
10006fa2:	8163      	strh	r3, [r4, #10]
10006fa4:	8123      	strh	r3, [r4, #8]
10006fa6:	68e0      	ldr	r0, [r4, #12]
10006fa8:	2800      	cmp	r0, #0
10006faa:	d001      	beq.n	10006fb0 <tu_fifo_clear+0x30>
10006fac:	f001 fd2c 	bl	10008a08 <__mutex_exit_veneer>
10006fb0:	6920      	ldr	r0, [r4, #16]
10006fb2:	2800      	cmp	r0, #0
10006fb4:	d001      	beq.n	10006fba <tu_fifo_clear+0x3a>
10006fb6:	f001 fd27 	bl	10008a08 <__mutex_exit_veneer>
10006fba:	2001      	movs	r0, #1
10006fbc:	bd10      	pop	{r4, pc}

10006fbe <tu_fifo_set_overwritable>:
10006fbe:	b570      	push	{r4, r5, r6, lr}
10006fc0:	0004      	movs	r4, r0
10006fc2:	000d      	movs	r5, r1
10006fc4:	68c0      	ldr	r0, [r0, #12]
10006fc6:	2800      	cmp	r0, #0
10006fc8:	d003      	beq.n	10006fd2 <tu_fifo_set_overwritable+0x14>
10006fca:	2101      	movs	r1, #1
10006fcc:	4249      	negs	r1, r1
10006fce:	f001 fd3b 	bl	10008a48 <__mutex_enter_timeout_ms_veneer>
10006fd2:	6920      	ldr	r0, [r4, #16]
10006fd4:	2800      	cmp	r0, #0
10006fd6:	d003      	beq.n	10006fe0 <tu_fifo_set_overwritable+0x22>
10006fd8:	2101      	movs	r1, #1
10006fda:	4249      	negs	r1, r1
10006fdc:	f001 fd34 	bl	10008a48 <__mutex_enter_timeout_ms_veneer>
10006fe0:	01ed      	lsls	r5, r5, #7
10006fe2:	79e3      	ldrb	r3, [r4, #7]
10006fe4:	217f      	movs	r1, #127	; 0x7f
10006fe6:	4019      	ands	r1, r3
10006fe8:	4329      	orrs	r1, r5
10006fea:	71e1      	strb	r1, [r4, #7]
10006fec:	68e0      	ldr	r0, [r4, #12]
10006fee:	2800      	cmp	r0, #0
10006ff0:	d001      	beq.n	10006ff6 <tu_fifo_set_overwritable+0x38>
10006ff2:	f001 fd09 	bl	10008a08 <__mutex_exit_veneer>
10006ff6:	6920      	ldr	r0, [r4, #16]
10006ff8:	2800      	cmp	r0, #0
10006ffa:	d001      	beq.n	10007000 <tu_fifo_set_overwritable+0x42>
10006ffc:	f001 fd04 	bl	10008a08 <__mutex_exit_veneer>
10007000:	2001      	movs	r0, #1
10007002:	bd70      	pop	{r4, r5, r6, pc}

10007004 <spi_deinit>:
10007004:	4b09      	ldr	r3, [pc, #36]	; (1000702c <spi_deinit+0x28>)
10007006:	18c3      	adds	r3, r0, r3
10007008:	2202      	movs	r2, #2
1000700a:	601a      	str	r2, [r3, #0]
1000700c:	4b08      	ldr	r3, [pc, #32]	; (10007030 <spi_deinit+0x2c>)
1000700e:	18c3      	adds	r3, r0, r3
10007010:	3201      	adds	r2, #1
10007012:	601a      	str	r2, [r3, #0]
10007014:	4b07      	ldr	r3, [pc, #28]	; (10007034 <spi_deinit+0x30>)
10007016:	4298      	cmp	r0, r3
10007018:	d005      	beq.n	10007026 <spi_deinit+0x22>
1000701a:	2211      	movs	r2, #17
1000701c:	2301      	movs	r3, #1
1000701e:	4093      	lsls	r3, r2
10007020:	4a05      	ldr	r2, [pc, #20]	; (10007038 <spi_deinit+0x34>)
10007022:	6013      	str	r3, [r2, #0]
10007024:	4770      	bx	lr
10007026:	320d      	adds	r2, #13
10007028:	e7f8      	b.n	1000701c <spi_deinit+0x18>
1000702a:	46c0      	nop			; (mov r8, r8)
1000702c:	00003004 	.word	0x00003004
10007030:	00003024 	.word	0x00003024
10007034:	4003c000 	.word	0x4003c000
10007038:	4000e000 	.word	0x4000e000

1000703c <spi_set_baudrate>:
1000703c:	b5f8      	push	{r3, r4, r5, r6, r7, lr}
1000703e:	46de      	mov	lr, fp
10007040:	4657      	mov	r7, sl
10007042:	464e      	mov	r6, r9
10007044:	4645      	mov	r5, r8
10007046:	b5e0      	push	{r5, r6, r7, lr}
10007048:	4681      	mov	r9, r0
1000704a:	000e      	movs	r6, r1
1000704c:	2006      	movs	r0, #6
1000704e:	f7fa fc5b 	bl	10001908 <clock_get_hz>
10007052:	4680      	mov	r8, r0
10007054:	464b      	mov	r3, r9
10007056:	685a      	ldr	r2, [r3, #4]
10007058:	2302      	movs	r3, #2
1000705a:	401a      	ands	r2, r3
1000705c:	4693      	mov	fp, r2
1000705e:	2204      	movs	r2, #4
10007060:	444a      	add	r2, r9
10007062:	4692      	mov	sl, r2
10007064:	4a21      	ldr	r2, [pc, #132]	; (100070ec <spi_set_baudrate+0xb0>)
10007066:	444a      	add	r2, r9
10007068:	6013      	str	r3, [r2, #0]
1000706a:	2402      	movs	r4, #2
1000706c:	e000      	b.n	10007070 <spi_set_baudrate+0x34>
1000706e:	3402      	adds	r4, #2
10007070:	2cfe      	cmp	r4, #254	; 0xfe
10007072:	d81a      	bhi.n	100070aa <spi_set_baudrate+0x6e>
10007074:	2500      	movs	r5, #0
10007076:	0220      	lsls	r0, r4, #8
10007078:	0032      	movs	r2, r6
1000707a:	2300      	movs	r3, #0
1000707c:	2100      	movs	r1, #0
1000707e:	f7fb fcf1 	bl	10002a64 <__wrap___aeabi_lmul>
10007082:	2900      	cmp	r1, #0
10007084:	d103      	bne.n	1000708e <spi_set_baudrate+0x52>
10007086:	42a9      	cmp	r1, r5
10007088:	d1f1      	bne.n	1000706e <spi_set_baudrate+0x32>
1000708a:	4540      	cmp	r0, r8
1000708c:	d9ef      	bls.n	1000706e <spi_set_baudrate+0x32>
1000708e:	2780      	movs	r7, #128	; 0x80
10007090:	007f      	lsls	r7, r7, #1
10007092:	2f01      	cmp	r7, #1
10007094:	d90c      	bls.n	100070b0 <spi_set_baudrate+0x74>
10007096:	1e7d      	subs	r5, r7, #1
10007098:	0021      	movs	r1, r4
1000709a:	4369      	muls	r1, r5
1000709c:	4640      	mov	r0, r8
1000709e:	f7fa fea7 	bl	10001df0 <__wrap___aeabi_uidiv>
100070a2:	42b0      	cmp	r0, r6
100070a4:	d804      	bhi.n	100070b0 <spi_set_baudrate+0x74>
100070a6:	002f      	movs	r7, r5
100070a8:	e7f3      	b.n	10007092 <spi_set_baudrate+0x56>
100070aa:	2780      	movs	r7, #128	; 0x80
100070ac:	007f      	lsls	r7, r7, #1
100070ae:	e7f0      	b.n	10007092 <spi_set_baudrate+0x56>
100070b0:	464b      	mov	r3, r9
100070b2:	611c      	str	r4, [r3, #16]
100070b4:	1e7b      	subs	r3, r7, #1
100070b6:	021b      	lsls	r3, r3, #8
100070b8:	464a      	mov	r2, r9
100070ba:	6812      	ldr	r2, [r2, #0]
100070bc:	4053      	eors	r3, r2
100070be:	22ff      	movs	r2, #255	; 0xff
100070c0:	0212      	lsls	r2, r2, #8
100070c2:	4013      	ands	r3, r2
100070c4:	2080      	movs	r0, #128	; 0x80
100070c6:	0140      	lsls	r0, r0, #5
100070c8:	4448      	add	r0, r9
100070ca:	6003      	str	r3, [r0, #0]
100070cc:	2380      	movs	r3, #128	; 0x80
100070ce:	019b      	lsls	r3, r3, #6
100070d0:	4453      	add	r3, sl
100070d2:	465a      	mov	r2, fp
100070d4:	601a      	str	r2, [r3, #0]
100070d6:	0039      	movs	r1, r7
100070d8:	4361      	muls	r1, r4
100070da:	4640      	mov	r0, r8
100070dc:	f7fa fe88 	bl	10001df0 <__wrap___aeabi_uidiv>
100070e0:	bcf0      	pop	{r4, r5, r6, r7}
100070e2:	46bb      	mov	fp, r7
100070e4:	46b2      	mov	sl, r6
100070e6:	46a9      	mov	r9, r5
100070e8:	46a0      	mov	r8, r4
100070ea:	bdf8      	pop	{r3, r4, r5, r6, r7, pc}
100070ec:	00003004 	.word	0x00003004

100070f0 <spi_init>:
100070f0:	b570      	push	{r4, r5, r6, lr}
100070f2:	0004      	movs	r4, r0
100070f4:	4b1a      	ldr	r3, [pc, #104]	; (10007160 <spi_init+0x70>)
100070f6:	4298      	cmp	r0, r3
100070f8:	d02d      	beq.n	10007156 <spi_init+0x66>
100070fa:	2211      	movs	r2, #17
100070fc:	2301      	movs	r3, #1
100070fe:	4093      	lsls	r3, r2
10007100:	4a18      	ldr	r2, [pc, #96]	; (10007164 <spi_init+0x74>)
10007102:	6013      	str	r3, [r2, #0]
10007104:	4b16      	ldr	r3, [pc, #88]	; (10007160 <spi_init+0x70>)
10007106:	429c      	cmp	r4, r3
10007108:	d027      	beq.n	1000715a <spi_init+0x6a>
1000710a:	2311      	movs	r3, #17
1000710c:	2201      	movs	r2, #1
1000710e:	409a      	lsls	r2, r3
10007110:	4b15      	ldr	r3, [pc, #84]	; (10007168 <spi_init+0x78>)
10007112:	601a      	str	r2, [r3, #0]
10007114:	4b15      	ldr	r3, [pc, #84]	; (1000716c <spi_init+0x7c>)
10007116:	681b      	ldr	r3, [r3, #0]
10007118:	0010      	movs	r0, r2
1000711a:	4398      	bics	r0, r3
1000711c:	d1fa      	bne.n	10007114 <spi_init+0x24>
1000711e:	0020      	movs	r0, r4
10007120:	f7ff ff8c 	bl	1000703c <spi_set_baudrate>
10007124:	6862      	ldr	r2, [r4, #4]
10007126:	2302      	movs	r3, #2
10007128:	401a      	ands	r2, r3
1000712a:	4911      	ldr	r1, [pc, #68]	; (10007170 <spi_init+0x80>)
1000712c:	1861      	adds	r1, r4, r1
1000712e:	600b      	str	r3, [r1, #0]
10007130:	6821      	ldr	r1, [r4, #0]
10007132:	2507      	movs	r5, #7
10007134:	404d      	eors	r5, r1
10007136:	21cf      	movs	r1, #207	; 0xcf
10007138:	4029      	ands	r1, r5
1000713a:	2580      	movs	r5, #128	; 0x80
1000713c:	016d      	lsls	r5, r5, #5
1000713e:	1965      	adds	r5, r4, r5
10007140:	6029      	str	r1, [r5, #0]
10007142:	490c      	ldr	r1, [pc, #48]	; (10007174 <spi_init+0x84>)
10007144:	1861      	adds	r1, r4, r1
10007146:	600a      	str	r2, [r1, #0]
10007148:	4a0b      	ldr	r2, [pc, #44]	; (10007178 <spi_init+0x88>)
1000714a:	4694      	mov	ip, r2
1000714c:	4464      	add	r4, ip
1000714e:	2203      	movs	r2, #3
10007150:	6022      	str	r2, [r4, #0]
10007152:	600b      	str	r3, [r1, #0]
10007154:	bd70      	pop	{r4, r5, r6, pc}
10007156:	2210      	movs	r2, #16
10007158:	e7d0      	b.n	100070fc <spi_init+0xc>
1000715a:	2310      	movs	r3, #16
1000715c:	e7d6      	b.n	1000710c <spi_init+0x1c>
1000715e:	46c0      	nop			; (mov r8, r8)
10007160:	4003c000 	.word	0x4003c000
10007164:	4000e000 	.word	0x4000e000
10007168:	4000f000 	.word	0x4000f000
1000716c:	4000c008 	.word	0x4000c008
10007170:	00003004 	.word	0x00003004
10007174:	00002004 	.word	0x00002004
10007178:	00002024 	.word	0x00002024

1000717c <_ZN4RF243csnEb>:
1000717c:	b510      	push	{r4, lr}
1000717e:	0004      	movs	r4, r0
10007180:	7940      	ldrb	r0, [r0, #5]
10007182:	f000 fb5e 	bl	10007842 <_ZN4GPIO5writeEii>
10007186:	6e20      	ldr	r0, [r4, #96]	; 0x60
10007188:	2100      	movs	r1, #0
1000718a:	f7fa f967 	bl	1000145c <sleep_us>
1000718e:	bd10      	pop	{r4, pc}

10007190 <_ZN4RF242ceEb>:
10007190:	b510      	push	{r4, lr}
10007192:	0003      	movs	r3, r0
10007194:	7900      	ldrb	r0, [r0, #4]
10007196:	795b      	ldrb	r3, [r3, #5]
10007198:	4298      	cmp	r0, r3
1000719a:	d100      	bne.n	1000719e <_ZN4RF242ceEb+0xe>
1000719c:	bd10      	pop	{r4, pc}
1000719e:	f000 fb50 	bl	10007842 <_ZN4GPIO5writeEii>
100071a2:	e7fb      	b.n	1000719c <_ZN4RF242ceEb+0xc>

100071a4 <_ZN4RF2413read_registerEhPhh>:
100071a4:	b5f0      	push	{r4, r5, r6, r7, lr}
100071a6:	46c6      	mov	lr, r8
100071a8:	b500      	push	{lr}
100071aa:	4680      	mov	r8, r0
100071ac:	000d      	movs	r5, r1
100071ae:	0017      	movs	r7, r2
100071b0:	001e      	movs	r6, r3
100071b2:	6881      	ldr	r1, [r0, #8]
100071b4:	6800      	ldr	r0, [r0, #0]
100071b6:	f000 fb91 	bl	100078dc <_ZN3SPI16beginTransactionEm>
100071ba:	2100      	movs	r1, #0
100071bc:	4640      	mov	r0, r8
100071be:	f7ff ffdd 	bl	1000717c <_ZN4RF243csnEb>
100071c2:	4641      	mov	r1, r8
100071c4:	312d      	adds	r1, #45	; 0x2d
100071c6:	1c74      	adds	r4, r6, #1
100071c8:	b2e4      	uxtb	r4, r4
100071ca:	4643      	mov	r3, r8
100071cc:	332e      	adds	r3, #46	; 0x2e
100071ce:	222d      	movs	r2, #45	; 0x2d
100071d0:	4640      	mov	r0, r8
100071d2:	5485      	strb	r5, [r0, r2]
100071d4:	e003      	b.n	100071de <_ZN4RF2413read_registerEhPhh+0x3a>
100071d6:	22ff      	movs	r2, #255	; 0xff
100071d8:	701a      	strb	r2, [r3, #0]
100071da:	3301      	adds	r3, #1
100071dc:	002e      	movs	r6, r5
100071de:	1e75      	subs	r5, r6, #1
100071e0:	b2ed      	uxtb	r5, r5
100071e2:	2e00      	cmp	r6, #0
100071e4:	d1f7      	bne.n	100071d6 <_ZN4RF2413read_registerEhPhh+0x32>
100071e6:	4642      	mov	r2, r8
100071e8:	320c      	adds	r2, #12
100071ea:	0023      	movs	r3, r4
100071ec:	4640      	mov	r0, r8
100071ee:	6800      	ldr	r0, [r0, #0]
100071f0:	f000 fb6e 	bl	100078d0 <_ZN3SPI10transfernbEPKhPhm>
100071f4:	4643      	mov	r3, r8
100071f6:	330d      	adds	r3, #13
100071f8:	4642      	mov	r2, r8
100071fa:	7b11      	ldrb	r1, [r2, #12]
100071fc:	224e      	movs	r2, #78	; 0x4e
100071fe:	4640      	mov	r0, r8
10007200:	5481      	strb	r1, [r0, r2]
10007202:	e003      	b.n	1000720c <_ZN4RF2413read_registerEhPhh+0x68>
10007204:	781a      	ldrb	r2, [r3, #0]
10007206:	703a      	strb	r2, [r7, #0]
10007208:	3301      	adds	r3, #1
1000720a:	3701      	adds	r7, #1
1000720c:	3c01      	subs	r4, #1
1000720e:	b2e4      	uxtb	r4, r4
10007210:	2c00      	cmp	r4, #0
10007212:	d1f7      	bne.n	10007204 <_ZN4RF2413read_registerEhPhh+0x60>
10007214:	2101      	movs	r1, #1
10007216:	4640      	mov	r0, r8
10007218:	f7ff ffb0 	bl	1000717c <_ZN4RF243csnEb>
1000721c:	4643      	mov	r3, r8
1000721e:	6818      	ldr	r0, [r3, #0]
10007220:	f000 fb7a 	bl	10007918 <_ZN3SPI14endTransactionEv>
10007224:	bc80      	pop	{r7}
10007226:	46b8      	mov	r8, r7
10007228:	bdf0      	pop	{r4, r5, r6, r7, pc}

1000722a <_ZN4RF2413read_registerEh>:
1000722a:	b570      	push	{r4, r5, r6, lr}
1000722c:	0004      	movs	r4, r0
1000722e:	000d      	movs	r5, r1
10007230:	6881      	ldr	r1, [r0, #8]
10007232:	6800      	ldr	r0, [r0, #0]
10007234:	f000 fb52 	bl	100078dc <_ZN3SPI16beginTransactionEm>
10007238:	2100      	movs	r1, #0
1000723a:	0020      	movs	r0, r4
1000723c:	f7ff ff9e 	bl	1000717c <_ZN4RF243csnEb>
10007240:	0021      	movs	r1, r4
10007242:	312d      	adds	r1, #45	; 0x2d
10007244:	232d      	movs	r3, #45	; 0x2d
10007246:	54e5      	strb	r5, [r4, r3]
10007248:	3301      	adds	r3, #1
1000724a:	22ff      	movs	r2, #255	; 0xff
1000724c:	54e2      	strb	r2, [r4, r3]
1000724e:	0022      	movs	r2, r4
10007250:	320c      	adds	r2, #12
10007252:	3b2c      	subs	r3, #44	; 0x2c
10007254:	6820      	ldr	r0, [r4, #0]
10007256:	f000 fb3b 	bl	100078d0 <_ZN3SPI10transfernbEPKhPhm>
1000725a:	7b22      	ldrb	r2, [r4, #12]
1000725c:	234e      	movs	r3, #78	; 0x4e
1000725e:	54e2      	strb	r2, [r4, r3]
10007260:	7b65      	ldrb	r5, [r4, #13]
10007262:	2101      	movs	r1, #1
10007264:	0020      	movs	r0, r4
10007266:	f7ff ff89 	bl	1000717c <_ZN4RF243csnEb>
1000726a:	6820      	ldr	r0, [r4, #0]
1000726c:	f000 fb54 	bl	10007918 <_ZN3SPI14endTransactionEv>
10007270:	0028      	movs	r0, r5
10007272:	bd70      	pop	{r4, r5, r6, pc}

10007274 <_ZN4RF2414write_registerEhPKhh>:
10007274:	b5f8      	push	{r3, r4, r5, r6, r7, lr}
10007276:	0007      	movs	r7, r0
10007278:	000c      	movs	r4, r1
1000727a:	0016      	movs	r6, r2
1000727c:	001d      	movs	r5, r3
1000727e:	6881      	ldr	r1, [r0, #8]
10007280:	6800      	ldr	r0, [r0, #0]
10007282:	f000 fb2b 	bl	100078dc <_ZN3SPI16beginTransactionEm>
10007286:	2100      	movs	r1, #0
10007288:	0038      	movs	r0, r7
1000728a:	f7ff ff77 	bl	1000717c <_ZN4RF243csnEb>
1000728e:	0039      	movs	r1, r7
10007290:	312d      	adds	r1, #45	; 0x2d
10007292:	1c6b      	adds	r3, r5, #1
10007294:	b2db      	uxtb	r3, r3
10007296:	003a      	movs	r2, r7
10007298:	322e      	adds	r2, #46	; 0x2e
1000729a:	2020      	movs	r0, #32
1000729c:	4304      	orrs	r4, r0
1000729e:	202d      	movs	r0, #45	; 0x2d
100072a0:	543c      	strb	r4, [r7, r0]
100072a2:	e004      	b.n	100072ae <_ZN4RF2414write_registerEhPKhh+0x3a>
100072a4:	7835      	ldrb	r5, [r6, #0]
100072a6:	7015      	strb	r5, [r2, #0]
100072a8:	3201      	adds	r2, #1
100072aa:	0025      	movs	r5, r4
100072ac:	3601      	adds	r6, #1
100072ae:	1e6c      	subs	r4, r5, #1
100072b0:	b2e4      	uxtb	r4, r4
100072b2:	2d00      	cmp	r5, #0
100072b4:	d1f6      	bne.n	100072a4 <_ZN4RF2414write_registerEhPKhh+0x30>
100072b6:	003a      	movs	r2, r7
100072b8:	320c      	adds	r2, #12
100072ba:	6838      	ldr	r0, [r7, #0]
100072bc:	f000 fb08 	bl	100078d0 <_ZN3SPI10transfernbEPKhPhm>
100072c0:	7b3a      	ldrb	r2, [r7, #12]
100072c2:	234e      	movs	r3, #78	; 0x4e
100072c4:	54fa      	strb	r2, [r7, r3]
100072c6:	2101      	movs	r1, #1
100072c8:	0038      	movs	r0, r7
100072ca:	f7ff ff57 	bl	1000717c <_ZN4RF243csnEb>
100072ce:	6838      	ldr	r0, [r7, #0]
100072d0:	f000 fb22 	bl	10007918 <_ZN3SPI14endTransactionEv>
100072d4:	bdf8      	pop	{r3, r4, r5, r6, r7, pc}

100072d6 <_ZN4RF2414write_registerEhh>:
100072d6:	b570      	push	{r4, r5, r6, lr}
100072d8:	0004      	movs	r4, r0
100072da:	000d      	movs	r5, r1
100072dc:	0016      	movs	r6, r2
100072de:	6881      	ldr	r1, [r0, #8]
100072e0:	6800      	ldr	r0, [r0, #0]
100072e2:	f000 fafb 	bl	100078dc <_ZN3SPI16beginTransactionEm>
100072e6:	2100      	movs	r1, #0
100072e8:	0020      	movs	r0, r4
100072ea:	f7ff ff47 	bl	1000717c <_ZN4RF243csnEb>
100072ee:	0021      	movs	r1, r4
100072f0:	312d      	adds	r1, #45	; 0x2d
100072f2:	2320      	movs	r3, #32
100072f4:	431d      	orrs	r5, r3
100072f6:	232d      	movs	r3, #45	; 0x2d
100072f8:	54e5      	strb	r5, [r4, r3]
100072fa:	3301      	adds	r3, #1
100072fc:	54e6      	strb	r6, [r4, r3]
100072fe:	0022      	movs	r2, r4
10007300:	320c      	adds	r2, #12
10007302:	3b2c      	subs	r3, #44	; 0x2c
10007304:	6820      	ldr	r0, [r4, #0]
10007306:	f000 fae3 	bl	100078d0 <_ZN3SPI10transfernbEPKhPhm>
1000730a:	7b22      	ldrb	r2, [r4, #12]
1000730c:	234e      	movs	r3, #78	; 0x4e
1000730e:	54e2      	strb	r2, [r4, r3]
10007310:	2101      	movs	r1, #1
10007312:	0020      	movs	r0, r4
10007314:	f7ff ff32 	bl	1000717c <_ZN4RF243csnEb>
10007318:	6820      	ldr	r0, [r4, #0]
1000731a:	f000 fafd 	bl	10007918 <_ZN3SPI14endTransactionEv>
1000731e:	bd70      	pop	{r4, r5, r6, pc}

10007320 <_ZN4RF2412read_payloadEPvh>:
10007320:	b5f8      	push	{r3, r4, r5, r6, r7, lr}
10007322:	0006      	movs	r6, r0
10007324:	000f      	movs	r7, r1
10007326:	0015      	movs	r5, r2
10007328:	235a      	movs	r3, #90	; 0x5a
1000732a:	5cc3      	ldrb	r3, [r0, r3]
1000732c:	2b00      	cmp	r3, #0
1000732e:	d11b      	bne.n	10007368 <_ZN4RF2412read_payloadEPvh+0x48>
10007330:	334f      	adds	r3, #79	; 0x4f
10007332:	5cc4      	ldrb	r4, [r0, r3]
10007334:	4294      	cmp	r4, r2
10007336:	d800      	bhi.n	1000733a <_ZN4RF2412read_payloadEPvh+0x1a>
10007338:	0025      	movs	r5, r4
1000733a:	1b64      	subs	r4, r4, r5
1000733c:	b2e4      	uxtb	r4, r4
1000733e:	68b1      	ldr	r1, [r6, #8]
10007340:	6830      	ldr	r0, [r6, #0]
10007342:	f000 facb 	bl	100078dc <_ZN3SPI16beginTransactionEm>
10007346:	2100      	movs	r1, #0
10007348:	0030      	movs	r0, r6
1000734a:	f7ff ff17 	bl	1000717c <_ZN4RF243csnEb>
1000734e:	0031      	movs	r1, r6
10007350:	312d      	adds	r1, #45	; 0x2d
10007352:	192c      	adds	r4, r5, r4
10007354:	b2e3      	uxtb	r3, r4
10007356:	3301      	adds	r3, #1
10007358:	b2db      	uxtb	r3, r3
1000735a:	0032      	movs	r2, r6
1000735c:	322e      	adds	r2, #46	; 0x2e
1000735e:	202d      	movs	r0, #45	; 0x2d
10007360:	2461      	movs	r4, #97	; 0x61
10007362:	5434      	strb	r4, [r6, r0]
10007364:	001c      	movs	r4, r3
10007366:	e009      	b.n	1000737c <_ZN4RF2412read_payloadEPvh+0x5c>
10007368:	1c13      	adds	r3, r2, #0
1000736a:	2a20      	cmp	r2, #32
1000736c:	d900      	bls.n	10007370 <_ZN4RF2412read_payloadEPvh+0x50>
1000736e:	2320      	movs	r3, #32
10007370:	b2dd      	uxtb	r5, r3
10007372:	2400      	movs	r4, #0
10007374:	e7e3      	b.n	1000733e <_ZN4RF2412read_payloadEPvh+0x1e>
10007376:	20ff      	movs	r0, #255	; 0xff
10007378:	7010      	strb	r0, [r2, #0]
1000737a:	3201      	adds	r2, #1
1000737c:	3c01      	subs	r4, #1
1000737e:	b2e4      	uxtb	r4, r4
10007380:	2c00      	cmp	r4, #0
10007382:	d1f8      	bne.n	10007376 <_ZN4RF2412read_payloadEPvh+0x56>
10007384:	0032      	movs	r2, r6
10007386:	320c      	adds	r2, #12
10007388:	6830      	ldr	r0, [r6, #0]
1000738a:	f000 faa1 	bl	100078d0 <_ZN3SPI10transfernbEPKhPhm>
1000738e:	0033      	movs	r3, r6
10007390:	330d      	adds	r3, #13
10007392:	7b31      	ldrb	r1, [r6, #12]
10007394:	224e      	movs	r2, #78	; 0x4e
10007396:	54b1      	strb	r1, [r6, r2]
10007398:	2d00      	cmp	r5, #0
1000739a:	d00a      	beq.n	100073b2 <_ZN4RF2412read_payloadEPvh+0x92>
1000739c:	3d01      	subs	r5, #1
1000739e:	b2ed      	uxtb	r5, r5
100073a0:	2d00      	cmp	r5, #0
100073a2:	d004      	beq.n	100073ae <_ZN4RF2412read_payloadEPvh+0x8e>
100073a4:	781a      	ldrb	r2, [r3, #0]
100073a6:	703a      	strb	r2, [r7, #0]
100073a8:	3301      	adds	r3, #1
100073aa:	3701      	adds	r7, #1
100073ac:	e7f6      	b.n	1000739c <_ZN4RF2412read_payloadEPvh+0x7c>
100073ae:	781b      	ldrb	r3, [r3, #0]
100073b0:	703b      	strb	r3, [r7, #0]
100073b2:	2101      	movs	r1, #1
100073b4:	0030      	movs	r0, r6
100073b6:	f7ff fee1 	bl	1000717c <_ZN4RF243csnEb>
100073ba:	6830      	ldr	r0, [r6, #0]
100073bc:	f000 faac 	bl	10007918 <_ZN3SPI14endTransactionEv>
100073c0:	bdf8      	pop	{r3, r4, r5, r6, r7, pc}

100073c2 <_ZN4RF248flush_rxEv>:
100073c2:	b510      	push	{r4, lr}
100073c4:	0004      	movs	r4, r0
100073c6:	2300      	movs	r3, #0
100073c8:	2200      	movs	r2, #0
100073ca:	21e2      	movs	r1, #226	; 0xe2
100073cc:	f7ff feea 	bl	100071a4 <_ZN4RF2413read_registerEhPhh>
100073d0:	234e      	movs	r3, #78	; 0x4e
100073d2:	5ce0      	ldrb	r0, [r4, r3]
100073d4:	bd10      	pop	{r4, pc}

100073d6 <_ZN4RF248flush_txEv>:
100073d6:	b510      	push	{r4, lr}
100073d8:	0004      	movs	r4, r0
100073da:	2300      	movs	r3, #0
100073dc:	2200      	movs	r2, #0
100073de:	21e1      	movs	r1, #225	; 0xe1
100073e0:	f7ff fee0 	bl	100071a4 <_ZN4RF2413read_registerEhPhh>
100073e4:	234e      	movs	r3, #78	; 0x4e
100073e6:	5ce0      	ldrb	r0, [r4, r3]
100073e8:	bd10      	pop	{r4, pc}
	...

100073ec <_ZN4RF249_init_objEv>:
100073ec:	2350      	movs	r3, #80	; 0x50
100073ee:	2200      	movs	r2, #0
100073f0:	54c2      	strb	r2, [r0, r3]
100073f2:	4b03      	ldr	r3, [pc, #12]	; (10007400 <_ZN4RF249_init_objEv+0x14>)
100073f4:	6882      	ldr	r2, [r0, #8]
100073f6:	429a      	cmp	r2, r3
100073f8:	d801      	bhi.n	100073fe <_ZN4RF249_init_objEv+0x12>
100073fa:	4b02      	ldr	r3, [pc, #8]	; (10007404 <_ZN4RF249_init_objEv+0x18>)
100073fc:	6083      	str	r3, [r0, #8]
100073fe:	4770      	bx	lr
10007400:	000088b8 	.word	0x000088b8
10007404:	00989680 	.word	0x00989680

10007408 <_ZN4RF24C1Ehhm>:
10007408:	b510      	push	{r4, lr}
1000740a:	0004      	movs	r4, r0
1000740c:	7101      	strb	r1, [r0, #4]
1000740e:	7142      	strb	r2, [r0, #5]
10007410:	6083      	str	r3, [r0, #8]
10007412:	234f      	movs	r3, #79	; 0x4f
10007414:	2220      	movs	r2, #32
10007416:	54c2      	strb	r2, [r0, r3]
10007418:	2300      	movs	r3, #0
1000741a:	3236      	adds	r2, #54	; 0x36
1000741c:	5483      	strb	r3, [r0, r2]
1000741e:	3201      	adds	r2, #1
10007420:	5483      	strb	r3, [r0, r2]
10007422:	3a52      	subs	r2, #82	; 0x52
10007424:	2159      	movs	r1, #89	; 0x59
10007426:	5442      	strb	r2, [r0, r1]
10007428:	3101      	adds	r1, #1
1000742a:	2001      	movs	r0, #1
1000742c:	5460      	strb	r0, [r4, r1]
1000742e:	3101      	adds	r1, #1
10007430:	5463      	strb	r3, [r4, r1]
10007432:	6622      	str	r2, [r4, #96]	; 0x60
10007434:	0020      	movs	r0, r4
10007436:	f7ff ffd9 	bl	100073ec <_ZN4RF249_init_objEv>
1000743a:	0020      	movs	r0, r4
1000743c:	bd10      	pop	{r4, pc}

1000743e <_ZN4RF2410setChannelEh>:
1000743e:	b510      	push	{r4, lr}
10007440:	000a      	movs	r2, r1
10007442:	297c      	cmp	r1, #124	; 0x7c
10007444:	d900      	bls.n	10007448 <_ZN4RF2410setChannelEh+0xa>
10007446:	227d      	movs	r2, #125	; 0x7d
10007448:	2105      	movs	r1, #5
1000744a:	f7ff ff44 	bl	100072d6 <_ZN4RF2414write_registerEhh>
1000744e:	bd10      	pop	{r4, pc}

10007450 <_ZN4RF2414setPayloadSizeEh>:
10007450:	b570      	push	{r4, r5, r6, lr}
10007452:	0005      	movs	r5, r0
10007454:	2900      	cmp	r1, #0
10007456:	d008      	beq.n	1000746a <_ZN4RF2414setPayloadSizeEh+0x1a>
10007458:	1c0b      	adds	r3, r1, #0
1000745a:	2920      	cmp	r1, #32
1000745c:	d900      	bls.n	10007460 <_ZN4RF2414setPayloadSizeEh+0x10>
1000745e:	2320      	movs	r3, #32
10007460:	b2db      	uxtb	r3, r3
10007462:	224f      	movs	r2, #79	; 0x4f
10007464:	54ab      	strb	r3, [r5, r2]
10007466:	2400      	movs	r4, #0
10007468:	e00b      	b.n	10007482 <_ZN4RF2414setPayloadSizeEh+0x32>
1000746a:	2301      	movs	r3, #1
1000746c:	e7f9      	b.n	10007462 <_ZN4RF2414setPayloadSizeEh+0x12>
1000746e:	234f      	movs	r3, #79	; 0x4f
10007470:	5cea      	ldrb	r2, [r5, r3]
10007472:	0021      	movs	r1, r4
10007474:	3111      	adds	r1, #17
10007476:	b2c9      	uxtb	r1, r1
10007478:	0028      	movs	r0, r5
1000747a:	f7ff ff2c 	bl	100072d6 <_ZN4RF2414write_registerEhh>
1000747e:	3401      	adds	r4, #1
10007480:	b2e4      	uxtb	r4, r4
10007482:	2c05      	cmp	r4, #5
10007484:	d9f3      	bls.n	1000746e <_ZN4RF2414setPayloadSizeEh+0x1e>
10007486:	bd70      	pop	{r4, r5, r6, pc}

10007488 <_ZN4RF247isValidEv>:
10007488:	7903      	ldrb	r3, [r0, #4]
1000748a:	2bff      	cmp	r3, #255	; 0xff
1000748c:	d006      	beq.n	1000749c <_ZN4RF247isValidEv+0x14>
1000748e:	7943      	ldrb	r3, [r0, #5]
10007490:	2bff      	cmp	r3, #255	; 0xff
10007492:	d001      	beq.n	10007498 <_ZN4RF247isValidEv+0x10>
10007494:	2001      	movs	r0, #1
10007496:	4770      	bx	lr
10007498:	2000      	movs	r0, #0
1000749a:	e7fc      	b.n	10007496 <_ZN4RF247isValidEv+0xe>
1000749c:	2000      	movs	r0, #0
1000749e:	e7fa      	b.n	10007496 <_ZN4RF247isValidEv+0xe>

100074a0 <_ZN4RF2410_init_pinsEv>:
100074a0:	b570      	push	{r4, r5, r6, lr}
100074a2:	0004      	movs	r4, r0
100074a4:	f7ff fff0 	bl	10007488 <_ZN4RF247isValidEv>
100074a8:	1e05      	subs	r5, r0, #0
100074aa:	d00b      	beq.n	100074c4 <_ZN4RF2410_init_pinsEv+0x24>
100074ac:	7920      	ldrb	r0, [r4, #4]
100074ae:	7963      	ldrb	r3, [r4, #5]
100074b0:	4298      	cmp	r0, r3
100074b2:	d109      	bne.n	100074c8 <_ZN4RF2410_init_pinsEv+0x28>
100074b4:	2100      	movs	r1, #0
100074b6:	0020      	movs	r0, r4
100074b8:	f7ff fe6a 	bl	10007190 <_ZN4RF242ceEb>
100074bc:	2101      	movs	r1, #1
100074be:	0020      	movs	r0, r4
100074c0:	f7ff fe5c 	bl	1000717c <_ZN4RF243csnEb>
100074c4:	0028      	movs	r0, r5
100074c6:	bd70      	pop	{r4, r5, r6, pc}
100074c8:	2101      	movs	r1, #1
100074ca:	f000 f9a9 	bl	10007820 <_ZN4GPIO4openEii>
100074ce:	7960      	ldrb	r0, [r4, #5]
100074d0:	2101      	movs	r1, #1
100074d2:	f000 f9a5 	bl	10007820 <_ZN4GPIO4openEii>
100074d6:	e7ed      	b.n	100074b4 <_ZN4RF2410_init_pinsEv+0x14>

100074d8 <_ZN4RF247powerUpEv>:
100074d8:	b510      	push	{r4, lr}
100074da:	2355      	movs	r3, #85	; 0x55
100074dc:	5cc2      	ldrb	r2, [r0, r3]
100074de:	0793      	lsls	r3, r2, #30
100074e0:	d500      	bpl.n	100074e4 <_ZN4RF247powerUpEv+0xc>
100074e2:	bd10      	pop	{r4, pc}
100074e4:	2302      	movs	r3, #2
100074e6:	431a      	orrs	r2, r3
100074e8:	b2d2      	uxtb	r2, r2
100074ea:	2355      	movs	r3, #85	; 0x55
100074ec:	54c2      	strb	r2, [r0, r3]
100074ee:	2100      	movs	r1, #0
100074f0:	f7ff fef1 	bl	100072d6 <_ZN4RF2414write_registerEhh>
100074f4:	4802      	ldr	r0, [pc, #8]	; (10007500 <_ZN4RF247powerUpEv+0x28>)
100074f6:	2100      	movs	r1, #0
100074f8:	f7f9 ffb0 	bl	1000145c <sleep_us>
100074fc:	e7f1      	b.n	100074e2 <_ZN4RF247powerUpEv+0xa>
100074fe:	46c0      	nop			; (mov r8, r8)
10007500:	00001388 	.word	0x00001388

10007504 <_ZN4RF249availableEv>:
10007504:	b510      	push	{r4, lr}
10007506:	2117      	movs	r1, #23
10007508:	f7ff fe8f 	bl	1000722a <_ZN4RF2413read_registerEh>
1000750c:	2301      	movs	r3, #1
1000750e:	4043      	eors	r3, r0
10007510:	2001      	movs	r0, #1
10007512:	4018      	ands	r0, r3
10007514:	bd10      	pop	{r4, pc}

10007516 <_ZN4RF244readEPvh>:
10007516:	b510      	push	{r4, lr}
10007518:	0004      	movs	r4, r0
1000751a:	f7ff ff01 	bl	10007320 <_ZN4RF2412read_payloadEPvh>
1000751e:	2240      	movs	r2, #64	; 0x40
10007520:	2107      	movs	r1, #7
10007522:	0020      	movs	r0, r4
10007524:	f7ff fed7 	bl	100072d6 <_ZN4RF2414write_registerEhh>
10007528:	bd10      	pop	{r4, pc}

1000752a <_ZN4RF2415setAddressWidthEh>:
1000752a:	b570      	push	{r4, r5, r6, lr}
1000752c:	0004      	movs	r4, r0
1000752e:	3902      	subs	r1, #2
10007530:	b2c9      	uxtb	r1, r1
10007532:	2900      	cmp	r1, #0
10007534:	d009      	beq.n	1000754a <_ZN4RF2415setAddressWidthEh+0x20>
10007536:	2503      	movs	r5, #3
10007538:	400d      	ands	r5, r1
1000753a:	002a      	movs	r2, r5
1000753c:	2103      	movs	r1, #3
1000753e:	f7ff feca 	bl	100072d6 <_ZN4RF2414write_registerEhh>
10007542:	3502      	adds	r5, #2
10007544:	2359      	movs	r3, #89	; 0x59
10007546:	54e5      	strb	r5, [r4, r3]
10007548:	bd70      	pop	{r4, r5, r6, pc}
1000754a:	2200      	movs	r2, #0
1000754c:	2103      	movs	r1, #3
1000754e:	f7ff fec2 	bl	100072d6 <_ZN4RF2414write_registerEhh>
10007552:	2359      	movs	r3, #89	; 0x59
10007554:	2202      	movs	r2, #2
10007556:	54e2      	strb	r2, [r4, r3]
10007558:	e7f6      	b.n	10007548 <_ZN4RF2415setAddressWidthEh+0x1e>
	...

1000755c <_ZN4RF2415openReadingPipeEhPKh>:
1000755c:	b570      	push	{r4, r5, r6, lr}
1000755e:	0005      	movs	r5, r0
10007560:	000c      	movs	r4, r1
10007562:	0016      	movs	r6, r2
10007564:	2900      	cmp	r1, #0
10007566:	d01a      	beq.n	1000759e <_ZN4RF2415openReadingPipeEhPKh+0x42>
10007568:	2c05      	cmp	r4, #5
1000756a:	d817      	bhi.n	1000759c <_ZN4RF2415openReadingPipeEhPKh+0x40>
1000756c:	2c01      	cmp	r4, #1
1000756e:	d920      	bls.n	100075b2 <_ZN4RF2415openReadingPipeEhPKh+0x56>
10007570:	4b14      	ldr	r3, [pc, #80]	; (100075c4 <_ZN4RF2415openReadingPipeEhPKh+0x68>)
10007572:	5d19      	ldrb	r1, [r3, r4]
10007574:	2301      	movs	r3, #1
10007576:	0032      	movs	r2, r6
10007578:	0028      	movs	r0, r5
1000757a:	f7ff fe7b 	bl	10007274 <_ZN4RF2414write_registerEhPKhh>
1000757e:	2102      	movs	r1, #2
10007580:	0028      	movs	r0, r5
10007582:	f7ff fe52 	bl	1000722a <_ZN4RF2413read_registerEh>
10007586:	b242      	sxtb	r2, r0
10007588:	4b0f      	ldr	r3, [pc, #60]	; (100075c8 <_ZN4RF2415openReadingPipeEhPKh+0x6c>)
1000758a:	5d1b      	ldrb	r3, [r3, r4]
1000758c:	2001      	movs	r0, #1
1000758e:	4098      	lsls	r0, r3
10007590:	4302      	orrs	r2, r0
10007592:	b2d2      	uxtb	r2, r2
10007594:	2102      	movs	r1, #2
10007596:	0028      	movs	r0, r5
10007598:	f7ff fe9d 	bl	100072d6 <_ZN4RF2414write_registerEhh>
1000759c:	bd70      	pop	{r4, r5, r6, pc}
1000759e:	3050      	adds	r0, #80	; 0x50
100075a0:	2359      	movs	r3, #89	; 0x59
100075a2:	5cea      	ldrb	r2, [r5, r3]
100075a4:	0031      	movs	r1, r6
100075a6:	f7fb fb4f 	bl	10002c48 <__wrap___aeabi_memcpy>
100075aa:	2357      	movs	r3, #87	; 0x57
100075ac:	2201      	movs	r2, #1
100075ae:	54ea      	strb	r2, [r5, r3]
100075b0:	e7da      	b.n	10007568 <_ZN4RF2415openReadingPipeEhPKh+0xc>
100075b2:	2359      	movs	r3, #89	; 0x59
100075b4:	5ceb      	ldrb	r3, [r5, r3]
100075b6:	4a03      	ldr	r2, [pc, #12]	; (100075c4 <_ZN4RF2415openReadingPipeEhPKh+0x68>)
100075b8:	5d11      	ldrb	r1, [r2, r4]
100075ba:	0032      	movs	r2, r6
100075bc:	0028      	movs	r0, r5
100075be:	f7ff fe59 	bl	10007274 <_ZN4RF2414write_registerEhPKhh>
100075c2:	e7dc      	b.n	1000757e <_ZN4RF2415openReadingPipeEhPKh+0x22>
100075c4:	10009fa8 	.word	0x10009fa8
100075c8:	10009fb0 	.word	0x10009fb0

100075cc <_ZN4RF2416closeReadingPipeEh>:
100075cc:	b570      	push	{r4, r5, r6, lr}
100075ce:	0004      	movs	r4, r0
100075d0:	000d      	movs	r5, r1
100075d2:	2102      	movs	r1, #2
100075d4:	f7ff fe29 	bl	1000722a <_ZN4RF2413read_registerEh>
100075d8:	b242      	sxtb	r2, r0
100075da:	4b08      	ldr	r3, [pc, #32]	; (100075fc <_ZN4RF2416closeReadingPipeEh+0x30>)
100075dc:	5d59      	ldrb	r1, [r3, r5]
100075de:	2301      	movs	r3, #1
100075e0:	408b      	lsls	r3, r1
100075e2:	439a      	bics	r2, r3
100075e4:	b2d2      	uxtb	r2, r2
100075e6:	2102      	movs	r1, #2
100075e8:	0020      	movs	r0, r4
100075ea:	f7ff fe74 	bl	100072d6 <_ZN4RF2414write_registerEhh>
100075ee:	2d00      	cmp	r5, #0
100075f0:	d102      	bne.n	100075f8 <_ZN4RF2416closeReadingPipeEh+0x2c>
100075f2:	2357      	movs	r3, #87	; 0x57
100075f4:	2200      	movs	r2, #0
100075f6:	54e2      	strb	r2, [r4, r3]
100075f8:	bd70      	pop	{r4, r5, r6, pc}
100075fa:	46c0      	nop			; (mov r8, r8)
100075fc:	10009fb0 	.word	0x10009fb0

10007600 <_ZN4RF2414startListeningEv>:
10007600:	b510      	push	{r4, lr}
10007602:	0004      	movs	r4, r0
10007604:	f7ff ff68 	bl	100074d8 <_ZN4RF247powerUpEv>
10007608:	2355      	movs	r3, #85	; 0x55
1000760a:	5ce2      	ldrb	r2, [r4, r3]
1000760c:	2101      	movs	r1, #1
1000760e:	430a      	orrs	r2, r1
10007610:	b2d2      	uxtb	r2, r2
10007612:	54e2      	strb	r2, [r4, r3]
10007614:	2100      	movs	r1, #0
10007616:	0020      	movs	r0, r4
10007618:	f7ff fe5d 	bl	100072d6 <_ZN4RF2414write_registerEhh>
1000761c:	2270      	movs	r2, #112	; 0x70
1000761e:	2107      	movs	r1, #7
10007620:	0020      	movs	r0, r4
10007622:	f7ff fe58 	bl	100072d6 <_ZN4RF2414write_registerEhh>
10007626:	2101      	movs	r1, #1
10007628:	0020      	movs	r0, r4
1000762a:	f7ff fdb1 	bl	10007190 <_ZN4RF242ceEb>
1000762e:	2357      	movs	r3, #87	; 0x57
10007630:	5ce3      	ldrb	r3, [r4, r3]
10007632:	2b00      	cmp	r3, #0
10007634:	d008      	beq.n	10007648 <_ZN4RF2414startListeningEv+0x48>
10007636:	0022      	movs	r2, r4
10007638:	3250      	adds	r2, #80	; 0x50
1000763a:	2359      	movs	r3, #89	; 0x59
1000763c:	5ce3      	ldrb	r3, [r4, r3]
1000763e:	210a      	movs	r1, #10
10007640:	0020      	movs	r0, r4
10007642:	f7ff fe17 	bl	10007274 <_ZN4RF2414write_registerEhPKhh>
10007646:	bd10      	pop	{r4, pc}
10007648:	2100      	movs	r1, #0
1000764a:	0020      	movs	r0, r4
1000764c:	f7ff ffbe 	bl	100075cc <_ZN4RF2416closeReadingPipeEh>
10007650:	e7f9      	b.n	10007646 <_ZN4RF2414startListeningEv+0x46>

10007652 <_ZN4RF2415toggle_featuresEv>:
10007652:	b510      	push	{r4, lr}
10007654:	0004      	movs	r4, r0
10007656:	6881      	ldr	r1, [r0, #8]
10007658:	6800      	ldr	r0, [r0, #0]
1000765a:	f000 f93f 	bl	100078dc <_ZN3SPI16beginTransactionEm>
1000765e:	2100      	movs	r1, #0
10007660:	0020      	movs	r0, r4
10007662:	f7ff fd8b 	bl	1000717c <_ZN4RF243csnEb>
10007666:	2150      	movs	r1, #80	; 0x50
10007668:	6820      	ldr	r0, [r4, #0]
1000766a:	f000 f91f 	bl	100078ac <_ZN3SPI8transferEh>
1000766e:	234e      	movs	r3, #78	; 0x4e
10007670:	54e0      	strb	r0, [r4, r3]
10007672:	2173      	movs	r1, #115	; 0x73
10007674:	6820      	ldr	r0, [r4, #0]
10007676:	f000 f919 	bl	100078ac <_ZN3SPI8transferEh>
1000767a:	2101      	movs	r1, #1
1000767c:	0020      	movs	r0, r4
1000767e:	f7ff fd7d 	bl	1000717c <_ZN4RF243csnEb>
10007682:	6820      	ldr	r0, [r4, #0]
10007684:	f000 f948 	bl	10007918 <_ZN3SPI14endTransactionEv>
10007688:	bd10      	pop	{r4, pc}

1000768a <_ZN4RF2410setPALevelEhb>:
1000768a:	b5e0      	push	{r5, r6, r7, lr}
1000768c:	0005      	movs	r5, r0
1000768e:	000e      	movs	r6, r1
10007690:	0017      	movs	r7, r2
10007692:	2106      	movs	r1, #6
10007694:	f7ff fdc9 	bl	1000722a <_ZN4RF2413read_registerEh>
10007698:	2307      	movs	r3, #7
1000769a:	4398      	bics	r0, r3
1000769c:	b2c0      	uxtb	r0, r0
1000769e:	1c33      	adds	r3, r6, #0
100076a0:	2e03      	cmp	r6, #3
100076a2:	d900      	bls.n	100076a6 <_ZN4RF2410setPALevelEhb+0x1c>
100076a4:	2303      	movs	r3, #3
100076a6:	005b      	lsls	r3, r3, #1
100076a8:	b2db      	uxtb	r3, r3
100076aa:	19db      	adds	r3, r3, r7
100076ac:	b2da      	uxtb	r2, r3
100076ae:	4302      	orrs	r2, r0
100076b0:	2106      	movs	r1, #6
100076b2:	0028      	movs	r0, r5
100076b4:	f7ff fe0f 	bl	100072d6 <_ZN4RF2414write_registerEhh>
100076b8:	bde0      	pop	{r5, r6, r7, pc}

100076ba <_ZN4RF2411setDataRateE15rf24_datarate_e>:
100076ba:	b570      	push	{r4, r5, r6, lr}
100076bc:	0005      	movs	r5, r0
100076be:	000e      	movs	r6, r1
100076c0:	2106      	movs	r1, #6
100076c2:	f7ff fdb2 	bl	1000722a <_ZN4RF2413read_registerEh>
100076c6:	2328      	movs	r3, #40	; 0x28
100076c8:	4398      	bics	r0, r3
100076ca:	b2c4      	uxtb	r4, r0
100076cc:	33f0      	adds	r3, #240	; 0xf0
100076ce:	65eb      	str	r3, [r5, #92]	; 0x5c
100076d0:	2e02      	cmp	r6, #2
100076d2:	d010      	beq.n	100076f6 <_ZN4RF2411setDataRateE15rf24_datarate_e+0x3c>
100076d4:	2e01      	cmp	r6, #1
100076d6:	d013      	beq.n	10007700 <_ZN4RF2411setDataRateE15rf24_datarate_e+0x46>
100076d8:	2000      	movs	r0, #0
100076da:	4304      	orrs	r4, r0
100076dc:	0022      	movs	r2, r4
100076de:	2106      	movs	r1, #6
100076e0:	0028      	movs	r0, r5
100076e2:	f7ff fdf8 	bl	100072d6 <_ZN4RF2414write_registerEhh>
100076e6:	2106      	movs	r1, #6
100076e8:	0028      	movs	r0, r5
100076ea:	f7ff fd9e 	bl	1000722a <_ZN4RF2413read_registerEh>
100076ee:	42a0      	cmp	r0, r4
100076f0:	d00a      	beq.n	10007708 <_ZN4RF2411setDataRateE15rf24_datarate_e+0x4e>
100076f2:	2000      	movs	r0, #0
100076f4:	bd70      	pop	{r4, r5, r6, pc}
100076f6:	23fa      	movs	r3, #250	; 0xfa
100076f8:	33ff      	adds	r3, #255	; 0xff
100076fa:	65eb      	str	r3, [r5, #92]	; 0x5c
100076fc:	2020      	movs	r0, #32
100076fe:	e7ec      	b.n	100076da <_ZN4RF2411setDataRateE15rf24_datarate_e+0x20>
10007700:	23f0      	movs	r3, #240	; 0xf0
10007702:	65eb      	str	r3, [r5, #92]	; 0x5c
10007704:	2008      	movs	r0, #8
10007706:	e7e8      	b.n	100076da <_ZN4RF2411setDataRateE15rf24_datarate_e+0x20>
10007708:	2001      	movs	r0, #1
1000770a:	e7f3      	b.n	100076f4 <_ZN4RF2411setDataRateE15rf24_datarate_e+0x3a>

1000770c <_ZN4RF2410setRetriesEhh>:
1000770c:	b510      	push	{r4, lr}
1000770e:	1c0b      	adds	r3, r1, #0
10007710:	290f      	cmp	r1, #15
10007712:	d900      	bls.n	10007716 <_ZN4RF2410setRetriesEhh+0xa>
10007714:	230f      	movs	r3, #15
10007716:	b2db      	uxtb	r3, r3
10007718:	0119      	lsls	r1, r3, #4
1000771a:	1c13      	adds	r3, r2, #0
1000771c:	2a0f      	cmp	r2, #15
1000771e:	d900      	bls.n	10007722 <_ZN4RF2410setRetriesEhh+0x16>
10007720:	230f      	movs	r3, #15
10007722:	b25a      	sxtb	r2, r3
10007724:	430a      	orrs	r2, r1
10007726:	b2d2      	uxtb	r2, r2
10007728:	2104      	movs	r1, #4
1000772a:	f7ff fdd4 	bl	100072d6 <_ZN4RF2414write_registerEhh>
1000772e:	bd10      	pop	{r4, pc}

10007730 <_ZN4RF2411_init_radioEv>:
10007730:	b570      	push	{r4, r5, r6, lr}
10007732:	0004      	movs	r4, r0
10007734:	2005      	movs	r0, #5
10007736:	f7f9 fea3 	bl	10001480 <sleep_ms>
1000773a:	220f      	movs	r2, #15
1000773c:	2105      	movs	r1, #5
1000773e:	0020      	movs	r0, r4
10007740:	f7ff ffe4 	bl	1000770c <_ZN4RF2410setRetriesEhh>
10007744:	2100      	movs	r1, #0
10007746:	0020      	movs	r0, r4
10007748:	f7ff ffb7 	bl	100076ba <_ZN4RF2411setDataRateE15rf24_datarate_e>
1000774c:	211d      	movs	r1, #29
1000774e:	0020      	movs	r0, r4
10007750:	f7ff fd6b 	bl	1000722a <_ZN4RF2413read_registerEh>
10007754:	0005      	movs	r5, r0
10007756:	0020      	movs	r0, r4
10007758:	f7ff ff7b 	bl	10007652 <_ZN4RF2415toggle_featuresEv>
1000775c:	211d      	movs	r1, #29
1000775e:	0020      	movs	r0, r4
10007760:	f7ff fd63 	bl	1000722a <_ZN4RF2413read_registerEh>
10007764:	1a2d      	subs	r5, r5, r0
10007766:	426b      	negs	r3, r5
10007768:	415d      	adcs	r5, r3
1000776a:	b2ed      	uxtb	r5, r5
1000776c:	2256      	movs	r2, #86	; 0x56
1000776e:	54a5      	strb	r5, [r4, r2]
10007770:	2800      	cmp	r0, #0
10007772:	d006      	beq.n	10007782 <_ZN4RF2411_init_radioEv+0x52>
10007774:	2d00      	cmp	r5, #0
10007776:	d143      	bne.n	10007800 <_ZN4RF2411_init_radioEv+0xd0>
10007778:	2200      	movs	r2, #0
1000777a:	211d      	movs	r1, #29
1000777c:	0020      	movs	r0, r4
1000777e:	f7ff fdaa 	bl	100072d6 <_ZN4RF2414write_registerEhh>
10007782:	2500      	movs	r5, #0
10007784:	2358      	movs	r3, #88	; 0x58
10007786:	54e5      	strb	r5, [r4, r3]
10007788:	2200      	movs	r2, #0
1000778a:	211c      	movs	r1, #28
1000778c:	0020      	movs	r0, r4
1000778e:	f7ff fda2 	bl	100072d6 <_ZN4RF2414write_registerEhh>
10007792:	235a      	movs	r3, #90	; 0x5a
10007794:	54e5      	strb	r5, [r4, r3]
10007796:	223f      	movs	r2, #63	; 0x3f
10007798:	2101      	movs	r1, #1
1000779a:	0020      	movs	r0, r4
1000779c:	f7ff fd9b 	bl	100072d6 <_ZN4RF2414write_registerEhh>
100077a0:	2203      	movs	r2, #3
100077a2:	2102      	movs	r1, #2
100077a4:	0020      	movs	r0, r4
100077a6:	f7ff fd96 	bl	100072d6 <_ZN4RF2414write_registerEhh>
100077aa:	2120      	movs	r1, #32
100077ac:	0020      	movs	r0, r4
100077ae:	f7ff fe4f 	bl	10007450 <_ZN4RF2414setPayloadSizeEh>
100077b2:	2105      	movs	r1, #5
100077b4:	0020      	movs	r0, r4
100077b6:	f7ff feb8 	bl	1000752a <_ZN4RF2415setAddressWidthEh>
100077ba:	214c      	movs	r1, #76	; 0x4c
100077bc:	0020      	movs	r0, r4
100077be:	f7ff fe3e 	bl	1000743e <_ZN4RF2410setChannelEh>
100077c2:	2270      	movs	r2, #112	; 0x70
100077c4:	2107      	movs	r1, #7
100077c6:	0020      	movs	r0, r4
100077c8:	f7ff fd85 	bl	100072d6 <_ZN4RF2414write_registerEhh>
100077cc:	0020      	movs	r0, r4
100077ce:	f7ff fdf8 	bl	100073c2 <_ZN4RF248flush_rxEv>
100077d2:	0020      	movs	r0, r4
100077d4:	f7ff fdff 	bl	100073d6 <_ZN4RF248flush_txEv>
100077d8:	220c      	movs	r2, #12
100077da:	2100      	movs	r1, #0
100077dc:	0020      	movs	r0, r4
100077de:	f7ff fd7a 	bl	100072d6 <_ZN4RF2414write_registerEhh>
100077e2:	2100      	movs	r1, #0
100077e4:	0020      	movs	r0, r4
100077e6:	f7ff fd20 	bl	1000722a <_ZN4RF2413read_registerEh>
100077ea:	3555      	adds	r5, #85	; 0x55
100077ec:	5560      	strb	r0, [r4, r5]
100077ee:	0020      	movs	r0, r4
100077f0:	f7ff fe72 	bl	100074d8 <_ZN4RF247powerUpEv>
100077f4:	5d60      	ldrb	r0, [r4, r5]
100077f6:	380e      	subs	r0, #14
100077f8:	4243      	negs	r3, r0
100077fa:	4158      	adcs	r0, r3
100077fc:	b2c0      	uxtb	r0, r0
100077fe:	bd70      	pop	{r4, r5, r6, pc}
10007800:	0020      	movs	r0, r4
10007802:	f7ff ff26 	bl	10007652 <_ZN4RF2415toggle_featuresEv>
10007806:	e7b7      	b.n	10007778 <_ZN4RF2411_init_radioEv+0x48>

10007808 <_ZN4RF245beginEP3SPI>:
10007808:	b510      	push	{r4, lr}
1000780a:	0004      	movs	r4, r0
1000780c:	6001      	str	r1, [r0, #0]
1000780e:	f7ff fe47 	bl	100074a0 <_ZN4RF2410_init_pinsEv>
10007812:	2800      	cmp	r0, #0
10007814:	d100      	bne.n	10007818 <_ZN4RF245beginEP3SPI+0x10>
10007816:	bd10      	pop	{r4, pc}
10007818:	0020      	movs	r0, r4
1000781a:	f7ff ff89 	bl	10007730 <_ZN4RF2411_init_radioEv>
1000781e:	e7fa      	b.n	10007816 <_ZN4RF245beginEP3SPI+0xe>

10007820 <_ZN4GPIO4openEii>:
10007820:	b570      	push	{r4, r5, r6, lr}
10007822:	0004      	movs	r4, r0
10007824:	000d      	movs	r5, r1
10007826:	f7f8 fe81 	bl	1000052c <gpio_init>
1000782a:	2301      	movs	r3, #1
1000782c:	40a3      	lsls	r3, r4
1000782e:	2d00      	cmp	r5, #0
10007830:	d003      	beq.n	1000783a <_ZN4GPIO4openEii+0x1a>
10007832:	22d0      	movs	r2, #208	; 0xd0
10007834:	0612      	lsls	r2, r2, #24
10007836:	6253      	str	r3, [r2, #36]	; 0x24
10007838:	bd70      	pop	{r4, r5, r6, pc}
1000783a:	22d0      	movs	r2, #208	; 0xd0
1000783c:	0612      	lsls	r2, r2, #24
1000783e:	6293      	str	r3, [r2, #40]	; 0x28
10007840:	e7fa      	b.n	10007838 <_ZN4GPIO4openEii+0x18>

10007842 <_ZN4GPIO5writeEii>:
10007842:	2301      	movs	r3, #1
10007844:	4083      	lsls	r3, r0
10007846:	2900      	cmp	r1, #0
10007848:	d003      	beq.n	10007852 <_ZN4GPIO5writeEii+0x10>
1000784a:	22d0      	movs	r2, #208	; 0xd0
1000784c:	0612      	lsls	r2, r2, #24
1000784e:	6153      	str	r3, [r2, #20]
10007850:	4770      	bx	lr
10007852:	22d0      	movs	r2, #208	; 0xd0
10007854:	0612      	lsls	r2, r2, #24
10007856:	6193      	str	r3, [r2, #24]
10007858:	e7fa      	b.n	10007850 <_ZN4GPIO5writeEii+0xe>
	...

1000785c <_ZN3SPID1Ev>:
1000785c:	4b01      	ldr	r3, [pc, #4]	; (10007864 <_ZN3SPID1Ev+0x8>)
1000785e:	3308      	adds	r3, #8
10007860:	6003      	str	r3, [r0, #0]
10007862:	4770      	bx	lr
10007864:	10009fb8 	.word	0x10009fb8

10007868 <_ZN3SPID0Ev>:
10007868:	b510      	push	{r4, lr}
1000786a:	0004      	movs	r4, r0
1000786c:	f7ff fff6 	bl	1000785c <_ZN3SPID1Ev>
10007870:	2108      	movs	r1, #8
10007872:	0020      	movs	r0, r4
10007874:	f7fb f9ee 	bl	10002c54 <_ZdlPvj>
10007878:	0020      	movs	r0, r4
1000787a:	bd10      	pop	{r4, pc}

1000787c <_ZN3SPIC1Ev>:
1000787c:	4b01      	ldr	r3, [pc, #4]	; (10007884 <_ZN3SPIC1Ev+0x8>)
1000787e:	3308      	adds	r3, #8
10007880:	6003      	str	r3, [r0, #0]
10007882:	4770      	bx	lr
10007884:	10009fb8 	.word	0x10009fb8

10007888 <_ZN3SPI5beginEP8spi_insthhh>:
10007888:	b570      	push	{r4, r5, r6, lr}
1000788a:	001c      	movs	r4, r3
1000788c:	ab04      	add	r3, sp, #16
1000788e:	781d      	ldrb	r5, [r3, #0]
10007890:	6041      	str	r1, [r0, #4]
10007892:	2101      	movs	r1, #1
10007894:	0010      	movs	r0, r2
10007896:	f7f8 fe2f 	bl	100004f8 <gpio_set_function>
1000789a:	2101      	movs	r1, #1
1000789c:	0020      	movs	r0, r4
1000789e:	f7f8 fe2b 	bl	100004f8 <gpio_set_function>
100078a2:	2101      	movs	r1, #1
100078a4:	0028      	movs	r0, r5
100078a6:	f7f8 fe27 	bl	100004f8 <gpio_set_function>
100078aa:	bd70      	pop	{r4, r5, r6, pc}

100078ac <_ZN3SPI8transferEh>:
100078ac:	b500      	push	{lr}
100078ae:	b085      	sub	sp, #20
100078b0:	000b      	movs	r3, r1
100078b2:	466a      	mov	r2, sp
100078b4:	1dd1      	adds	r1, r2, #7
100078b6:	700b      	strb	r3, [r1, #0]
100078b8:	2300      	movs	r3, #0
100078ba:	73d3      	strb	r3, [r2, #15]
100078bc:	6840      	ldr	r0, [r0, #4]
100078be:	3301      	adds	r3, #1
100078c0:	220f      	movs	r2, #15
100078c2:	446a      	add	r2, sp
100078c4:	f001 f8c8 	bl	10008a58 <__spi_write_read_blocking_veneer>
100078c8:	466b      	mov	r3, sp
100078ca:	7bd8      	ldrb	r0, [r3, #15]
100078cc:	b005      	add	sp, #20
100078ce:	bd00      	pop	{pc}

100078d0 <_ZN3SPI10transfernbEPKhPhm>:
100078d0:	b510      	push	{r4, lr}
100078d2:	6840      	ldr	r0, [r0, #4]
100078d4:	f001 f8c0 	bl	10008a58 <__spi_write_read_blocking_veneer>
100078d8:	bd10      	pop	{r4, pc}
	...

100078dc <_ZN3SPI16beginTransactionEm>:
100078dc:	b510      	push	{r4, lr}
100078de:	0004      	movs	r4, r0
100078e0:	6840      	ldr	r0, [r0, #4]
100078e2:	f7ff fc05 	bl	100070f0 <spi_init>
100078e6:	6863      	ldr	r3, [r4, #4]
100078e8:	685a      	ldr	r2, [r3, #4]
100078ea:	2102      	movs	r1, #2
100078ec:	400a      	ands	r2, r1
100078ee:	4808      	ldr	r0, [pc, #32]	; (10007910 <_ZN3SPI16beginTransactionEm+0x34>)
100078f0:	1818      	adds	r0, r3, r0
100078f2:	6001      	str	r1, [r0, #0]
100078f4:	6819      	ldr	r1, [r3, #0]
100078f6:	2007      	movs	r0, #7
100078f8:	4048      	eors	r0, r1
100078fa:	21cf      	movs	r1, #207	; 0xcf
100078fc:	4001      	ands	r1, r0
100078fe:	2080      	movs	r0, #128	; 0x80
10007900:	0140      	lsls	r0, r0, #5
10007902:	1818      	adds	r0, r3, r0
10007904:	6001      	str	r1, [r0, #0]
10007906:	4903      	ldr	r1, [pc, #12]	; (10007914 <_ZN3SPI16beginTransactionEm+0x38>)
10007908:	468c      	mov	ip, r1
1000790a:	4463      	add	r3, ip
1000790c:	601a      	str	r2, [r3, #0]
1000790e:	bd10      	pop	{r4, pc}
10007910:	00003004 	.word	0x00003004
10007914:	00002004 	.word	0x00002004

10007918 <_ZN3SPI14endTransactionEv>:
10007918:	b510      	push	{r4, lr}
1000791a:	6840      	ldr	r0, [r0, #4]
1000791c:	f7ff fb72 	bl	10007004 <spi_deinit>
10007920:	bd10      	pop	{r4, pc}

10007922 <core1_trampoline>:
10007922:	bd03      	pop	{r0, r1, pc}

10007924 <core1_wrapper>:
10007924:	b510      	push	{r4, lr}
10007926:	0004      	movs	r4, r0
10007928:	f7fa f960 	bl	10001bec <runtime_run_per_core_initializers>
1000792c:	47a0      	blx	r4
1000792e:	bd10      	pop	{r4, pc}

10007930 <multicore_fifo_push_blocking>:
10007930:	23d0      	movs	r3, #208	; 0xd0
10007932:	061b      	lsls	r3, r3, #24
10007934:	6d1b      	ldr	r3, [r3, #80]	; 0x50
10007936:	079b      	lsls	r3, r3, #30
10007938:	d5fa      	bpl.n	10007930 <multicore_fifo_push_blocking>
1000793a:	23d0      	movs	r3, #208	; 0xd0
1000793c:	061b      	lsls	r3, r3, #24
1000793e:	6558      	str	r0, [r3, #84]	; 0x54
10007940:	bf40      	sev
10007942:	4770      	bx	lr

10007944 <multicore_fifo_pop_blocking>:
10007944:	e000      	b.n	10007948 <multicore_fifo_pop_blocking+0x4>
10007946:	bf20      	wfe
10007948:	23d0      	movs	r3, #208	; 0xd0
1000794a:	061b      	lsls	r3, r3, #24
1000794c:	6d1b      	ldr	r3, [r3, #80]	; 0x50
1000794e:	07db      	lsls	r3, r3, #31
10007950:	d5f9      	bpl.n	10007946 <multicore_fifo_pop_blocking+0x2>
10007952:	23d0      	movs	r3, #208	; 0xd0
10007954:	061b      	lsls	r3, r3, #24
10007956:	6d98      	ldr	r0, [r3, #88]	; 0x58
10007958:	4770      	bx	lr

1000795a <multicore_launch_core1_raw>:
1000795a:	b5f0      	push	{r4, r5, r6, r7, lr}
1000795c:	b087      	sub	sp, #28
1000795e:	0004      	movs	r4, r0
10007960:	000d      	movs	r5, r1
10007962:	0017      	movs	r7, r2
10007964:	200f      	movs	r0, #15
10007966:	f7f8 ff1d 	bl	100007a4 <irq_is_enabled>
1000796a:	0006      	movs	r6, r0
1000796c:	2100      	movs	r1, #0
1000796e:	200f      	movs	r0, #15
10007970:	f7f8 ff32 	bl	100007d8 <irq_set_enabled>
10007974:	2300      	movs	r3, #0
10007976:	9300      	str	r3, [sp, #0]
10007978:	9301      	str	r3, [sp, #4]
1000797a:	3301      	adds	r3, #1
1000797c:	9302      	str	r3, [sp, #8]
1000797e:	9703      	str	r7, [sp, #12]
10007980:	9504      	str	r5, [sp, #16]
10007982:	9405      	str	r4, [sp, #20]
10007984:	2500      	movs	r5, #0
10007986:	e000      	b.n	1000798a <multicore_launch_core1_raw+0x30>
10007988:	2500      	movs	r5, #0
1000798a:	00ab      	lsls	r3, r5, #2
1000798c:	466a      	mov	r2, sp
1000798e:	589c      	ldr	r4, [r3, r2]
10007990:	2c00      	cmp	r4, #0
10007992:	d012      	beq.n	100079ba <multicore_launch_core1_raw+0x60>
10007994:	0020      	movs	r0, r4
10007996:	f7ff ffcb 	bl	10007930 <multicore_fifo_push_blocking>
1000799a:	f7ff ffd3 	bl	10007944 <multicore_fifo_pop_blocking>
1000799e:	4284      	cmp	r4, r0
100079a0:	d1f2      	bne.n	10007988 <multicore_launch_core1_raw+0x2e>
100079a2:	3501      	adds	r5, #1
100079a4:	2d05      	cmp	r5, #5
100079a6:	d9f0      	bls.n	1000798a <multicore_launch_core1_raw+0x30>
100079a8:	0031      	movs	r1, r6
100079aa:	200f      	movs	r0, #15
100079ac:	f7f8 ff14 	bl	100007d8 <irq_set_enabled>
100079b0:	b007      	add	sp, #28
100079b2:	bdf0      	pop	{r4, r5, r6, r7, pc}
100079b4:	23d0      	movs	r3, #208	; 0xd0
100079b6:	061b      	lsls	r3, r3, #24
100079b8:	6d9b      	ldr	r3, [r3, #88]	; 0x58
100079ba:	23d0      	movs	r3, #208	; 0xd0
100079bc:	061b      	lsls	r3, r3, #24
100079be:	6d1b      	ldr	r3, [r3, #80]	; 0x50
100079c0:	07db      	lsls	r3, r3, #31
100079c2:	d4f7      	bmi.n	100079b4 <multicore_launch_core1_raw+0x5a>
100079c4:	bf40      	sev
100079c6:	e7e5      	b.n	10007994 <multicore_launch_core1_raw+0x3a>

100079c8 <multicore_launch_core1_with_stack>:
100079c8:	b510      	push	{r4, lr}
100079ca:	000c      	movs	r4, r1
100079cc:	0793      	lsls	r3, r2, #30
100079ce:	d111      	bne.n	100079f4 <multicore_launch_core1_with_stack+0x2c>
100079d0:	2303      	movs	r3, #3
100079d2:	439a      	bics	r2, r3
100079d4:	188b      	adds	r3, r1, r2
100079d6:	0019      	movs	r1, r3
100079d8:	390c      	subs	r1, #12
100079da:	4a09      	ldr	r2, [pc, #36]	; (10007a00 <multicore_launch_core1_with_stack+0x38>)
100079dc:	6892      	ldr	r2, [r2, #8]
100079de:	6008      	str	r0, [r1, #0]
100079e0:	0018      	movs	r0, r3
100079e2:	3808      	subs	r0, #8
100079e4:	6004      	str	r4, [r0, #0]
100079e6:	3b04      	subs	r3, #4
100079e8:	4806      	ldr	r0, [pc, #24]	; (10007a04 <multicore_launch_core1_with_stack+0x3c>)
100079ea:	6018      	str	r0, [r3, #0]
100079ec:	4806      	ldr	r0, [pc, #24]	; (10007a08 <multicore_launch_core1_with_stack+0x40>)
100079ee:	f7ff ffb4 	bl	1000795a <multicore_launch_core1_raw>
100079f2:	bd10      	pop	{r4, pc}
100079f4:	4b05      	ldr	r3, [pc, #20]	; (10007a0c <multicore_launch_core1_with_stack+0x44>)
100079f6:	4a06      	ldr	r2, [pc, #24]	; (10007a10 <multicore_launch_core1_with_stack+0x48>)
100079f8:	2187      	movs	r1, #135	; 0x87
100079fa:	4806      	ldr	r0, [pc, #24]	; (10007a14 <multicore_launch_core1_with_stack+0x4c>)
100079fc:	f7fc f9f0 	bl	10003de0 <__assert_func>
10007a00:	e000ed00 	.word	0xe000ed00
10007a04:	10007925 	.word	0x10007925
10007a08:	10007923 	.word	0x10007923
10007a0c:	1000a01c 	.word	0x1000a01c
10007a10:	1000a038 	.word	0x1000a038
10007a14:	10009fe0 	.word	0x10009fe0

10007a18 <multicore_launch_core1>:
10007a18:	b510      	push	{r4, lr}
10007a1a:	4a06      	ldr	r2, [pc, #24]	; (10007a34 <multicore_launch_core1+0x1c>)
10007a1c:	4b06      	ldr	r3, [pc, #24]	; (10007a38 <multicore_launch_core1+0x20>)
10007a1e:	429a      	cmp	r2, r3
10007a20:	d305      	bcc.n	10007a2e <multicore_launch_core1+0x16>
10007a22:	0011      	movs	r1, r2
10007a24:	2280      	movs	r2, #128	; 0x80
10007a26:	0112      	lsls	r2, r2, #4
10007a28:	f7ff ffce 	bl	100079c8 <multicore_launch_core1_with_stack>
10007a2c:	bd10      	pop	{r4, pc}
10007a2e:	2101      	movs	r1, #1
10007a30:	4249      	negs	r1, r1
10007a32:	e7f7      	b.n	10007a24 <multicore_launch_core1+0xc>
10007a34:	20040800 	.word	0x20040800
10007a38:	20040000 	.word	0x20040000

10007a3c <auto_interface>:
10007a3c:	4b05      	ldr	r3, [pc, #20]	; (10007a54 <auto_interface+0x18>)
10007a3e:	781b      	ldrb	r3, [r3, #0]
10007a40:	2b00      	cmp	r3, #0
10007a42:	d005      	beq.n	10007a50 <auto_interface+0x14>
10007a44:	4b03      	ldr	r3, [pc, #12]	; (10007a54 <auto_interface+0x18>)
10007a46:	6858      	ldr	r0, [r3, #4]
10007a48:	2800      	cmp	r0, #0
10007a4a:	d000      	beq.n	10007a4e <auto_interface+0x12>
10007a4c:	6898      	ldr	r0, [r3, #8]
10007a4e:	4770      	bx	lr
10007a50:	2000      	movs	r0, #0
10007a52:	e7fc      	b.n	10007a4e <auto_interface+0x12>
10007a54:	20001854 	.word	0x20001854

10007a58 <auto_output>:
10007a58:	b510      	push	{r4, lr}
10007a5a:	f7ff ffef 	bl	10007a3c <auto_interface>
10007a5e:	2800      	cmp	r0, #0
10007a60:	d002      	beq.n	10007a68 <auto_output+0x10>
10007a62:	2394      	movs	r3, #148	; 0x94
10007a64:	58c0      	ldr	r0, [r0, r3]
10007a66:	bd10      	pop	{r4, pc}
10007a68:	2000      	movs	r0, #0
10007a6a:	e7fc      	b.n	10007a66 <auto_output+0xe>

10007a6c <find_message_object>:
10007a6c:	b5f0      	push	{r4, r5, r6, r7, lr}
10007a6e:	46c6      	mov	lr, r8
10007a70:	b500      	push	{lr}
10007a72:	0005      	movs	r5, r0
10007a74:	000c      	movs	r4, r1
10007a76:	2800      	cmp	r0, #0
10007a78:	d035      	beq.n	10007ae6 <find_message_object+0x7a>
10007a7a:	2900      	cmp	r1, #0
10007a7c:	d119      	bne.n	10007ab2 <find_message_object+0x46>
10007a7e:	2300      	movs	r3, #0
10007a80:	4698      	mov	r8, r3
10007a82:	e01d      	b.n	10007ac0 <find_message_object+0x54>
10007a84:	3401      	adds	r4, #1
10007a86:	b2e4      	uxtb	r4, r4
10007a88:	2c04      	cmp	r4, #4
10007a8a:	d82d      	bhi.n	10007ae8 <find_message_object+0x7c>
10007a8c:	0063      	lsls	r3, r4, #1
10007a8e:	191b      	adds	r3, r3, r4
10007a90:	009b      	lsls	r3, r3, #2
10007a92:	4a17      	ldr	r2, [pc, #92]	; (10007af0 <find_message_object+0x84>)
10007a94:	5899      	ldr	r1, [r3, r2]
10007a96:	2210      	movs	r2, #16
10007a98:	0028      	movs	r0, r5
10007a9a:	f000 fe3b 	bl	10008714 <strncmp>
10007a9e:	2800      	cmp	r0, #0
10007aa0:	d1f0      	bne.n	10007a84 <find_message_object+0x18>
10007aa2:	0066      	lsls	r6, r4, #1
10007aa4:	1934      	adds	r4, r6, r4
10007aa6:	00a4      	lsls	r4, r4, #2
10007aa8:	4e11      	ldr	r6, [pc, #68]	; (10007af0 <find_message_object+0x84>)
10007aaa:	46b0      	mov	r8, r6
10007aac:	44a0      	add	r8, r4
10007aae:	2405      	movs	r4, #5
10007ab0:	e7e8      	b.n	10007a84 <find_message_object+0x18>
10007ab2:	2400      	movs	r4, #0
10007ab4:	2300      	movs	r3, #0
10007ab6:	4698      	mov	r8, r3
10007ab8:	e7e6      	b.n	10007a88 <find_message_object+0x1c>
10007aba:	46b8      	mov	r8, r7
10007abc:	3601      	adds	r6, #1
10007abe:	b2f4      	uxtb	r4, r6
10007ac0:	4b0c      	ldr	r3, [pc, #48]	; (10007af4 <find_message_object+0x88>)
10007ac2:	7c1e      	ldrb	r6, [r3, #16]
10007ac4:	42a6      	cmp	r6, r4
10007ac6:	d90f      	bls.n	10007ae8 <find_message_object+0x7c>
10007ac8:	0063      	lsls	r3, r4, #1
10007aca:	191b      	adds	r3, r3, r4
10007acc:	009b      	lsls	r3, r3, #2
10007ace:	4a09      	ldr	r2, [pc, #36]	; (10007af4 <find_message_object+0x88>)
10007ad0:	68d7      	ldr	r7, [r2, #12]
10007ad2:	18ff      	adds	r7, r7, r3
10007ad4:	2210      	movs	r2, #16
10007ad6:	6839      	ldr	r1, [r7, #0]
10007ad8:	0028      	movs	r0, r5
10007ada:	f000 fe1b 	bl	10008714 <strncmp>
10007ade:	2800      	cmp	r0, #0
10007ae0:	d0eb      	beq.n	10007aba <find_message_object+0x4e>
10007ae2:	0026      	movs	r6, r4
10007ae4:	e7ea      	b.n	10007abc <find_message_object+0x50>
10007ae6:	4680      	mov	r8, r0
10007ae8:	4640      	mov	r0, r8
10007aea:	bc80      	pop	{r7}
10007aec:	46b8      	mov	r8, r7
10007aee:	bdf0      	pop	{r4, r5, r6, r7, pc}
10007af0:	20000e20 	.word	0x20000e20
10007af4:	20001854 	.word	0x20001854

10007af8 <handle_packet_action>:
10007af8:	b570      	push	{r4, r5, r6, lr}
10007afa:	7915      	ldrb	r5, [r2, #4]
10007afc:	240f      	movs	r4, #15
10007afe:	402c      	ands	r4, r5
10007b00:	784b      	ldrb	r3, [r1, #1]
10007b02:	069b      	lsls	r3, r3, #26
10007b04:	0f1b      	lsrs	r3, r3, #28
10007b06:	429c      	cmp	r4, r3
10007b08:	d007      	beq.n	10007b1a <handle_packet_action+0x22>
10007b0a:	784a      	ldrb	r2, [r1, #1]
10007b0c:	233c      	movs	r3, #60	; 0x3c
10007b0e:	4013      	ands	r3, r2
10007b10:	2b08      	cmp	r3, #8
10007b12:	d02d      	beq.n	10007b70 <handle_packet_action+0x78>
10007b14:	2403      	movs	r4, #3
10007b16:	0020      	movs	r0, r4
10007b18:	bd70      	pop	{r4, r5, r6, pc}
10007b1a:	b26d      	sxtb	r5, r5
10007b1c:	2c00      	cmp	r4, #0
10007b1e:	d10e      	bne.n	10007b3e <handle_packet_action+0x46>
10007b20:	788b      	ldrb	r3, [r1, #2]
10007b22:	06d9      	lsls	r1, r3, #27
10007b24:	d503      	bpl.n	10007b2e <handle_packet_action+0x36>
10007b26:	211f      	movs	r1, #31
10007b28:	0018      	movs	r0, r3
10007b2a:	4388      	bics	r0, r1
10007b2c:	d102      	bne.n	10007b34 <handle_packet_action+0x3c>
10007b2e:	210f      	movs	r1, #15
10007b30:	438b      	bics	r3, r1
10007b32:	d1f0      	bne.n	10007b16 <handle_packet_action+0x1e>
10007b34:	6893      	ldr	r3, [r2, #8]
10007b36:	2b00      	cmp	r3, #0
10007b38:	d01c      	beq.n	10007b74 <handle_packet_action+0x7c>
10007b3a:	4798      	blx	r3
10007b3c:	e7eb      	b.n	10007b16 <handle_packet_action+0x1e>
10007b3e:	6803      	ldr	r3, [r0, #0]
10007b40:	039b      	lsls	r3, r3, #14
10007b42:	0d9b      	lsrs	r3, r3, #22
10007b44:	d018      	beq.n	10007b78 <handle_packet_action+0x80>
10007b46:	2d00      	cmp	r5, #0
10007b48:	db18      	blt.n	10007b7c <handle_packet_action+0x84>
10007b4a:	8b04      	ldrh	r4, [r0, #24]
10007b4c:	880b      	ldrh	r3, [r1, #0]
10007b4e:	059b      	lsls	r3, r3, #22
10007b50:	0d9b      	lsrs	r3, r3, #22
10007b52:	18e5      	adds	r5, r4, r3
10007b54:	88d1      	ldrh	r1, [r2, #6]
10007b56:	428d      	cmp	r5, r1
10007b58:	dd01      	ble.n	10007b5e <handle_packet_action+0x66>
10007b5a:	2402      	movs	r4, #2
10007b5c:	e7db      	b.n	10007b16 <handle_packet_action+0x1e>
10007b5e:	6892      	ldr	r2, [r2, #8]
10007b60:	0001      	movs	r1, r0
10007b62:	311c      	adds	r1, #28
10007b64:	1910      	adds	r0, r2, r4
10007b66:	001a      	movs	r2, r3
10007b68:	f7fb f86e 	bl	10002c48 <__wrap___aeabi_memcpy>
10007b6c:	2400      	movs	r4, #0
10007b6e:	e7d2      	b.n	10007b16 <handle_packet_action+0x1e>
10007b70:	2400      	movs	r4, #0
10007b72:	e7d0      	b.n	10007b16 <handle_packet_action+0x1e>
10007b74:	2401      	movs	r4, #1
10007b76:	e7ce      	b.n	10007b16 <handle_packet_action+0x1e>
10007b78:	2400      	movs	r4, #0
10007b7a:	e7cc      	b.n	10007b16 <handle_packet_action+0x1e>
10007b7c:	2402      	movs	r4, #2
10007b7e:	e7ca      	b.n	10007b16 <handle_packet_action+0x1e>

10007b80 <send_tracked_message_id_list>:
10007b80:	b5f0      	push	{r4, r5, r6, r7, lr}
10007b82:	46d6      	mov	lr, sl
10007b84:	464f      	mov	r7, r9
10007b86:	4646      	mov	r6, r8
10007b88:	b5c0      	push	{r6, r7, lr}
10007b8a:	b094      	sub	sp, #80	; 0x50
10007b8c:	2300      	movs	r3, #0
10007b8e:	9313      	str	r3, [sp, #76]	; 0x4c
10007b90:	aa13      	add	r2, sp, #76	; 0x4c
10007b92:	7813      	ldrb	r3, [r2, #0]
10007b94:	2101      	movs	r1, #1
10007b96:	430b      	orrs	r3, r1
10007b98:	7013      	strb	r3, [r2, #0]
10007b9a:	b2db      	uxtb	r3, r3
10007b9c:	213c      	movs	r1, #60	; 0x3c
10007b9e:	438b      	bics	r3, r1
10007ba0:	2104      	movs	r1, #4
10007ba2:	430b      	orrs	r3, r1
10007ba4:	7013      	strb	r3, [r2, #0]
10007ba6:	2500      	movs	r5, #0
10007ba8:	2600      	movs	r6, #0
10007baa:	2300      	movs	r3, #0
10007bac:	4698      	mov	r8, r3
10007bae:	e010      	b.n	10007bd2 <send_tracked_message_id_list+0x52>
10007bb0:	f7ff ff52 	bl	10007a58 <auto_output>
10007bb4:	b2b3      	uxth	r3, r6
10007bb6:	af03      	add	r7, sp, #12
10007bb8:	9700      	str	r7, [sp, #0]
10007bba:	4a21      	ldr	r2, [pc, #132]	; (10007c40 <send_tracked_message_id_list+0xc0>)
10007bbc:	a913      	add	r1, sp, #76	; 0x4c
10007bbe:	f000 fbe8 	bl	10008392 <encode_packet_simple>
10007bc2:	2240      	movs	r2, #64	; 0x40
10007bc4:	2100      	movs	r1, #0
10007bc6:	0038      	movs	r0, r7
10007bc8:	f7fb f838 	bl	10002c3c <__wrap_memset>
10007bcc:	2600      	movs	r6, #0
10007bce:	3501      	adds	r5, #1
10007bd0:	b2ed      	uxtb	r5, r5
10007bd2:	4b1c      	ldr	r3, [pc, #112]	; (10007c44 <send_tracked_message_id_list+0xc4>)
10007bd4:	7c1f      	ldrb	r7, [r3, #16]
10007bd6:	42af      	cmp	r7, r5
10007bd8:	d92a      	bls.n	10007c30 <send_tracked_message_id_list+0xb0>
10007bda:	4b1a      	ldr	r3, [pc, #104]	; (10007c44 <send_tracked_message_id_list+0xc4>)
10007bdc:	68db      	ldr	r3, [r3, #12]
10007bde:	4699      	mov	r9, r3
10007be0:	006b      	lsls	r3, r5, #1
10007be2:	195b      	adds	r3, r3, r5
10007be4:	009b      	lsls	r3, r3, #2
10007be6:	464a      	mov	r2, r9
10007be8:	58d3      	ldr	r3, [r2, r3]
10007bea:	469a      	mov	sl, r3
10007bec:	0018      	movs	r0, r3
10007bee:	f000 fd63 	bl	100086b8 <strlen>
10007bf2:	b2c4      	uxtb	r4, r0
10007bf4:	3401      	adds	r4, #1
10007bf6:	b2e4      	uxtb	r4, r4
10007bf8:	ab03      	add	r3, sp, #12
10007bfa:	1998      	adds	r0, r3, r6
10007bfc:	0022      	movs	r2, r4
10007bfe:	4651      	mov	r1, sl
10007c00:	f7fb f822 	bl	10002c48 <__wrap___aeabi_memcpy>
10007c04:	1936      	adds	r6, r6, r4
10007c06:	b2f6      	uxtb	r6, r6
10007c08:	4643      	mov	r3, r8
10007c0a:	3301      	adds	r3, #1
10007c0c:	b2db      	uxtb	r3, r3
10007c0e:	4698      	mov	r8, r3
10007c10:	3f01      	subs	r7, #1
10007c12:	42af      	cmp	r7, r5
10007c14:	ddcc      	ble.n	10007bb0 <send_tracked_message_id_list+0x30>
10007c16:	1c6a      	adds	r2, r5, #1
10007c18:	0053      	lsls	r3, r2, #1
10007c1a:	189b      	adds	r3, r3, r2
10007c1c:	009b      	lsls	r3, r3, #2
10007c1e:	464a      	mov	r2, r9
10007c20:	58d0      	ldr	r0, [r2, r3]
10007c22:	f000 fd49 	bl	100086b8 <strlen>
10007c26:	233f      	movs	r3, #63	; 0x3f
10007c28:	1a1b      	subs	r3, r3, r0
10007c2a:	42b3      	cmp	r3, r6
10007c2c:	d2cf      	bcs.n	10007bce <send_tracked_message_id_list+0x4e>
10007c2e:	e7bf      	b.n	10007bb0 <send_tracked_message_id_list+0x30>
10007c30:	4640      	mov	r0, r8
10007c32:	b014      	add	sp, #80	; 0x50
10007c34:	bce0      	pop	{r5, r6, r7}
10007c36:	46ba      	mov	sl, r7
10007c38:	46b1      	mov	r9, r6
10007c3a:	46a8      	mov	r8, r5
10007c3c:	bdf0      	pop	{r4, r5, r6, r7, pc}
10007c3e:	46c0      	nop			; (mov r8, r8)
10007c40:	1000a05c 	.word	0x1000a05c
10007c44:	20001854 	.word	0x20001854

10007c48 <announce_dev_msg>:
10007c48:	b530      	push	{r4, r5, lr}
10007c4a:	b085      	sub	sp, #20
10007c4c:	250f      	movs	r5, #15
10007c4e:	446d      	add	r5, sp
10007c50:	2400      	movs	r4, #0
10007c52:	702c      	strb	r4, [r5, #0]
10007c54:	f7ff ff94 	bl	10007b80 <send_tracked_message_id_list>
10007c58:	7028      	strb	r0, [r5, #0]
10007c5a:	9402      	str	r4, [sp, #8]
10007c5c:	ac02      	add	r4, sp, #8
10007c5e:	7823      	ldrb	r3, [r4, #0]
10007c60:	2201      	movs	r2, #1
10007c62:	4313      	orrs	r3, r2
10007c64:	7023      	strb	r3, [r4, #0]
10007c66:	b2db      	uxtb	r3, r3
10007c68:	223c      	movs	r2, #60	; 0x3c
10007c6a:	4393      	bics	r3, r2
10007c6c:	2218      	movs	r2, #24
10007c6e:	4313      	orrs	r3, r2
10007c70:	7023      	strb	r3, [r4, #0]
10007c72:	f7ff fef1 	bl	10007a58 <auto_output>
10007c76:	9500      	str	r5, [sp, #0]
10007c78:	2301      	movs	r3, #1
10007c7a:	4a03      	ldr	r2, [pc, #12]	; (10007c88 <announce_dev_msg+0x40>)
10007c7c:	0021      	movs	r1, r4
10007c7e:	f000 fb88 	bl	10008392 <encode_packet_simple>
10007c82:	b005      	add	sp, #20
10007c84:	bd30      	pop	{r4, r5, pc}
10007c86:	46c0      	nop			; (mov r8, r8)
10007c88:	1000a060 	.word	0x1000a060

10007c8c <handle_packet_ack>:
10007c8c:	b5f0      	push	{r4, r5, r6, r7, lr}
10007c8e:	46ce      	mov	lr, r9
10007c90:	4647      	mov	r7, r8
10007c92:	b580      	push	{r7, lr}
10007c94:	b085      	sub	sp, #20
10007c96:	0005      	movs	r5, r0
10007c98:	000c      	movs	r4, r1
10007c9a:	0016      	movs	r6, r2
10007c9c:	788b      	ldrb	r3, [r1, #2]
10007c9e:	211f      	movs	r1, #31
10007ca0:	0018      	movs	r0, r3
10007ca2:	4388      	bics	r0, r1
10007ca4:	d004      	beq.n	10007cb0 <handle_packet_ack+0x24>
10007ca6:	2210      	movs	r2, #16
10007ca8:	0010      	movs	r0, r2
10007caa:	4018      	ands	r0, r3
10007cac:	421a      	tst	r2, r3
10007cae:	d104      	bne.n	10007cba <handle_packet_ack+0x2e>
10007cb0:	b005      	add	sp, #20
10007cb2:	bcc0      	pop	{r6, r7}
10007cb4:	46b9      	mov	r9, r7
10007cb6:	46b0      	mov	r8, r6
10007cb8:	bdf0      	pop	{r4, r5, r6, r7, pc}
10007cba:	466b      	mov	r3, sp
10007cbc:	899b      	ldrh	r3, [r3, #12]
10007cbe:	0a9b      	lsrs	r3, r3, #10
10007cc0:	029b      	lsls	r3, r3, #10
10007cc2:	466a      	mov	r2, sp
10007cc4:	8193      	strh	r3, [r2, #12]
10007cc6:	7932      	ldrb	r2, [r6, #4]
10007cc8:	270f      	movs	r7, #15
10007cca:	230d      	movs	r3, #13
10007ccc:	446b      	add	r3, sp
10007cce:	403a      	ands	r2, r7
10007cd0:	0091      	lsls	r1, r2, #2
10007cd2:	781a      	ldrb	r2, [r3, #0]
10007cd4:	203c      	movs	r0, #60	; 0x3c
10007cd6:	4382      	bics	r2, r0
10007cd8:	430a      	orrs	r2, r1
10007cda:	701a      	strb	r2, [r3, #0]
10007cdc:	7862      	ldrb	r2, [r4, #1]
10007cde:	0651      	lsls	r1, r2, #25
10007ce0:	0fc9      	lsrs	r1, r1, #31
10007ce2:	0189      	lsls	r1, r1, #6
10007ce4:	4689      	mov	r9, r1
10007ce6:	7819      	ldrb	r1, [r3, #0]
10007ce8:	4688      	mov	r8, r1
10007cea:	2140      	movs	r1, #64	; 0x40
10007cec:	4640      	mov	r0, r8
10007cee:	4388      	bics	r0, r1
10007cf0:	0001      	movs	r1, r0
10007cf2:	4648      	mov	r0, r9
10007cf4:	4301      	orrs	r1, r0
10007cf6:	7019      	strb	r1, [r3, #0]
10007cf8:	09d2      	lsrs	r2, r2, #7
10007cfa:	01d2      	lsls	r2, r2, #7
10007cfc:	b2c8      	uxtb	r0, r1
10007cfe:	217f      	movs	r1, #127	; 0x7f
10007d00:	4001      	ands	r1, r0
10007d02:	430a      	orrs	r2, r1
10007d04:	701a      	strb	r2, [r3, #0]
10007d06:	6833      	ldr	r3, [r6, #0]
10007d08:	4698      	mov	r8, r3
10007d0a:	0018      	movs	r0, r3
10007d0c:	f000 fcd4 	bl	100086b8 <strlen>
10007d10:	230e      	movs	r3, #14
10007d12:	446b      	add	r3, sp
10007d14:	4038      	ands	r0, r7
10007d16:	781f      	ldrb	r7, [r3, #0]
10007d18:	220f      	movs	r2, #15
10007d1a:	4397      	bics	r7, r2
10007d1c:	4307      	orrs	r7, r0
10007d1e:	701f      	strb	r7, [r3, #0]
10007d20:	b2fa      	uxtb	r2, r7
10007d22:	2110      	movs	r1, #16
10007d24:	438a      	bics	r2, r1
10007d26:	701a      	strb	r2, [r3, #0]
10007d28:	78a2      	ldrb	r2, [r4, #2]
10007d2a:	0952      	lsrs	r2, r2, #5
10007d2c:	0151      	lsls	r1, r2, #5
10007d2e:	7818      	ldrb	r0, [r3, #0]
10007d30:	221f      	movs	r2, #31
10007d32:	4002      	ands	r2, r0
10007d34:	430a      	orrs	r2, r1
10007d36:	701a      	strb	r2, [r3, #0]
10007d38:	8b2b      	ldrh	r3, [r5, #24]
10007d3a:	2294      	movs	r2, #148	; 0x94
10007d3c:	58a8      	ldr	r0, [r5, r2]
10007d3e:	68b2      	ldr	r2, [r6, #8]
10007d40:	9200      	str	r2, [sp, #0]
10007d42:	4642      	mov	r2, r8
10007d44:	a903      	add	r1, sp, #12
10007d46:	f000 faad 	bl	100082a4 <encode_packet>
10007d4a:	e7b1      	b.n	10007cb0 <handle_packet_ack+0x24>

10007d4c <find_tracked_object>:
10007d4c:	b510      	push	{r4, lr}
10007d4e:	2100      	movs	r1, #0
10007d50:	f7ff fe8c 	bl	10007a6c <find_message_object>
10007d54:	bd10      	pop	{r4, pc}

10007d56 <eui_send_range>:
10007d56:	b5f0      	push	{r4, r5, r6, r7, lr}
10007d58:	46de      	mov	lr, fp
10007d5a:	4657      	mov	r7, sl
10007d5c:	464e      	mov	r6, r9
10007d5e:	4645      	mov	r5, r8
10007d60:	b5e0      	push	{r5, r6, r7, lr}
10007d62:	b085      	sub	sp, #20
10007d64:	4682      	mov	sl, r0
10007d66:	000f      	movs	r7, r1
10007d68:	0015      	movs	r5, r2
10007d6a:	4699      	mov	r9, r3
10007d6c:	ab0e      	add	r3, sp, #56	; 0x38
10007d6e:	881c      	ldrh	r4, [r3, #0]
10007d70:	2600      	movs	r6, #0
10007d72:	9603      	str	r6, [sp, #12]
10007d74:	790a      	ldrb	r2, [r1, #4]
10007d76:	88cb      	ldrh	r3, [r1, #6]
10007d78:	210f      	movs	r1, #15
10007d7a:	468b      	mov	fp, r1
10007d7c:	400a      	ands	r2, r1
10007d7e:	3901      	subs	r1, #1
10007d80:	4469      	add	r1, sp
10007d82:	9101      	str	r1, [sp, #4]
10007d84:	a903      	add	r1, sp, #12
10007d86:	9100      	str	r1, [sp, #0]
10007d88:	0021      	movs	r1, r4
10007d8a:	4648      	mov	r0, r9
10007d8c:	f000 f9ee 	bl	1000816c <validate_offset_range>
10007d90:	9602      	str	r6, [sp, #8]
10007d92:	782b      	ldrb	r3, [r5, #0]
10007d94:	07d9      	lsls	r1, r3, #31
10007d96:	2509      	movs	r5, #9
10007d98:	446d      	add	r5, sp
10007d9a:	0e49      	lsrs	r1, r1, #25
10007d9c:	782a      	ldrb	r2, [r5, #0]
10007d9e:	2040      	movs	r0, #64	; 0x40
10007da0:	4382      	bics	r2, r0
10007da2:	430a      	orrs	r2, r1
10007da4:	702a      	strb	r2, [r5, #0]
10007da6:	079b      	lsls	r3, r3, #30
10007da8:	360a      	adds	r6, #10
10007daa:	446e      	add	r6, sp
10007dac:	0fdb      	lsrs	r3, r3, #31
10007dae:	011b      	lsls	r3, r3, #4
10007db0:	7832      	ldrb	r2, [r6, #0]
10007db2:	2110      	movs	r1, #16
10007db4:	438a      	bics	r2, r1
10007db6:	4313      	orrs	r3, r2
10007db8:	7033      	strb	r3, [r6, #0]
10007dba:	683b      	ldr	r3, [r7, #0]
10007dbc:	4698      	mov	r8, r3
10007dbe:	0018      	movs	r0, r3
10007dc0:	f000 fc7a 	bl	100086b8 <strlen>
10007dc4:	465b      	mov	r3, fp
10007dc6:	4003      	ands	r3, r0
10007dc8:	7830      	ldrb	r0, [r6, #0]
10007dca:	220f      	movs	r2, #15
10007dcc:	4390      	bics	r0, r2
10007dce:	4318      	orrs	r0, r3
10007dd0:	7030      	strb	r0, [r6, #0]
10007dd2:	466b      	mov	r3, sp
10007dd4:	891b      	ldrh	r3, [r3, #8]
10007dd6:	0a9b      	lsrs	r3, r3, #10
10007dd8:	029b      	lsls	r3, r3, #10
10007dda:	2204      	movs	r2, #4
10007ddc:	4313      	orrs	r3, r2
10007dde:	466a      	mov	r2, sp
10007de0:	8113      	strh	r3, [r2, #8]
10007de2:	782b      	ldrb	r3, [r5, #0]
10007de4:	263c      	movs	r6, #60	; 0x3c
10007de6:	43b3      	bics	r3, r6
10007de8:	2208      	movs	r2, #8
10007dea:	4313      	orrs	r3, r2
10007dec:	702b      	strb	r3, [r5, #0]
10007dee:	ab03      	add	r3, sp, #12
10007df0:	9300      	str	r3, [sp, #0]
10007df2:	2300      	movs	r3, #0
10007df4:	4642      	mov	r2, r8
10007df6:	a902      	add	r1, sp, #8
10007df8:	4650      	mov	r0, sl
10007dfa:	f000 fa53 	bl	100082a4 <encode_packet>
10007dfe:	782a      	ldrb	r2, [r5, #0]
10007e00:	2380      	movs	r3, #128	; 0x80
10007e02:	425b      	negs	r3, r3
10007e04:	4313      	orrs	r3, r2
10007e06:	702b      	strb	r3, [r5, #0]
10007e08:	793b      	ldrb	r3, [r7, #4]
10007e0a:	465a      	mov	r2, fp
10007e0c:	4013      	ands	r3, r2
10007e0e:	009b      	lsls	r3, r3, #2
10007e10:	782a      	ldrb	r2, [r5, #0]
10007e12:	43b2      	bics	r2, r6
10007e14:	4313      	orrs	r3, r2
10007e16:	702b      	strb	r3, [r5, #0]
10007e18:	e014      	b.n	10007e44 <eui_send_range+0xee>
10007e1a:	aa02      	add	r2, sp, #8
10007e1c:	059b      	lsls	r3, r3, #22
10007e1e:	0d9b      	lsrs	r3, r3, #22
10007e20:	8811      	ldrh	r1, [r2, #0]
10007e22:	0a89      	lsrs	r1, r1, #10
10007e24:	0289      	lsls	r1, r1, #10
10007e26:	430b      	orrs	r3, r1
10007e28:	8013      	strh	r3, [r2, #0]
10007e2a:	a902      	add	r1, sp, #8
10007e2c:	880b      	ldrh	r3, [r1, #0]
10007e2e:	059b      	lsls	r3, r3, #22
10007e30:	0d9b      	lsrs	r3, r3, #22
10007e32:	1ae4      	subs	r4, r4, r3
10007e34:	b2a4      	uxth	r4, r4
10007e36:	68bb      	ldr	r3, [r7, #8]
10007e38:	9300      	str	r3, [sp, #0]
10007e3a:	0023      	movs	r3, r4
10007e3c:	683a      	ldr	r2, [r7, #0]
10007e3e:	4650      	mov	r0, sl
10007e40:	f000 fa30 	bl	100082a4 <encode_packet>
10007e44:	454c      	cmp	r4, r9
10007e46:	d90e      	bls.n	10007e66 <eui_send_range+0x110>
10007e48:	2800      	cmp	r0, #0
10007e4a:	d10c      	bne.n	10007e66 <eui_send_range+0x110>
10007e4c:	464b      	mov	r3, r9
10007e4e:	1ae3      	subs	r3, r4, r3
10007e50:	b29b      	uxth	r3, r3
10007e52:	2b78      	cmp	r3, #120	; 0x78
10007e54:	d9e1      	bls.n	10007e1a <eui_send_range+0xc4>
10007e56:	aa02      	add	r2, sp, #8
10007e58:	8813      	ldrh	r3, [r2, #0]
10007e5a:	0a9b      	lsrs	r3, r3, #10
10007e5c:	029b      	lsls	r3, r3, #10
10007e5e:	2178      	movs	r1, #120	; 0x78
10007e60:	430b      	orrs	r3, r1
10007e62:	8013      	strh	r3, [r2, #0]
10007e64:	e7e1      	b.n	10007e2a <eui_send_range+0xd4>
10007e66:	b005      	add	sp, #20
10007e68:	bcf0      	pop	{r4, r5, r6, r7}
10007e6a:	46bb      	mov	fp, r7
10007e6c:	46b2      	mov	sl, r6
10007e6e:	46a9      	mov	r9, r5
10007e70:	46a0      	mov	r8, r4
10007e72:	bdf0      	pop	{r4, r5, r6, r7, pc}

10007e74 <eui_send>:
10007e74:	b530      	push	{r4, r5, lr}
10007e76:	b083      	sub	sp, #12
10007e78:	0014      	movs	r4, r2
10007e7a:	2800      	cmp	r0, #0
10007e7c:	d01a      	beq.n	10007eb4 <eui_send+0x40>
10007e7e:	2900      	cmp	r1, #0
10007e80:	d01b      	beq.n	10007eba <eui_send+0x46>
10007e82:	790a      	ldrb	r2, [r1, #4]
10007e84:	230f      	movs	r3, #15
10007e86:	401a      	ands	r2, r3
10007e88:	0092      	lsls	r2, r2, #2
10007e8a:	7823      	ldrb	r3, [r4, #0]
10007e8c:	253c      	movs	r5, #60	; 0x3c
10007e8e:	43ab      	bics	r3, r5
10007e90:	4313      	orrs	r3, r2
10007e92:	7023      	strb	r3, [r4, #0]
10007e94:	88cb      	ldrh	r3, [r1, #6]
10007e96:	2b78      	cmp	r3, #120	; 0x78
10007e98:	d806      	bhi.n	10007ea8 <eui_send+0x34>
10007e9a:	680a      	ldr	r2, [r1, #0]
10007e9c:	6889      	ldr	r1, [r1, #8]
10007e9e:	9100      	str	r1, [sp, #0]
10007ea0:	0021      	movs	r1, r4
10007ea2:	f000 fa76 	bl	10008392 <encode_packet_simple>
10007ea6:	e006      	b.n	10007eb6 <eui_send+0x42>
10007ea8:	9300      	str	r3, [sp, #0]
10007eaa:	2300      	movs	r3, #0
10007eac:	0022      	movs	r2, r4
10007eae:	f7ff ff52 	bl	10007d56 <eui_send_range>
10007eb2:	e000      	b.n	10007eb6 <eui_send+0x42>
10007eb4:	2001      	movs	r0, #1
10007eb6:	b003      	add	sp, #12
10007eb8:	bd30      	pop	{r4, r5, pc}
10007eba:	2001      	movs	r0, #1
10007ebc:	e7fb      	b.n	10007eb6 <eui_send+0x42>

10007ebe <send_tracked_variables>:
10007ebe:	b510      	push	{r4, lr}
10007ec0:	b082      	sub	sp, #8
10007ec2:	2300      	movs	r3, #0
10007ec4:	9301      	str	r3, [sp, #4]
10007ec6:	2400      	movs	r4, #0
10007ec8:	e00c      	b.n	10007ee4 <send_tracked_variables+0x26>
10007eca:	f7ff fdc5 	bl	10007a58 <auto_output>
10007ece:	0061      	lsls	r1, r4, #1
10007ed0:	1909      	adds	r1, r1, r4
10007ed2:	0089      	lsls	r1, r1, #2
10007ed4:	4b06      	ldr	r3, [pc, #24]	; (10007ef0 <send_tracked_variables+0x32>)
10007ed6:	68db      	ldr	r3, [r3, #12]
10007ed8:	1859      	adds	r1, r3, r1
10007eda:	aa01      	add	r2, sp, #4
10007edc:	f7ff ffca 	bl	10007e74 <eui_send>
10007ee0:	3401      	adds	r4, #1
10007ee2:	b2e4      	uxtb	r4, r4
10007ee4:	4b02      	ldr	r3, [pc, #8]	; (10007ef0 <send_tracked_variables+0x32>)
10007ee6:	7c1b      	ldrb	r3, [r3, #16]
10007ee8:	42a3      	cmp	r3, r4
10007eea:	d8ee      	bhi.n	10007eca <send_tracked_variables+0xc>
10007eec:	b002      	add	sp, #8
10007eee:	bd10      	pop	{r4, pc}
10007ef0:	20001854 	.word	0x20001854

10007ef4 <handle_packet_query>:
10007ef4:	b570      	push	{r4, r5, r6, lr}
10007ef6:	b084      	sub	sp, #16
10007ef8:	0014      	movs	r4, r2
10007efa:	788b      	ldrb	r3, [r1, #2]
10007efc:	220f      	movs	r2, #15
10007efe:	4393      	bics	r3, r2
10007f00:	2b10      	cmp	r3, #16
10007f02:	d002      	beq.n	10007f0a <handle_packet_query+0x16>
10007f04:	2000      	movs	r0, #0
10007f06:	b004      	add	sp, #16
10007f08:	bd70      	pop	{r4, r5, r6, pc}
10007f0a:	784d      	ldrb	r5, [r1, #1]
10007f0c:	0669      	lsls	r1, r5, #25
10007f0e:	ab03      	add	r3, sp, #12
10007f10:	0fc9      	lsrs	r1, r1, #31
10007f12:	781a      	ldrb	r2, [r3, #0]
10007f14:	2601      	movs	r6, #1
10007f16:	43b2      	bics	r2, r6
10007f18:	430a      	orrs	r2, r1
10007f1a:	701a      	strb	r2, [r3, #0]
10007f1c:	b2d2      	uxtb	r2, r2
10007f1e:	2102      	movs	r1, #2
10007f20:	438a      	bics	r2, r1
10007f22:	701a      	strb	r2, [r3, #0]
10007f24:	7921      	ldrb	r1, [r4, #4]
10007f26:	220f      	movs	r2, #15
10007f28:	4011      	ands	r1, r2
10007f2a:	0089      	lsls	r1, r1, #2
10007f2c:	781a      	ldrb	r2, [r3, #0]
10007f2e:	363b      	adds	r6, #59	; 0x3b
10007f30:	43b2      	bics	r2, r6
10007f32:	430a      	orrs	r2, r1
10007f34:	701a      	strb	r2, [r3, #0]
10007f36:	233c      	movs	r3, #60	; 0x3c
10007f38:	402b      	ands	r3, r5
10007f3a:	2b08      	cmp	r3, #8
10007f3c:	d006      	beq.n	10007f4c <handle_packet_query+0x58>
10007f3e:	2394      	movs	r3, #148	; 0x94
10007f40:	58c0      	ldr	r0, [r0, r3]
10007f42:	aa03      	add	r2, sp, #12
10007f44:	0021      	movs	r1, r4
10007f46:	f7ff ff95 	bl	10007e74 <eui_send>
10007f4a:	e7dc      	b.n	10007f06 <handle_packet_query+0x12>
10007f4c:	7f42      	ldrb	r2, [r0, #29]
10007f4e:	0212      	lsls	r2, r2, #8
10007f50:	7f03      	ldrb	r3, [r0, #28]
10007f52:	4313      	orrs	r3, r2
10007f54:	7fc1      	ldrb	r1, [r0, #31]
10007f56:	0209      	lsls	r1, r1, #8
10007f58:	7f82      	ldrb	r2, [r0, #30]
10007f5a:	430a      	orrs	r2, r1
10007f5c:	2194      	movs	r1, #148	; 0x94
10007f5e:	5840      	ldr	r0, [r0, r1]
10007f60:	9200      	str	r2, [sp, #0]
10007f62:	aa03      	add	r2, sp, #12
10007f64:	0021      	movs	r1, r4
10007f66:	f7ff fef6 	bl	10007d56 <eui_send_range>
10007f6a:	0040      	lsls	r0, r0, #1
10007f6c:	b2c0      	uxtb	r0, r0
10007f6e:	e7ca      	b.n	10007f06 <handle_packet_query+0x12>

10007f70 <eui_parse>:
10007f70:	b570      	push	{r4, r5, r6, lr}
10007f72:	b082      	sub	sp, #8
10007f74:	000c      	movs	r4, r1
10007f76:	f000 fb49 	bl	1000860c <decode_packet>
10007f7a:	2303      	movs	r3, #3
10007f7c:	001d      	movs	r5, r3
10007f7e:	4005      	ands	r5, r0
10007f80:	4203      	tst	r3, r0
10007f82:	d004      	beq.n	10007f8e <eui_parse+0x1e>
10007f84:	2d02      	cmp	r5, #2
10007f86:	d044      	beq.n	10008012 <eui_parse+0xa2>
10007f88:	0028      	movs	r0, r5
10007f8a:	b002      	add	sp, #8
10007f8c:	bd70      	pop	{r4, r5, r6, pc}
10007f8e:	4b27      	ldr	r3, [pc, #156]	; (1000802c <eui_parse+0xbc>)
10007f90:	609c      	str	r4, [r3, #8]
10007f92:	6863      	ldr	r3, [r4, #4]
10007f94:	9301      	str	r3, [sp, #4]
10007f96:	0020      	movs	r0, r4
10007f98:	3008      	adds	r0, #8
10007f9a:	466b      	mov	r3, sp
10007f9c:	7959      	ldrb	r1, [r3, #5]
10007f9e:	0649      	lsls	r1, r1, #25
10007fa0:	0fc9      	lsrs	r1, r1, #31
10007fa2:	f7ff fd63 	bl	10007a6c <find_message_object>
10007fa6:	1e06      	subs	r6, r0, #0
10007fa8:	d02c      	beq.n	10008004 <eui_parse+0x94>
10007faa:	0002      	movs	r2, r0
10007fac:	a901      	add	r1, sp, #4
10007fae:	0020      	movs	r0, r4
10007fb0:	f7ff fda2 	bl	10007af8 <handle_packet_action>
10007fb4:	2303      	movs	r3, #3
10007fb6:	4003      	ands	r3, r0
10007fb8:	009b      	lsls	r3, r3, #2
10007fba:	431d      	orrs	r5, r3
10007fbc:	230c      	movs	r3, #12
10007fbe:	422b      	tst	r3, r5
10007fc0:	d016      	beq.n	10007ff0 <eui_parse+0x80>
10007fc2:	0032      	movs	r2, r6
10007fc4:	a901      	add	r1, sp, #4
10007fc6:	0020      	movs	r0, r4
10007fc8:	f7ff ff94 	bl	10007ef4 <handle_packet_query>
10007fcc:	2303      	movs	r3, #3
10007fce:	4018      	ands	r0, r3
10007fd0:	0140      	lsls	r0, r0, #5
10007fd2:	335d      	adds	r3, #93	; 0x5d
10007fd4:	439d      	bics	r5, r3
10007fd6:	4305      	orrs	r5, r0
10007fd8:	3338      	adds	r3, #56	; 0x38
10007fda:	58e3      	ldr	r3, [r4, r3]
10007fdc:	2b00      	cmp	r3, #0
10007fde:	d001      	beq.n	10007fe4 <eui_parse+0x74>
10007fe0:	2001      	movs	r0, #1
10007fe2:	4798      	blx	r3
10007fe4:	2294      	movs	r2, #148	; 0x94
10007fe6:	2100      	movs	r1, #0
10007fe8:	0020      	movs	r0, r4
10007fea:	f7fa fe27 	bl	10002c3c <__wrap_memset>
10007fee:	e7cb      	b.n	10007f88 <eui_parse+0x18>
10007ff0:	0032      	movs	r2, r6
10007ff2:	a901      	add	r1, sp, #4
10007ff4:	0020      	movs	r0, r4
10007ff6:	f7ff fe49 	bl	10007c8c <handle_packet_ack>
10007ffa:	2301      	movs	r3, #1
10007ffc:	4003      	ands	r3, r0
10007ffe:	011b      	lsls	r3, r3, #4
10008000:	431d      	orrs	r5, r3
10008002:	e7de      	b.n	10007fc2 <eui_parse+0x52>
10008004:	2398      	movs	r3, #152	; 0x98
10008006:	58e3      	ldr	r3, [r4, r3]
10008008:	2b00      	cmp	r3, #0
1000800a:	d0eb      	beq.n	10007fe4 <eui_parse+0x74>
1000800c:	2002      	movs	r0, #2
1000800e:	4798      	blx	r3
10008010:	e7e8      	b.n	10007fe4 <eui_parse+0x74>
10008012:	2398      	movs	r3, #152	; 0x98
10008014:	58e3      	ldr	r3, [r4, r3]
10008016:	2b00      	cmp	r3, #0
10008018:	d001      	beq.n	1000801e <eui_parse+0xae>
1000801a:	2003      	movs	r0, #3
1000801c:	4798      	blx	r3
1000801e:	2294      	movs	r2, #148	; 0x94
10008020:	2100      	movs	r1, #0
10008022:	0020      	movs	r0, r4
10008024:	f7fa fe0a 	bl	10002c3c <__wrap_memset>
10008028:	e7ae      	b.n	10007f88 <eui_parse+0x18>
1000802a:	46c0      	nop			; (mov r8, r8)
1000802c:	20001854 	.word	0x20001854

10008030 <eui_send_tracked>:
10008030:	b530      	push	{r4, r5, lr}
10008032:	b083      	sub	sp, #12
10008034:	1e04      	subs	r4, r0, #0
10008036:	d00d      	beq.n	10008054 <eui_send_tracked+0x24>
10008038:	2300      	movs	r3, #0
1000803a:	9301      	str	r3, [sp, #4]
1000803c:	f7ff fd0c 	bl	10007a58 <auto_output>
10008040:	0005      	movs	r5, r0
10008042:	2100      	movs	r1, #0
10008044:	0020      	movs	r0, r4
10008046:	f7ff fd11 	bl	10007a6c <find_message_object>
1000804a:	0001      	movs	r1, r0
1000804c:	aa01      	add	r2, sp, #4
1000804e:	0028      	movs	r0, r5
10008050:	f7ff ff10 	bl	10007e74 <eui_send>
10008054:	b003      	add	sp, #12
10008056:	bd30      	pop	{r4, r5, pc}

10008058 <eui_send_tracked_on>:
10008058:	b510      	push	{r4, lr}
1000805a:	b082      	sub	sp, #8
1000805c:	000c      	movs	r4, r1
1000805e:	2800      	cmp	r0, #0
10008060:	d00c      	beq.n	1000807c <eui_send_tracked_on+0x24>
10008062:	2900      	cmp	r1, #0
10008064:	d00a      	beq.n	1000807c <eui_send_tracked_on+0x24>
10008066:	2300      	movs	r3, #0
10008068:	9301      	str	r3, [sp, #4]
1000806a:	2100      	movs	r1, #0
1000806c:	f7ff fcfe 	bl	10007a6c <find_message_object>
10008070:	0001      	movs	r1, r0
10008072:	2394      	movs	r3, #148	; 0x94
10008074:	58e0      	ldr	r0, [r4, r3]
10008076:	aa01      	add	r2, sp, #4
10008078:	f7ff fefc 	bl	10007e74 <eui_send>
1000807c:	b002      	add	sp, #8
1000807e:	bd10      	pop	{r4, pc}

10008080 <eui_send_untracked>:
10008080:	b510      	push	{r4, lr}
10008082:	b082      	sub	sp, #8
10008084:	1e04      	subs	r4, r0, #0
10008086:	d007      	beq.n	10008098 <eui_send_untracked+0x18>
10008088:	2300      	movs	r3, #0
1000808a:	9301      	str	r3, [sp, #4]
1000808c:	f7ff fce4 	bl	10007a58 <auto_output>
10008090:	aa01      	add	r2, sp, #4
10008092:	0021      	movs	r1, r4
10008094:	f7ff feee 	bl	10007e74 <eui_send>
10008098:	b002      	add	sp, #8
1000809a:	bd10      	pop	{r4, pc}

1000809c <eui_send_untracked_on>:
1000809c:	b500      	push	{lr}
1000809e:	b083      	sub	sp, #12
100080a0:	1e03      	subs	r3, r0, #0
100080a2:	d009      	beq.n	100080b8 <eui_send_untracked_on+0x1c>
100080a4:	2900      	cmp	r1, #0
100080a6:	d007      	beq.n	100080b8 <eui_send_untracked_on+0x1c>
100080a8:	2200      	movs	r2, #0
100080aa:	9201      	str	r2, [sp, #4]
100080ac:	3294      	adds	r2, #148	; 0x94
100080ae:	5888      	ldr	r0, [r1, r2]
100080b0:	aa01      	add	r2, sp, #4
100080b2:	0019      	movs	r1, r3
100080b4:	f7ff fede 	bl	10007e74 <eui_send>
100080b8:	b003      	add	sp, #12
100080ba:	bd00      	pop	{pc}

100080bc <eui_setup_interfaces>:
100080bc:	2800      	cmp	r0, #0
100080be:	d006      	beq.n	100080ce <eui_setup_interfaces+0x12>
100080c0:	2900      	cmp	r1, #0
100080c2:	d004      	beq.n	100080ce <eui_setup_interfaces+0x12>
100080c4:	4b05      	ldr	r3, [pc, #20]	; (100080dc <eui_setup_interfaces+0x20>)
100080c6:	6058      	str	r0, [r3, #4]
100080c8:	7019      	strb	r1, [r3, #0]
100080ca:	6098      	str	r0, [r3, #8]
100080cc:	e004      	b.n	100080d8 <eui_setup_interfaces+0x1c>
100080ce:	4b03      	ldr	r3, [pc, #12]	; (100080dc <eui_setup_interfaces+0x20>)
100080d0:	2200      	movs	r2, #0
100080d2:	605a      	str	r2, [r3, #4]
100080d4:	701a      	strb	r2, [r3, #0]
100080d6:	609a      	str	r2, [r3, #8]
100080d8:	4770      	bx	lr
100080da:	46c0      	nop			; (mov r8, r8)
100080dc:	20001854 	.word	0x20001854

100080e0 <eui_setup_interface>:
100080e0:	b510      	push	{r4, lr}
100080e2:	2101      	movs	r1, #1
100080e4:	f7ff ffea 	bl	100080bc <eui_setup_interfaces>
100080e8:	bd10      	pop	{r4, pc}

100080ea <eui_setup_tracked>:
100080ea:	2800      	cmp	r0, #0
100080ec:	d005      	beq.n	100080fa <eui_setup_tracked+0x10>
100080ee:	2900      	cmp	r1, #0
100080f0:	d003      	beq.n	100080fa <eui_setup_tracked+0x10>
100080f2:	4b04      	ldr	r3, [pc, #16]	; (10008104 <eui_setup_tracked+0x1a>)
100080f4:	60d8      	str	r0, [r3, #12]
100080f6:	7419      	strb	r1, [r3, #16]
100080f8:	e003      	b.n	10008102 <eui_setup_tracked+0x18>
100080fa:	4b02      	ldr	r3, [pc, #8]	; (10008104 <eui_setup_tracked+0x1a>)
100080fc:	2200      	movs	r2, #0
100080fe:	60da      	str	r2, [r3, #12]
10008100:	741a      	strb	r2, [r3, #16]
10008102:	4770      	bx	lr
10008104:	20001854 	.word	0x20001854

10008108 <eui_setup_identifier>:
10008108:	b570      	push	{r4, r5, r6, lr}
1000810a:	0006      	movs	r6, r0
1000810c:	000d      	movs	r5, r1
1000810e:	2800      	cmp	r0, #0
10008110:	d001      	beq.n	10008116 <eui_setup_identifier+0xe>
10008112:	2900      	cmp	r1, #0
10008114:	d10d      	bne.n	10008132 <eui_setup_identifier+0x2a>
10008116:	4b08      	ldr	r3, [pc, #32]	; (10008138 <eui_setup_identifier+0x30>)
10008118:	2200      	movs	r2, #0
1000811a:	825a      	strh	r2, [r3, #18]
1000811c:	bd70      	pop	{r4, r5, r6, pc}
1000811e:	4906      	ldr	r1, [pc, #24]	; (10008138 <eui_setup_identifier+0x30>)
10008120:	5d30      	ldrb	r0, [r6, r4]
10008122:	3112      	adds	r1, #18
10008124:	f000 f80a 	bl	1000813c <crc16>
10008128:	3401      	adds	r4, #1
1000812a:	b2e4      	uxtb	r4, r4
1000812c:	42ac      	cmp	r4, r5
1000812e:	d3f6      	bcc.n	1000811e <eui_setup_identifier+0x16>
10008130:	e7f4      	b.n	1000811c <eui_setup_identifier+0x14>
10008132:	2400      	movs	r4, #0
10008134:	e7fa      	b.n	1000812c <eui_setup_identifier+0x24>
10008136:	46c0      	nop			; (mov r8, r8)
10008138:	20001854 	.word	0x20001854

1000813c <crc16>:
1000813c:	880a      	ldrh	r2, [r1, #0]
1000813e:	0a13      	lsrs	r3, r2, #8
10008140:	0212      	lsls	r2, r2, #8
10008142:	4313      	orrs	r3, r2
10008144:	b29b      	uxth	r3, r3
10008146:	800b      	strh	r3, [r1, #0]
10008148:	4058      	eors	r0, r3
1000814a:	8008      	strh	r0, [r1, #0]
1000814c:	b2c3      	uxtb	r3, r0
1000814e:	091b      	lsrs	r3, r3, #4
10008150:	4058      	eors	r0, r3
10008152:	8008      	strh	r0, [r1, #0]
10008154:	0303      	lsls	r3, r0, #12
10008156:	4058      	eors	r0, r3
10008158:	b203      	sxth	r3, r0
1000815a:	b280      	uxth	r0, r0
1000815c:	8008      	strh	r0, [r1, #0]
1000815e:	0140      	lsls	r0, r0, #5
10008160:	22ff      	movs	r2, #255	; 0xff
10008162:	0152      	lsls	r2, r2, #5
10008164:	4010      	ands	r0, r2
10008166:	4058      	eors	r0, r3
10008168:	8008      	strh	r0, [r1, #0]
1000816a:	4770      	bx	lr

1000816c <validate_offset_range>:
1000816c:	b5f0      	push	{r4, r5, r6, r7, lr}
1000816e:	46ce      	mov	lr, r9
10008170:	b500      	push	{lr}
10008172:	000f      	movs	r7, r1
10008174:	001c      	movs	r4, r3
10008176:	2a0b      	cmp	r2, #11
10008178:	d809      	bhi.n	1000818e <validate_offset_range+0x22>
1000817a:	2a09      	cmp	r2, #9
1000817c:	d22e      	bcs.n	100081dc <validate_offset_range+0x70>
1000817e:	3a07      	subs	r2, #7
10008180:	b2d2      	uxtb	r2, r2
10008182:	2a01      	cmp	r2, #1
10008184:	d801      	bhi.n	1000818a <validate_offset_range+0x1e>
10008186:	2602      	movs	r6, #2
10008188:	e004      	b.n	10008194 <validate_offset_range+0x28>
1000818a:	2601      	movs	r6, #1
1000818c:	e002      	b.n	10008194 <validate_offset_range+0x28>
1000818e:	2a0c      	cmp	r2, #12
10008190:	d126      	bne.n	100081e0 <validate_offset_range+0x74>
10008192:	2608      	movs	r6, #8
10008194:	1e73      	subs	r3, r6, #1
10008196:	4699      	mov	r9, r3
10008198:	4448      	add	r0, r9
1000819a:	0031      	movs	r1, r6
1000819c:	f7f9 fe00 	bl	10001da0 <__wrap___aeabi_idiv>
100081a0:	b2b5      	uxth	r5, r6
100081a2:	4370      	muls	r0, r6
100081a4:	9b06      	ldr	r3, [sp, #24]
100081a6:	8018      	strh	r0, [r3, #0]
100081a8:	464b      	mov	r3, r9
100081aa:	18f8      	adds	r0, r7, r3
100081ac:	0031      	movs	r1, r6
100081ae:	f7f9 fdf7 	bl	10001da0 <__wrap___aeabi_idiv>
100081b2:	4368      	muls	r0, r5
100081b4:	9b07      	ldr	r3, [sp, #28]
100081b6:	8018      	strh	r0, [r3, #0]
100081b8:	42a7      	cmp	r7, r4
100081ba:	d801      	bhi.n	100081c0 <validate_offset_range+0x54>
100081bc:	2f00      	cmp	r7, #0
100081be:	d101      	bne.n	100081c4 <validate_offset_range+0x58>
100081c0:	9b07      	ldr	r3, [sp, #28]
100081c2:	801c      	strh	r4, [r3, #0]
100081c4:	9b06      	ldr	r3, [sp, #24]
100081c6:	881a      	ldrh	r2, [r3, #0]
100081c8:	9b07      	ldr	r3, [sp, #28]
100081ca:	881b      	ldrh	r3, [r3, #0]
100081cc:	429a      	cmp	r2, r3
100081ce:	d302      	bcc.n	100081d6 <validate_offset_range+0x6a>
100081d0:	1b5b      	subs	r3, r3, r5
100081d2:	9a06      	ldr	r2, [sp, #24]
100081d4:	8013      	strh	r3, [r2, #0]
100081d6:	bc80      	pop	{r7}
100081d8:	46b9      	mov	r9, r7
100081da:	bdf0      	pop	{r4, r5, r6, r7, pc}
100081dc:	2604      	movs	r6, #4
100081de:	e7d9      	b.n	10008194 <validate_offset_range+0x28>
100081e0:	2601      	movs	r6, #1
100081e2:	e7d7      	b.n	10008194 <validate_offset_range+0x28>

100081e4 <encode_header>:
100081e4:	2800      	cmp	r0, #0
100081e6:	d02f      	beq.n	10008248 <encode_header+0x64>
100081e8:	2900      	cmp	r1, #0
100081ea:	d02f      	beq.n	1000824c <encode_header+0x68>
100081ec:	8803      	ldrh	r3, [r0, #0]
100081ee:	059b      	lsls	r3, r3, #22
100081f0:	0d9b      	lsrs	r3, r3, #22
100081f2:	700b      	strb	r3, [r1, #0]
100081f4:	8803      	ldrh	r3, [r0, #0]
100081f6:	059b      	lsls	r3, r3, #22
100081f8:	0f9b      	lsrs	r3, r3, #30
100081fa:	784a      	ldrb	r2, [r1, #1]
100081fc:	4313      	orrs	r3, r2
100081fe:	704b      	strb	r3, [r1, #1]
10008200:	7842      	ldrb	r2, [r0, #1]
10008202:	0692      	lsls	r2, r2, #26
10008204:	0f12      	lsrs	r2, r2, #28
10008206:	0092      	lsls	r2, r2, #2
10008208:	4313      	orrs	r3, r2
1000820a:	704b      	strb	r3, [r1, #1]
1000820c:	7842      	ldrb	r2, [r0, #1]
1000820e:	0652      	lsls	r2, r2, #25
10008210:	0fd2      	lsrs	r2, r2, #31
10008212:	0192      	lsls	r2, r2, #6
10008214:	4313      	orrs	r3, r2
10008216:	704b      	strb	r3, [r1, #1]
10008218:	7842      	ldrb	r2, [r0, #1]
1000821a:	09d2      	lsrs	r2, r2, #7
1000821c:	01d2      	lsls	r2, r2, #7
1000821e:	4313      	orrs	r3, r2
10008220:	704b      	strb	r3, [r1, #1]
10008222:	7883      	ldrb	r3, [r0, #2]
10008224:	071b      	lsls	r3, r3, #28
10008226:	0f1b      	lsrs	r3, r3, #28
10008228:	788a      	ldrb	r2, [r1, #2]
1000822a:	4313      	orrs	r3, r2
1000822c:	708b      	strb	r3, [r1, #2]
1000822e:	7882      	ldrb	r2, [r0, #2]
10008230:	06d2      	lsls	r2, r2, #27
10008232:	0fd2      	lsrs	r2, r2, #31
10008234:	0112      	lsls	r2, r2, #4
10008236:	4313      	orrs	r3, r2
10008238:	708b      	strb	r3, [r1, #2]
1000823a:	7882      	ldrb	r2, [r0, #2]
1000823c:	0952      	lsrs	r2, r2, #5
1000823e:	0152      	lsls	r2, r2, #5
10008240:	4313      	orrs	r3, r2
10008242:	708b      	strb	r3, [r1, #2]
10008244:	2003      	movs	r0, #3
10008246:	4770      	bx	lr
10008248:	2000      	movs	r0, #0
1000824a:	e7fc      	b.n	10008246 <encode_header+0x62>
1000824c:	2000      	movs	r0, #0
1000824e:	e7fa      	b.n	10008246 <encode_header+0x62>

10008250 <encode_framing>:
10008250:	b570      	push	{r4, r5, r6, lr}
10008252:	2301      	movs	r3, #1
10008254:	2400      	movs	r4, #0
10008256:	e003      	b.n	10008260 <encode_framing+0x10>
10008258:	2aff      	cmp	r2, #255	; 0xff
1000825a:	d00e      	beq.n	1000827a <encode_framing+0x2a>
1000825c:	3301      	adds	r3, #1
1000825e:	b29b      	uxth	r3, r3
10008260:	428b      	cmp	r3, r1
10008262:	d21b      	bcs.n	1000829c <encode_framing+0x4c>
10008264:	b2da      	uxtb	r2, r3
10008266:	b2e5      	uxtb	r5, r4
10008268:	1b52      	subs	r2, r2, r5
1000826a:	b2d2      	uxtb	r2, r2
1000826c:	18c6      	adds	r6, r0, r3
1000826e:	5cc5      	ldrb	r5, [r0, r3]
10008270:	2d00      	cmp	r5, #0
10008272:	d1f1      	bne.n	10008258 <encode_framing+0x8>
10008274:	5502      	strb	r2, [r0, r4]
10008276:	001c      	movs	r4, r3
10008278:	e7f0      	b.n	1000825c <encode_framing+0xc>
1000827a:	5502      	strb	r2, [r0, r4]
1000827c:	3afe      	subs	r2, #254	; 0xfe
1000827e:	e006      	b.n	1000828e <encode_framing+0x3e>
10008280:	1a8c      	subs	r4, r1, r2
10008282:	1904      	adds	r4, r0, r4
10008284:	1e65      	subs	r5, r4, #1
10008286:	782d      	ldrb	r5, [r5, #0]
10008288:	7025      	strb	r5, [r4, #0]
1000828a:	3201      	adds	r2, #1
1000828c:	b292      	uxth	r2, r2
1000828e:	1acc      	subs	r4, r1, r3
10008290:	42a2      	cmp	r2, r4
10008292:	dbf5      	blt.n	10008280 <encode_framing+0x30>
10008294:	22ee      	movs	r2, #238	; 0xee
10008296:	7032      	strb	r2, [r6, #0]
10008298:	001c      	movs	r4, r3
1000829a:	e7df      	b.n	1000825c <encode_framing+0xc>
1000829c:	2300      	movs	r3, #0
1000829e:	7003      	strb	r3, [r0, #0]
100082a0:	2000      	movs	r0, #0
100082a2:	bd70      	pop	{r4, r5, r6, pc}

100082a4 <encode_packet>:
100082a4:	b5f0      	push	{r4, r5, r6, r7, lr}
100082a6:	b0ab      	sub	sp, #172	; 0xac
100082a8:	0006      	movs	r6, r0
100082aa:	000c      	movs	r4, r1
100082ac:	0015      	movs	r5, r2
100082ae:	466a      	mov	r2, sp
100082b0:	80d3      	strh	r3, [r2, #6]
100082b2:	2800      	cmp	r0, #0
100082b4:	d064      	beq.n	10008380 <encode_packet+0xdc>
100082b6:	2900      	cmp	r1, #0
100082b8:	d065      	beq.n	10008386 <encode_packet+0xe2>
100082ba:	2d00      	cmp	r5, #0
100082bc:	d065      	beq.n	1000838a <encode_packet+0xe6>
100082be:	9b30      	ldr	r3, [sp, #192]	; 0xc0
100082c0:	2b00      	cmp	r3, #0
100082c2:	d064      	beq.n	1000838e <encode_packet+0xea>
100082c4:	2300      	movs	r3, #0
100082c6:	9304      	str	r3, [sp, #16]
100082c8:	2291      	movs	r2, #145	; 0x91
100082ca:	2100      	movs	r1, #0
100082cc:	a805      	add	r0, sp, #20
100082ce:	f7fa fcb5 	bl	10002c3c <__wrap_memset>
100082d2:	2112      	movs	r1, #18
100082d4:	4469      	add	r1, sp
100082d6:	0020      	movs	r0, r4
100082d8:	f7ff ff84 	bl	100081e4 <encode_header>
100082dc:	b287      	uxth	r7, r0
100082de:	3702      	adds	r7, #2
100082e0:	b2bf      	uxth	r7, r7
100082e2:	ab04      	add	r3, sp, #16
100082e4:	19d8      	adds	r0, r3, r7
100082e6:	78a2      	ldrb	r2, [r4, #2]
100082e8:	0712      	lsls	r2, r2, #28
100082ea:	0f12      	lsrs	r2, r2, #28
100082ec:	0029      	movs	r1, r5
100082ee:	f7fa fcab 	bl	10002c48 <__wrap___aeabi_memcpy>
100082f2:	78a5      	ldrb	r5, [r4, #2]
100082f4:	072d      	lsls	r5, r5, #28
100082f6:	0f2d      	lsrs	r5, r5, #28
100082f8:	19ef      	adds	r7, r5, r7
100082fa:	b2bf      	uxth	r7, r7
100082fc:	2301      	movs	r3, #1
100082fe:	56e3      	ldrsb	r3, [r4, r3]
10008300:	2b00      	cmp	r3, #0
10008302:	db17      	blt.n	10008334 <encode_packet+0x90>
10008304:	ab04      	add	r3, sp, #16
10008306:	19d8      	adds	r0, r3, r7
10008308:	8822      	ldrh	r2, [r4, #0]
1000830a:	0592      	lsls	r2, r2, #22
1000830c:	0d92      	lsrs	r2, r2, #22
1000830e:	466b      	mov	r3, sp
10008310:	88d9      	ldrh	r1, [r3, #6]
10008312:	9b30      	ldr	r3, [sp, #192]	; 0xc0
10008314:	469c      	mov	ip, r3
10008316:	4461      	add	r1, ip
10008318:	f7fa fc96 	bl	10002c48 <__wrap___aeabi_memcpy>
1000831c:	8823      	ldrh	r3, [r4, #0]
1000831e:	059b      	lsls	r3, r3, #22
10008320:	0d9d      	lsrs	r5, r3, #22
10008322:	19ed      	adds	r5, r5, r7
10008324:	b2ad      	uxth	r5, r5
10008326:	230e      	movs	r3, #14
10008328:	446b      	add	r3, sp
1000832a:	2201      	movs	r2, #1
1000832c:	4252      	negs	r2, r2
1000832e:	801a      	strh	r2, [r3, #0]
10008330:	2402      	movs	r4, #2
10008332:	e011      	b.n	10008358 <encode_packet+0xb4>
10008334:	ab04      	add	r3, sp, #16
10008336:	19d8      	adds	r0, r3, r7
10008338:	2202      	movs	r2, #2
1000833a:	466b      	mov	r3, sp
1000833c:	1d99      	adds	r1, r3, #6
1000833e:	f7fa fc83 	bl	10002c48 <__wrap___aeabi_memcpy>
10008342:	3702      	adds	r7, #2
10008344:	b2bf      	uxth	r7, r7
10008346:	e7dd      	b.n	10008304 <encode_packet+0x60>
10008348:	ab04      	add	r3, sp, #16
1000834a:	5d18      	ldrb	r0, [r3, r4]
1000834c:	210e      	movs	r1, #14
1000834e:	4469      	add	r1, sp
10008350:	f7ff fef4 	bl	1000813c <crc16>
10008354:	3401      	adds	r4, #1
10008356:	b2a4      	uxth	r4, r4
10008358:	42ac      	cmp	r4, r5
1000835a:	d3f5      	bcc.n	10008348 <encode_packet+0xa4>
1000835c:	ab04      	add	r3, sp, #16
1000835e:	1958      	adds	r0, r3, r5
10008360:	2202      	movs	r2, #2
10008362:	210e      	movs	r1, #14
10008364:	4469      	add	r1, sp
10008366:	f7fa fc6f 	bl	10002c48 <__wrap___aeabi_memcpy>
1000836a:	3503      	adds	r5, #3
1000836c:	b2ad      	uxth	r5, r5
1000836e:	0029      	movs	r1, r5
10008370:	a804      	add	r0, sp, #16
10008372:	f7ff ff6d 	bl	10008250 <encode_framing>
10008376:	0029      	movs	r1, r5
10008378:	a804      	add	r0, sp, #16
1000837a:	47b0      	blx	r6
1000837c:	2000      	movs	r0, #0
1000837e:	e000      	b.n	10008382 <encode_packet+0xde>
10008380:	2001      	movs	r0, #1
10008382:	b02b      	add	sp, #172	; 0xac
10008384:	bdf0      	pop	{r4, r5, r6, r7, pc}
10008386:	2001      	movs	r0, #1
10008388:	e7fb      	b.n	10008382 <encode_packet+0xde>
1000838a:	2001      	movs	r0, #1
1000838c:	e7f9      	b.n	10008382 <encode_packet+0xde>
1000838e:	2001      	movs	r0, #1
10008390:	e7f7      	b.n	10008382 <encode_packet+0xde>

10008392 <encode_packet_simple>:
10008392:	b5f0      	push	{r4, r5, r6, r7, lr}
10008394:	46c6      	mov	lr, r8
10008396:	b500      	push	{lr}
10008398:	b084      	sub	sp, #16
1000839a:	4680      	mov	r8, r0
1000839c:	0016      	movs	r6, r2
1000839e:	001d      	movs	r5, r3
100083a0:	7809      	ldrb	r1, [r1, #0]
100083a2:	07c8      	lsls	r0, r1, #31
100083a4:	230d      	movs	r3, #13
100083a6:	446b      	add	r3, sp
100083a8:	0e40      	lsrs	r0, r0, #25
100083aa:	781a      	ldrb	r2, [r3, #0]
100083ac:	2440      	movs	r4, #64	; 0x40
100083ae:	43a2      	bics	r2, r4
100083b0:	4302      	orrs	r2, r0
100083b2:	701a      	strb	r2, [r3, #0]
100083b4:	078a      	lsls	r2, r1, #30
100083b6:	3c32      	subs	r4, #50	; 0x32
100083b8:	446c      	add	r4, sp
100083ba:	0fd2      	lsrs	r2, r2, #31
100083bc:	0110      	lsls	r0, r2, #4
100083be:	7822      	ldrb	r2, [r4, #0]
100083c0:	2710      	movs	r7, #16
100083c2:	43ba      	bics	r2, r7
100083c4:	4302      	orrs	r2, r0
100083c6:	7022      	strb	r2, [r4, #0]
100083c8:	0689      	lsls	r1, r1, #26
100083ca:	0f09      	lsrs	r1, r1, #28
100083cc:	0089      	lsls	r1, r1, #2
100083ce:	781a      	ldrb	r2, [r3, #0]
100083d0:	203c      	movs	r0, #60	; 0x3c
100083d2:	4382      	bics	r2, r0
100083d4:	4311      	orrs	r1, r2
100083d6:	7019      	strb	r1, [r3, #0]
100083d8:	7821      	ldrb	r1, [r4, #0]
100083da:	221f      	movs	r2, #31
100083dc:	400a      	ands	r2, r1
100083de:	7022      	strb	r2, [r4, #0]
100083e0:	7819      	ldrb	r1, [r3, #0]
100083e2:	227f      	movs	r2, #127	; 0x7f
100083e4:	400a      	ands	r2, r1
100083e6:	701a      	strb	r2, [r3, #0]
100083e8:	0030      	movs	r0, r6
100083ea:	f000 f965 	bl	100086b8 <strlen>
100083ee:	230f      	movs	r3, #15
100083f0:	4003      	ands	r3, r0
100083f2:	7820      	ldrb	r0, [r4, #0]
100083f4:	220f      	movs	r2, #15
100083f6:	4390      	bics	r0, r2
100083f8:	4318      	orrs	r0, r3
100083fa:	7020      	strb	r0, [r4, #0]
100083fc:	05ad      	lsls	r5, r5, #22
100083fe:	0dab      	lsrs	r3, r5, #22
10008400:	466a      	mov	r2, sp
10008402:	8992      	ldrh	r2, [r2, #12]
10008404:	0a92      	lsrs	r2, r2, #10
10008406:	0295      	lsls	r5, r2, #10
10008408:	431d      	orrs	r5, r3
1000840a:	466b      	mov	r3, sp
1000840c:	819d      	strh	r5, [r3, #12]
1000840e:	9b0a      	ldr	r3, [sp, #40]	; 0x28
10008410:	9300      	str	r3, [sp, #0]
10008412:	2300      	movs	r3, #0
10008414:	0032      	movs	r2, r6
10008416:	a903      	add	r1, sp, #12
10008418:	4640      	mov	r0, r8
1000841a:	f7ff ff43 	bl	100082a4 <encode_packet>
1000841e:	b004      	add	sp, #16
10008420:	bc80      	pop	{r7}
10008422:	46b8      	mov	r8, r7
10008424:	bdf0      	pop	{r4, r5, r6, r7, pc}

10008426 <parse_decoded_packet>:
10008426:	b530      	push	{r4, r5, lr}
10008428:	780b      	ldrb	r3, [r1, #0]
1000842a:	071b      	lsls	r3, r3, #28
1000842c:	0f1b      	lsrs	r3, r3, #28
1000842e:	2b09      	cmp	r3, #9
10008430:	d900      	bls.n	10008434 <parse_decoded_packet+0xe>
10008432:	e0e3      	b.n	100085fc <parse_decoded_packet+0x1d6>
10008434:	009b      	lsls	r3, r3, #2
10008436:	4a74      	ldr	r2, [pc, #464]	; (10008608 <parse_decoded_packet+0x1e2>)
10008438:	58d3      	ldr	r3, [r2, r3]
1000843a:	469f      	mov	pc, r3
1000843c:	780b      	ldrb	r3, [r1, #0]
1000843e:	220f      	movs	r2, #15
10008440:	4393      	bics	r3, r2
10008442:	2201      	movs	r2, #1
10008444:	4313      	orrs	r3, r2
10008446:	700b      	strb	r3, [r1, #0]
10008448:	2001      	movs	r0, #1
1000844a:	bd30      	pop	{r4, r5, pc}
1000844c:	888b      	ldrh	r3, [r1, #4]
1000844e:	0a9b      	lsrs	r3, r3, #10
10008450:	029b      	lsls	r3, r3, #10
10008452:	4318      	orrs	r0, r3
10008454:	8088      	strh	r0, [r1, #4]
10008456:	780b      	ldrb	r3, [r1, #0]
10008458:	220f      	movs	r2, #15
1000845a:	4393      	bics	r3, r2
1000845c:	2202      	movs	r2, #2
1000845e:	4313      	orrs	r3, r2
10008460:	700b      	strb	r3, [r1, #0]
10008462:	2001      	movs	r0, #1
10008464:	e7f1      	b.n	1000844a <parse_decoded_packet+0x24>
10008466:	0203      	lsls	r3, r0, #8
10008468:	22c0      	movs	r2, #192	; 0xc0
1000846a:	0092      	lsls	r2, r2, #2
1000846c:	4013      	ands	r3, r2
1000846e:	888a      	ldrh	r2, [r1, #4]
10008470:	0594      	lsls	r4, r2, #22
10008472:	0da4      	lsrs	r4, r4, #22
10008474:	4323      	orrs	r3, r4
10008476:	059b      	lsls	r3, r3, #22
10008478:	0d9b      	lsrs	r3, r3, #22
1000847a:	0a92      	lsrs	r2, r2, #10
1000847c:	0292      	lsls	r2, r2, #10
1000847e:	4313      	orrs	r3, r2
10008480:	808b      	strh	r3, [r1, #4]
10008482:	0882      	lsrs	r2, r0, #2
10008484:	230f      	movs	r3, #15
10008486:	401a      	ands	r2, r3
10008488:	0092      	lsls	r2, r2, #2
1000848a:	794b      	ldrb	r3, [r1, #5]
1000848c:	243c      	movs	r4, #60	; 0x3c
1000848e:	43a3      	bics	r3, r4
10008490:	4313      	orrs	r3, r2
10008492:	714b      	strb	r3, [r1, #5]
10008494:	0982      	lsrs	r2, r0, #6
10008496:	2301      	movs	r3, #1
10008498:	401a      	ands	r2, r3
1000849a:	0194      	lsls	r4, r2, #6
1000849c:	794a      	ldrb	r2, [r1, #5]
1000849e:	2540      	movs	r5, #64	; 0x40
100084a0:	43aa      	bics	r2, r5
100084a2:	4322      	orrs	r2, r4
100084a4:	714a      	strb	r2, [r1, #5]
100084a6:	09c0      	lsrs	r0, r0, #7
100084a8:	4003      	ands	r3, r0
100084aa:	01db      	lsls	r3, r3, #7
100084ac:	b2d2      	uxtb	r2, r2
100084ae:	207f      	movs	r0, #127	; 0x7f
100084b0:	4010      	ands	r0, r2
100084b2:	4303      	orrs	r3, r0
100084b4:	714b      	strb	r3, [r1, #5]
100084b6:	780b      	ldrb	r3, [r1, #0]
100084b8:	220f      	movs	r2, #15
100084ba:	4393      	bics	r3, r2
100084bc:	2203      	movs	r2, #3
100084be:	4313      	orrs	r3, r2
100084c0:	700b      	strb	r3, [r1, #0]
100084c2:	2001      	movs	r0, #1
100084c4:	e7c1      	b.n	1000844a <parse_decoded_packet+0x24>
100084c6:	240f      	movs	r4, #15
100084c8:	220f      	movs	r2, #15
100084ca:	4002      	ands	r2, r0
100084cc:	798b      	ldrb	r3, [r1, #6]
100084ce:	43a3      	bics	r3, r4
100084d0:	4313      	orrs	r3, r2
100084d2:	718b      	strb	r3, [r1, #6]
100084d4:	0902      	lsrs	r2, r0, #4
100084d6:	2301      	movs	r3, #1
100084d8:	401a      	ands	r2, r3
100084da:	0112      	lsls	r2, r2, #4
100084dc:	798b      	ldrb	r3, [r1, #6]
100084de:	2510      	movs	r5, #16
100084e0:	43ab      	bics	r3, r5
100084e2:	4313      	orrs	r3, r2
100084e4:	718b      	strb	r3, [r1, #6]
100084e6:	0940      	lsrs	r0, r0, #5
100084e8:	0143      	lsls	r3, r0, #5
100084ea:	798a      	ldrb	r2, [r1, #6]
100084ec:	201f      	movs	r0, #31
100084ee:	4010      	ands	r0, r2
100084f0:	4318      	orrs	r0, r3
100084f2:	7188      	strb	r0, [r1, #6]
100084f4:	780b      	ldrb	r3, [r1, #0]
100084f6:	43a3      	bics	r3, r4
100084f8:	2204      	movs	r2, #4
100084fa:	4313      	orrs	r3, r2
100084fc:	700b      	strb	r3, [r1, #0]
100084fe:	2001      	movs	r0, #1
10008500:	e7a3      	b.n	1000844a <parse_decoded_packet+0x24>
10008502:	780b      	ldrb	r3, [r1, #0]
10008504:	091b      	lsrs	r3, r3, #4
10008506:	18ca      	adds	r2, r1, r3
10008508:	7210      	strb	r0, [r2, #8]
1000850a:	3301      	adds	r3, #1
1000850c:	220f      	movs	r2, #15
1000850e:	4013      	ands	r3, r2
10008510:	0118      	lsls	r0, r3, #4
10008512:	780c      	ldrb	r4, [r1, #0]
10008514:	4022      	ands	r2, r4
10008516:	4302      	orrs	r2, r0
10008518:	700a      	strb	r2, [r1, #0]
1000851a:	798a      	ldrb	r2, [r1, #6]
1000851c:	0712      	lsls	r2, r2, #28
1000851e:	0f12      	lsrs	r2, r2, #28
10008520:	4293      	cmp	r3, r2
10008522:	d36d      	bcc.n	10008600 <parse_decoded_packet+0x1da>
10008524:	18cb      	adds	r3, r1, r3
10008526:	2200      	movs	r2, #0
10008528:	721a      	strb	r2, [r3, #8]
1000852a:	2305      	movs	r3, #5
1000852c:	56cb      	ldrsb	r3, [r1, r3]
1000852e:	2b00      	cmp	r3, #0
10008530:	db0a      	blt.n	10008548 <parse_decoded_packet+0x122>
10008532:	888b      	ldrh	r3, [r1, #4]
10008534:	059b      	lsls	r3, r3, #22
10008536:	d00f      	beq.n	10008558 <parse_decoded_packet+0x132>
10008538:	780b      	ldrb	r3, [r1, #0]
1000853a:	220f      	movs	r2, #15
1000853c:	4393      	bics	r3, r2
1000853e:	2207      	movs	r2, #7
10008540:	4313      	orrs	r3, r2
10008542:	700b      	strb	r3, [r1, #0]
10008544:	2001      	movs	r0, #1
10008546:	e780      	b.n	1000844a <parse_decoded_packet+0x24>
10008548:	780b      	ldrb	r3, [r1, #0]
1000854a:	320f      	adds	r2, #15
1000854c:	4393      	bics	r3, r2
1000854e:	2205      	movs	r2, #5
10008550:	4313      	orrs	r3, r2
10008552:	700b      	strb	r3, [r1, #0]
10008554:	2001      	movs	r0, #1
10008556:	e778      	b.n	1000844a <parse_decoded_packet+0x24>
10008558:	780b      	ldrb	r3, [r1, #0]
1000855a:	220f      	movs	r2, #15
1000855c:	4393      	bics	r3, r2
1000855e:	2208      	movs	r2, #8
10008560:	4313      	orrs	r3, r2
10008562:	700b      	strb	r3, [r1, #0]
10008564:	2001      	movs	r0, #1
10008566:	e770      	b.n	1000844a <parse_decoded_packet+0x24>
10008568:	8308      	strh	r0, [r1, #24]
1000856a:	780b      	ldrb	r3, [r1, #0]
1000856c:	220f      	movs	r2, #15
1000856e:	4393      	bics	r3, r2
10008570:	2206      	movs	r2, #6
10008572:	4313      	orrs	r3, r2
10008574:	700b      	strb	r3, [r1, #0]
10008576:	2001      	movs	r0, #1
10008578:	e767      	b.n	1000844a <parse_decoded_packet+0x24>
1000857a:	0200      	lsls	r0, r0, #8
1000857c:	8b0b      	ldrh	r3, [r1, #24]
1000857e:	4318      	orrs	r0, r3
10008580:	8308      	strh	r0, [r1, #24]
10008582:	780b      	ldrb	r3, [r1, #0]
10008584:	220f      	movs	r2, #15
10008586:	4393      	bics	r3, r2
10008588:	2207      	movs	r2, #7
1000858a:	4313      	orrs	r3, r2
1000858c:	700b      	strb	r3, [r1, #0]
1000858e:	2001      	movs	r0, #1
10008590:	e75b      	b.n	1000844a <parse_decoded_packet+0x24>
10008592:	680b      	ldr	r3, [r1, #0]
10008594:	039b      	lsls	r3, r3, #14
10008596:	0d9b      	lsrs	r3, r3, #22
10008598:	18ca      	adds	r2, r1, r3
1000859a:	7710      	strb	r0, [r2, #28]
1000859c:	3301      	adds	r3, #1
1000859e:	059b      	lsls	r3, r3, #22
100085a0:	0d9b      	lsrs	r3, r3, #22
100085a2:	704b      	strb	r3, [r1, #1]
100085a4:	0a18      	lsrs	r0, r3, #8
100085a6:	2403      	movs	r4, #3
100085a8:	4020      	ands	r0, r4
100085aa:	788a      	ldrb	r2, [r1, #2]
100085ac:	43a2      	bics	r2, r4
100085ae:	4302      	orrs	r2, r0
100085b0:	708a      	strb	r2, [r1, #2]
100085b2:	888a      	ldrh	r2, [r1, #4]
100085b4:	0592      	lsls	r2, r2, #22
100085b6:	0d92      	lsrs	r2, r2, #22
100085b8:	4293      	cmp	r3, r2
100085ba:	d201      	bcs.n	100085c0 <parse_decoded_packet+0x19a>
100085bc:	2b77      	cmp	r3, #119	; 0x77
100085be:	d921      	bls.n	10008604 <parse_decoded_packet+0x1de>
100085c0:	780b      	ldrb	r3, [r1, #0]
100085c2:	220f      	movs	r2, #15
100085c4:	4393      	bics	r3, r2
100085c6:	2208      	movs	r2, #8
100085c8:	4313      	orrs	r3, r2
100085ca:	700b      	strb	r3, [r1, #0]
100085cc:	2001      	movs	r0, #1
100085ce:	e73c      	b.n	1000844a <parse_decoded_packet+0x24>
100085d0:	7e8b      	ldrb	r3, [r1, #26]
100085d2:	4298      	cmp	r0, r3
100085d4:	d001      	beq.n	100085da <parse_decoded_packet+0x1b4>
100085d6:	2002      	movs	r0, #2
100085d8:	e737      	b.n	1000844a <parse_decoded_packet+0x24>
100085da:	780b      	ldrb	r3, [r1, #0]
100085dc:	220f      	movs	r2, #15
100085de:	4393      	bics	r3, r2
100085e0:	2209      	movs	r2, #9
100085e2:	4313      	orrs	r3, r2
100085e4:	700b      	strb	r3, [r1, #0]
100085e6:	2001      	movs	r0, #1
100085e8:	e72f      	b.n	1000844a <parse_decoded_packet+0x24>
100085ea:	b280      	uxth	r0, r0
100085ec:	8b4b      	ldrh	r3, [r1, #26]
100085ee:	0a1b      	lsrs	r3, r3, #8
100085f0:	4298      	cmp	r0, r3
100085f2:	d001      	beq.n	100085f8 <parse_decoded_packet+0x1d2>
100085f4:	2002      	movs	r0, #2
100085f6:	e728      	b.n	1000844a <parse_decoded_packet+0x24>
100085f8:	2000      	movs	r0, #0
100085fa:	e726      	b.n	1000844a <parse_decoded_packet+0x24>
100085fc:	2002      	movs	r0, #2
100085fe:	e724      	b.n	1000844a <parse_decoded_packet+0x24>
10008600:	2001      	movs	r0, #1
10008602:	e722      	b.n	1000844a <parse_decoded_packet+0x24>
10008604:	2001      	movs	r0, #1
10008606:	e720      	b.n	1000844a <parse_decoded_packet+0x24>
10008608:	1000a074 	.word	0x1000a074

1000860c <decode_packet>:
1000860c:	b570      	push	{r4, r5, r6, lr}
1000860e:	0005      	movs	r5, r0
10008610:	000c      	movs	r4, r1
10008612:	2800      	cmp	r0, #0
10008614:	d108      	bne.n	10008628 <decode_packet+0x1c>
10008616:	780b      	ldrb	r3, [r1, #0]
10008618:	220f      	movs	r2, #15
1000861a:	4393      	bics	r3, r2
1000861c:	700b      	strb	r3, [r1, #0]
1000861e:	2301      	movs	r3, #1
10008620:	425b      	negs	r3, r3
10008622:	834b      	strh	r3, [r1, #26]
10008624:	2001      	movs	r0, #1
10008626:	bd70      	pop	{r4, r5, r6, pc}
10008628:	78cb      	ldrb	r3, [r1, #3]
1000862a:	2b01      	cmp	r3, #1
1000862c:	d90e      	bls.n	1000864c <decode_packet+0x40>
1000862e:	3b01      	subs	r3, #1
10008630:	70cb      	strb	r3, [r1, #3]
10008632:	7823      	ldrb	r3, [r4, #0]
10008634:	071b      	lsls	r3, r3, #28
10008636:	0f1b      	lsrs	r3, r3, #28
10008638:	2b07      	cmp	r3, #7
1000863a:	d802      	bhi.n	10008642 <decode_packet+0x36>
1000863c:	7823      	ldrb	r3, [r4, #0]
1000863e:	071b      	lsls	r3, r3, #28
10008640:	d107      	bne.n	10008652 <decode_packet+0x46>
10008642:	0021      	movs	r1, r4
10008644:	0028      	movs	r0, r5
10008646:	f7ff feee 	bl	10008426 <parse_decoded_packet>
1000864a:	e7ec      	b.n	10008626 <decode_packet+0x1a>
1000864c:	70c8      	strb	r0, [r1, #3]
1000864e:	2500      	movs	r5, #0
10008650:	e7ef      	b.n	10008632 <decode_packet+0x26>
10008652:	0021      	movs	r1, r4
10008654:	311a      	adds	r1, #26
10008656:	0028      	movs	r0, r5
10008658:	f7ff fd70 	bl	1000813c <crc16>
1000865c:	e7f1      	b.n	10008642 <decode_packet+0x36>
1000865e:	46c0      	nop			; (mov r8, r8)

10008660 <free>:
10008660:	b510      	push	{r4, lr}
10008662:	4b03      	ldr	r3, [pc, #12]	; (10008670 <free+0x10>)
10008664:	0001      	movs	r1, r0
10008666:	6818      	ldr	r0, [r3, #0]
10008668:	f000 f8dc 	bl	10008824 <_free_r>
1000866c:	bd10      	pop	{r4, pc}
1000866e:	46c0      	nop			; (mov r8, r8)
10008670:	20000e60 	.word	0x20000e60

10008674 <__malloc_lock>:
10008674:	b510      	push	{r4, lr}
10008676:	4802      	ldr	r0, [pc, #8]	; (10008680 <__malloc_lock+0xc>)
10008678:	f000 f9b6 	bl	100089e8 <__retarget_lock_acquire_recursive>
1000867c:	bd10      	pop	{r4, pc}
1000867e:	46c0      	nop			; (mov r8, r8)
10008680:	2000186c 	.word	0x2000186c

10008684 <__malloc_unlock>:
10008684:	b510      	push	{r4, lr}
10008686:	4802      	ldr	r0, [pc, #8]	; (10008690 <__malloc_unlock+0xc>)
10008688:	f000 f9b0 	bl	100089ec <__retarget_lock_release_recursive>
1000868c:	bd10      	pop	{r4, pc}
1000868e:	46c0      	nop			; (mov r8, r8)
10008690:	2000186c 	.word	0x2000186c

10008694 <_sbrk_r>:
10008694:	2300      	movs	r3, #0
10008696:	b570      	push	{r4, r5, r6, lr}
10008698:	4d06      	ldr	r5, [pc, #24]	; (100086b4 <_sbrk_r+0x20>)
1000869a:	0004      	movs	r4, r0
1000869c:	0008      	movs	r0, r1
1000869e:	602b      	str	r3, [r5, #0]
100086a0:	f7fb fb7e 	bl	10003da0 <_sbrk>
100086a4:	1c43      	adds	r3, r0, #1
100086a6:	d000      	beq.n	100086aa <_sbrk_r+0x16>
100086a8:	bd70      	pop	{r4, r5, r6, pc}
100086aa:	682b      	ldr	r3, [r5, #0]
100086ac:	2b00      	cmp	r3, #0
100086ae:	d0fb      	beq.n	100086a8 <_sbrk_r+0x14>
100086b0:	6023      	str	r3, [r4, #0]
100086b2:	e7f9      	b.n	100086a8 <_sbrk_r+0x14>
100086b4:	20002120 	.word	0x20002120

100086b8 <strlen>:
100086b8:	b510      	push	{r4, lr}
100086ba:	0783      	lsls	r3, r0, #30
100086bc:	d00a      	beq.n	100086d4 <strlen+0x1c>
100086be:	0003      	movs	r3, r0
100086c0:	2103      	movs	r1, #3
100086c2:	e002      	b.n	100086ca <strlen+0x12>
100086c4:	3301      	adds	r3, #1
100086c6:	420b      	tst	r3, r1
100086c8:	d005      	beq.n	100086d6 <strlen+0x1e>
100086ca:	781a      	ldrb	r2, [r3, #0]
100086cc:	2a00      	cmp	r2, #0
100086ce:	d1f9      	bne.n	100086c4 <strlen+0xc>
100086d0:	1a18      	subs	r0, r3, r0
100086d2:	bd10      	pop	{r4, pc}
100086d4:	0003      	movs	r3, r0
100086d6:	6819      	ldr	r1, [r3, #0]
100086d8:	4a0c      	ldr	r2, [pc, #48]	; (1000870c <strlen+0x54>)
100086da:	4c0d      	ldr	r4, [pc, #52]	; (10008710 <strlen+0x58>)
100086dc:	188a      	adds	r2, r1, r2
100086de:	438a      	bics	r2, r1
100086e0:	4222      	tst	r2, r4
100086e2:	d10f      	bne.n	10008704 <strlen+0x4c>
100086e4:	6859      	ldr	r1, [r3, #4]
100086e6:	4a09      	ldr	r2, [pc, #36]	; (1000870c <strlen+0x54>)
100086e8:	3304      	adds	r3, #4
100086ea:	188a      	adds	r2, r1, r2
100086ec:	438a      	bics	r2, r1
100086ee:	4222      	tst	r2, r4
100086f0:	d108      	bne.n	10008704 <strlen+0x4c>
100086f2:	6859      	ldr	r1, [r3, #4]
100086f4:	4a05      	ldr	r2, [pc, #20]	; (1000870c <strlen+0x54>)
100086f6:	3304      	adds	r3, #4
100086f8:	188a      	adds	r2, r1, r2
100086fa:	438a      	bics	r2, r1
100086fc:	4222      	tst	r2, r4
100086fe:	d0f1      	beq.n	100086e4 <strlen+0x2c>
10008700:	e000      	b.n	10008704 <strlen+0x4c>
10008702:	3301      	adds	r3, #1
10008704:	781a      	ldrb	r2, [r3, #0]
10008706:	2a00      	cmp	r2, #0
10008708:	d1fb      	bne.n	10008702 <strlen+0x4a>
1000870a:	e7e1      	b.n	100086d0 <strlen+0x18>
1000870c:	fefefeff 	.word	0xfefefeff
10008710:	80808080 	.word	0x80808080

10008714 <strncmp>:
10008714:	b530      	push	{r4, r5, lr}
10008716:	2a00      	cmp	r2, #0
10008718:	d026      	beq.n	10008768 <strncmp+0x54>
1000871a:	0003      	movs	r3, r0
1000871c:	430b      	orrs	r3, r1
1000871e:	079b      	lsls	r3, r3, #30
10008720:	d124      	bne.n	1000876c <strncmp+0x58>
10008722:	2a03      	cmp	r2, #3
10008724:	d922      	bls.n	1000876c <strncmp+0x58>
10008726:	4d16      	ldr	r5, [pc, #88]	; (10008780 <strncmp+0x6c>)
10008728:	e00b      	b.n	10008742 <strncmp+0x2e>
1000872a:	3a04      	subs	r2, #4
1000872c:	2a00      	cmp	r2, #0
1000872e:	d01b      	beq.n	10008768 <strncmp+0x54>
10008730:	4c14      	ldr	r4, [pc, #80]	; (10008784 <strncmp+0x70>)
10008732:	191c      	adds	r4, r3, r4
10008734:	439c      	bics	r4, r3
10008736:	422c      	tst	r4, r5
10008738:	d116      	bne.n	10008768 <strncmp+0x54>
1000873a:	3004      	adds	r0, #4
1000873c:	3104      	adds	r1, #4
1000873e:	2a03      	cmp	r2, #3
10008740:	d914      	bls.n	1000876c <strncmp+0x58>
10008742:	6803      	ldr	r3, [r0, #0]
10008744:	680c      	ldr	r4, [r1, #0]
10008746:	42a3      	cmp	r3, r4
10008748:	d0ef      	beq.n	1000872a <strncmp+0x16>
1000874a:	7804      	ldrb	r4, [r0, #0]
1000874c:	780d      	ldrb	r5, [r1, #0]
1000874e:	42ac      	cmp	r4, r5
10008750:	d113      	bne.n	1000877a <strncmp+0x66>
10008752:	2301      	movs	r3, #1
10008754:	e006      	b.n	10008764 <strncmp+0x50>
10008756:	5cc4      	ldrb	r4, [r0, r3]
10008758:	5ccd      	ldrb	r5, [r1, r3]
1000875a:	42ac      	cmp	r4, r5
1000875c:	d10d      	bne.n	1000877a <strncmp+0x66>
1000875e:	3301      	adds	r3, #1
10008760:	4293      	cmp	r3, r2
10008762:	d001      	beq.n	10008768 <strncmp+0x54>
10008764:	2c00      	cmp	r4, #0
10008766:	d1f6      	bne.n	10008756 <strncmp+0x42>
10008768:	2000      	movs	r0, #0
1000876a:	bd30      	pop	{r4, r5, pc}
1000876c:	7804      	ldrb	r4, [r0, #0]
1000876e:	780d      	ldrb	r5, [r1, #0]
10008770:	42a5      	cmp	r5, r4
10008772:	d102      	bne.n	1000877a <strncmp+0x66>
10008774:	2a01      	cmp	r2, #1
10008776:	d1ec      	bne.n	10008752 <strncmp+0x3e>
10008778:	e7f6      	b.n	10008768 <strncmp+0x54>
1000877a:	1b60      	subs	r0, r4, r5
1000877c:	e7f5      	b.n	1000876a <strncmp+0x56>
1000877e:	46c0      	nop			; (mov r8, r8)
10008780:	80808080 	.word	0x80808080
10008784:	fefefeff 	.word	0xfefefeff

10008788 <_malloc_trim_r>:
10008788:	b5f8      	push	{r3, r4, r5, r6, r7, lr}
1000878a:	000c      	movs	r4, r1
1000878c:	0005      	movs	r5, r0
1000878e:	f7ff ff71 	bl	10008674 <__malloc_lock>
10008792:	4f20      	ldr	r7, [pc, #128]	; (10008814 <_malloc_trim_r+0x8c>)
10008794:	68bb      	ldr	r3, [r7, #8]
10008796:	685e      	ldr	r6, [r3, #4]
10008798:	2303      	movs	r3, #3
1000879a:	439e      	bics	r6, r3
1000879c:	4b1e      	ldr	r3, [pc, #120]	; (10008818 <_malloc_trim_r+0x90>)
1000879e:	1b34      	subs	r4, r6, r4
100087a0:	469c      	mov	ip, r3
100087a2:	4464      	add	r4, ip
100087a4:	0b24      	lsrs	r4, r4, #12
100087a6:	3c01      	subs	r4, #1
100087a8:	3311      	adds	r3, #17
100087aa:	0324      	lsls	r4, r4, #12
100087ac:	429c      	cmp	r4, r3
100087ae:	db07      	blt.n	100087c0 <_malloc_trim_r+0x38>
100087b0:	2100      	movs	r1, #0
100087b2:	0028      	movs	r0, r5
100087b4:	f7ff ff6e 	bl	10008694 <_sbrk_r>
100087b8:	68bb      	ldr	r3, [r7, #8]
100087ba:	199b      	adds	r3, r3, r6
100087bc:	4298      	cmp	r0, r3
100087be:	d004      	beq.n	100087ca <_malloc_trim_r+0x42>
100087c0:	0028      	movs	r0, r5
100087c2:	f7ff ff5f 	bl	10008684 <__malloc_unlock>
100087c6:	2000      	movs	r0, #0
100087c8:	bdf8      	pop	{r3, r4, r5, r6, r7, pc}
100087ca:	0028      	movs	r0, r5
100087cc:	4261      	negs	r1, r4
100087ce:	f7ff ff61 	bl	10008694 <_sbrk_r>
100087d2:	1c43      	adds	r3, r0, #1
100087d4:	d00d      	beq.n	100087f2 <_malloc_trim_r+0x6a>
100087d6:	2201      	movs	r2, #1
100087d8:	68bb      	ldr	r3, [r7, #8]
100087da:	1b36      	subs	r6, r6, r4
100087dc:	4316      	orrs	r6, r2
100087de:	605e      	str	r6, [r3, #4]
100087e0:	4b0e      	ldr	r3, [pc, #56]	; (1000881c <_malloc_trim_r+0x94>)
100087e2:	0028      	movs	r0, r5
100087e4:	681a      	ldr	r2, [r3, #0]
100087e6:	1b14      	subs	r4, r2, r4
100087e8:	601c      	str	r4, [r3, #0]
100087ea:	f7ff ff4b 	bl	10008684 <__malloc_unlock>
100087ee:	2001      	movs	r0, #1
100087f0:	e7ea      	b.n	100087c8 <_malloc_trim_r+0x40>
100087f2:	2100      	movs	r1, #0
100087f4:	0028      	movs	r0, r5
100087f6:	f7ff ff4d 	bl	10008694 <_sbrk_r>
100087fa:	68ba      	ldr	r2, [r7, #8]
100087fc:	1a83      	subs	r3, r0, r2
100087fe:	2b0f      	cmp	r3, #15
10008800:	ddde      	ble.n	100087c0 <_malloc_trim_r+0x38>
10008802:	4907      	ldr	r1, [pc, #28]	; (10008820 <_malloc_trim_r+0x98>)
10008804:	6809      	ldr	r1, [r1, #0]
10008806:	1a40      	subs	r0, r0, r1
10008808:	4904      	ldr	r1, [pc, #16]	; (1000881c <_malloc_trim_r+0x94>)
1000880a:	6008      	str	r0, [r1, #0]
1000880c:	2101      	movs	r1, #1
1000880e:	430b      	orrs	r3, r1
10008810:	6053      	str	r3, [r2, #4]
10008812:	e7d5      	b.n	100087c0 <_malloc_trim_r+0x38>
10008814:	20001290 	.word	0x20001290
10008818:	00000fef 	.word	0x00000fef
1000881c:	20001870 	.word	0x20001870
10008820:	20001698 	.word	0x20001698

10008824 <_free_r>:
10008824:	b5f0      	push	{r4, r5, r6, r7, lr}
10008826:	46c6      	mov	lr, r8
10008828:	0005      	movs	r5, r0
1000882a:	000c      	movs	r4, r1
1000882c:	b500      	push	{lr}
1000882e:	2900      	cmp	r1, #0
10008830:	d04f      	beq.n	100088d2 <_free_r+0xae>
10008832:	f7ff ff1f 	bl	10008674 <__malloc_lock>
10008836:	0021      	movs	r1, r4
10008838:	3908      	subs	r1, #8
1000883a:	684c      	ldr	r4, [r1, #4]
1000883c:	2601      	movs	r6, #1
1000883e:	0022      	movs	r2, r4
10008840:	2003      	movs	r0, #3
10008842:	43b2      	bics	r2, r6
10008844:	188f      	adds	r7, r1, r2
10008846:	687b      	ldr	r3, [r7, #4]
10008848:	4383      	bics	r3, r0
1000884a:	4862      	ldr	r0, [pc, #392]	; (100089d4 <_free_r+0x1b0>)
1000884c:	4698      	mov	r8, r3
1000884e:	6883      	ldr	r3, [r0, #8]
10008850:	42bb      	cmp	r3, r7
10008852:	d06a      	beq.n	1000892a <_free_r+0x106>
10008854:	4643      	mov	r3, r8
10008856:	607b      	str	r3, [r7, #4]
10008858:	4226      	tst	r6, r4
1000885a:	d11e      	bne.n	1000889a <_free_r+0x76>
1000885c:	2308      	movs	r3, #8
1000885e:	469c      	mov	ip, r3
10008860:	680c      	ldr	r4, [r1, #0]
10008862:	4484      	add	ip, r0
10008864:	1b09      	subs	r1, r1, r4
10008866:	1912      	adds	r2, r2, r4
10008868:	688c      	ldr	r4, [r1, #8]
1000886a:	4564      	cmp	r4, ip
1000886c:	d04f      	beq.n	1000890e <_free_r+0xea>
1000886e:	68cb      	ldr	r3, [r1, #12]
10008870:	60e3      	str	r3, [r4, #12]
10008872:	609c      	str	r4, [r3, #8]
10008874:	4643      	mov	r3, r8
10008876:	18fc      	adds	r4, r7, r3
10008878:	6864      	ldr	r4, [r4, #4]
1000887a:	4234      	tst	r4, r6
1000887c:	d111      	bne.n	100088a2 <_free_r+0x7e>
1000887e:	68bb      	ldr	r3, [r7, #8]
10008880:	4c55      	ldr	r4, [pc, #340]	; (100089d8 <_free_r+0x1b4>)
10008882:	4442      	add	r2, r8
10008884:	42a3      	cmp	r3, r4
10008886:	d100      	bne.n	1000888a <_free_r+0x66>
10008888:	e07e      	b.n	10008988 <_free_r+0x164>
1000888a:	68fc      	ldr	r4, [r7, #12]
1000888c:	60dc      	str	r4, [r3, #12]
1000888e:	60a3      	str	r3, [r4, #8]
10008890:	2301      	movs	r3, #1
10008892:	4313      	orrs	r3, r2
10008894:	604b      	str	r3, [r1, #4]
10008896:	508a      	str	r2, [r1, r2]
10008898:	e006      	b.n	100088a8 <_free_r+0x84>
1000889a:	18fc      	adds	r4, r7, r3
1000889c:	6864      	ldr	r4, [r4, #4]
1000889e:	4234      	tst	r4, r6
100088a0:	d0ed      	beq.n	1000887e <_free_r+0x5a>
100088a2:	4316      	orrs	r6, r2
100088a4:	604e      	str	r6, [r1, #4]
100088a6:	603a      	str	r2, [r7, #0]
100088a8:	2380      	movs	r3, #128	; 0x80
100088aa:	009b      	lsls	r3, r3, #2
100088ac:	429a      	cmp	r2, r3
100088ae:	d213      	bcs.n	100088d8 <_free_r+0xb4>
100088b0:	0954      	lsrs	r4, r2, #5
100088b2:	08d3      	lsrs	r3, r2, #3
100088b4:	2201      	movs	r2, #1
100088b6:	40a2      	lsls	r2, r4
100088b8:	6844      	ldr	r4, [r0, #4]
100088ba:	00db      	lsls	r3, r3, #3
100088bc:	4322      	orrs	r2, r4
100088be:	6042      	str	r2, [r0, #4]
100088c0:	1818      	adds	r0, r3, r0
100088c2:	6883      	ldr	r3, [r0, #8]
100088c4:	60c8      	str	r0, [r1, #12]
100088c6:	608b      	str	r3, [r1, #8]
100088c8:	6081      	str	r1, [r0, #8]
100088ca:	60d9      	str	r1, [r3, #12]
100088cc:	0028      	movs	r0, r5
100088ce:	f7ff fed9 	bl	10008684 <__malloc_unlock>
100088d2:	bc80      	pop	{r7}
100088d4:	46b8      	mov	r8, r7
100088d6:	bdf0      	pop	{r4, r5, r6, r7, pc}
100088d8:	0a53      	lsrs	r3, r2, #9
100088da:	2b04      	cmp	r3, #4
100088dc:	d83e      	bhi.n	1000895c <_free_r+0x138>
100088de:	0994      	lsrs	r4, r2, #6
100088e0:	0026      	movs	r6, r4
100088e2:	3439      	adds	r4, #57	; 0x39
100088e4:	3638      	adds	r6, #56	; 0x38
100088e6:	00e4      	lsls	r4, r4, #3
100088e8:	1904      	adds	r4, r0, r4
100088ea:	6823      	ldr	r3, [r4, #0]
100088ec:	3c08      	subs	r4, #8
100088ee:	2703      	movs	r7, #3
100088f0:	429c      	cmp	r4, r3
100088f2:	d042      	beq.n	1000897a <_free_r+0x156>
100088f4:	6858      	ldr	r0, [r3, #4]
100088f6:	43b8      	bics	r0, r7
100088f8:	4290      	cmp	r0, r2
100088fa:	d902      	bls.n	10008902 <_free_r+0xde>
100088fc:	689b      	ldr	r3, [r3, #8]
100088fe:	429c      	cmp	r4, r3
10008900:	d1f8      	bne.n	100088f4 <_free_r+0xd0>
10008902:	68dc      	ldr	r4, [r3, #12]
10008904:	60cc      	str	r4, [r1, #12]
10008906:	608b      	str	r3, [r1, #8]
10008908:	60a1      	str	r1, [r4, #8]
1000890a:	60d9      	str	r1, [r3, #12]
1000890c:	e7de      	b.n	100088cc <_free_r+0xa8>
1000890e:	4643      	mov	r3, r8
10008910:	18f8      	adds	r0, r7, r3
10008912:	6840      	ldr	r0, [r0, #4]
10008914:	4230      	tst	r0, r6
10008916:	d157      	bne.n	100089c8 <_free_r+0x1a4>
10008918:	68fb      	ldr	r3, [r7, #12]
1000891a:	68b8      	ldr	r0, [r7, #8]
1000891c:	4442      	add	r2, r8
1000891e:	4316      	orrs	r6, r2
10008920:	60c3      	str	r3, [r0, #12]
10008922:	6098      	str	r0, [r3, #8]
10008924:	604e      	str	r6, [r1, #4]
10008926:	508a      	str	r2, [r1, r2]
10008928:	e7d0      	b.n	100088cc <_free_r+0xa8>
1000892a:	0013      	movs	r3, r2
1000892c:	4443      	add	r3, r8
1000892e:	4226      	tst	r6, r4
10008930:	d106      	bne.n	10008940 <_free_r+0x11c>
10008932:	680a      	ldr	r2, [r1, #0]
10008934:	1a89      	subs	r1, r1, r2
10008936:	688c      	ldr	r4, [r1, #8]
10008938:	189b      	adds	r3, r3, r2
1000893a:	68ca      	ldr	r2, [r1, #12]
1000893c:	60e2      	str	r2, [r4, #12]
1000893e:	6094      	str	r4, [r2, #8]
10008940:	2201      	movs	r2, #1
10008942:	431a      	orrs	r2, r3
10008944:	604a      	str	r2, [r1, #4]
10008946:	4a25      	ldr	r2, [pc, #148]	; (100089dc <_free_r+0x1b8>)
10008948:	6081      	str	r1, [r0, #8]
1000894a:	6812      	ldr	r2, [r2, #0]
1000894c:	429a      	cmp	r2, r3
1000894e:	d8bd      	bhi.n	100088cc <_free_r+0xa8>
10008950:	4b23      	ldr	r3, [pc, #140]	; (100089e0 <_free_r+0x1bc>)
10008952:	0028      	movs	r0, r5
10008954:	6819      	ldr	r1, [r3, #0]
10008956:	f7ff ff17 	bl	10008788 <_malloc_trim_r>
1000895a:	e7b7      	b.n	100088cc <_free_r+0xa8>
1000895c:	2b14      	cmp	r3, #20
1000895e:	d907      	bls.n	10008970 <_free_r+0x14c>
10008960:	2b54      	cmp	r3, #84	; 0x54
10008962:	d81a      	bhi.n	1000899a <_free_r+0x176>
10008964:	0b14      	lsrs	r4, r2, #12
10008966:	0026      	movs	r6, r4
10008968:	346f      	adds	r4, #111	; 0x6f
1000896a:	366e      	adds	r6, #110	; 0x6e
1000896c:	00e4      	lsls	r4, r4, #3
1000896e:	e7bb      	b.n	100088e8 <_free_r+0xc4>
10008970:	001e      	movs	r6, r3
10008972:	335c      	adds	r3, #92	; 0x5c
10008974:	365b      	adds	r6, #91	; 0x5b
10008976:	00dc      	lsls	r4, r3, #3
10008978:	e7b6      	b.n	100088e8 <_free_r+0xc4>
1000897a:	2201      	movs	r2, #1
1000897c:	10b6      	asrs	r6, r6, #2
1000897e:	40b2      	lsls	r2, r6
10008980:	6846      	ldr	r6, [r0, #4]
10008982:	4332      	orrs	r2, r6
10008984:	6042      	str	r2, [r0, #4]
10008986:	e7bd      	b.n	10008904 <_free_r+0xe0>
10008988:	60d9      	str	r1, [r3, #12]
1000898a:	6099      	str	r1, [r3, #8]
1000898c:	60cb      	str	r3, [r1, #12]
1000898e:	608b      	str	r3, [r1, #8]
10008990:	2301      	movs	r3, #1
10008992:	4313      	orrs	r3, r2
10008994:	604b      	str	r3, [r1, #4]
10008996:	508a      	str	r2, [r1, r2]
10008998:	e798      	b.n	100088cc <_free_r+0xa8>
1000899a:	24aa      	movs	r4, #170	; 0xaa
1000899c:	0064      	lsls	r4, r4, #1
1000899e:	42a3      	cmp	r3, r4
100089a0:	d805      	bhi.n	100089ae <_free_r+0x18a>
100089a2:	0bd4      	lsrs	r4, r2, #15
100089a4:	0026      	movs	r6, r4
100089a6:	3478      	adds	r4, #120	; 0x78
100089a8:	3677      	adds	r6, #119	; 0x77
100089aa:	00e4      	lsls	r4, r4, #3
100089ac:	e79c      	b.n	100088e8 <_free_r+0xc4>
100089ae:	4c0d      	ldr	r4, [pc, #52]	; (100089e4 <_free_r+0x1c0>)
100089b0:	42a3      	cmp	r3, r4
100089b2:	d805      	bhi.n	100089c0 <_free_r+0x19c>
100089b4:	0c94      	lsrs	r4, r2, #18
100089b6:	0026      	movs	r6, r4
100089b8:	347d      	adds	r4, #125	; 0x7d
100089ba:	367c      	adds	r6, #124	; 0x7c
100089bc:	00e4      	lsls	r4, r4, #3
100089be:	e793      	b.n	100088e8 <_free_r+0xc4>
100089c0:	24fe      	movs	r4, #254	; 0xfe
100089c2:	267e      	movs	r6, #126	; 0x7e
100089c4:	00a4      	lsls	r4, r4, #2
100089c6:	e78f      	b.n	100088e8 <_free_r+0xc4>
100089c8:	0033      	movs	r3, r6
100089ca:	4313      	orrs	r3, r2
100089cc:	604b      	str	r3, [r1, #4]
100089ce:	603a      	str	r2, [r7, #0]
100089d0:	e77c      	b.n	100088cc <_free_r+0xa8>
100089d2:	46c0      	nop			; (mov r8, r8)
100089d4:	20001290 	.word	0x20001290
100089d8:	20001298 	.word	0x20001298
100089dc:	2000169c 	.word	0x2000169c
100089e0:	20001898 	.word	0x20001898
100089e4:	00000554 	.word	0x00000554

100089e8 <__retarget_lock_acquire_recursive>:
100089e8:	4770      	bx	lr
100089ea:	46c0      	nop			; (mov r8, r8)

100089ec <__retarget_lock_release_recursive>:
100089ec:	4770      	bx	lr
100089ee:	46c0      	nop			; (mov r8, r8)

100089f0 <_fini>:
100089f0:	b5f8      	push	{r3, r4, r5, r6, r7, lr}
100089f2:	46c0      	nop			; (mov r8, r8)
100089f4:	0000      	movs	r0, r0
	...

100089f8 <__flash_do_cmd_veneer>:
100089f8:	b401      	push	{r0}
100089fa:	4802      	ldr	r0, [pc, #8]	; (10008a04 <__flash_do_cmd_veneer+0xc>)
100089fc:	4684      	mov	ip, r0
100089fe:	bc01      	pop	{r0}
10008a00:	4760      	bx	ip
10008a02:	bf00      	nop
10008a04:	20000301 	.word	0x20000301

10008a08 <__mutex_exit_veneer>:
10008a08:	b401      	push	{r0}
10008a0a:	4802      	ldr	r0, [pc, #8]	; (10008a14 <__mutex_exit_veneer+0xc>)
10008a0c:	4684      	mov	ip, r0
10008a0e:	bc01      	pop	{r0}
10008a10:	4760      	bx	ip
10008a12:	bf00      	nop
10008a14:	2000024d 	.word	0x2000024d

10008a18 <____aeabi_ldiv0_veneer>:
10008a18:	b401      	push	{r0}
10008a1a:	4802      	ldr	r0, [pc, #8]	; (10008a24 <____aeabi_ldiv0_veneer+0xc>)
10008a1c:	4684      	mov	ip, r0
10008a1e:	bc01      	pop	{r0}
10008a20:	4760      	bx	ip
10008a22:	bf00      	nop
10008a24:	20000bcd 	.word	0x20000bcd

10008a28 <____aeabi_idiv0_veneer>:
10008a28:	b401      	push	{r0}
10008a2a:	4802      	ldr	r0, [pc, #8]	; (10008a34 <____aeabi_idiv0_veneer+0xc>)
10008a2c:	4684      	mov	ip, r0
10008a2e:	bc01      	pop	{r0}
10008a30:	4760      	bx	ip
10008a32:	bf00      	nop
10008a34:	20000bcd 	.word	0x20000bcd

10008a38 <__mutex_try_enter_veneer>:
10008a38:	b401      	push	{r0}
10008a3a:	4802      	ldr	r0, [pc, #8]	; (10008a44 <__mutex_try_enter_veneer+0xc>)
10008a3c:	4684      	mov	ip, r0
10008a3e:	bc01      	pop	{r0}
10008a40:	4760      	bx	ip
10008a42:	bf00      	nop
10008a44:	20000109 	.word	0x20000109

10008a48 <__mutex_enter_timeout_ms_veneer>:
10008a48:	b401      	push	{r0}
10008a4a:	4802      	ldr	r0, [pc, #8]	; (10008a54 <__mutex_enter_timeout_ms_veneer+0xc>)
10008a4c:	4684      	mov	ip, r0
10008a4e:	bc01      	pop	{r0}
10008a50:	4760      	bx	ip
10008a52:	bf00      	nop
10008a54:	20000211 	.word	0x20000211

10008a58 <__spi_write_read_blocking_veneer>:
10008a58:	b401      	push	{r0}
10008a5a:	4802      	ldr	r0, [pc, #8]	; (10008a64 <__spi_write_read_blocking_veneer+0xc>)
10008a5c:	4684      	mov	ip, r0
10008a5e:	bc01      	pop	{r0}
10008a60:	4760      	bx	ip
10008a62:	bf00      	nop
10008a64:	20000b89 	.word	0x20000b89

10008a68 <__mutex_try_enter_block_until_veneer>:
10008a68:	b401      	push	{r0}
10008a6a:	4802      	ldr	r0, [pc, #8]	; (10008a74 <__mutex_try_enter_block_until_veneer+0xc>)
10008a6c:	4684      	mov	ip, r0
10008a6e:	bc01      	pop	{r0}
10008a70:	4760      	bx	ip
10008a72:	bf00      	nop
10008a74:	200001dd 	.word	0x200001dd

10008a78 <__hw_endpoint_start_next_buffer_veneer>:
10008a78:	b401      	push	{r0}
10008a7a:	4802      	ldr	r0, [pc, #8]	; (10008a84 <__hw_endpoint_start_next_buffer_veneer+0xc>)
10008a7c:	4684      	mov	ip, r0
10008a7e:	bc01      	pop	{r0}
10008a80:	4760      	bx	ip
10008a82:	bf00      	nop
10008a84:	200008b1 	.word	0x200008b1

10008a88 <__e15_is_bulkin_ep_veneer>:
10008a88:	b401      	push	{r0}
10008a8a:	4802      	ldr	r0, [pc, #8]	; (10008a94 <__e15_is_bulkin_ep_veneer+0xc>)
10008a8c:	4684      	mov	ip, r0
10008a8e:	bc01      	pop	{r0}
10008a90:	4760      	bx	ip
10008a92:	bf00      	nop
10008a94:	20000759 	.word	0x20000759

10008a98 <__hw_endpoint_reset_transfer_veneer>:
10008a98:	b401      	push	{r0}
10008a9a:	4802      	ldr	r0, [pc, #8]	; (10008aa4 <__hw_endpoint_reset_transfer_veneer+0xc>)
10008a9c:	4684      	mov	ip, r0
10008a9e:	bc01      	pop	{r0}
10008aa0:	4760      	bx	ip
10008aa2:	bf00      	nop
10008aa4:	20000859 	.word	0x20000859

10008aa8 <___hw_endpoint_buffer_control_update32_veneer>:
10008aa8:	b401      	push	{r0}
10008aaa:	4802      	ldr	r0, [pc, #8]	; (10008ab4 <___hw_endpoint_buffer_control_update32_veneer+0xc>)
10008aac:	4684      	mov	ip, r0
10008aae:	bc01      	pop	{r0}
10008ab0:	4760      	bx	ip
10008ab2:	bf00      	nop
10008ab4:	20000865 	.word	0x20000865

10008ab8 <__mutex_enter_blocking_veneer>:
10008ab8:	b401      	push	{r0}
10008aba:	4802      	ldr	r0, [pc, #8]	; (10008ac4 <__mutex_enter_blocking_veneer+0xc>)
10008abc:	4684      	mov	ip, r0
10008abe:	bc01      	pop	{r0}
10008ac0:	4760      	bx	ip
10008ac2:	bf00      	nop
10008ac4:	200000c1 	.word	0x200000c1

10008ac8 <__e15_is_critical_frame_period_veneer>:
10008ac8:	b401      	push	{r0}
10008aca:	4802      	ldr	r0, [pc, #8]	; (10008ad4 <__e15_is_critical_frame_period_veneer+0xc>)
10008acc:	4684      	mov	ip, r0
10008ace:	bc01      	pop	{r0}
10008ad0:	4760      	bx	ip
10008ad2:	bf00      	nop
10008ad4:	20000785 	.word	0x20000785

10008ad8 <__reset_non_control_endpoints_veneer>:
10008ad8:	b401      	push	{r0}
10008ada:	4802      	ldr	r0, [pc, #8]	; (10008ae4 <__reset_non_control_endpoints_veneer+0xc>)
10008adc:	4684      	mov	ip, r0
10008ade:	bc01      	pop	{r0}
10008ae0:	4760      	bx	ip
10008ae2:	bf00      	nop
10008ae4:	200003d9 	.word	0x200003d9

10008ae8 <__pre_init_runtime_init_early_resets>:
10008ae8:	10001bfd                                ....

10008aec <__pre_init_runtime_init_usb_power_down>:
10008aec:	10001c29 10001d91 10002c2d 10002435     ).......-,..5$..
10008afc:	10002aad                                .*..

10008b00 <__pre_init_runtime_init_clocks>:
10008b00:	10001cc5                                ....

10008b04 <__pre_init_runtime_init_post_clock_resets>:
10008b04:	10001c45                                E...

10008b08 <__pre_init_runtime_init_rp2040_gpio_ie_disable>:
10008b08:	10001c65                                e...

10008b0c <__pre_init_runtime_init_spin_locks_reset>:
10008b0c:	10001c79                                y...

10008b10 <__pre_init_runtime_init_mutex>:
10008b10:	10000dd1                                ....

10008b14 <__pre_init_runtime_init_install_ram_vector_table>:
10008b14:	10001c81                                ....

10008b18 <__pre_init_runtime_init_default_alarm_pool>:
10008b18:	100015b1                                ....

10008b1c <__pre_init_first_per_core_initializer>:
10008b1c:	10001bd9                                ....

10008b20 <__pre_init_runtime_init_per_core_irq_priorities>:
10008b20:	100006fd                                ....

10008b24 <__frame_dummy_init_array_entry>:
10008b24:	100002b1 100004e9 100048e1              .........H..

Disassembly of section .data:

200000c0 <mutex_enter_blocking>:
200000c0:	b510      	push	{r4, lr}
200000c2:	23d0      	movs	r3, #208	; 0xd0
200000c4:	061b      	lsls	r3, r3, #24
200000c6:	2400      	movs	r4, #0
200000c8:	571c      	ldrsb	r4, [r3, r4]
200000ca:	6802      	ldr	r2, [r0, #0]
200000cc:	f3ef 8110 	mrs	r1, PRIMASK
200000d0:	b672      	cpsid	i
200000d2:	6813      	ldr	r3, [r2, #0]
200000d4:	2b00      	cmp	r3, #0
200000d6:	d0fc      	beq.n	200000d2 <mutex_enter_blocking+0x12>
200000d8:	f3bf 8f5f 	dmb	sy
200000dc:	2304      	movs	r3, #4
200000de:	56c3      	ldrsb	r3, [r0, r3]
200000e0:	2b00      	cmp	r3, #0
200000e2:	db08      	blt.n	200000f6 <mutex_enter_blocking+0x36>
200000e4:	6803      	ldr	r3, [r0, #0]
200000e6:	f3bf 8f5f 	dmb	sy
200000ea:	2200      	movs	r2, #0
200000ec:	601a      	str	r2, [r3, #0]
200000ee:	f381 8810 	msr	PRIMASK, r1
200000f2:	bf20      	wfe
200000f4:	e7e9      	b.n	200000ca <mutex_enter_blocking+0xa>
200000f6:	7104      	strb	r4, [r0, #4]
200000f8:	6803      	ldr	r3, [r0, #0]
200000fa:	f3bf 8f5f 	dmb	sy
200000fe:	2200      	movs	r2, #0
20000100:	601a      	str	r2, [r3, #0]
20000102:	f381 8810 	msr	PRIMASK, r1
20000106:	bd10      	pop	{r4, pc}

20000108 <mutex_try_enter>:
20000108:	0003      	movs	r3, r0
2000010a:	6800      	ldr	r0, [r0, #0]
2000010c:	f3ef 8c10 	mrs	ip, PRIMASK
20000110:	b672      	cpsid	i
20000112:	6802      	ldr	r2, [r0, #0]
20000114:	2a00      	cmp	r2, #0
20000116:	d0fc      	beq.n	20000112 <mutex_try_enter+0xa>
20000118:	f3bf 8f5f 	dmb	sy
2000011c:	2204      	movs	r2, #4
2000011e:	569a      	ldrsb	r2, [r3, r2]
20000120:	2a00      	cmp	r2, #0
20000122:	db0b      	blt.n	2000013c <mutex_try_enter+0x34>
20000124:	2900      	cmp	r1, #0
20000126:	d010      	beq.n	2000014a <mutex_try_enter+0x42>
20000128:	600a      	str	r2, [r1, #0]
2000012a:	2000      	movs	r0, #0
2000012c:	681b      	ldr	r3, [r3, #0]
2000012e:	f3bf 8f5f 	dmb	sy
20000132:	2200      	movs	r2, #0
20000134:	601a      	str	r2, [r3, #0]
20000136:	f38c 8810 	msr	PRIMASK, ip
2000013a:	4770      	bx	lr
2000013c:	22d0      	movs	r2, #208	; 0xd0
2000013e:	0612      	lsls	r2, r2, #24
20000140:	7812      	ldrb	r2, [r2, #0]
20000142:	b252      	sxtb	r2, r2
20000144:	711a      	strb	r2, [r3, #4]
20000146:	2001      	movs	r0, #1
20000148:	e7f0      	b.n	2000012c <mutex_try_enter+0x24>
2000014a:	2000      	movs	r0, #0
2000014c:	e7ee      	b.n	2000012c <mutex_try_enter+0x24>
	...

20000150 <mutex_enter_block_until>:
20000150:	b5f8      	push	{r3, r4, r5, r6, r7, lr}
20000152:	46ce      	mov	lr, r9
20000154:	4647      	mov	r7, r8
20000156:	b580      	push	{r7, lr}
20000158:	0004      	movs	r4, r0
2000015a:	0017      	movs	r7, r2
2000015c:	4698      	mov	r8, r3
2000015e:	6803      	ldr	r3, [r0, #0]
20000160:	2b00      	cmp	r3, #0
20000162:	d020      	beq.n	200001a6 <mutex_enter_block_until+0x56>
20000164:	23d0      	movs	r3, #208	; 0xd0
20000166:	061b      	lsls	r3, r3, #24
20000168:	781b      	ldrb	r3, [r3, #0]
2000016a:	b25b      	sxtb	r3, r3
2000016c:	4699      	mov	r9, r3
2000016e:	6826      	ldr	r6, [r4, #0]
20000170:	f3ef 8c10 	mrs	ip, PRIMASK
20000174:	b672      	cpsid	i
20000176:	6835      	ldr	r5, [r6, #0]
20000178:	2d00      	cmp	r5, #0
2000017a:	d0fc      	beq.n	20000176 <mutex_enter_block_until+0x26>
2000017c:	f3bf 8f5f 	dmb	sy
20000180:	2504      	movs	r5, #4
20000182:	5765      	ldrsb	r5, [r4, r5]
20000184:	2d00      	cmp	r5, #0
20000186:	db14      	blt.n	200001b2 <mutex_enter_block_until+0x62>
20000188:	6823      	ldr	r3, [r4, #0]
2000018a:	f3bf 8f5f 	dmb	sy
2000018e:	2200      	movs	r2, #0
20000190:	601a      	str	r2, [r3, #0]
20000192:	f38c 8810 	msr	PRIMASK, ip
20000196:	0038      	movs	r0, r7
20000198:	4641      	mov	r1, r8
2000019a:	f000 fd61 	bl	20000c60 <__best_effort_wfe_or_timeout_veneer>
2000019e:	2800      	cmp	r0, #0
200001a0:	d0e5      	beq.n	2000016e <mutex_enter_block_until+0x1e>
200001a2:	2000      	movs	r0, #0
200001a4:	e00f      	b.n	200001c6 <mutex_enter_block_until+0x76>
200001a6:	4b0a      	ldr	r3, [pc, #40]	; (200001d0 <mutex_enter_block_until+0x80>)
200001a8:	4a0a      	ldr	r2, [pc, #40]	; (200001d4 <mutex_enter_block_until+0x84>)
200001aa:	21a6      	movs	r1, #166	; 0xa6
200001ac:	480a      	ldr	r0, [pc, #40]	; (200001d8 <mutex_enter_block_until+0x88>)
200001ae:	f000 fd1f 	bl	20000bf0 <____assert_func_veneer>
200001b2:	464b      	mov	r3, r9
200001b4:	7123      	strb	r3, [r4, #4]
200001b6:	6823      	ldr	r3, [r4, #0]
200001b8:	f3bf 8f5f 	dmb	sy
200001bc:	2200      	movs	r2, #0
200001be:	601a      	str	r2, [r3, #0]
200001c0:	f38c 8810 	msr	PRIMASK, ip
200001c4:	2001      	movs	r0, #1
200001c6:	bcc0      	pop	{r6, r7}
200001c8:	46b9      	mov	r9, r7
200001ca:	46b0      	mov	r8, r6
200001cc:	bdf8      	pop	{r3, r4, r5, r6, r7, pc}
200001ce:	46c0      	nop			; (mov r8, r8)
200001d0:	10008f6c 	.word	0x10008f6c
200001d4:	10008fc4 	.word	0x10008fc4
200001d8:	10008f34 	.word	0x10008f34

200001dc <mutex_try_enter_block_until>:
200001dc:	b570      	push	{r4, r5, r6, lr}
200001de:	b082      	sub	sp, #8
200001e0:	0006      	movs	r6, r0
200001e2:	0015      	movs	r5, r2
200001e4:	001c      	movs	r4, r3
200001e6:	a901      	add	r1, sp, #4
200001e8:	f7ff ff8e 	bl	20000108 <mutex_try_enter>
200001ec:	2800      	cmp	r0, #0
200001ee:	d107      	bne.n	20000200 <mutex_try_enter_block_until+0x24>
200001f0:	9b01      	ldr	r3, [sp, #4]
200001f2:	b25b      	sxtb	r3, r3
200001f4:	22d0      	movs	r2, #208	; 0xd0
200001f6:	0612      	lsls	r2, r2, #24
200001f8:	7812      	ldrb	r2, [r2, #0]
200001fa:	b252      	sxtb	r2, r2
200001fc:	4293      	cmp	r3, r2
200001fe:	d101      	bne.n	20000204 <mutex_try_enter_block_until+0x28>
20000200:	b002      	add	sp, #8
20000202:	bd70      	pop	{r4, r5, r6, pc}
20000204:	002a      	movs	r2, r5
20000206:	0023      	movs	r3, r4
20000208:	0030      	movs	r0, r6
2000020a:	f7ff ffa1 	bl	20000150 <mutex_enter_block_until>
2000020e:	e7f7      	b.n	20000200 <mutex_try_enter_block_until+0x24>

20000210 <mutex_enter_timeout_ms>:
20000210:	b5f8      	push	{r3, r4, r5, r6, r7, lr}
20000212:	0006      	movs	r6, r0
20000214:	000f      	movs	r7, r1
20000216:	f000 fcf3 	bl	20000c00 <__time_us_64_veneer>
2000021a:	0004      	movs	r4, r0
2000021c:	000d      	movs	r5, r1
2000021e:	22fa      	movs	r2, #250	; 0xfa
20000220:	0092      	lsls	r2, r2, #2
20000222:	2300      	movs	r3, #0
20000224:	0038      	movs	r0, r7
20000226:	2100      	movs	r1, #0
20000228:	f000 fcd2 	bl	20000bd0 <____wrap___aeabi_lmul_veneer>
2000022c:	0022      	movs	r2, r4
2000022e:	002b      	movs	r3, r5
20000230:	1812      	adds	r2, r2, r0
20000232:	414b      	adcs	r3, r1
20000234:	2b00      	cmp	r3, #0
20000236:	db03      	blt.n	20000240 <mutex_enter_timeout_ms+0x30>
20000238:	0030      	movs	r0, r6
2000023a:	f7ff ff89 	bl	20000150 <mutex_enter_block_until>
2000023e:	bdf8      	pop	{r3, r4, r5, r6, r7, pc}
20000240:	2201      	movs	r2, #1
20000242:	4252      	negs	r2, r2
20000244:	4b00      	ldr	r3, [pc, #0]	; (20000248 <mutex_enter_timeout_ms+0x38>)
20000246:	e7f7      	b.n	20000238 <mutex_enter_timeout_ms+0x28>
20000248:	7fffffff 	.word	0x7fffffff

2000024c <mutex_exit>:
2000024c:	b510      	push	{r4, lr}
2000024e:	6802      	ldr	r2, [r0, #0]
20000250:	f3ef 8110 	mrs	r1, PRIMASK
20000254:	b672      	cpsid	i
20000256:	6813      	ldr	r3, [r2, #0]
20000258:	2b00      	cmp	r3, #0
2000025a:	d0fc      	beq.n	20000256 <mutex_exit+0xa>
2000025c:	f3bf 8f5f 	dmb	sy
20000260:	2304      	movs	r3, #4
20000262:	56c3      	ldrsb	r3, [r0, r3]
20000264:	2b00      	cmp	r3, #0
20000266:	db0a      	blt.n	2000027e <mutex_exit+0x32>
20000268:	23ff      	movs	r3, #255	; 0xff
2000026a:	7103      	strb	r3, [r0, #4]
2000026c:	6803      	ldr	r3, [r0, #0]
2000026e:	f3bf 8f5f 	dmb	sy
20000272:	2200      	movs	r2, #0
20000274:	601a      	str	r2, [r3, #0]
20000276:	f381 8810 	msr	PRIMASK, r1
2000027a:	bf40      	sev
2000027c:	bd10      	pop	{r4, pc}
2000027e:	4b03      	ldr	r3, [pc, #12]	; (2000028c <mutex_exit+0x40>)
20000280:	4a03      	ldr	r2, [pc, #12]	; (20000290 <mutex_exit+0x44>)
20000282:	21d5      	movs	r1, #213	; 0xd5
20000284:	4803      	ldr	r0, [pc, #12]	; (20000294 <mutex_exit+0x48>)
20000286:	f000 fcb3 	bl	20000bf0 <____assert_func_veneer>
2000028a:	46c0      	nop			; (mov r8, r8)
2000028c:	10008f80 	.word	0x10008f80
20000290:	10008fb8 	.word	0x10008fb8
20000294:	10008f34 	.word	0x10008f34

20000298 <flash_init_boot2_copyout>:
20000298:	4b09      	ldr	r3, [pc, #36]	; (200002c0 <flash_init_boot2_copyout+0x28>)
2000029a:	781b      	ldrb	r3, [r3, #0]
2000029c:	2b00      	cmp	r3, #0
2000029e:	d008      	beq.n	200002b2 <flash_init_boot2_copyout+0x1a>
200002a0:	e00c      	b.n	200002bc <flash_init_boot2_copyout+0x24>
200002a2:	009a      	lsls	r2, r3, #2
200002a4:	2180      	movs	r1, #128	; 0x80
200002a6:	0549      	lsls	r1, r1, #21
200002a8:	1851      	adds	r1, r2, r1
200002aa:	6808      	ldr	r0, [r1, #0]
200002ac:	4905      	ldr	r1, [pc, #20]	; (200002c4 <flash_init_boot2_copyout+0x2c>)
200002ae:	5050      	str	r0, [r2, r1]
200002b0:	3301      	adds	r3, #1
200002b2:	2b3f      	cmp	r3, #63	; 0x3f
200002b4:	ddf5      	ble.n	200002a2 <flash_init_boot2_copyout+0xa>
200002b6:	4b02      	ldr	r3, [pc, #8]	; (200002c0 <flash_init_boot2_copyout+0x28>)
200002b8:	2201      	movs	r2, #1
200002ba:	701a      	strb	r2, [r3, #0]
200002bc:	4770      	bx	lr
200002be:	46c0      	nop			; (mov r8, r8)
200002c0:	20002808 	.word	0x20002808
200002c4:	20001fb0 	.word	0x20001fb0

200002c8 <flash_enable_xip_via_boot2>:
200002c8:	b510      	push	{r4, lr}
200002ca:	4b02      	ldr	r3, [pc, #8]	; (200002d4 <flash_enable_xip_via_boot2+0xc>)
200002cc:	3301      	adds	r3, #1
200002ce:	4798      	blx	r3
200002d0:	bd10      	pop	{r4, pc}
200002d2:	46c0      	nop			; (mov r8, r8)
200002d4:	20001fb0 	.word	0x20001fb0

200002d8 <flash_cs_force>:
200002d8:	2800      	cmp	r0, #0
200002da:	d00a      	beq.n	200002f2 <flash_cs_force+0x1a>
200002dc:	2303      	movs	r3, #3
200002de:	021b      	lsls	r3, r3, #8
200002e0:	4a05      	ldr	r2, [pc, #20]	; (200002f8 <flash_cs_force+0x20>)
200002e2:	6812      	ldr	r2, [r2, #0]
200002e4:	4053      	eors	r3, r2
200002e6:	22c0      	movs	r2, #192	; 0xc0
200002e8:	0092      	lsls	r2, r2, #2
200002ea:	4013      	ands	r3, r2
200002ec:	4a03      	ldr	r2, [pc, #12]	; (200002fc <flash_cs_force+0x24>)
200002ee:	6013      	str	r3, [r2, #0]
200002f0:	4770      	bx	lr
200002f2:	2302      	movs	r3, #2
200002f4:	e7f3      	b.n	200002de <flash_cs_force+0x6>
200002f6:	46c0      	nop			; (mov r8, r8)
200002f8:	4001800c 	.word	0x4001800c
200002fc:	4001900c 	.word	0x4001900c

20000300 <flash_do_cmd>:
20000300:	b5f0      	push	{r4, r5, r6, r7, lr}
20000302:	46d6      	mov	lr, sl
20000304:	464f      	mov	r7, r9
20000306:	4646      	mov	r6, r8
20000308:	b5c0      	push	{r6, r7, lr}
2000030a:	0007      	movs	r7, r0
2000030c:	000e      	movs	r6, r1
2000030e:	0015      	movs	r5, r2
20000310:	2318      	movs	r3, #24
20000312:	469a      	mov	sl, r3
20000314:	881b      	ldrh	r3, [r3, #0]
20000316:	2214      	movs	r2, #20
20000318:	4690      	mov	r8, r2
2000031a:	8810      	ldrh	r0, [r2, #0]
2000031c:	4928      	ldr	r1, [pc, #160]	; (200003c0 <flash_do_cmd+0xc0>)
2000031e:	4798      	blx	r3
20000320:	4681      	mov	r9, r0
20000322:	4653      	mov	r3, sl
20000324:	881b      	ldrh	r3, [r3, #0]
20000326:	4642      	mov	r2, r8
20000328:	8810      	ldrh	r0, [r2, #0]
2000032a:	4926      	ldr	r1, [pc, #152]	; (200003c4 <flash_do_cmd+0xc4>)
2000032c:	4798      	blx	r3
2000032e:	0004      	movs	r4, r0
20000330:	4653      	mov	r3, sl
20000332:	881b      	ldrh	r3, [r3, #0]
20000334:	4642      	mov	r2, r8
20000336:	8810      	ldrh	r0, [r2, #0]
20000338:	4923      	ldr	r1, [pc, #140]	; (200003c8 <flash_do_cmd+0xc8>)
2000033a:	4798      	blx	r3
2000033c:	4680      	mov	r8, r0
2000033e:	464b      	mov	r3, r9
20000340:	2b00      	cmp	r3, #0
20000342:	d00c      	beq.n	2000035e <flash_do_cmd+0x5e>
20000344:	2c00      	cmp	r4, #0
20000346:	d00a      	beq.n	2000035e <flash_do_cmd+0x5e>
20000348:	2800      	cmp	r0, #0
2000034a:	d008      	beq.n	2000035e <flash_do_cmd+0x5e>
2000034c:	f7ff ffa4 	bl	20000298 <flash_init_boot2_copyout>
20000350:	47c8      	blx	r9
20000352:	47a0      	blx	r4
20000354:	2000      	movs	r0, #0
20000356:	f7ff ffbf 	bl	200002d8 <flash_cs_force>
2000035a:	002a      	movs	r2, r5
2000035c:	e00f      	b.n	2000037e <flash_do_cmd+0x7e>
2000035e:	4b1b      	ldr	r3, [pc, #108]	; (200003cc <flash_do_cmd+0xcc>)
20000360:	4a1b      	ldr	r2, [pc, #108]	; (200003d0 <flash_do_cmd+0xd0>)
20000362:	21d1      	movs	r1, #209	; 0xd1
20000364:	481b      	ldr	r0, [pc, #108]	; (200003d4 <flash_do_cmd+0xd4>)
20000366:	f000 fc43 	bl	20000bf0 <____assert_func_veneer>
2000036a:	2b00      	cmp	r3, #0
2000036c:	d007      	beq.n	2000037e <flash_do_cmd+0x7e>
2000036e:	2a00      	cmp	r2, #0
20000370:	d005      	beq.n	2000037e <flash_do_cmd+0x7e>
20000372:	23c0      	movs	r3, #192	; 0xc0
20000374:	055b      	lsls	r3, r3, #21
20000376:	6e1b      	ldr	r3, [r3, #96]	; 0x60
20000378:	7033      	strb	r3, [r6, #0]
2000037a:	3a01      	subs	r2, #1
2000037c:	3601      	adds	r6, #1
2000037e:	002b      	movs	r3, r5
20000380:	4313      	orrs	r3, r2
20000382:	d012      	beq.n	200003aa <flash_do_cmd+0xaa>
20000384:	23c0      	movs	r3, #192	; 0xc0
20000386:	055b      	lsls	r3, r3, #21
20000388:	6a9c      	ldr	r4, [r3, #40]	; 0x28
2000038a:	2308      	movs	r3, #8
2000038c:	4023      	ands	r3, r4
2000038e:	07a1      	lsls	r1, r4, #30
20000390:	d5eb      	bpl.n	2000036a <flash_do_cmd+0x6a>
20000392:	2d00      	cmp	r5, #0
20000394:	d0e9      	beq.n	2000036a <flash_do_cmd+0x6a>
20000396:	1b51      	subs	r1, r2, r5
20000398:	290d      	cmp	r1, #13
2000039a:	d8e6      	bhi.n	2000036a <flash_do_cmd+0x6a>
2000039c:	7838      	ldrb	r0, [r7, #0]
2000039e:	21c0      	movs	r1, #192	; 0xc0
200003a0:	0549      	lsls	r1, r1, #21
200003a2:	6608      	str	r0, [r1, #96]	; 0x60
200003a4:	3d01      	subs	r5, #1
200003a6:	3701      	adds	r7, #1
200003a8:	e7df      	b.n	2000036a <flash_do_cmd+0x6a>
200003aa:	2001      	movs	r0, #1
200003ac:	f7ff ff94 	bl	200002d8 <flash_cs_force>
200003b0:	47c0      	blx	r8
200003b2:	f7ff ff89 	bl	200002c8 <flash_enable_xip_via_boot2>
200003b6:	bce0      	pop	{r5, r6, r7}
200003b8:	46ba      	mov	sl, r7
200003ba:	46b1      	mov	r9, r6
200003bc:	46a8      	mov	r8, r5
200003be:	bdf0      	pop	{r4, r5, r6, r7, pc}
200003c0:	00004649 	.word	0x00004649
200003c4:	00005845 	.word	0x00005845
200003c8:	00004346 	.word	0x00004346
200003cc:	10009a5c 	.word	0x10009a5c
200003d0:	10009aac 	.word	0x10009aac
200003d4:	10009950 	.word	0x10009950

200003d8 <reset_non_control_endpoints>:
200003d8:	b510      	push	{r4, lr}
200003da:	2300      	movs	r3, #0
200003dc:	e008      	b.n	200003f0 <reset_non_control_endpoints+0x18>
200003de:	3301      	adds	r3, #1
200003e0:	00da      	lsls	r2, r3, #3
200003e2:	2100      	movs	r1, #0
200003e4:	4808      	ldr	r0, [pc, #32]	; (20000408 <reset_non_control_endpoints+0x30>)
200003e6:	5011      	str	r1, [r2, r0]
200003e8:	4684      	mov	ip, r0
200003ea:	4462      	add	r2, ip
200003ec:	6051      	str	r1, [r2, #4]
200003ee:	b2db      	uxtb	r3, r3
200003f0:	2b0e      	cmp	r3, #14
200003f2:	d9f4      	bls.n	200003de <reset_non_control_endpoints+0x6>
200003f4:	22f0      	movs	r2, #240	; 0xf0
200003f6:	0092      	lsls	r2, r2, #2
200003f8:	2100      	movs	r1, #0
200003fa:	4804      	ldr	r0, [pc, #16]	; (2000040c <reset_non_control_endpoints+0x34>)
200003fc:	f000 fbf0 	bl	20000be0 <____wrap_memset_veneer>
20000400:	4b03      	ldr	r3, [pc, #12]	; (20000410 <reset_non_control_endpoints+0x38>)
20000402:	4a04      	ldr	r2, [pc, #16]	; (20000414 <reset_non_control_endpoints+0x3c>)
20000404:	601a      	str	r2, [r3, #0]
20000406:	bd10      	pop	{r4, pc}
20000408:	50100000 	.word	0x50100000
2000040c:	2000216c 	.word	0x2000216c
20000410:	20002538 	.word	0x20002538
20000414:	50100180 	.word	0x50100180

20000418 <hw_handle_buff_status>:
20000418:	b5f0      	push	{r4, r5, r6, r7, lr}
2000041a:	46ce      	mov	lr, r9
2000041c:	4647      	mov	r7, r8
2000041e:	b580      	push	{r7, lr}
20000420:	b085      	sub	sp, #20
20000422:	4b23      	ldr	r3, [pc, #140]	; (200004b0 <hw_handle_buff_status+0x98>)
20000424:	6d9f      	ldr	r7, [r3, #88]	; 0x58
20000426:	2400      	movs	r4, #0
20000428:	2601      	movs	r6, #1
2000042a:	e003      	b.n	20000434 <hw_handle_buff_status+0x1c>
2000042c:	43b7      	bics	r7, r6
2000042e:	0076      	lsls	r6, r6, #1
20000430:	3401      	adds	r4, #1
20000432:	b2e4      	uxtb	r4, r4
20000434:	2f00      	cmp	r7, #0
20000436:	d036      	beq.n	200004a6 <hw_handle_buff_status+0x8e>
20000438:	2c1f      	cmp	r4, #31
2000043a:	d834      	bhi.n	200004a6 <hw_handle_buff_status+0x8e>
2000043c:	423e      	tst	r6, r7
2000043e:	d0f6      	beq.n	2000042e <hw_handle_buff_status+0x16>
20000440:	4b1c      	ldr	r3, [pc, #112]	; (200004b4 <hw_handle_buff_status+0x9c>)
20000442:	659e      	str	r6, [r3, #88]	; 0x58
20000444:	0863      	lsrs	r3, r4, #1
20000446:	4699      	mov	r9, r3
20000448:	2301      	movs	r3, #1
2000044a:	4063      	eors	r3, r4
2000044c:	2201      	movs	r2, #1
2000044e:	401a      	ands	r2, r3
20000450:	4690      	mov	r8, r2
20000452:	464b      	mov	r3, r9
20000454:	005d      	lsls	r5, r3, #1
20000456:	4445      	add	r5, r8
20000458:	016d      	lsls	r5, r5, #5
2000045a:	4b17      	ldr	r3, [pc, #92]	; (200004b8 <hw_handle_buff_status+0xa0>)
2000045c:	18ed      	adds	r5, r5, r3
2000045e:	0028      	movs	r0, r5
20000460:	f000 fa6a 	bl	20000938 <hw_endpoint_xfer_continue>
20000464:	2800      	cmp	r0, #0
20000466:	d0e1      	beq.n	2000042c <hw_handle_buff_status+0x14>
20000468:	464b      	mov	r3, r9
2000046a:	005b      	lsls	r3, r3, #1
2000046c:	4443      	add	r3, r8
2000046e:	015b      	lsls	r3, r3, #5
20000470:	4a11      	ldr	r2, [pc, #68]	; (200004b8 <hw_handle_buff_status+0xa0>)
20000472:	18d3      	adds	r3, r2, r3
20000474:	789a      	ldrb	r2, [r3, #2]
20000476:	4691      	mov	r9, r2
20000478:	8adb      	ldrh	r3, [r3, #22]
2000047a:	4698      	mov	r8, r3
2000047c:	220c      	movs	r2, #12
2000047e:	2100      	movs	r1, #0
20000480:	a801      	add	r0, sp, #4
20000482:	f000 fbad 	bl	20000be0 <____wrap_memset_veneer>
20000486:	2307      	movs	r3, #7
20000488:	466a      	mov	r2, sp
2000048a:	7153      	strb	r3, [r2, #5]
2000048c:	466b      	mov	r3, sp
2000048e:	464a      	mov	r2, r9
20000490:	721a      	strb	r2, [r3, #8]
20000492:	4643      	mov	r3, r8
20000494:	9303      	str	r3, [sp, #12]
20000496:	2101      	movs	r1, #1
20000498:	a801      	add	r0, sp, #4
2000049a:	f000 fa6d 	bl	20000978 <dcd_event_handler>
2000049e:	0028      	movs	r0, r5
200004a0:	f000 f9da 	bl	20000858 <hw_endpoint_reset_transfer>
200004a4:	e7c2      	b.n	2000042c <hw_handle_buff_status+0x14>
200004a6:	b005      	add	sp, #20
200004a8:	bcc0      	pop	{r6, r7}
200004aa:	46b9      	mov	r9, r7
200004ac:	46b0      	mov	r8, r6
200004ae:	bdf0      	pop	{r4, r5, r6, r7, pc}
200004b0:	50110000 	.word	0x50110000
200004b4:	50113000 	.word	0x50113000
200004b8:	2000212c 	.word	0x2000212c

200004bc <dcd_rp2040_irq>:
200004bc:	b5f0      	push	{r4, r5, r6, r7, lr}
200004be:	46ce      	mov	lr, r9
200004c0:	4647      	mov	r7, r8
200004c2:	b580      	push	{r7, lr}
200004c4:	b085      	sub	sp, #20
200004c6:	4a7f      	ldr	r2, [pc, #508]	; (200006c4 <dcd_rp2040_irq+0x208>)
200004c8:	2398      	movs	r3, #152	; 0x98
200004ca:	58d5      	ldr	r5, [r2, r3]
200004cc:	2380      	movs	r3, #128	; 0x80
200004ce:	029b      	lsls	r3, r3, #10
200004d0:	002f      	movs	r7, r5
200004d2:	401f      	ands	r7, r3
200004d4:	421d      	tst	r5, r3
200004d6:	d048      	beq.n	2000056a <dcd_rp2040_irq+0xae>
200004d8:	4b7b      	ldr	r3, [pc, #492]	; (200006c8 <dcd_rp2040_irq+0x20c>)
200004da:	6a9a      	ldr	r2, [r3, #40]	; 0x28
200004dc:	4b7b      	ldr	r3, [pc, #492]	; (200006cc <dcd_rp2040_irq+0x210>)
200004de:	601a      	str	r2, [r3, #0]
200004e0:	2400      	movs	r4, #0
200004e2:	2600      	movs	r6, #0
200004e4:	e009      	b.n	200004fa <dcd_rp2040_irq+0x3e>
200004e6:	4b7a      	ldr	r3, [pc, #488]	; (200006d0 <dcd_rp2040_irq+0x214>)
200004e8:	1899      	adds	r1, r3, r2
200004ea:	313c      	adds	r1, #60	; 0x3c
200004ec:	2300      	movs	r3, #0
200004ee:	700b      	strb	r3, [r1, #0]
200004f0:	f000 f9de 	bl	200008b0 <hw_endpoint_start_next_buffer>
200004f4:	003e      	movs	r6, r7
200004f6:	3401      	adds	r4, #1
200004f8:	b2e4      	uxtb	r4, r4
200004fa:	2c0f      	cmp	r4, #15
200004fc:	d817      	bhi.n	2000052e <dcd_rp2040_irq+0x72>
200004fe:	01a2      	lsls	r2, r4, #6
20000500:	0010      	movs	r0, r2
20000502:	3020      	adds	r0, #32
20000504:	4b72      	ldr	r3, [pc, #456]	; (200006d0 <dcd_rp2040_irq+0x214>)
20000506:	18c0      	adds	r0, r0, r3
20000508:	189b      	adds	r3, r3, r2
2000050a:	333b      	adds	r3, #59	; 0x3b
2000050c:	781b      	ldrb	r3, [r3, #0]
2000050e:	2b02      	cmp	r3, #2
20000510:	d1f1      	bne.n	200004f6 <dcd_rp2040_irq+0x3a>
20000512:	4b6f      	ldr	r3, [pc, #444]	; (200006d0 <dcd_rp2040_irq+0x214>)
20000514:	189b      	adds	r3, r3, r2
20000516:	333a      	adds	r3, #58	; 0x3a
20000518:	781f      	ldrb	r7, [r3, #0]
2000051a:	2f00      	cmp	r7, #0
2000051c:	d0eb      	beq.n	200004f6 <dcd_rp2040_irq+0x3a>
2000051e:	4b6c      	ldr	r3, [pc, #432]	; (200006d0 <dcd_rp2040_irq+0x214>)
20000520:	189b      	adds	r3, r3, r2
20000522:	333c      	adds	r3, #60	; 0x3c
20000524:	781b      	ldrb	r3, [r3, #0]
20000526:	2b00      	cmp	r3, #0
20000528:	d1dd      	bne.n	200004e6 <dcd_rp2040_irq+0x2a>
2000052a:	003e      	movs	r6, r7
2000052c:	e7e3      	b.n	200004f6 <dcd_rp2040_irq+0x3a>
2000052e:	2e00      	cmp	r6, #0
20000530:	d108      	bne.n	20000544 <dcd_rp2040_irq+0x88>
20000532:	4b68      	ldr	r3, [pc, #416]	; (200006d4 <dcd_rp2040_irq+0x218>)
20000534:	781b      	ldrb	r3, [r3, #0]
20000536:	2b00      	cmp	r3, #0
20000538:	d104      	bne.n	20000544 <dcd_rp2040_irq+0x88>
2000053a:	4a67      	ldr	r2, [pc, #412]	; (200006d8 <dcd_rp2040_irq+0x21c>)
2000053c:	3390      	adds	r3, #144	; 0x90
2000053e:	2180      	movs	r1, #128	; 0x80
20000540:	0289      	lsls	r1, r1, #10
20000542:	50d1      	str	r1, [r2, r3]
20000544:	4b5f      	ldr	r3, [pc, #380]	; (200006c4 <dcd_rp2040_irq+0x208>)
20000546:	6c9c      	ldr	r4, [r3, #72]	; 0x48
20000548:	0564      	lsls	r4, r4, #21
2000054a:	0d64      	lsrs	r4, r4, #21
2000054c:	ae01      	add	r6, sp, #4
2000054e:	220c      	movs	r2, #12
20000550:	2100      	movs	r1, #0
20000552:	0030      	movs	r0, r6
20000554:	f000 fb44 	bl	20000be0 <____wrap_memset_veneer>
20000558:	2303      	movs	r3, #3
2000055a:	7073      	strb	r3, [r6, #1]
2000055c:	9402      	str	r4, [sp, #8]
2000055e:	2101      	movs	r1, #1
20000560:	0030      	movs	r0, r6
20000562:	f000 fa09 	bl	20000978 <dcd_event_handler>
20000566:	2780      	movs	r7, #128	; 0x80
20000568:	02bf      	lsls	r7, r7, #10
2000056a:	06eb      	lsls	r3, r5, #27
2000056c:	d406      	bmi.n	2000057c <dcd_rp2040_irq+0xc0>
2000056e:	03eb      	lsls	r3, r5, #15
20000570:	d555      	bpl.n	2000061e <dcd_rp2040_irq+0x162>
20000572:	2380      	movs	r3, #128	; 0x80
20000574:	025b      	lsls	r3, r3, #9
20000576:	431f      	orrs	r7, r3
20000578:	2400      	movs	r4, #0
2000057a:	e019      	b.n	200005b0 <dcd_rp2040_irq+0xf4>
2000057c:	2310      	movs	r3, #16
2000057e:	431f      	orrs	r7, r3
20000580:	f7ff ff4a 	bl	20000418 <hw_handle_buff_status>
20000584:	e7f3      	b.n	2000056e <dcd_rp2040_irq+0xb2>
20000586:	2302      	movs	r3, #2
20000588:	4698      	mov	r8, r3
2000058a:	e01e      	b.n	200005ca <dcd_rp2040_irq+0x10e>
2000058c:	4b53      	ldr	r3, [pc, #332]	; (200006dc <dcd_rp2040_irq+0x220>)
2000058e:	4642      	mov	r2, r8
20000590:	661a      	str	r2, [r3, #96]	; 0x60
20000592:	4b4c      	ldr	r3, [pc, #304]	; (200006c4 <dcd_rp2040_irq+0x208>)
20000594:	6e5b      	ldr	r3, [r3, #100]	; 0x64
20000596:	4642      	mov	r2, r8
20000598:	4013      	ands	r3, r2
2000059a:	4598      	cmp	r8, r3
2000059c:	d1f9      	bne.n	20000592 <dcd_rp2040_irq+0xd6>
2000059e:	e018      	b.n	200005d2 <dcd_rp2040_irq+0x116>
200005a0:	464b      	mov	r3, r9
200005a2:	015a      	lsls	r2, r3, #5
200005a4:	4b4a      	ldr	r3, [pc, #296]	; (200006d0 <dcd_rp2040_irq+0x214>)
200005a6:	189b      	adds	r3, r3, r2
200005a8:	2201      	movs	r2, #1
200005aa:	70da      	strb	r2, [r3, #3]
200005ac:	3401      	adds	r4, #1
200005ae:	b2e4      	uxtb	r4, r4
200005b0:	2c01      	cmp	r4, #1
200005b2:	d820      	bhi.n	200005f6 <dcd_rp2040_irq+0x13a>
200005b4:	46a1      	mov	r9, r4
200005b6:	0163      	lsls	r3, r4, #5
200005b8:	4e45      	ldr	r6, [pc, #276]	; (200006d0 <dcd_rp2040_irq+0x214>)
200005ba:	199e      	adds	r6, r3, r6
200005bc:	7eb3      	ldrb	r3, [r6, #26]
200005be:	2b00      	cmp	r3, #0
200005c0:	d0ee      	beq.n	200005a0 <dcd_rp2040_irq+0xe4>
200005c2:	2c00      	cmp	r4, #0
200005c4:	d0df      	beq.n	20000586 <dcd_rp2040_irq+0xca>
200005c6:	2301      	movs	r3, #1
200005c8:	4698      	mov	r8, r3
200005ca:	f000 fb41 	bl	20000c50 <__rp2040_chip_version_veneer>
200005ce:	2801      	cmp	r0, #1
200005d0:	d8dc      	bhi.n	2000058c <dcd_rp2040_irq+0xd0>
200005d2:	22c0      	movs	r2, #192	; 0xc0
200005d4:	0192      	lsls	r2, r2, #6
200005d6:	2100      	movs	r1, #0
200005d8:	0030      	movs	r0, r6
200005da:	f000 f943 	bl	20000864 <_hw_endpoint_buffer_control_update32>
200005de:	0030      	movs	r0, r6
200005e0:	f000 f93a 	bl	20000858 <hw_endpoint_reset_transfer>
200005e4:	f000 fb34 	bl	20000c50 <__rp2040_chip_version_veneer>
200005e8:	2801      	cmp	r0, #1
200005ea:	d9d9      	bls.n	200005a0 <dcd_rp2040_irq+0xe4>
200005ec:	4b3a      	ldr	r3, [pc, #232]	; (200006d8 <dcd_rp2040_irq+0x21c>)
200005ee:	4642      	mov	r2, r8
200005f0:	665a      	str	r2, [r3, #100]	; 0x64
200005f2:	661a      	str	r2, [r3, #96]	; 0x60
200005f4:	e7d4      	b.n	200005a0 <dcd_rp2040_irq+0xe4>
200005f6:	ac01      	add	r4, sp, #4
200005f8:	220c      	movs	r2, #12
200005fa:	2100      	movs	r1, #0
200005fc:	0020      	movs	r0, r4
200005fe:	f000 faef 	bl	20000be0 <____wrap_memset_veneer>
20000602:	2306      	movs	r3, #6
20000604:	7063      	strb	r3, [r4, #1]
20000606:	4a36      	ldr	r2, [pc, #216]	; (200006e0 <dcd_rp2040_irq+0x224>)
20000608:	ab02      	add	r3, sp, #8
2000060a:	ca03      	ldmia	r2!, {r0, r1}
2000060c:	c303      	stmia	r3!, {r0, r1}
2000060e:	2101      	movs	r1, #1
20000610:	0020      	movs	r0, r4
20000612:	f000 f9b1 	bl	20000978 <dcd_event_handler>
20000616:	4b30      	ldr	r3, [pc, #192]	; (200006d8 <dcd_rp2040_irq+0x21c>)
20000618:	2280      	movs	r2, #128	; 0x80
2000061a:	0292      	lsls	r2, r2, #10
2000061c:	651a      	str	r2, [r3, #80]	; 0x50
2000061e:	04eb      	lsls	r3, r5, #19
20000620:	d40a      	bmi.n	20000638 <dcd_rp2040_irq+0x17c>
20000622:	046b      	lsls	r3, r5, #17
20000624:	d421      	bmi.n	2000066a <dcd_rp2040_irq+0x1ae>
20000626:	042b      	lsls	r3, r5, #16
20000628:	d432      	bmi.n	20000690 <dcd_rp2040_irq+0x1d4>
2000062a:	42af      	cmp	r7, r5
2000062c:	d144      	bne.n	200006b8 <dcd_rp2040_irq+0x1fc>
2000062e:	b005      	add	sp, #20
20000630:	bcc0      	pop	{r6, r7}
20000632:	46b9      	mov	r9, r7
20000634:	46b0      	mov	r8, r6
20000636:	bdf0      	pop	{r4, r5, r6, r7, pc}
20000638:	2380      	movs	r3, #128	; 0x80
2000063a:	015b      	lsls	r3, r3, #5
2000063c:	431f      	orrs	r7, r3
2000063e:	4b21      	ldr	r3, [pc, #132]	; (200006c4 <dcd_rp2040_irq+0x208>)
20000640:	2200      	movs	r2, #0
20000642:	601a      	str	r2, [r3, #0]
20000644:	f7ff fec8 	bl	200003d8 <reset_non_control_endpoints>
20000648:	ac01      	add	r4, sp, #4
2000064a:	220c      	movs	r2, #12
2000064c:	2100      	movs	r1, #0
2000064e:	0020      	movs	r0, r4
20000650:	f000 fac6 	bl	20000be0 <____wrap_memset_veneer>
20000654:	2301      	movs	r3, #1
20000656:	7063      	strb	r3, [r4, #1]
20000658:	2101      	movs	r1, #1
2000065a:	0020      	movs	r0, r4
2000065c:	f000 f98c 	bl	20000978 <dcd_event_handler>
20000660:	4b1d      	ldr	r3, [pc, #116]	; (200006d8 <dcd_rp2040_irq+0x21c>)
20000662:	2280      	movs	r2, #128	; 0x80
20000664:	0312      	lsls	r2, r2, #12
20000666:	651a      	str	r2, [r3, #80]	; 0x50
20000668:	e7db      	b.n	20000622 <dcd_rp2040_irq+0x166>
2000066a:	2380      	movs	r3, #128	; 0x80
2000066c:	01db      	lsls	r3, r3, #7
2000066e:	431f      	orrs	r7, r3
20000670:	ac01      	add	r4, sp, #4
20000672:	220c      	movs	r2, #12
20000674:	2100      	movs	r1, #0
20000676:	0020      	movs	r0, r4
20000678:	f000 fab2 	bl	20000be0 <____wrap_memset_veneer>
2000067c:	2304      	movs	r3, #4
2000067e:	7063      	strb	r3, [r4, #1]
20000680:	2101      	movs	r1, #1
20000682:	0020      	movs	r0, r4
20000684:	f000 f978 	bl	20000978 <dcd_event_handler>
20000688:	4b13      	ldr	r3, [pc, #76]	; (200006d8 <dcd_rp2040_irq+0x21c>)
2000068a:	2210      	movs	r2, #16
2000068c:	651a      	str	r2, [r3, #80]	; 0x50
2000068e:	e7ca      	b.n	20000626 <dcd_rp2040_irq+0x16a>
20000690:	2380      	movs	r3, #128	; 0x80
20000692:	021b      	lsls	r3, r3, #8
20000694:	431f      	orrs	r7, r3
20000696:	ac01      	add	r4, sp, #4
20000698:	220c      	movs	r2, #12
2000069a:	2100      	movs	r1, #0
2000069c:	0020      	movs	r0, r4
2000069e:	f000 fa9f 	bl	20000be0 <____wrap_memset_veneer>
200006a2:	2305      	movs	r3, #5
200006a4:	7063      	strb	r3, [r4, #1]
200006a6:	2101      	movs	r1, #1
200006a8:	0020      	movs	r0, r4
200006aa:	f000 f965 	bl	20000978 <dcd_event_handler>
200006ae:	4b0a      	ldr	r3, [pc, #40]	; (200006d8 <dcd_rp2040_irq+0x21c>)
200006b0:	2280      	movs	r2, #128	; 0x80
200006b2:	0112      	lsls	r2, r2, #4
200006b4:	651a      	str	r2, [r3, #80]	; 0x50
200006b6:	e7b8      	b.n	2000062a <dcd_rp2040_irq+0x16e>
200006b8:	0039      	movs	r1, r7
200006ba:	4069      	eors	r1, r5
200006bc:	4809      	ldr	r0, [pc, #36]	; (200006e4 <dcd_rp2040_irq+0x228>)
200006be:	f000 fabf 	bl	20000c40 <__panic_veneer>
200006c2:	46c0      	nop			; (mov r8, r8)
200006c4:	50110000 	.word	0x50110000
200006c8:	40054000 	.word	0x40054000
200006cc:	2000211c 	.word	0x2000211c
200006d0:	2000212c 	.word	0x2000212c
200006d4:	20002806 	.word	0x20002806
200006d8:	50113000 	.word	0x50113000
200006dc:	50112000 	.word	0x50112000
200006e0:	50100000 	.word	0x50100000
200006e4:	10009b6c 	.word	0x10009b6c

200006e8 <prepare_ep_buffer>:
200006e8:	b5f8      	push	{r3, r4, r5, r6, r7, lr}
200006ea:	0004      	movs	r4, r0
200006ec:	000f      	movs	r7, r1
200006ee:	8a83      	ldrh	r3, [r0, #20]
200006f0:	8b02      	ldrh	r2, [r0, #24]
200006f2:	1c1e      	adds	r6, r3, #0
200006f4:	4293      	cmp	r3, r2
200006f6:	d900      	bls.n	200006fa <prepare_ep_buffer+0x12>
200006f8:	1c16      	adds	r6, r2, #0
200006fa:	b2b6      	uxth	r6, r6
200006fc:	1b9b      	subs	r3, r3, r6
200006fe:	82a3      	strh	r3, [r4, #20]
20000700:	2580      	movs	r5, #128	; 0x80
20000702:	00ed      	lsls	r5, r5, #3
20000704:	4335      	orrs	r5, r6
20000706:	78e3      	ldrb	r3, [r4, #3]
20000708:	2b00      	cmp	r3, #0
2000070a:	d013      	beq.n	20000734 <prepare_ep_buffer+0x4c>
2000070c:	2280      	movs	r2, #128	; 0x80
2000070e:	0192      	lsls	r2, r2, #6
20000710:	4315      	orrs	r5, r2
20000712:	2201      	movs	r2, #1
20000714:	4053      	eors	r3, r2
20000716:	70e3      	strb	r3, [r4, #3]
20000718:	7863      	ldrb	r3, [r4, #1]
2000071a:	2b00      	cmp	r3, #0
2000071c:	d00c      	beq.n	20000738 <prepare_ep_buffer+0x50>
2000071e:	8aa3      	ldrh	r3, [r4, #20]
20000720:	2b00      	cmp	r3, #0
20000722:	d102      	bne.n	2000072a <prepare_ep_buffer+0x42>
20000724:	2380      	movs	r3, #128	; 0x80
20000726:	01db      	lsls	r3, r3, #7
20000728:	431d      	orrs	r5, r3
2000072a:	2f00      	cmp	r7, #0
2000072c:	d000      	beq.n	20000730 <prepare_ep_buffer+0x48>
2000072e:	042d      	lsls	r5, r5, #16
20000730:	0028      	movs	r0, r5
20000732:	bdf8      	pop	{r3, r4, r5, r6, r7, pc}
20000734:	2200      	movs	r2, #0
20000736:	e7eb      	b.n	20000710 <prepare_ep_buffer+0x28>
20000738:	01b8      	lsls	r0, r7, #6
2000073a:	68e3      	ldr	r3, [r4, #12]
2000073c:	469c      	mov	ip, r3
2000073e:	4460      	add	r0, ip
20000740:	0032      	movs	r2, r6
20000742:	6921      	ldr	r1, [r4, #16]
20000744:	f000 fa64 	bl	20000c10 <__unaligned_memcpy_veneer>
20000748:	6923      	ldr	r3, [r4, #16]
2000074a:	469c      	mov	ip, r3
2000074c:	4466      	add	r6, ip
2000074e:	6126      	str	r6, [r4, #16]
20000750:	2380      	movs	r3, #128	; 0x80
20000752:	021b      	lsls	r3, r3, #8
20000754:	431d      	orrs	r5, r3
20000756:	e7e2      	b.n	2000071e <prepare_ep_buffer+0x36>

20000758 <e15_is_bulkin_ep>:
20000758:	4b09      	ldr	r3, [pc, #36]	; (20000780 <e15_is_bulkin_ep+0x28>)
2000075a:	6c1b      	ldr	r3, [r3, #64]	; 0x40
2000075c:	079b      	lsls	r3, r3, #30
2000075e:	d40c      	bmi.n	2000077a <e15_is_bulkin_ep+0x22>
20000760:	7883      	ldrb	r3, [r0, #2]
20000762:	09db      	lsrs	r3, r3, #7
20000764:	2b01      	cmp	r3, #1
20000766:	d001      	beq.n	2000076c <e15_is_bulkin_ep+0x14>
20000768:	2000      	movs	r0, #0
2000076a:	e007      	b.n	2000077c <e15_is_bulkin_ep+0x24>
2000076c:	7ec3      	ldrb	r3, [r0, #27]
2000076e:	2b02      	cmp	r3, #2
20000770:	d001      	beq.n	20000776 <e15_is_bulkin_ep+0x1e>
20000772:	2000      	movs	r0, #0
20000774:	e002      	b.n	2000077c <e15_is_bulkin_ep+0x24>
20000776:	2001      	movs	r0, #1
20000778:	e000      	b.n	2000077c <e15_is_bulkin_ep+0x24>
2000077a:	2000      	movs	r0, #0
2000077c:	4770      	bx	lr
2000077e:	46c0      	nop			; (mov r8, r8)
20000780:	50110000 	.word	0x50110000

20000784 <e15_is_critical_frame_period>:
20000784:	b510      	push	{r4, lr}
20000786:	f7ff ffe7 	bl	20000758 <e15_is_bulkin_ep>
2000078a:	2800      	cmp	r0, #0
2000078c:	d009      	beq.n	200007a2 <e15_is_critical_frame_period+0x1e>
2000078e:	4b06      	ldr	r3, [pc, #24]	; (200007a8 <e15_is_critical_frame_period+0x24>)
20000790:	6a9b      	ldr	r3, [r3, #40]	; 0x28
20000792:	4a06      	ldr	r2, [pc, #24]	; (200007ac <e15_is_critical_frame_period+0x28>)
20000794:	6812      	ldr	r2, [r2, #0]
20000796:	1a9b      	subs	r3, r3, r2
20000798:	4a05      	ldr	r2, [pc, #20]	; (200007b0 <e15_is_critical_frame_period+0x2c>)
2000079a:	4694      	mov	ip, r2
2000079c:	4463      	add	r3, ip
2000079e:	2bc6      	cmp	r3, #198	; 0xc6
200007a0:	d800      	bhi.n	200007a4 <e15_is_critical_frame_period+0x20>
200007a2:	bd10      	pop	{r4, pc}
200007a4:	2000      	movs	r0, #0
200007a6:	e7fc      	b.n	200007a2 <e15_is_critical_frame_period+0x1e>
200007a8:	40054000 	.word	0x40054000
200007ac:	2000211c 	.word	0x2000211c
200007b0:	fffffce0 	.word	0xfffffce0

200007b4 <sync_ep_buffer>:
200007b4:	b570      	push	{r4, r5, r6, lr}
200007b6:	0004      	movs	r4, r0
200007b8:	6883      	ldr	r3, [r0, #8]
200007ba:	681b      	ldr	r3, [r3, #0]
200007bc:	2900      	cmp	r1, #0
200007be:	d000      	beq.n	200007c2 <sync_ep_buffer+0xe>
200007c0:	0c1b      	lsrs	r3, r3, #16
200007c2:	059d      	lsls	r5, r3, #22
200007c4:	0dad      	lsrs	r5, r5, #22
200007c6:	7862      	ldrb	r2, [r4, #1]
200007c8:	2a00      	cmp	r2, #0
200007ca:	d111      	bne.n	200007f0 <sync_ep_buffer+0x3c>
200007cc:	041b      	lsls	r3, r3, #16
200007ce:	d409      	bmi.n	200007e4 <sync_ep_buffer+0x30>
200007d0:	8ae3      	ldrh	r3, [r4, #22]
200007d2:	195b      	adds	r3, r3, r5
200007d4:	82e3      	strh	r3, [r4, #22]
200007d6:	8b23      	ldrh	r3, [r4, #24]
200007d8:	42ab      	cmp	r3, r5
200007da:	d901      	bls.n	200007e0 <sync_ep_buffer+0x2c>
200007dc:	2300      	movs	r3, #0
200007de:	82a3      	strh	r3, [r4, #20]
200007e0:	0028      	movs	r0, r5
200007e2:	bd70      	pop	{r4, r5, r6, pc}
200007e4:	4b0e      	ldr	r3, [pc, #56]	; (20000820 <sync_ep_buffer+0x6c>)
200007e6:	4a0f      	ldr	r2, [pc, #60]	; (20000824 <sync_ep_buffer+0x70>)
200007e8:	21e8      	movs	r1, #232	; 0xe8
200007ea:	480f      	ldr	r0, [pc, #60]	; (20000828 <sync_ep_buffer+0x74>)
200007ec:	f000 fa00 	bl	20000bf0 <____assert_func_veneer>
200007f0:	041b      	lsls	r3, r3, #16
200007f2:	d50e      	bpl.n	20000812 <sync_ep_buffer+0x5e>
200007f4:	0189      	lsls	r1, r1, #6
200007f6:	68e3      	ldr	r3, [r4, #12]
200007f8:	469c      	mov	ip, r3
200007fa:	4461      	add	r1, ip
200007fc:	002a      	movs	r2, r5
200007fe:	6920      	ldr	r0, [r4, #16]
20000800:	f000 fa06 	bl	20000c10 <__unaligned_memcpy_veneer>
20000804:	8ae3      	ldrh	r3, [r4, #22]
20000806:	195b      	adds	r3, r3, r5
20000808:	82e3      	strh	r3, [r4, #22]
2000080a:	6923      	ldr	r3, [r4, #16]
2000080c:	195b      	adds	r3, r3, r5
2000080e:	6123      	str	r3, [r4, #16]
20000810:	e7e1      	b.n	200007d6 <sync_ep_buffer+0x22>
20000812:	4b06      	ldr	r3, [pc, #24]	; (2000082c <sync_ep_buffer+0x78>)
20000814:	4a03      	ldr	r2, [pc, #12]	; (20000824 <sync_ep_buffer+0x70>)
20000816:	21ee      	movs	r1, #238	; 0xee
20000818:	4803      	ldr	r0, [pc, #12]	; (20000828 <sync_ep_buffer+0x74>)
2000081a:	f000 f9e9 	bl	20000bf0 <____assert_func_veneer>
2000081e:	46c0      	nop			; (mov r8, r8)
20000820:	10009bec 	.word	0x10009bec
20000824:	10009cf8 	.word	0x10009cf8
20000828:	10009c0c 	.word	0x10009c0c
2000082c:	10009c58 	.word	0x10009c58

20000830 <_hw_endpoint_xfer_sync>:
20000830:	b510      	push	{r4, lr}
20000832:	0004      	movs	r4, r0
20000834:	6883      	ldr	r3, [r0, #8]
20000836:	681b      	ldr	r3, [r3, #0]
20000838:	2100      	movs	r1, #0
2000083a:	f7ff ffbb 	bl	200007b4 <sync_ep_buffer>
2000083e:	6863      	ldr	r3, [r4, #4]
20000840:	681b      	ldr	r3, [r3, #0]
20000842:	005b      	lsls	r3, r3, #1
20000844:	d502      	bpl.n	2000084c <_hw_endpoint_xfer_sync+0x1c>
20000846:	8b23      	ldrh	r3, [r4, #24]
20000848:	4283      	cmp	r3, r0
2000084a:	d000      	beq.n	2000084e <_hw_endpoint_xfer_sync+0x1e>
2000084c:	bd10      	pop	{r4, pc}
2000084e:	2101      	movs	r1, #1
20000850:	0020      	movs	r0, r4
20000852:	f7ff ffaf 	bl	200007b4 <sync_ep_buffer>
20000856:	e7f9      	b.n	2000084c <_hw_endpoint_xfer_sync+0x1c>

20000858 <hw_endpoint_reset_transfer>:
20000858:	2300      	movs	r3, #0
2000085a:	7683      	strb	r3, [r0, #26]
2000085c:	8283      	strh	r3, [r0, #20]
2000085e:	82c3      	strh	r3, [r0, #22]
20000860:	6103      	str	r3, [r0, #16]
20000862:	4770      	bx	lr

20000864 <_hw_endpoint_buffer_control_update32>:
20000864:	b510      	push	{r4, lr}
20000866:	2900      	cmp	r1, #0
20000868:	d002      	beq.n	20000870 <_hw_endpoint_buffer_control_update32+0xc>
2000086a:	6883      	ldr	r3, [r0, #8]
2000086c:	681b      	ldr	r3, [r3, #0]
2000086e:	4019      	ands	r1, r3
20000870:	2a00      	cmp	r2, #0
20000872:	d010      	beq.n	20000896 <_hw_endpoint_buffer_control_update32+0x32>
20000874:	4311      	orrs	r1, r2
20000876:	0553      	lsls	r3, r2, #21
20000878:	d50d      	bpl.n	20000896 <_hw_endpoint_buffer_control_update32+0x32>
2000087a:	6882      	ldr	r2, [r0, #8]
2000087c:	6813      	ldr	r3, [r2, #0]
2000087e:	055b      	lsls	r3, r3, #21
20000880:	d40c      	bmi.n	2000089c <_hw_endpoint_buffer_control_update32+0x38>
20000882:	4b08      	ldr	r3, [pc, #32]	; (200008a4 <_hw_endpoint_buffer_control_update32+0x40>)
20000884:	400b      	ands	r3, r1
20000886:	6013      	str	r3, [r2, #0]
20000888:	4b07      	ldr	r3, [pc, #28]	; (200008a8 <_hw_endpoint_buffer_control_update32+0x44>)
2000088a:	6c1b      	ldr	r3, [r3, #64]	; 0x40
2000088c:	079b      	lsls	r3, r3, #30
2000088e:	d402      	bmi.n	20000896 <_hw_endpoint_buffer_control_update32+0x32>
20000890:	230c      	movs	r3, #12
20000892:	3b03      	subs	r3, #3
20000894:	d2fd      	bcs.n	20000892 <_hw_endpoint_buffer_control_update32+0x2e>
20000896:	6883      	ldr	r3, [r0, #8]
20000898:	6019      	str	r1, [r3, #0]
2000089a:	bd10      	pop	{r4, pc}
2000089c:	7881      	ldrb	r1, [r0, #2]
2000089e:	4803      	ldr	r0, [pc, #12]	; (200008ac <_hw_endpoint_buffer_control_update32+0x48>)
200008a0:	f000 f9ce 	bl	20000c40 <__panic_veneer>
200008a4:	fffffbff 	.word	0xfffffbff
200008a8:	50110000 	.word	0x50110000
200008ac:	10009c78 	.word	0x10009c78

200008b0 <hw_endpoint_start_next_buffer>:
200008b0:	b570      	push	{r4, r5, r6, lr}
200008b2:	0004      	movs	r4, r0
200008b4:	6843      	ldr	r3, [r0, #4]
200008b6:	681e      	ldr	r6, [r3, #0]
200008b8:	2100      	movs	r1, #0
200008ba:	f7ff ff15 	bl	200006e8 <prepare_ep_buffer>
200008be:	2580      	movs	r5, #128	; 0x80
200008c0:	016d      	lsls	r5, r5, #5
200008c2:	4305      	orrs	r5, r0
200008c4:	4b19      	ldr	r3, [pc, #100]	; (2000092c <hw_endpoint_start_next_buffer+0x7c>)
200008c6:	6c1b      	ldr	r3, [r3, #64]	; 0x40
200008c8:	2202      	movs	r2, #2
200008ca:	0011      	movs	r1, r2
200008cc:	4019      	ands	r1, r3
200008ce:	421a      	tst	r2, r3
200008d0:	d102      	bne.n	200008d8 <hw_endpoint_start_next_buffer+0x28>
200008d2:	78a3      	ldrb	r3, [r4, #2]
200008d4:	09db      	lsrs	r3, r3, #7
200008d6:	d006      	beq.n	200008e6 <hw_endpoint_start_next_buffer+0x36>
200008d8:	2900      	cmp	r1, #0
200008da:	d006      	beq.n	200008ea <hw_endpoint_start_next_buffer+0x3a>
200008dc:	78a3      	ldrb	r3, [r4, #2]
200008de:	065b      	lsls	r3, r3, #25
200008e0:	d116      	bne.n	20000910 <hw_endpoint_start_next_buffer+0x60>
200008e2:	2300      	movs	r3, #0
200008e4:	e002      	b.n	200008ec <hw_endpoint_start_next_buffer+0x3c>
200008e6:	2301      	movs	r3, #1
200008e8:	e000      	b.n	200008ec <hw_endpoint_start_next_buffer+0x3c>
200008ea:	2300      	movs	r3, #0
200008ec:	8aa2      	ldrh	r2, [r4, #20]
200008ee:	2a00      	cmp	r2, #0
200008f0:	d001      	beq.n	200008f6 <hw_endpoint_start_next_buffer+0x46>
200008f2:	2b00      	cmp	r3, #0
200008f4:	d00e      	beq.n	20000914 <hw_endpoint_start_next_buffer+0x64>
200008f6:	4b0e      	ldr	r3, [pc, #56]	; (20000930 <hw_endpoint_start_next_buffer+0x80>)
200008f8:	401e      	ands	r6, r3
200008fa:	2380      	movs	r3, #128	; 0x80
200008fc:	059b      	lsls	r3, r3, #22
200008fe:	4333      	orrs	r3, r6
20000900:	6862      	ldr	r2, [r4, #4]
20000902:	6013      	str	r3, [r2, #0]
20000904:	002a      	movs	r2, r5
20000906:	2100      	movs	r1, #0
20000908:	0020      	movs	r0, r4
2000090a:	f7ff ffab 	bl	20000864 <_hw_endpoint_buffer_control_update32>
2000090e:	bd70      	pop	{r4, r5, r6, pc}
20000910:	2301      	movs	r3, #1
20000912:	e7eb      	b.n	200008ec <hw_endpoint_start_next_buffer+0x3c>
20000914:	2101      	movs	r1, #1
20000916:	0020      	movs	r0, r4
20000918:	f7ff fee6 	bl	200006e8 <prepare_ep_buffer>
2000091c:	4305      	orrs	r5, r0
2000091e:	4b05      	ldr	r3, [pc, #20]	; (20000934 <hw_endpoint_start_next_buffer+0x84>)
20000920:	401e      	ands	r6, r3
20000922:	23a0      	movs	r3, #160	; 0xa0
20000924:	05db      	lsls	r3, r3, #23
20000926:	4333      	orrs	r3, r6
20000928:	e7ea      	b.n	20000900 <hw_endpoint_start_next_buffer+0x50>
2000092a:	46c0      	nop			; (mov r8, r8)
2000092c:	50110000 	.word	0x50110000
20000930:	afffffff 	.word	0xafffffff
20000934:	dfffffff 	.word	0xdfffffff

20000938 <hw_endpoint_xfer_continue>:
20000938:	b570      	push	{r4, r5, r6, lr}
2000093a:	0004      	movs	r4, r0
2000093c:	7e85      	ldrb	r5, [r0, #26]
2000093e:	2d00      	cmp	r5, #0
20000940:	d006      	beq.n	20000950 <hw_endpoint_xfer_continue+0x18>
20000942:	f7ff ff75 	bl	20000830 <_hw_endpoint_xfer_sync>
20000946:	8aa3      	ldrh	r3, [r4, #20]
20000948:	2b00      	cmp	r3, #0
2000094a:	d105      	bne.n	20000958 <hw_endpoint_xfer_continue+0x20>
2000094c:	0028      	movs	r0, r5
2000094e:	bd70      	pop	{r4, r5, r6, pc}
20000950:	7881      	ldrb	r1, [r0, #2]
20000952:	4808      	ldr	r0, [pc, #32]	; (20000974 <hw_endpoint_xfer_continue+0x3c>)
20000954:	f000 f974 	bl	20000c40 <__panic_veneer>
20000958:	0020      	movs	r0, r4
2000095a:	f7ff ff13 	bl	20000784 <e15_is_critical_frame_period>
2000095e:	1e05      	subs	r5, r0, #0
20000960:	d003      	beq.n	2000096a <hw_endpoint_xfer_continue+0x32>
20000962:	2301      	movs	r3, #1
20000964:	7723      	strb	r3, [r4, #28]
20000966:	2500      	movs	r5, #0
20000968:	e7f0      	b.n	2000094c <hw_endpoint_xfer_continue+0x14>
2000096a:	0020      	movs	r0, r4
2000096c:	f7ff ffa0 	bl	200008b0 <hw_endpoint_start_next_buffer>
20000970:	e7ec      	b.n	2000094c <hw_endpoint_xfer_continue+0x14>
20000972:	46c0      	nop			; (mov r8, r8)
20000974:	10009c98 	.word	0x10009c98

20000978 <dcd_event_handler>:
20000978:	b570      	push	{r4, r5, r6, lr}
2000097a:	b086      	sub	sp, #24
2000097c:	0005      	movs	r5, r0
2000097e:	000e      	movs	r6, r1
20000980:	7843      	ldrb	r3, [r0, #1]
20000982:	2b06      	cmp	r3, #6
20000984:	d812      	bhi.n	200009ac <dcd_event_handler+0x34>
20000986:	009b      	lsls	r3, r3, #2
20000988:	4a76      	ldr	r2, [pc, #472]	; (20000b64 <dcd_event_handler+0x1ec>)
2000098a:	58d3      	ldr	r3, [r2, r3]
2000098c:	469f      	mov	pc, r3
2000098e:	4b76      	ldr	r3, [pc, #472]	; (20000b68 <dcd_event_handler+0x1f0>)
20000990:	781a      	ldrb	r2, [r3, #0]
20000992:	2101      	movs	r1, #1
20000994:	438a      	bics	r2, r1
20000996:	701a      	strb	r2, [r3, #0]
20000998:	781a      	ldrb	r2, [r3, #0]
2000099a:	3101      	adds	r1, #1
2000099c:	438a      	bics	r2, r1
2000099e:	701a      	strb	r2, [r3, #0]
200009a0:	2200      	movs	r2, #0
200009a2:	705a      	strb	r2, [r3, #1]
200009a4:	781a      	ldrb	r2, [r3, #0]
200009a6:	3102      	adds	r1, #2
200009a8:	438a      	bics	r2, r1
200009aa:	701a      	strb	r2, [r3, #0]
200009ac:	4b6f      	ldr	r3, [pc, #444]	; (20000b6c <dcd_event_handler+0x1f4>)
200009ae:	681c      	ldr	r4, [r3, #0]
200009b0:	0021      	movs	r1, r4
200009b2:	3114      	adds	r1, #20
200009b4:	6962      	ldr	r2, [r4, #20]
200009b6:	f3ef 8010 	mrs	r0, PRIMASK
200009ba:	b672      	cpsid	i
200009bc:	6813      	ldr	r3, [r2, #0]
200009be:	2b00      	cmp	r3, #0
200009c0:	d0fc      	beq.n	200009bc <dcd_event_handler+0x44>
200009c2:	f3bf 8f5f 	dmb	sy
200009c6:	6048      	str	r0, [r1, #4]
200009c8:	0029      	movs	r1, r5
200009ca:	0020      	movs	r0, r4
200009cc:	f000 f930 	bl	20000c30 <__tu_fifo_write_veneer>
200009d0:	6962      	ldr	r2, [r4, #20]
200009d2:	69a3      	ldr	r3, [r4, #24]
200009d4:	f3bf 8f5f 	dmb	sy
200009d8:	2100      	movs	r1, #0
200009da:	6011      	str	r1, [r2, #0]
200009dc:	f383 8810 	msr	PRIMASK, r3
200009e0:	2800      	cmp	r0, #0
200009e2:	d100      	bne.n	200009e6 <dcd_event_handler+0x6e>
200009e4:	e0b6      	b.n	20000b54 <dcd_event_handler+0x1dc>
200009e6:	7869      	ldrb	r1, [r5, #1]
200009e8:	7828      	ldrb	r0, [r5, #0]
200009ea:	0032      	movs	r2, r6
200009ec:	f000 f940 	bl	20000c70 <__tud_event_hook_cb_veneer>
200009f0:	b006      	add	sp, #24
200009f2:	bd70      	pop	{r4, r5, r6, pc}
200009f4:	4b5c      	ldr	r3, [pc, #368]	; (20000b68 <dcd_event_handler+0x1f0>)
200009f6:	781b      	ldrb	r3, [r3, #0]
200009f8:	07db      	lsls	r3, r3, #31
200009fa:	d5f9      	bpl.n	200009f0 <dcd_event_handler+0x78>
200009fc:	4a5a      	ldr	r2, [pc, #360]	; (20000b68 <dcd_event_handler+0x1f0>)
200009fe:	7813      	ldrb	r3, [r2, #0]
20000a00:	2104      	movs	r1, #4
20000a02:	430b      	orrs	r3, r1
20000a04:	7013      	strb	r3, [r2, #0]
20000a06:	e7d1      	b.n	200009ac <dcd_event_handler+0x34>
20000a08:	4b57      	ldr	r3, [pc, #348]	; (20000b68 <dcd_event_handler+0x1f0>)
20000a0a:	781b      	ldrb	r3, [r3, #0]
20000a0c:	07db      	lsls	r3, r3, #31
20000a0e:	d5ef      	bpl.n	200009f0 <dcd_event_handler+0x78>
20000a10:	4a55      	ldr	r2, [pc, #340]	; (20000b68 <dcd_event_handler+0x1f0>)
20000a12:	7813      	ldrb	r3, [r2, #0]
20000a14:	2104      	movs	r1, #4
20000a16:	438b      	bics	r3, r1
20000a18:	7013      	strb	r3, [r2, #0]
20000a1a:	e7c7      	b.n	200009ac <dcd_event_handler+0x34>
20000a1c:	1ad2      	subs	r2, r2, r3
20000a1e:	0152      	lsls	r2, r2, #5
20000a20:	4b53      	ldr	r3, [pc, #332]	; (20000b70 <dcd_event_handler+0x1f8>)
20000a22:	189b      	adds	r3, r3, r2
20000a24:	e00d      	b.n	20000a42 <dcd_event_handler+0xca>
20000a26:	3401      	adds	r4, #1
20000a28:	b2e4      	uxtb	r4, r4
20000a2a:	4b52      	ldr	r3, [pc, #328]	; (20000b74 <dcd_event_handler+0x1fc>)
20000a2c:	781b      	ldrb	r3, [r3, #0]
20000a2e:	1c59      	adds	r1, r3, #1
20000a30:	0022      	movs	r2, r4
20000a32:	42a1      	cmp	r1, r4
20000a34:	db10      	blt.n	20000a58 <dcd_event_handler+0xe0>
20000a36:	42a3      	cmp	r3, r4
20000a38:	d9f0      	bls.n	20000a1c <dcd_event_handler+0xa4>
20000a3a:	4b4f      	ldr	r3, [pc, #316]	; (20000b78 <dcd_event_handler+0x200>)
20000a3c:	681b      	ldr	r3, [r3, #0]
20000a3e:	0162      	lsls	r2, r4, #5
20000a40:	189b      	adds	r3, r3, r2
20000a42:	2b00      	cmp	r3, #0
20000a44:	d0ef      	beq.n	20000a26 <dcd_event_handler+0xae>
20000a46:	69db      	ldr	r3, [r3, #28]
20000a48:	2b00      	cmp	r3, #0
20000a4a:	d0ec      	beq.n	20000a26 <dcd_event_handler+0xae>
20000a4c:	7828      	ldrb	r0, [r5, #0]
20000a4e:	6869      	ldr	r1, [r5, #4]
20000a50:	4798      	blx	r3
20000a52:	e7e8      	b.n	20000a26 <dcd_event_handler+0xae>
20000a54:	2400      	movs	r4, #0
20000a56:	e7e8      	b.n	20000a2a <dcd_event_handler+0xb2>
20000a58:	4b43      	ldr	r3, [pc, #268]	; (20000b68 <dcd_event_handler+0x1f0>)
20000a5a:	781b      	ldrb	r3, [r3, #0]
20000a5c:	075b      	lsls	r3, r3, #29
20000a5e:	d433      	bmi.n	20000ac8 <dcd_event_handler+0x150>
20000a60:	4b41      	ldr	r3, [pc, #260]	; (20000b68 <dcd_event_handler+0x1f0>)
20000a62:	78db      	ldrb	r3, [r3, #3]
20000a64:	07db      	lsls	r3, r3, #31
20000a66:	d5c3      	bpl.n	200009f0 <dcd_event_handler+0x78>
20000a68:	220c      	movs	r2, #12
20000a6a:	2100      	movs	r1, #0
20000a6c:	a803      	add	r0, sp, #12
20000a6e:	f000 f8b7 	bl	20000be0 <____wrap_memset_veneer>
20000a72:	782b      	ldrb	r3, [r5, #0]
20000a74:	aa02      	add	r2, sp, #8
20000a76:	7113      	strb	r3, [r2, #4]
20000a78:	2303      	movs	r3, #3
20000a7a:	7153      	strb	r3, [r2, #5]
20000a7c:	686b      	ldr	r3, [r5, #4]
20000a7e:	9301      	str	r3, [sp, #4]
20000a80:	9304      	str	r3, [sp, #16]
20000a82:	4b3a      	ldr	r3, [pc, #232]	; (20000b6c <dcd_event_handler+0x1f4>)
20000a84:	681c      	ldr	r4, [r3, #0]
20000a86:	0021      	movs	r1, r4
20000a88:	3114      	adds	r1, #20
20000a8a:	6962      	ldr	r2, [r4, #20]
20000a8c:	f3ef 8010 	mrs	r0, PRIMASK
20000a90:	b672      	cpsid	i
20000a92:	6813      	ldr	r3, [r2, #0]
20000a94:	2b00      	cmp	r3, #0
20000a96:	d0fc      	beq.n	20000a92 <dcd_event_handler+0x11a>
20000a98:	f3bf 8f5f 	dmb	sy
20000a9c:	6048      	str	r0, [r1, #4]
20000a9e:	a903      	add	r1, sp, #12
20000aa0:	0020      	movs	r0, r4
20000aa2:	f000 f8c5 	bl	20000c30 <__tu_fifo_write_veneer>
20000aa6:	6962      	ldr	r2, [r4, #20]
20000aa8:	69a3      	ldr	r3, [r4, #24]
20000aaa:	f3bf 8f5f 	dmb	sy
20000aae:	2100      	movs	r1, #0
20000ab0:	6011      	str	r1, [r2, #0]
20000ab2:	f383 8810 	msr	PRIMASK, r3
20000ab6:	2800      	cmp	r0, #0
20000ab8:	d03f      	beq.n	20000b3a <dcd_event_handler+0x1c2>
20000aba:	ab03      	add	r3, sp, #12
20000abc:	7859      	ldrb	r1, [r3, #1]
20000abe:	7818      	ldrb	r0, [r3, #0]
20000ac0:	0032      	movs	r2, r6
20000ac2:	f000 f8d5 	bl	20000c70 <__tud_event_hook_cb_veneer>
20000ac6:	e793      	b.n	200009f0 <dcd_event_handler+0x78>
20000ac8:	4a27      	ldr	r2, [pc, #156]	; (20000b68 <dcd_event_handler+0x1f0>)
20000aca:	7813      	ldrb	r3, [r2, #0]
20000acc:	2104      	movs	r1, #4
20000ace:	438b      	bics	r3, r1
20000ad0:	7013      	strb	r3, [r2, #0]
20000ad2:	220c      	movs	r2, #12
20000ad4:	2100      	movs	r1, #0
20000ad6:	a803      	add	r0, sp, #12
20000ad8:	f000 f882 	bl	20000be0 <____wrap_memset_veneer>
20000adc:	782b      	ldrb	r3, [r5, #0]
20000ade:	aa02      	add	r2, sp, #8
20000ae0:	7113      	strb	r3, [r2, #4]
20000ae2:	2305      	movs	r3, #5
20000ae4:	7153      	strb	r3, [r2, #5]
20000ae6:	4b21      	ldr	r3, [pc, #132]	; (20000b6c <dcd_event_handler+0x1f4>)
20000ae8:	681c      	ldr	r4, [r3, #0]
20000aea:	0021      	movs	r1, r4
20000aec:	3114      	adds	r1, #20
20000aee:	6962      	ldr	r2, [r4, #20]
20000af0:	f3ef 8010 	mrs	r0, PRIMASK
20000af4:	b672      	cpsid	i
20000af6:	6813      	ldr	r3, [r2, #0]
20000af8:	2b00      	cmp	r3, #0
20000afa:	d0fc      	beq.n	20000af6 <dcd_event_handler+0x17e>
20000afc:	f3bf 8f5f 	dmb	sy
20000b00:	6048      	str	r0, [r1, #4]
20000b02:	a903      	add	r1, sp, #12
20000b04:	0020      	movs	r0, r4
20000b06:	f000 f893 	bl	20000c30 <__tu_fifo_write_veneer>
20000b0a:	6962      	ldr	r2, [r4, #20]
20000b0c:	69a3      	ldr	r3, [r4, #24]
20000b0e:	f3bf 8f5f 	dmb	sy
20000b12:	2100      	movs	r1, #0
20000b14:	6011      	str	r1, [r2, #0]
20000b16:	f383 8810 	msr	PRIMASK, r3
20000b1a:	2800      	cmp	r0, #0
20000b1c:	d006      	beq.n	20000b2c <dcd_event_handler+0x1b4>
20000b1e:	ab03      	add	r3, sp, #12
20000b20:	7859      	ldrb	r1, [r3, #1]
20000b22:	7818      	ldrb	r0, [r3, #0]
20000b24:	0032      	movs	r2, r6
20000b26:	f000 f8a3 	bl	20000c70 <__tud_event_hook_cb_veneer>
20000b2a:	e799      	b.n	20000a60 <dcd_event_handler+0xe8>
20000b2c:	22ad      	movs	r2, #173	; 0xad
20000b2e:	0052      	lsls	r2, r2, #1
20000b30:	4912      	ldr	r1, [pc, #72]	; (20000b7c <dcd_event_handler+0x204>)
20000b32:	4813      	ldr	r0, [pc, #76]	; (20000b80 <dcd_event_handler+0x208>)
20000b34:	f000 f874 	bl	20000c20 <____wrap_printf_veneer>
20000b38:	e792      	b.n	20000a60 <dcd_event_handler+0xe8>
20000b3a:	22ad      	movs	r2, #173	; 0xad
20000b3c:	0052      	lsls	r2, r2, #1
20000b3e:	490f      	ldr	r1, [pc, #60]	; (20000b7c <dcd_event_handler+0x204>)
20000b40:	480f      	ldr	r0, [pc, #60]	; (20000b80 <dcd_event_handler+0x208>)
20000b42:	f000 f86d 	bl	20000c20 <____wrap_printf_veneer>
20000b46:	e753      	b.n	200009f0 <dcd_event_handler+0x78>
20000b48:	4a0e      	ldr	r2, [pc, #56]	; (20000b84 <dcd_event_handler+0x20c>)
20000b4a:	7813      	ldrb	r3, [r2, #0]
20000b4c:	3301      	adds	r3, #1
20000b4e:	b2db      	uxtb	r3, r3
20000b50:	7013      	strb	r3, [r2, #0]
20000b52:	e72b      	b.n	200009ac <dcd_event_handler+0x34>
20000b54:	22ad      	movs	r2, #173	; 0xad
20000b56:	0052      	lsls	r2, r2, #1
20000b58:	4908      	ldr	r1, [pc, #32]	; (20000b7c <dcd_event_handler+0x204>)
20000b5a:	4809      	ldr	r0, [pc, #36]	; (20000b80 <dcd_event_handler+0x208>)
20000b5c:	f000 f860 	bl	20000c20 <____wrap_printf_veneer>
20000b60:	e746      	b.n	200009f0 <dcd_event_handler+0x78>
20000b62:	46c0      	nop			; (mov r8, r8)
20000b64:	10009d60 	.word	0x10009d60
20000b68:	20001bc8 	.word	0x20001bc8
20000b6c:	20001c20 	.word	0x20001c20
20000b70:	10009e7c 	.word	0x10009e7c
20000b74:	20002805 	.word	0x20002805
20000b78:	2000189c 	.word	0x2000189c
20000b7c:	10009e08 	.word	0x10009e08
20000b80:	10009d08 	.word	0x10009d08
20000b84:	20002807 	.word	0x20002807

20000b88 <spi_write_read_blocking>:
20000b88:	b5f0      	push	{r4, r5, r6, r7, lr}
20000b8a:	0007      	movs	r7, r0
20000b8c:	0018      	movs	r0, r3
20000b8e:	001d      	movs	r5, r3
20000b90:	001c      	movs	r4, r3
20000b92:	e008      	b.n	20000ba6 <spi_write_read_blocking+0x1e>
20000b94:	2c00      	cmp	r4, #0
20000b96:	d006      	beq.n	20000ba6 <spi_write_read_blocking+0x1e>
20000b98:	68fe      	ldr	r6, [r7, #12]
20000b9a:	0773      	lsls	r3, r6, #29
20000b9c:	d503      	bpl.n	20000ba6 <spi_write_read_blocking+0x1e>
20000b9e:	68bb      	ldr	r3, [r7, #8]
20000ba0:	7013      	strb	r3, [r2, #0]
20000ba2:	3c01      	subs	r4, #1
20000ba4:	3201      	adds	r2, #1
20000ba6:	0026      	movs	r6, r4
20000ba8:	432e      	orrs	r6, r5
20000baa:	d00d      	beq.n	20000bc8 <spi_write_read_blocking+0x40>
20000bac:	2d00      	cmp	r5, #0
20000bae:	d0f1      	beq.n	20000b94 <spi_write_read_blocking+0xc>
20000bb0:	68fe      	ldr	r6, [r7, #12]
20000bb2:	07b3      	lsls	r3, r6, #30
20000bb4:	d5ee      	bpl.n	20000b94 <spi_write_read_blocking+0xc>
20000bb6:	002b      	movs	r3, r5
20000bb8:	3308      	adds	r3, #8
20000bba:	42a3      	cmp	r3, r4
20000bbc:	d9ea      	bls.n	20000b94 <spi_write_read_blocking+0xc>
20000bbe:	780b      	ldrb	r3, [r1, #0]
20000bc0:	60bb      	str	r3, [r7, #8]
20000bc2:	3d01      	subs	r5, #1
20000bc4:	3101      	adds	r1, #1
20000bc6:	e7e5      	b.n	20000b94 <spi_write_read_blocking+0xc>
20000bc8:	bdf0      	pop	{r4, r5, r6, r7, pc}
	...

20000bcc <__aeabi_idiv0>:
20000bcc:	4770      	bx	lr
20000bce:	46c0      	nop			; (mov r8, r8)

20000bd0 <____wrap___aeabi_lmul_veneer>:
20000bd0:	b401      	push	{r0}
20000bd2:	4802      	ldr	r0, [pc, #8]	; (20000bdc <____wrap___aeabi_lmul_veneer+0xc>)
20000bd4:	4684      	mov	ip, r0
20000bd6:	bc01      	pop	{r0}
20000bd8:	4760      	bx	ip
20000bda:	bf00      	nop
20000bdc:	10002a65 	.word	0x10002a65

20000be0 <____wrap_memset_veneer>:
20000be0:	b401      	push	{r0}
20000be2:	4802      	ldr	r0, [pc, #8]	; (20000bec <____wrap_memset_veneer+0xc>)
20000be4:	4684      	mov	ip, r0
20000be6:	bc01      	pop	{r0}
20000be8:	4760      	bx	ip
20000bea:	bf00      	nop
20000bec:	10002c3d 	.word	0x10002c3d

20000bf0 <____assert_func_veneer>:
20000bf0:	b401      	push	{r0}
20000bf2:	4802      	ldr	r0, [pc, #8]	; (20000bfc <____assert_func_veneer+0xc>)
20000bf4:	4684      	mov	ip, r0
20000bf6:	bc01      	pop	{r0}
20000bf8:	4760      	bx	ip
20000bfa:	bf00      	nop
20000bfc:	10003de1 	.word	0x10003de1

20000c00 <__time_us_64_veneer>:
20000c00:	b401      	push	{r0}
20000c02:	4802      	ldr	r0, [pc, #8]	; (20000c0c <__time_us_64_veneer+0xc>)
20000c04:	4684      	mov	ip, r0
20000c06:	bc01      	pop	{r0}
20000c08:	4760      	bx	ip
20000c0a:	bf00      	nop
20000c0c:	10001661 	.word	0x10001661

20000c10 <__unaligned_memcpy_veneer>:
20000c10:	b401      	push	{r0}
20000c12:	4802      	ldr	r0, [pc, #8]	; (20000c1c <__unaligned_memcpy_veneer+0xc>)
20000c14:	4684      	mov	ip, r0
20000c16:	bc01      	pop	{r0}
20000c18:	4760      	bx	ip
20000c1a:	bf00      	nop
20000c1c:	10004d01 	.word	0x10004d01

20000c20 <____wrap_printf_veneer>:
20000c20:	b401      	push	{r0}
20000c22:	4802      	ldr	r0, [pc, #8]	; (20000c2c <____wrap_printf_veneer+0xc>)
20000c24:	4684      	mov	ip, r0
20000c26:	bc01      	pop	{r0}
20000c28:	4760      	bx	ip
20000c2a:	bf00      	nop
20000c2c:	100040c5 	.word	0x100040c5

20000c30 <__tu_fifo_write_veneer>:
20000c30:	b401      	push	{r0}
20000c32:	4802      	ldr	r0, [pc, #8]	; (20000c3c <__tu_fifo_write_veneer+0xc>)
20000c34:	4684      	mov	ip, r0
20000c36:	bc01      	pop	{r0}
20000c38:	4760      	bx	ip
20000c3a:	bf00      	nop
20000c3c:	10006f13 	.word	0x10006f13

20000c40 <__panic_veneer>:
20000c40:	b401      	push	{r0}
20000c42:	4802      	ldr	r0, [pc, #8]	; (20000c4c <__panic_veneer+0xc>)
20000c44:	4684      	mov	ip, r0
20000c46:	bc01      	pop	{r0}
20000c48:	4760      	bx	ip
20000c4a:	bf00      	nop
20000c4c:	10000591 	.word	0x10000591

20000c50 <__rp2040_chip_version_veneer>:
20000c50:	b401      	push	{r0}
20000c52:	4802      	ldr	r0, [pc, #8]	; (20000c5c <__rp2040_chip_version_veneer+0xc>)
20000c54:	4684      	mov	ip, r0
20000c56:	bc01      	pop	{r0}
20000c58:	4760      	bx	ip
20000c5a:	bf00      	nop
20000c5c:	10000545 	.word	0x10000545

20000c60 <__best_effort_wfe_or_timeout_veneer>:
20000c60:	b401      	push	{r0}
20000c62:	4802      	ldr	r0, [pc, #8]	; (20000c6c <__best_effort_wfe_or_timeout_veneer+0xc>)
20000c64:	4684      	mov	ip, r0
20000c66:	bc01      	pop	{r0}
20000c68:	4760      	bx	ip
20000c6a:	bf00      	nop
20000c6c:	10001495 	.word	0x10001495

20000c70 <__tud_event_hook_cb_veneer>:
20000c70:	b401      	push	{r0}
20000c72:	4802      	ldr	r0, [pc, #8]	; (20000c7c <__tud_event_hook_cb_veneer+0xc>)
20000c74:	4684      	mov	ip, r0
20000c76:	bc01      	pop	{r0}
20000c78:	4760      	bx	ip
20000c7a:	bf00      	nop
20000c7c:	10005001 	.word	0x10005001

20000c80 <serial_comms>:
	...
20000d14:	100002d1 00000000                       ........

20000d1c <tracked_variables>:
20000d1c:	10008b70 0004000b 200025b8 10008b7c     p........%. |...
20000d2c:	0004000b 200025bc 10008b88 0004000b     .....%. ........
20000d3c:	200025c0 10008b90 00100084 200025c1     .%. .........%. 

20000d4c <striped_spin_lock_num>:
20000d4c:	00000010                                ....

20000d50 <irq_handler_chain_slots>:
20000d50:	00000000 	.word	0x00000000
20000d54:	00010000 	.word	0x00010000
	...
20000d60:	00020000 	.word	0x00020000
	...
20000d6c:	00030000 	.word	0x00030000
	...
20000d78:	00ff0000 	.word	0x00ff0000
20000d7c:	00000000 	.word	0x00000000

20000d80 <irq_handler_chain_first_slot>:
20000d80:	b501      	push	{r0, lr}
20000d82:	6848      	ldr	r0, [r1, #4]
20000d84:	3101      	adds	r1, #1
20000d86:	468e      	mov	lr, r1
20000d88:	4700      	bx	r0

20000d8a <irq_handler_chain_remove_tail>:
20000d8a:	4670      	mov	r0, lr
20000d8c:	3809      	subs	r0, #9
20000d8e:	4901      	ldr	r1, [pc, #4]	; (20000d94 <irq_handler_chain_remove_tail+0xa>)
20000d90:	4788      	blx	r1
20000d92:	bd01      	pop	{r0, pc}
20000d94:	10000c6d 	.word	0x10000c6d

20000d98 <default_alarm_pool>:
	...
20000dac:	200016b0                                ... 

20000db0 <aeabi_bits_funcs>:
20000db0:	00003350 	.word	0x00003350
20000db4:	0000334c 	.word	0x0000334c
20000db8:	00003354 	.word	0x00003354
20000dbc:	00003352 	.word	0x00003352

20000dc0 <aeabi_bits_funcs_end>:
20000dc0:	0000534d 	.word	0x0000534d
20000dc4:	0000434d 	.word	0x0000434d
20000dc8:	00003453 	.word	0x00003453
20000dcc:	00003443 	.word	0x00003443

20000dd0 <stdio_uart>:
20000dd0:	100040dd 100041f9 10004151 10004209     .@...A..QA...B..
20000de0:	00000000 00000100                       ........

20000de8 <stdio_usb>:
20000de8:	1000477d 10004445 100046e5 10004431     }G..ED...F..1D..
20000df8:	00000000 00000100                       ........

20000e00 <_usbd_qdef>:
20000e00:	20001c24 000c0010 00000000 00000000     $.. ............
	...

20000e1c <_usbd_rhport>:
20000e1c:	000000ff                                ....

20000e20 <internal_msg_store>:
20000e20:	1000a064 00010006 20001868 1000a068     d.......h.. h...
20000e30:	00010086 20000e5c 1000a06c 00020088     ....\.. l.......
20000e40:	20001866 1000983c 00000080 10007c49     f.. <.......I|..
20000e50:	1000a070 00000080 10007ebf              p........~..

20000e5c <library_version>:
20000e5c:	00000008                                ....

20000e60 <_impure_ptr>:
20000e60:	20000e68 00000000                       h.. ....

20000e68 <impure_data>:
20000e68:	00000000 20001154 200011bc 20001224     ....T.. ... $.. 
	...
20000f10:	00000001 00000000 abcd330e e66d1234     .........3..4.m.
20000f20:	0005deec 0000000b 00000000 00000000     ................
	...

20001290 <__malloc_av_>:
	...
20001298:	20001290 20001290 20001298 20001298     ... ... ... ... 
200012a8:	200012a0 200012a0 200012a8 200012a8     ... ... ... ... 
200012b8:	200012b0 200012b0 200012b8 200012b8     ... ... ... ... 
200012c8:	200012c0 200012c0 200012c8 200012c8     ... ... ... ... 
200012d8:	200012d0 200012d0 200012d8 200012d8     ... ... ... ... 
200012e8:	200012e0 200012e0 200012e8 200012e8     ... ... ... ... 
200012f8:	200012f0 200012f0 200012f8 200012f8     ... ... ... ... 
20001308:	20001300 20001300 20001308 20001308     ... ... ... ... 
20001318:	20001310 20001310 20001318 20001318     ... ... ... ... 
20001328:	20001320 20001320 20001328 20001328      ..  .. (.. (.. 
20001338:	20001330 20001330 20001338 20001338     0.. 0.. 8.. 8.. 
20001348:	20001340 20001340 20001348 20001348     @.. @.. H.. H.. 
20001358:	20001350 20001350 20001358 20001358     P.. P.. X.. X.. 
20001368:	20001360 20001360 20001368 20001368     `.. `.. h.. h.. 
20001378:	20001370 20001370 20001378 20001378     p.. p.. x.. x.. 
20001388:	20001380 20001380 20001388 20001388     ... ... ... ... 
20001398:	20001390 20001390 20001398 20001398     ... ... ... ... 
200013a8:	200013a0 200013a0 200013a8 200013a8     ... ... ... ... 
200013b8:	200013b0 200013b0 200013b8 200013b8     ... ... ... ... 
200013c8:	200013c0 200013c0 200013c8 200013c8     ... ... ... ... 
200013d8:	200013d0 200013d0 200013d8 200013d8     ... ... ... ... 
200013e8:	200013e0 200013e0 200013e8 200013e8     ... ... ... ... 
200013f8:	200013f0 200013f0 200013f8 200013f8     ... ... ... ... 
20001408:	20001400 20001400 20001408 20001408     ... ... ... ... 
20001418:	20001410 20001410 20001418 20001418     ... ... ... ... 
20001428:	20001420 20001420 20001428 20001428      ..  .. (.. (.. 
20001438:	20001430 20001430 20001438 20001438     0.. 0.. 8.. 8.. 
20001448:	20001440 20001440 20001448 20001448     @.. @.. H.. H.. 
20001458:	20001450 20001450 20001458 20001458     P.. P.. X.. X.. 
20001468:	20001460 20001460 20001468 20001468     `.. `.. h.. h.. 
20001478:	20001470 20001470 20001478 20001478     p.. p.. x.. x.. 
20001488:	20001480 20001480 20001488 20001488     ... ... ... ... 
20001498:	20001490 20001490 20001498 20001498     ... ... ... ... 
200014a8:	200014a0 200014a0 200014a8 200014a8     ... ... ... ... 
200014b8:	200014b0 200014b0 200014b8 200014b8     ... ... ... ... 
200014c8:	200014c0 200014c0 200014c8 200014c8     ... ... ... ... 
200014d8:	200014d0 200014d0 200014d8 200014d8     ... ... ... ... 
200014e8:	200014e0 200014e0 200014e8 200014e8     ... ... ... ... 
200014f8:	200014f0 200014f0 200014f8 200014f8     ... ... ... ... 
20001508:	20001500 20001500 20001508 20001508     ... ... ... ... 
20001518:	20001510 20001510 20001518 20001518     ... ... ... ... 
20001528:	20001520 20001520 20001528 20001528      ..  .. (.. (.. 
20001538:	20001530 20001530 20001538 20001538     0.. 0.. 8.. 8.. 
20001548:	20001540 20001540 20001548 20001548     @.. @.. H.. H.. 
20001558:	20001550 20001550 20001558 20001558     P.. P.. X.. X.. 
20001568:	20001560 20001560 20001568 20001568     `.. `.. h.. h.. 
20001578:	20001570 20001570 20001578 20001578     p.. p.. x.. x.. 
20001588:	20001580 20001580 20001588 20001588     ... ... ... ... 
20001598:	20001590 20001590 20001598 20001598     ... ... ... ... 
200015a8:	200015a0 200015a0 200015a8 200015a8     ... ... ... ... 
200015b8:	200015b0 200015b0 200015b8 200015b8     ... ... ... ... 
200015c8:	200015c0 200015c0 200015c8 200015c8     ... ... ... ... 
200015d8:	200015d0 200015d0 200015d8 200015d8     ... ... ... ... 
200015e8:	200015e0 200015e0 200015e8 200015e8     ... ... ... ... 
200015f8:	200015f0 200015f0 200015f8 200015f8     ... ... ... ... 
20001608:	20001600 20001600 20001608 20001608     ... ... ... ... 
20001618:	20001610 20001610 20001618 20001618     ... ... ... ... 
20001628:	20001620 20001620 20001628 20001628      ..  .. (.. (.. 
20001638:	20001630 20001630 20001638 20001638     0.. 0.. 8.. 8.. 
20001648:	20001640 20001640 20001648 20001648     @.. @.. H.. H.. 
20001658:	20001650 20001650 20001658 20001658     P.. P.. X.. X.. 
20001668:	20001660 20001660 20001668 20001668     `.. `.. h.. h.. 
20001678:	20001670 20001670 20001678 20001678     p.. p.. x.. x.. 
20001688:	20001680 20001680 20001688 20001688     ... ... ... ... 

20001698 <__malloc_sbrk_base>:
20001698:	ffffffff                                ....

2000169c <__malloc_trim_threshold>:
2000169c:	00020000                                ....

200016a0 <malloc_mutex>:
	...

200016a8 <print_mutex>:
	...
